v -4.91771 12.23330 17.25096
v -4.75827 12.70112 17.30993
v -4.82392 12.23330 17.28565
v -4.82392 12.23330 17.28565
v -4.75827 12.70112 17.30993
v -4.91771 12.23330 17.25096
v -4.83101 12.23330 17.29856
v -4.96635 12.85087 17.19568
v -4.91062 12.23330 17.23804
v -4.91062 12.23330 17.23804
v -4.96635 12.85087 17.19568
v -4.83101 12.23330 17.29856
v -4.92080 12.23330 17.26950
v -4.75085 12.47242 17.26543
v -4.82083 12.23330 17.26710
v -4.82083 12.23330 17.26710
v -4.75085 12.47242 17.26543
v -4.92080 12.23330 17.26950
v -19.98678 15.36468 9.46234
v -19.94135 15.98711 9.62616
v -19.96005 15.36468 9.55871
v -19.96005 15.36468 9.55871
v -19.94135 15.98711 9.62616
v -19.98678 15.36468 9.46234
v -19.97272 15.36468 9.56052
v -19.97508 15.88002 9.39054
v -19.97411 15.36468 9.46053
v -19.97411 15.36468 9.46053
v -19.97508 15.88002 9.39054
v -19.97272 15.36468 9.56052
v -19.94452 15.36468 9.55133
v -20.04276 15.64691 9.41259
v -20.00231 15.36468 9.46972
v -20.00231 15.36468 9.46972
v -20.04276 15.64691 9.41259
v -19.94452 15.36468 9.55133
v 13.32084 0.65722 -16.86527
v 13.38653 1.04761 -17.02206
v 13.35948 0.65722 -16.95750
v 13.35948 0.65722 -16.95750
v 13.38653 1.04761 -17.02206
v 13.32084 0.65722 -16.86527
v 13.32320 0.65722 -16.95842
v 13.38088 1.20727 -16.79850
v 13.35713 0.65722 -16.86435
v 13.35713 0.65722 -16.86435
v 13.38088 1.20727 -16.79850
v 13.32320 0.65722 -16.95842
v 13.36437 0.65722 -16.95513
v 13.28206 1.00502 -16.80639
v 13.31595 0.65722 -16.86764
v 13.31595 0.65722 -16.86764
v 13.28206 1.00502 -16.80639
v 13.36437 0.65722 -16.95513
v -16.22398 0.63506 -14.56981
v -16.05755 1.09720 -14.53517
v -16.12608 0.63506 -14.54943
v -16.12608 0.63506 -14.54943
v -16.05755 1.09720 -14.53517
v -16.22398 0.63506 -14.56981
v -16.14378 0.63506 -14.59865
v -16.25002 1.19636 -14.46593
v -16.20627 0.63506 -14.52058
v -16.20627 0.63506 -14.52058
v -16.25002 1.19636 -14.46593
v -16.14378 0.63506 -14.59865
v -16.16511 0.63506 -14.51061
v -16.19884 1.12351 -14.67723
v -16.18495 0.63506 -14.60862
v -16.18495 0.63506 -14.60862
v -16.19884 1.12351 -14.67723
v -16.16511 0.63506 -14.51061
v 22.82445 0.71538 -5.54371
v 22.65613 1.07670 -5.56758
v 22.72544 0.71538 -5.55775
v 22.72544 0.71538 -5.55775
v 22.65613 1.07670 -5.56758
v 22.82445 0.71538 -5.54371
v 22.81544 0.71538 -5.58006
v 22.67775 1.09237 -5.48034
v 22.73445 0.71538 -5.52140
v 22.73445 0.71538 -5.52140
v 22.67775 1.09237 -5.48034
v 22.81544 0.71538 -5.58006
v 22.74787 0.71538 -5.59277
v 22.83991 1.35398 -5.44984
v 22.80201 0.71538 -5.50869
v 22.80201 0.71538 -5.50869
v 22.83991 1.35398 -5.44984
v 22.74787 0.71538 -5.59277
v -13.97623 16.44516 17.96509
v -14.13865 16.83679 17.91492
v -14.07177 16.44516 17.93558
v -14.07177 16.44516 17.93558
v -14.13865 16.83679 17.91492
v -13.97623 16.44516 17.96509
v -14.06545 16.44516 17.92237
v -13.92452 17.02852 18.01744
v -13.98255 16.44516 17.97830
v -13.98255 16.44516 17.97830
v -13.92452 17.02852 18.01744
v -14.06545 16.44516 17.92237
v -14.00086 16.44516 17.99466
v -14.07953 16.97129 17.84396
v -14.04714 16.44516 17.90601
v -14.04714 16.44516 17.90601
v -14.07953 16.97129 17.84396
v -14.00086 16.44516 17.99466
v -18.43656 0.90602 -7.19190
v -18.48751 1.35947 -7.35409
v -18.46653 0.90602 -7.28730
v -18.46653 0.90602 -7.28730
v -18.48751 1.35947 -7.35409
v -18.43656 0.90602 -7.19190
v -18.42420 0.90602 -7.19775
v -18.51720 1.20727 -7.34005
v -18.47890 0.90602 -7.28146
v -18.47890 0.90602 -7.28146
v -18.51720 1.20727 -7.34005
v -18.42420 0.90602 -7.19775
v -18.43607 0.90602 -7.19206
v -18.48870 1.37280 -7.35371
v -18.46703 0.90602 -7.28715
v -18.46703 0.90602 -7.28715
v -18.48870 1.37280 -7.35371
v -18.43607 0.90602 -7.19206
v 15.95011 0.51623 -15.05598
v 15.88913 0.77422 -15.21467
v 15.91424 0.51623 -15.14933
v 15.91424 0.51623 -15.14933
v 15.88913 0.77422 -15.21467
v 15.95011 0.51623 -15.05598
v 15.88424 0.51623 -15.11685
v 16.04724 1.08715 -15.06857
v 15.98012 0.51623 -15.08845
v 15.98012 0.51623 -15.08845
v 16.04724 1.08715 -15.06857
v 15.88424 0.51623 -15.11685
v 15.98142 0.51623 -15.11135
v 15.81401 0.79467 -15.08179
v 15.88294 0.51623 -15.09396
v 15.88294 0.51623 -15.09396
v 15.81401 0.79467 -15.08179
v 15.98142 0.51623 -15.11135
v 3.22627 11.44614 15.69235
v 3.27365 11.97479 15.85561
v 3.25414 11.44614 15.78839
v 3.25414 11.44614 15.78839
v 3.27365 11.97479 15.85561
v 3.22627 11.44614 15.69235
v 3.26578 11.44614 15.69740
v 3.17885 11.85573 15.84349
v 3.21464 11.44614 15.78333
v 3.21464 11.44614 15.78333
v 3.17885 11.85573 15.84349
v 3.26578 11.44614 15.69740
v 3.25236 11.44614 15.69186
v 3.21105 11.86135 15.85677
v 3.22806 11.44614 15.78887
v 3.22806 11.44614 15.78887
v 3.21105 11.86135 15.85677
v 3.25236 11.44614 15.69186
v 12.95276 11.49140 5.97229
v 12.79586 11.72522 6.03772
v 12.86047 11.49140 6.01078
v 12.86047 11.49140 6.01078
v 12.79586 11.72522 6.03772
v 12.95276 11.49140 5.97229
v 12.95538 11.49140 5.98048
v 12.78959 11.92939 6.01807
v 12.85785 11.49140 6.00259
v 12.85785 11.49140 6.00259
v 12.78959 11.92939 6.01807
v 12.95538 11.49140 5.98048
v 12.85677 11.49140 5.98766
v 13.02626 12.02945 6.00084
v 12.95647 11.49140 5.99541
v 12.95647 11.49140 5.99541
v 13.02626 12.02945 6.00084
v 12.85677 11.49140 5.98766
v 6.80052 11.85295 13.72451
v 6.76811 12.11333 13.55763
v 6.78145 11.85295 13.62635
v 6.78145 11.85295 13.62635
v 6.76811 12.11333 13.55763
v 6.80052 11.85295 13.72451
v 6.83286 11.85295 13.64811
v 6.69049 12.32742 13.74100
v 6.74911 11.85295 13.70275
v 6.74911 11.85295 13.70275
v 6.69049 12.32742 13.74100
v 6.83286 11.85295 13.64811
v 6.78897 11.85295 13.72539
v 6.79582 12.29717 13.55553
v 6.79300 11.85295 13.62547
v 6.79300 11.85295 13.62547
v 6.79582 12.29717 13.55553
v 6.78897 11.85295 13.72539
v 11.17087 1.01967 -12.27178
v 11.07440 1.40373 -12.41176
v 11.11412 1.01967 -12.35412
v 11.11412 1.01967 -12.35412
v 11.07440 1.40373 -12.41176
v 11.17087 1.01967 -12.27178
v 11.09273 1.01967 -12.31777
v 11.26193 1.39000 -12.30137
v 11.19226 1.01967 -12.30812
v 11.19226 1.01967 -12.30812
v 11.26193 1.39000 -12.30137
v 11.09273 1.01967 -12.31777
v 11.09271 1.01967 -12.31761
v 11.26197 1.37262 -12.30176
v 11.19228 1.01967 -12.30828
v 11.19228 1.01967 -12.30828
v 11.26197 1.37262 -12.30176
v 11.09271 1.01967 -12.31761
v -12.98287 1.64138 1.04617
v -13.06422 2.04246 0.89689
v -13.03072 1.64138 0.95836
v -13.03072 1.64138 0.95836
v -13.06422 2.04246 0.89689
v -12.98287 1.64138 1.04617
v -13.00815 1.64138 1.05224
v -13.00354 1.91546 0.88231
v -13.00544 1.64138 0.95228
v -13.00544 1.64138 0.95228
v -13.00354 1.91546 0.88231
v -13.00815 1.64138 1.05224
v -13.05441 1.64138 1.01751
v -12.89251 2.23409 0.96566
v -12.95918 1.64138 0.98701
v -12.95918 1.64138 0.98701
v -12.89251 2.23409 0.96566
v -13.05441 1.64138 1.01751
v 8.15338 13.51481 20.29907
v 8.02437 14.06801 20.18836
v 8.07749 13.51481 20.23394
v 8.07749 13.51481 20.23394
v 8.02437 14.06801 20.18836
v 8.15338 13.51481 20.29907
v 8.08299 13.51481 20.22846
v 8.19330 13.95016 20.35781
v 8.14788 13.51481 20.30455
v 8.14788 13.51481 20.30455
v 8.19330 13.95016 20.35781
v 8.08299 13.51481 20.22846
v 8.10747 13.51481 20.21715
v 8.13455 13.90010 20.38497
v 8.12340 13.51481 20.31587
v 8.12340 13.51481 20.31587
v 8.13455 13.90010 20.38497
v 8.10747 13.51481 20.21715
v 13.79529 0.73441 1.29464
v 13.94249 0.99266 1.20959
v 13.88188 0.73441 1.24461
v 13.88188 0.73441 1.24461
v 13.94249 0.99266 1.20959
v 13.79529 0.73441 1.29464
v 13.80174 0.73441 1.30343
v 13.92700 1.12556 1.18849
v 13.87543 0.73441 1.23582
v 13.87543 0.73441 1.23582
v 13.92700 1.12556 1.18849
v 13.80174 0.73441 1.30343
v 13.87537 0.73441 1.30349
v 13.75032 1.17274 1.18833
v 13.80181 0.73441 1.23575
v 13.80181 0.73441 1.23575
v 13.75032 1.17274 1.18833
v 13.87537 0.73441 1.30349
v 21.73505 16.00684 17.34414
v 21.58068 16.32704 17.41533
v 21.64425 16.00684 17.38602
v 21.64425 16.00684 17.38602
v 21.58068 16.32704 17.41533
v 21.73505 16.00684 17.34414
v 21.68904 16.00684 17.41508
v 21.69111 16.32823 17.24509
v 21.69026 16.00684 17.31509
v 21.69026 16.00684 17.31509
v 21.69111 16.32823 17.24509
v 21.68904 16.00684 17.41508
v 21.65642 16.00684 17.40244
v 21.76940 16.32965 17.27542
v 21.72288 16.00684 17.32772
v 21.72288 16.00684 17.32772
v 21.76940 16.32965 17.27542
v 21.65642 16.00684 17.40244
v -20.05375 1.51573 0.25061
v -20.22039 2.12118 0.28426
v -20.15177 1.51573 0.27040
v -20.15177 1.51573 0.27040
v -20.22039 2.12118 0.28426
v -20.05375 1.51573 0.25061
v -20.08331 1.51573 0.21444
v -20.14945 1.76424 0.37105
v -20.12221 1.51573 0.30657
v -20.12221 1.51573 0.30657
v -20.14945 1.76424 0.37105
v -20.08331 1.51573 0.21444
v -20.10914 1.51573 0.21091
v -20.08746 1.86379 0.37952
v -20.09639 1.51573 0.31010
v -20.09639 1.51573 0.31010
v -20.08746 1.86379 0.37952
v -20.10914 1.51573 0.21091
v 11.20473 1.08632 -9.05836
v 11.37246 1.45598 -9.08604
v 11.30340 1.08632 -9.07464
v 11.30340 1.08632 -9.07464
v 11.37246 1.45598 -9.08604
v 11.20473 1.08632 -9.05836
v 11.22592 1.08632 -9.10783
v 11.32161 1.46211 -8.96732
v 11.28221 1.08632 -9.02518
v 11.28221 1.08632 -9.02518
v 11.32161 1.46211 -8.96732
v 11.22592 1.08632 -9.10783
v 11.26285 1.08632 -9.01728
v 11.23298 1.37686 -9.18464
v 11.24528 1.08632 -9.11573
v 11.24528 1.08632 -9.11573
v 11.23298 1.37686 -9.18464
v 11.26285 1.08632 -9.01728
v -12.52564 0.31323 -9.31651
v -12.35597 0.54503 -9.30604
v -12.42583 0.31323 -9.31035
v -12.42583 0.31323 -9.31035
v -12.35597 0.54503 -9.30604
v -12.52564 0.31323 -9.31651
v -12.42663 0.31323 -9.32285
v -12.59359 0.79593 -9.29083
v -12.52484 0.31323 -9.30401
v -12.52484 0.31323 -9.30401
v -12.59359 0.79593 -9.29083
v -12.42663 0.31323 -9.32285
v -12.52153 0.31323 -9.29335
v -12.36585 0.70689 -9.36164
v -12.42995 0.31323 -9.33352
v -12.42995 0.31323 -9.33352
v -12.36585 0.70689 -9.36164
v -12.52153 0.31323 -9.29335
v -13.44276 0.80730 -5.48676
v -13.38717 1.41393 -5.64741
v -13.41006 0.80730 -5.58126
v -13.41006 0.80730 -5.58126
v -13.38717 1.41393 -5.64741
v -13.44276 0.80730 -5.48676
v -13.40768 0.80730 -5.58037
v -13.47136 1.06860 -5.42275
v -13.44514 0.80730 -5.48765
v -13.44514 0.80730 -5.48765
v -13.47136 1.06860 -5.42275
v -13.40768 0.80730 -5.58037
v -13.41792 0.80730 -5.48474
v -13.44680 1.31565 -5.65227
v -13.43491 0.80730 -5.58328
v -13.43491 0.80730 -5.58328
v -13.44680 1.31565 -5.65227
v -13.41792 0.80730 -5.48474
v 14.11201 0.81872 1.61092
v 13.98632 1.44666 1.72539
v 14.03808 0.81872 1.67826
v 14.03808 0.81872 1.67826
v 13.98632 1.44666 1.72539
v 14.11201 0.81872 1.61092
v 14.04238 0.81872 1.68245
v 14.15343 1.39608 1.55373
v 14.10770 0.81872 1.60673
v 14.10770 0.81872 1.60673
v 14.15343 1.39608 1.55373
v 14.04238 0.81872 1.68245
v 14.09764 0.81872 1.59999
v 14.02081 1.04806 1.75164
v 14.05245 0.81872 1.68919
v 14.05245 0.81872 1.68919
v 14.02081 1.04806 1.75164
v 14.09764 0.81872 1.59999
v 12.01152 0.59737 -2.91678
v 11.84873 1.17767 -2.86779
v 11.91576 0.59737 -2.88796
v 11.91576 0.59737 -2.88796
v 11.84873 1.17767 -2.86779
v 12.01152 0.59737 -2.91678
v 11.91368 0.59737 -2.90439
v 12.08354 0.93309 -2.89751
v 12.01360 0.59737 -2.90034
v 12.01360 0.59737 -2.90034
v 12.08354 0.93309 -2.89751
v 11.91368 0.59737 -2.90439
v 11.97093 0.59737 -2.85290
v 11.94612 1.09106 -3.02108
v 11.95634 0.59737 -2.95183
v 11.95634 0.59737 -2.95183
v 11.94612 1.09106 -3.02108
v 11.97093 0.59737 -2.85290
v -20.32789 1.69921 0.90105
v -20.24553 2.26262 1.04977
v -20.27944 1.69921 0.98853
v -20.27944 1.69921 0.98853
v -20.24553 2.26262 1.04977
v -20.32789 1.69921 0.90105
v -20.26116 1.69921 0.97112
v -20.40568 2.34625 0.88161
v -20.34617 1.69921 0.91846
v -20.34617 1.69921 0.91846
v -20.40568 2.34625 0.88161
v -20.26116 1.69921 0.97112
v -20.34190 1.69921 0.91257
v -20.21190 2.10996 1.02211
v -20.26543 1.69921 0.97701
v -20.26543 1.69921 0.97701
v -20.21190 2.10996 1.02211
v -20.34190 1.69921 0.91257
v -15.27074 17.17702 19.06542
v -15.10126 17.82063 19.07879
v -15.17105 17.17702 19.07328
v -15.17105 17.17702 19.07328
v -15.10126 17.82063 19.07879
v -15.27074 17.17702 19.06542
v -15.18215 17.17702 19.03774
v -15.31387 17.39756 19.14522
v -15.25963 17.17702 19.10096
v -15.25963 17.17702 19.10096
v -15.31387 17.39756 19.14522
v -15.18215 17.17702 19.03774
v -15.17754 17.17702 19.04444
v -15.32494 17.58533 19.12913
v -15.26424 17.17702 19.09426
v -15.26424 17.17702 19.09426
v -15.32494 17.58533 19.12913
v -15.17754 17.17702 19.04444
v -22.28687 2.59009 3.50505
v -22.17101 3.13054 3.38064
v -22.21872 2.59009 3.43187
v -22.21872 2.59009 3.43187
v -22.17101 3.13054 3.38064
v -22.28687 2.59009 3.50505
v -22.27096 2.59009 3.42187
v -22.20920 3.20991 3.58026
v -22.23463 2.59009 3.51504
v -22.23463 2.59009 3.51504
v -22.20920 3.20991 3.58026
v -22.27096 2.59009 3.42187
v -22.22291 2.59009 3.42837
v -22.32451 2.99043 3.56467
v -22.28268 2.59009 3.50854
v -22.28268 2.59009 3.50854
v -22.32451 2.99043 3.56467
v -22.22291 2.59009 3.42837
v 12.67701 0.71975 -6.07653
v 12.81191 1.28459 -5.97307
v 12.75636 0.71975 -6.01567
v 12.75636 0.71975 -6.01567
v 12.81191 1.28459 -5.97307
v 12.67701 0.71975 -6.07653
v 12.71730 0.71975 -5.99610
v 12.71521 1.02332 -6.16609
v 12.71607 0.71975 -6.09610
v 12.71607 0.71975 -6.09610
v 12.71521 1.02332 -6.16609
v 12.71730 0.71975 -5.99610
v 12.75208 0.71975 -6.08141
v 12.63173 1.17351 -5.96135
v 12.68128 0.71975 -6.01079
v 12.68128 0.71975 -6.01079
v 12.63173 1.17351 -5.96135
v 12.75208 0.71975 -6.08141
v 9.65931 0.71877 -15.06622
v 9.82782 0.94607 -15.04382
v 9.75843 0.71877 -15.05304
v 9.75843 0.71877 -15.05304
v 9.82782 0.94607 -15.04382
v 9.65931 0.71877 -15.06622
v 9.75279 0.71877 -15.08352
v 9.60345 1.07795 -15.00230
v 9.66495 0.71877 -15.03574
v 9.66495 0.71877 -15.03574
v 9.60345 1.07795 -15.00230
v 9.75279 0.71877 -15.08352
v 9.66010 0.71877 -15.07065
v 9.82592 1.03166 -15.03319
v 9.75764 0.71877 -15.04862
v 9.75764 0.71877 -15.04862
v 9.82592 1.03166 -15.03319
v 9.66010 0.71877 -15.07065
v -10.43952 0.51470 -15.62290
v -10.42378 0.87340 -15.79217
v -10.43026 0.51470 -15.72247
v -10.43026 0.51470 -15.72247
v -10.42378 0.87340 -15.79217
v -10.43952 0.51470 -15.62290
v -10.47100 0.51470 -15.63811
v -10.34821 0.79903 -15.75568
v -10.39877 0.51470 -15.70727
v -10.39877 0.51470 -15.70727
v -10.34821 0.79903 -15.75568
v -10.47100 0.51470 -15.63811
v -10.46684 0.51470 -15.71114
v -10.35819 0.90127 -15.58040
v -10.40293 0.51470 -15.63423
v -10.40293 0.51470 -15.63423
v -10.35819 0.90127 -15.58040
v -10.46684 0.51470 -15.71114
v 9.86270 13.21034 17.30108
v 9.85436 13.60410 17.47087
v 9.85780 13.21034 17.40096
v 9.85780 13.21034 17.40096
v 9.85436 13.60410 17.47087
v 9.86270 13.21034 17.30108
v 9.85027 13.21034 17.30202
v 9.88420 13.64944 17.46860
v 9.87023 13.21034 17.40001
v 9.87023 13.21034 17.40001
v 9.88420 13.64944 17.46860
v 9.85027 13.21034 17.30202
v 9.82317 13.21034 17.31747
v 9.94922 13.69581 17.43154
v 9.89732 13.21034 17.38457
v 9.89732 13.21034 17.38457
v 9.94922 13.69581 17.43154
v 9.82317 13.21034 17.31747
v 15.28136 12.99646 12.41206
v 15.43893 13.31671 12.47589
v 15.37405 12.99646 12.44961
v 15.37405 12.99646 12.44961
v 15.43893 13.31671 12.47589
v 15.28136 12.99646 12.41206
v 15.29277 12.99646 12.46661
v 15.41155 13.38175 12.34498
v 15.36264 12.99646 12.39506
v 15.36264 12.99646 12.39506
v 15.41155 13.38175 12.34498
v 15.29277 12.99646 12.46661
v 15.36942 12.99646 12.40326
v 15.22760 13.60687 12.49701
v 15.28600 12.99646 12.45841
v 15.28600 12.99646 12.45841
v 15.22760 13.60687 12.49701
v 15.36942 12.99646 12.40326
v 4.12287 10.90049 10.90751
v 4.28115 11.38591 10.84548
v 4.21598 10.90049 10.87102
v 4.21598 10.90049 10.87102
v 4.28115 11.38591 10.84548
v 4.12287 10.90049 10.90751
v 4.14231 10.90049 10.84726
v 4.23450 11.22714 10.99008
v 4.19654 10.90049 10.93127
v 4.19654 10.90049 10.93127
v 4.23450 11.22714 10.99008
v 4.14231 10.90049 10.84726
v 4.21389 10.90049 10.86640
v 4.06270 11.23610 10.94413
v 4.12495 10.90049 10.91212
v 4.12495 10.90049 10.91212
v 4.06270 11.23610 10.94413
v 4.21389 10.90049 10.86640
v -20.87570 0.58863 -17.14664
v -20.99835 0.96777 -17.02892
v -20.94784 0.58863 -17.07740
v -20.94784 0.58863 -17.07740
v -20.99835 0.96777 -17.02892
v -20.87570 0.58863 -17.14664
v -20.92017 0.58863 -17.06273
v -20.89161 0.87650 -17.23031
v -20.90337 0.58863 -17.16131
v -20.90337 0.58863 -17.16131
v -20.89161 0.87650 -17.23031
v -20.92017 0.58863 -17.06273
v -20.86524 0.58863 -17.13031
v -21.02345 0.89716 -17.06812
v -20.95830 0.58863 -17.09373
v -20.95830 0.58863 -17.09373
v -21.02345 0.89716 -17.06812
v -20.86524 0.58863 -17.13031
v -6.49647 11.83276 8.61052
v -6.57204 12.19731 8.76280
v -6.54092 11.83276 8.70010
v -6.54092 11.83276 8.70010
v -6.57204 12.19731 8.76280
v -6.49647 11.83276 8.61052
v -6.47280 11.83276 8.67515
v -6.62884 12.26885 8.60769
v -6.56459 11.83276 8.63547
v -6.56459 11.83276 8.63547
v -6.62884 12.26885 8.60769
v -6.47280 11.83276 8.67515
v -6.50330 11.83276 8.60774
v -6.55564 12.26451 8.76948
v -6.53409 11.83276 8.70288
v -6.53409 11.83276 8.70288
v -6.55564 12.26451 8.76948
v -6.50330 11.83276 8.60774
v 20.25618 16.78622 18.86118
v 20.38173 17.40726 18.74657
v 20.33003 16.78622 18.79376
v 20.33003 16.78622 18.79376
v 20.38173 17.40726 18.74657
v 20.25618 16.78622 18.86118
v 20.26289 16.78622 18.78764
v 20.36564 17.00784 18.92307
v 20.32333 16.78622 18.86730
v 20.32333 16.78622 18.86730
v 20.36564 17.00784 18.92307
v 20.26289 16.78622 18.78764
v 20.24325 16.78622 18.82374
v 20.41277 17.34679 18.83641
v 20.34297 16.78622 18.83119
v 20.34297 16.78622 18.83119
v 20.41277 17.34679 18.83641
v 20.24325 16.78622 18.82374
v -3.79080 11.96234 18.31464
v -3.69015 12.28572 18.17764
v -3.73160 11.96234 18.23405
v -3.73160 11.96234 18.23405
v -3.69015 12.28572 18.17764
v -3.79080 11.96234 18.31464
v -3.71190 11.96234 18.26601
v -3.87952 12.49565 18.29433
v -3.81050 11.96234 18.28267
v -3.81050 11.96234 18.28267
v -3.87952 12.49565 18.29433
v -3.71190 11.96234 18.26601
v -3.72948 11.96234 18.23569
v -3.83734 12.26231 18.36710
v -3.79292 11.96234 18.31299
v -3.79292 11.96234 18.31299
v -3.83734 12.26231 18.36710
v -3.72948 11.96234 18.23569
v -8.25452 0.71424 -14.59280
v -8.23886 1.08266 -14.76208
v -8.24531 0.71424 -14.69238
v -8.24531 0.71424 -14.69238
v -8.23886 1.08266 -14.76208
v -8.25452 0.71424 -14.59280
v -8.28358 0.71424 -14.67956
v -8.16913 1.08259 -14.55386
v -8.21625 0.71424 -14.60562
v -8.21625 0.71424 -14.60562
v -8.16913 1.08259 -14.55386
v -8.28358 0.71424 -14.67956
v -8.29852 0.71424 -14.63085
v -8.13327 1.18154 -14.67077
v -8.20132 0.71424 -14.65433
v -8.20132 0.71424 -14.65433
v -8.13327 1.18154 -14.67077
v -8.29852 0.71424 -14.63085
v 18.55429 1.19534 -3.21658
v 18.72123 1.59549 -3.18445
v 18.65249 1.19534 -3.19768
v 18.65249 1.19534 -3.19768
v 18.72123 1.59549 -3.18445
v 18.55429 1.19534 -3.21658
v 18.55497 1.19534 -3.21961
v 18.71959 1.59849 -3.17718
v 18.65181 1.19534 -3.19465
v 18.65181 1.19534 -3.19465
v 18.71959 1.59849 -3.17718
v 18.55497 1.19534 -3.21961
v 18.65317 1.19534 -3.20240
v 18.48393 1.82595 -3.21848
v 18.55361 1.19534 -3.21186
v 18.55361 1.19534 -3.21186
v 18.48393 1.82595 -3.21848
v 18.65317 1.19534 -3.20240
v -8.75337 0.63939 -11.66373
v -8.60094 1.23176 -11.58847
v -8.66370 0.63939 -11.61946
v -8.66370 0.63939 -11.61946
v -8.60094 1.23176 -11.58847
v -8.75337 0.63939 -11.66373
v -8.75839 0.63939 -11.64550
v -8.58890 1.04869 -11.63222
v -8.65869 0.63939 -11.63769
v -8.65869 0.63939 -11.63769
v -8.58890 1.04869 -11.63222
v -8.75839 0.63939 -11.64550
v -8.74004 0.63939 -11.60277
v -8.63292 0.93688 -11.73477
v -8.67703 0.63939 -11.68042
v -8.67703 0.63939 -11.68042
v -8.63292 0.93688 -11.73477
v -8.74004 0.63939 -11.60277
v 21.91362 12.06526 7.38893
v 22.08362 12.43385 7.38815
v 22.01362 12.06526 7.38847
v 22.01362 12.06526 7.38847
v 22.08362 12.43385 7.38815
v 21.91362 12.06526 7.38893
v 21.93859 12.06526 7.34542
v 22.02370 12.54254 7.49258
v 21.98865 12.06526 7.43198
v 21.98865 12.06526 7.43198
v 22.02370 12.54254 7.49258
v 21.93859 12.06526 7.34542
v 21.92457 12.06526 7.35747
v 22.05733 12.35134 7.46366
v 22.00267 12.06526 7.41993
v 22.00267 12.06526 7.41993
v 22.05733 12.35134 7.46366
v 21.92457 12.06526 7.35747
v -1.35977 9.99357 5.55530
v -1.46220 10.45170 5.41963
v -1.42003 9.99357 5.47550
v -1.42003 9.99357 5.47550
v -1.46220 10.45170 5.41963
v -1.35977 9.99357 5.55530
v -1.39804 9.99357 5.56473
v -1.37036 10.24594 5.39700
v -1.38176 9.99357 5.46607
v -1.38176 9.99357 5.46607
v -1.37036 10.24594 5.39700
v -1.39804 9.99357 5.56473
v -1.43676 9.99357 5.53283
v -1.27743 10.35486 5.47356
v -1.34304 9.99357 5.49797
v -1.34304 9.99357 5.49797
v -1.27743 10.35486 5.47356
v -1.43676 9.99357 5.53283
v -9.79947 0.47019 -15.31963
v -9.67040 0.82636 -15.20899
v -9.72355 0.47019 -15.25455
v -9.72355 0.47019 -15.25455
v -9.67040 0.82636 -15.20899
v -9.79947 0.47019 -15.31963
v -9.74778 0.47019 -15.33517
v -9.79447 0.77933 -15.17170
v -9.77524 0.47019 -15.23901
v -9.77524 0.47019 -15.23901
v -9.79447 0.77933 -15.17170
v -9.74778 0.47019 -15.33517
v -9.81147 0.47019 -15.28522
v -9.64159 0.72766 -15.29158
v -9.71154 0.47019 -15.28896
v -9.71154 0.47019 -15.28896
v -9.64159 0.72766 -15.29158
v -9.81147 0.47019 -15.28522
v -21.34429 0.87249 -11.46840
v -21.34943 1.30948 -11.29847
v -21.34731 0.87249 -11.36844
v -21.34731 0.87249 -11.36844
v -21.34943 1.30948 -11.29847
v -21.34429 0.87249 -11.46840
v -21.32392 0.87249 -11.37346
v -21.39832 1.17563 -11.52632
v -21.36768 0.87249 -11.46338
v -21.36768 0.87249 -11.46338
v -21.39832 1.17563 -11.52632
v -21.32392 0.87249 -11.37346
v -21.39161 0.87249 -11.43846
v -21.23586 1.35347 -11.37033
v -21.29999 0.87249 -11.39838
v -21.29999 0.87249 -11.39838
v -21.23586 1.35347 -11.37033
v -21.39161 0.87249 -11.43846
v 2.19512 10.43438 14.86759
v 2.04106 10.82234 14.93947
v 2.10449 10.43438 14.90987
v 2.10449 10.43438 14.90987
v 2.04106 10.82234 14.93947
v 2.19512 10.43438 14.86759
v 2.10097 10.43438 14.89947
v 2.26701 10.70483 14.86297
v 2.19864 10.43438 14.87800
v 2.19864 10.43438 14.87800
v 2.26701 10.70483 14.86297
v 2.10097 10.43438 14.89947
v 2.10484 10.43438 14.86687
v 2.25773 10.72487 14.94120
v 2.19477 10.43438 14.91059
v 2.19477 10.43438 14.91059
v 2.25773 10.72487 14.94120
v 2.10484 10.43438 14.86687
v -19.40014 1.64207 1.18564
v -19.32447 2.19730 1.03341
v -19.35563 1.64207 1.09609
v -19.35563 1.64207 1.09609
v -19.32447 2.19730 1.03341
v -19.40014 1.64207 1.18564
v -19.42723 1.64207 1.14889
v -19.25944 2.16210 1.12161
v -19.32853 1.64207 1.13284
v -19.32853 1.64207 1.13284
v -19.25944 2.16210 1.12161
v -19.42723 1.64207 1.14889
v -19.35661 1.64207 1.18611
v -19.42893 2.13825 1.03226
v -19.39915 1.64207 1.09561
v -19.39915 1.64207 1.09561
v -19.42893 2.13825 1.03226
v -19.35661 1.64207 1.18611
v 5.71940 11.53875 12.56137
v 5.58254 11.94587 12.46052
v 5.63889 11.53875 12.50204
v 5.63889 11.53875 12.50204
v 5.58254 11.94587 12.46052
v 5.71940 11.53875 12.56137
v 5.64711 11.53875 12.57009
v 5.75603 11.98092 12.43957
v 5.71118 11.53875 12.49332
v 5.71118 11.53875 12.49332
v 5.75603 11.98092 12.43957
v 5.64711 11.53875 12.57009
v 5.64041 11.53875 12.50009
v 5.77212 12.15310 12.60757
v 5.71789 11.53875 12.56332
v 5.71789 11.53875 12.56332
v 5.77212 12.15310 12.60757
v 5.64041 11.53875 12.50009
v 19.77059 0.91543 -5.37313
v 19.62447 1.50083 -5.46002
v 19.68463 0.91543 -5.42424
v 19.68463 0.91543 -5.42424
v 19.62447 1.50083 -5.46002
v 19.77059 0.91543 -5.37313
v 19.70606 0.91543 -5.35357
v 19.77932 1.24211 -5.50697
v 19.74916 0.91543 -5.44380
v 19.74916 0.91543 -5.44380
v 19.77932 1.24211 -5.50697
v 19.70606 0.91543 -5.35357
v 19.76180 0.91543 -5.43517
v 19.64555 1.34094 -5.31113
v 19.69342 0.91543 -5.36220
v 19.69342 0.91543 -5.36220
v 19.64555 1.34094 -5.31113
v 19.76180 0.91543 -5.43517
v -19.22541 2.39142 3.86868
v -19.38621 2.78935 3.81353
v -19.32000 2.39142 3.83624
v -19.32000 2.39142 3.83624
v -19.38621 2.78935 3.81353
v -19.22541 2.39142 3.86868
v -19.23961 2.39142 3.81498
v -19.35213 2.83735 3.94242
v -19.30580 2.39142 3.88994
v -19.30580 2.39142 3.88994
v -19.35213 2.83735 3.94242
v -19.23961 2.39142 3.81498
v -19.28107 2.39142 3.90176
v -19.25262 2.76448 3.73415
v -19.26434 2.39142 3.80317
v -19.26434 2.39142 3.80317
v -19.25262 2.76448 3.73415
v -19.28107 2.39142 3.90176
v 16.64731 14.15331 15.34998
v 16.65871 14.75665 15.51960
v 16.65401 14.15331 15.44976
v 16.65401 14.15331 15.44976
v 16.65871 14.75665 15.51960
v 16.64731 14.15331 15.34998
v 16.66663 14.15331 15.35249
v 16.61233 14.59586 15.51358
v 16.63469 14.15331 15.44725
v 16.63469 14.15331 15.44725
v 16.61233 14.59586 15.51358
v 16.66663 14.15331 15.35249
v 16.61391 14.15331 15.43377
v 16.73886 14.64015 15.31850
v 16.68741 14.15331 15.36596
v 16.68741 14.15331 15.36596
v 16.73886 14.64015 15.31850
v 16.61391 14.15331 15.43377
v -6.43581 12.92439 18.95652
v -6.58870 13.54047 19.03086
v -6.52575 12.92439 19.00025
v -6.52575 12.92439 19.00025
v -6.58870 13.54047 19.03086
v -6.43581 12.92439 18.95652
v -6.52327 12.92439 18.95203
v -6.37881 13.40833 19.04165
v -6.43829 12.92439 19.00475
v -6.43829 12.92439 19.00475
v -6.37881 13.40833 19.04165
v -6.52327 12.92439 18.95203
v -6.44583 12.92439 18.94264
v -6.56467 13.18200 19.06419
v -6.51573 12.92439 19.01414
v -6.51573 12.92439 19.01414
v -6.56467 13.18200 19.06419
v -6.44583 12.92439 18.94264
v 9.77226 0.71772 -14.87336
v 9.63989 1.26264 -14.98002
v 9.69439 0.71772 -14.93610
v 9.69439 0.71772 -14.93610
v 9.63989 1.26264 -14.98002
v 9.77226 0.71772 -14.87336
v 9.68379 0.71772 -14.91156
v 9.85220 1.33827 -14.88833
v 9.78286 0.71772 -14.89790
v 9.78286 0.71772 -14.89790
v 9.85220 1.33827 -14.88833
v 9.68379 0.71772 -14.91156
v 9.68337 0.71772 -14.90264
v 9.85322 1.13841 -14.90975
v 9.78328 0.71772 -14.90682
v 9.78328 0.71772 -14.90682
v 9.85322 1.13841 -14.90975
v 9.68337 0.71772 -14.90264
v 12.83553 1.01977 -12.48495
v 12.99424 1.28521 -12.42401
v 12.92889 1.01977 -12.44910
v 12.92889 1.01977 -12.44910
v 12.99424 1.28521 -12.42401
v 12.83553 1.01977 -12.48495
v 12.92167 1.01977 -12.43631
v 12.78751 1.33167 -12.54072
v 12.84275 1.01977 -12.49773
v 12.84275 1.01977 -12.49773
v 12.78751 1.33167 -12.54072
v 12.92167 1.01977 -12.43631
v 12.92122 1.01977 -12.49831
v 12.78860 1.27907 -12.39194
v 12.84321 1.01977 -12.43574
v 12.84321 1.01977 -12.43574
v 12.78860 1.27907 -12.39194
v 12.92122 1.01977 -12.49831
v 14.78972 11.90762 7.78100
v 14.62141 12.31756 7.80496
v 14.69072 11.90762 7.79510
v 14.69072 11.90762 7.79510
v 14.62141 12.31756 7.80496
v 14.78972 11.90762 7.78100
v 14.72790 11.90762 7.73959
v 14.76979 12.27928 7.90435
v 14.75254 11.90762 7.83651
v 14.75254 11.90762 7.83651
v 14.76979 12.27928 7.90435
v 14.72790 11.90762 7.73959
v 14.69381 11.90762 7.76944
v 14.85160 12.20251 7.83270
v 14.78663 11.90762 7.80665
v 14.78663 11.90762 7.80665
v 14.85160 12.20251 7.83270
v 14.69381 11.90762 7.76944
v -9.58191 11.60852 4.48761
v -9.50381 11.91532 4.33662
v -9.53597 11.60852 4.39879
v -9.53597 11.60852 4.39879
v -9.50381 11.91532 4.33662
v -9.58191 11.60852 4.48761
v -9.53311 11.60852 4.40039
v -9.62092 12.25365 4.54596
v -9.58477 11.60852 4.48602
v -9.58477 11.60852 4.48602
v -9.62092 12.25365 4.54596
v -9.53311 11.60852 4.40039
v -9.59325 11.60852 4.40683
v -9.47660 11.91991 4.53049
v -9.52463 11.60852 4.47957
v -9.52463 11.60852 4.47957
v -9.47660 11.91991 4.53049
v -9.59325 11.60852 4.40683
v -7.22479 11.83983 7.57821
v -7.32429 12.31162 7.44038
v -7.28332 11.83983 7.49713
v -7.28332 11.83983 7.49713
v -7.32429 12.31162 7.44038
v -7.22479 11.83983 7.57821
v -7.22010 11.83983 7.57438
v -7.33552 12.11444 7.44957
v -7.28800 11.83983 7.50096
v -7.28800 11.83983 7.50096
v -7.33552 12.11444 7.44957
v -7.22010 11.83983 7.57438
v -7.23332 11.83983 7.49217
v -7.30380 12.40283 7.64688
v -7.27478 11.83983 7.58317
v -7.27478 11.83983 7.58317
v -7.30380 12.40283 7.64688
v -7.23332 11.83983 7.49217
v -15.59334 0.59482 -13.67697
v -15.49189 0.97067 -13.54055
v -15.53366 0.59482 -13.59672
v -15.53366 0.59482 -13.59672
v -15.49189 0.97067 -13.54055
v -15.59334 0.59482 -13.67697
v -15.51356 0.59482 -13.63935
v -15.68335 1.02376 -13.63083
v -15.61344 0.59482 -13.63434
v -15.61344 0.59482 -13.63434
v -15.68335 1.02376 -13.63083
v -15.51356 0.59482 -13.63935
v -15.60966 0.59482 -13.65607
v -15.45273 1.14730 -13.59071
v -15.51734 0.59482 -13.61762
v -15.51734 0.59482 -13.61762
v -15.45273 1.14730 -13.59071
v -15.60966 0.59482 -13.65607
v -18.62058 13.69835 6.53020
v -18.72602 14.20914 6.66356
v -18.68260 13.69835 6.60865
v -18.68260 13.69835 6.60865
v -18.72602 14.20914 6.66356
v -18.62058 13.69835 6.53020
v -18.61669 13.69835 6.53362
v -18.73536 14.27824 6.65535
v -18.68649 13.69835 6.60523
v -18.68649 13.69835 6.60523
v -18.73536 14.27824 6.65535
v -18.61669 13.69835 6.53362
v -18.67469 13.69835 6.61377
v -18.59614 14.16392 6.46301
v -18.62848 13.69835 6.52508
v -18.62848 13.69835 6.52508
v -18.59614 14.16392 6.46301
v -18.67469 13.69835 6.61377
v -13.24717 13.05911 8.21878
v -13.24417 13.50071 8.38876
v -13.24540 13.05911 8.31877
v -13.24540 13.05911 8.31877
v -13.24417 13.50071 8.38876
v -13.24717 13.05911 8.21878
v -13.20773 13.05911 8.30061
v -13.33881 13.39981 8.19237
v -13.28484 13.05911 8.23694
v -13.28484 13.05911 8.23694
v -13.33881 13.39981 8.19237
v -13.20773 13.05911 8.30061
v -13.19670 13.05911 8.26232
v -13.36528 13.54534 8.28427
v -13.29587 13.05911 8.27523
v -13.29587 13.05911 8.27523
v -13.36528 13.54534 8.28427
v -13.19670 13.05911 8.26232
v -6.01779 11.39482 5.50087
v -5.85436 11.73808 5.45407
v -5.92165 11.39482 5.47334
v -5.92165 11.39482 5.47334
v -5.85436 11.73808 5.45407
v -6.01779 11.39482 5.50087
v -5.92586 11.39482 5.46310
v -6.07499 11.81871 5.54472
v -6.01358 11.39482 5.51111
v -6.01358 11.39482 5.51111
v -6.07499 11.81871 5.54472
v -5.92586 11.39482 5.46310
v -5.91989 11.39482 5.49124
v -6.08931 11.93241 5.47719
v -6.01955 11.39482 5.48297
v -6.01955 11.39482 5.48297
v -6.08931 11.93241 5.47719
v -5.91989 11.39482 5.49124
v 12.73599 0.49474 -17.40729
v 12.90003 0.77833 -17.45194
v 12.83248 0.49474 -17.43356
v 12.83248 0.49474 -17.43356
v 12.90003 0.77833 -17.45194
v 12.73599 0.49474 -17.40729
v 12.82334 0.49474 -17.38926
v 12.69040 0.98348 -17.49521
v 12.74514 0.49474 -17.45159
v 12.74514 0.49474 -17.45159
v 12.69040 0.98348 -17.49521
v 12.82334 0.49474 -17.38926
v 12.73666 0.49474 -17.40506
v 12.89844 0.89420 -17.45729
v 12.83182 0.49474 -17.43578
v 12.83182 0.49474 -17.43578
v 12.89844 0.89420 -17.45729
v 12.73666 0.49474 -17.40506
v 8.86318 0.71216 1.95311
v 8.93003 1.09697 2.10941
v 8.90251 0.71216 2.04505
v 8.90251 0.71216 2.04505
v 8.93003 1.09697 2.10941
v 8.86318 0.71216 1.95311
v 8.84423 0.71216 1.96732
v 8.97552 1.35411 2.07531
v 8.92146 0.71216 2.03084
v 8.92146 0.71216 2.03084
v 8.97552 1.35411 2.07531
v 8.84423 0.71216 1.96732
v 8.90440 0.71216 2.04419
v 8.83110 1.18687 1.89081
v 8.86128 0.71216 1.95397
v 8.86128 0.71216 1.95397
v 8.83110 1.18687 1.89081
v 8.90440 0.71216 2.04419
v 19.19017 17.35649 20.08031
v 19.28210 17.95933 19.93731
v 19.24425 17.35649 19.99619
v 19.24425 17.35649 19.99619
v 19.28210 17.95933 19.93731
v 19.19017 17.35649 20.08031
v 19.26670 17.35649 20.03114
v 19.09843 17.59168 20.05532
v 19.16772 17.35649 20.04536
v 19.16772 17.35649 20.04536
v 19.09843 17.59168 20.05532
v 19.26670 17.35649 20.03114
v 19.17574 17.35649 20.01032
v 19.31674 17.87832 20.10528
v 19.25868 17.35649 20.06618
v 19.25868 17.35649 20.06618
v 19.31674 17.87832 20.10528
v 19.17574 17.35649 20.01032
v -10.31032 0.44738 -15.20480
v -10.22806 0.78205 -15.05603
v -10.26193 0.44738 -15.11729
v -10.26193 0.44738 -15.11729
v -10.22806 0.78205 -15.05603
v -10.31032 0.44738 -15.20480
v -10.25665 0.44738 -15.12066
v -10.35689 0.89621 -15.25796
v -10.31561 0.44738 -15.20143
v -10.31561 0.44738 -15.20143
v -10.35689 0.89621 -15.25796
v -10.25665 0.44738 -15.12066
v -10.24589 0.44738 -15.19072
v -10.38270 0.71483 -15.08981
v -10.32636 0.44738 -15.13136
v -10.32636 0.44738 -15.13136
v -10.38270 0.71483 -15.08981
v -10.24589 0.44738 -15.19072
v -1.48660 10.80836 21.54951
v -1.36450 11.30002 21.66780
v -1.41478 10.80836 21.61909
v -1.41478 10.80836 21.61909
v -1.36450 11.30002 21.66780
v -1.48660 10.80836 21.54951
v -1.41980 10.80836 21.62362
v -1.52483 11.21882 21.48994
v -1.48158 10.80836 21.54499
v -1.48158 10.80836 21.54499
v -1.52483 11.21882 21.48994
v -1.41980 10.80836 21.62362
v -1.40125 10.80836 21.57686
v -1.56935 11.25292 21.60216
v -1.50013 10.80836 21.59174
v -1.50013 10.80836 21.59174
v -1.56935 11.25292 21.60216
v -1.40125 10.80836 21.57686
v -16.04281 17.75795 21.66120
v -15.91021 18.11107 21.55481
v -15.96481 17.75795 21.59862
v -15.96481 17.75795 21.59862
v -15.91021 18.11107 21.55481
v -16.04281 17.75795 21.66120
v -15.99796 17.75795 21.58025
v -16.01784 18.05876 21.74908
v -16.00965 17.75795 21.67956
v -16.00965 17.75795 21.67956
v -16.01784 18.05876 21.74908
v -15.99796 17.75795 21.58025
v -16.05001 17.75795 21.61079
v -15.89293 18.15697 21.67580
v -15.95761 17.75795 21.64903
v -15.95761 17.75795 21.64903
v -15.89293 18.15697 21.67580
v -16.05001 17.75795 21.61079
v -8.34584 12.91378 14.31939
v -8.48426 13.20271 14.22070
v -8.42726 12.91378 14.26133
v -8.42726 12.91378 14.26133
v -8.48426 13.20271 14.22070
v -8.34584 12.91378 14.31939
v -8.33779 12.91378 14.27930
v -8.50358 13.55492 14.31690
v -8.43531 12.91378 14.30142
v -8.43531 12.91378 14.30142
v -8.50358 13.55492 14.31690
v -8.33779 12.91378 14.27930
v -8.37462 12.91378 14.24181
v -8.41517 13.16465 14.40690
v -8.39848 12.91378 14.33892
v -8.39848 12.91378 14.33892
v -8.41517 13.16465 14.40690
v -8.37462 12.91378 14.24181
v -21.96108 17.93791 14.79341
v -21.79158 18.34871 14.80640
v -21.86138 17.93791 14.80105
v -21.86138 17.93791 14.80105
v -21.79158 18.34871 14.80640
v -21.96108 17.93791 14.79341
v -21.87156 17.93791 14.82767
v -22.00643 18.55430 14.72418
v -21.95090 17.93791 14.76679
v -21.95090 17.93791 14.76679
v -22.00643 18.55430 14.72418
v -21.87156 17.93791 14.82767
v -21.94228 17.93791 14.83642
v -21.83670 18.23203 14.70318
v -21.88018 17.93791 14.75804
v -21.88018 17.93791 14.75804
v -21.83670 18.23203 14.70318
v -21.94228 17.93791 14.83642
v 9.63662 13.63722 20.28695
v 9.71783 14.16015 20.43630
v 9.68439 13.63722 20.37480
v 9.68439 13.63722 20.37480
v 9.71783 14.16015 20.43630
v 9.63662 13.63722 20.28695
v 9.62294 13.63722 20.36387
v 9.75067 13.90689 20.25169
v 9.69807 13.63722 20.29788
v 9.69807 13.63722 20.29788
v 9.75067 13.90689 20.25169
v 9.62294 13.63722 20.36387
v 9.65363 13.63722 20.38040
v 9.67701 13.96338 20.21202
v 9.66738 13.63722 20.28135
v 9.66738 13.63722 20.28135
v 9.67701 13.96338 20.21202
v 9.65363 13.63722 20.38040
v 22.56820 11.87156 6.07911
v 22.51088 12.46511 6.23916
v 22.53448 11.87156 6.17326
v 22.53448 11.87156 6.17326
v 22.51088 12.46511 6.23916
v 22.56820 11.87156 6.07911
v 22.50150 11.87156 6.12225
v 22.67097 12.46199 6.13563
v 22.60119 11.87156 6.13012
v 22.60119 11.87156 6.13012
v 22.67097 12.46199 6.13563
v 22.50150 11.87156 6.12225
v 22.50135 11.87156 6.12684
v 22.67133 12.13667 6.12460
v 22.60134 11.87156 6.12552
v 22.60134 11.87156 6.12552
v 22.67133 12.13667 6.12460
v 22.50135 11.87156 6.12684
v -10.81042 0.72766 -16.70657
v -10.98041 1.33098 -16.70444
v -10.91041 0.72766 -16.70531
v -10.91041 0.72766 -16.70531
v -10.98041 1.33098 -16.70444
v -10.81042 0.72766 -16.70657
v -10.91041 0.72766 -16.70543
v -10.74042 1.20398 -16.70717
v -10.81042 0.72766 -16.70645
v -10.81042 0.72766 -16.70645
v -10.74042 1.20398 -16.70717
v -10.91041 0.72766 -16.70543
v -10.85649 0.72766 -16.65609
v -10.86984 1.10139 -16.82557
v -10.86434 0.72766 -16.75579
v -10.86434 0.72766 -16.75579
v -10.86984 1.10139 -16.82557
v -10.85649 0.72766 -16.65609
v 13.36328 0.93442 -13.71097
v 13.24997 1.17030 -13.83771
v 13.29663 0.93442 -13.78552
v 13.29663 0.93442 -13.78552
v 13.24997 1.17030 -13.83771
v 13.36328 0.93442 -13.71097
v 13.29903 0.93442 -13.70896
v 13.40417 1.18560 -13.84255
v 13.36088 0.93442 -13.78754
v 13.36088 0.93442 -13.78754
v 13.40417 1.18560 -13.84255
v 13.29903 0.93442 -13.70896
v 13.31014 0.93442 -13.79416
v 13.37750 1.39459 -13.63807
v 13.34976 0.93442 -13.70234
v 13.34976 0.93442 -13.70234
v 13.37750 1.39459 -13.63807
v 13.31014 0.93442 -13.79416
v -0.61449 10.71534 16.54860
v -0.59862 11.14355 16.37935
v -0.60515 10.71534 16.44904
v -0.60515 10.71534 16.44904
v -0.59862 11.14355 16.37935
v -0.61449 10.71534 16.54860
v -0.63771 10.71534 16.54032
v -0.54289 11.02671 16.39922
v -0.58193 10.71534 16.45732
v -0.58193 10.71534 16.45732
v -0.54289 11.02671 16.39922
v -0.63771 10.71534 16.54032
v -0.56549 10.71534 16.47571
v -0.71623 11.35506 16.55430
v -0.65416 10.71534 16.52194
v -0.65416 10.71534 16.52194
v -0.71623 11.35506 16.55430
v -0.56549 10.71534 16.47571
v -13.60195 15.18402 14.77017
v -13.54421 15.71606 14.93006
v -13.56799 15.18402 14.86422
v -13.56799 15.18402 14.86422
v -13.54421 15.71606 14.93006
v -13.60195 15.18402 14.77017
v -13.54570 15.18402 14.78624
v -13.67921 15.54224 14.89147
v -13.62424 15.18402 14.84814
v -13.62424 15.18402 14.84814
v -13.67921 15.54224 14.89147
v -13.54570 15.18402 14.78624
v -13.53508 15.18402 14.82052
v -13.70470 15.65886 14.80921
v -13.63486 15.18402 14.81387
v -13.63486 15.18402 14.81387
v -13.70470 15.65886 14.80921
v -13.53508 15.18402 14.82052
v -10.90855 13.16642 12.10901
v -10.73894 13.80385 12.09754
v -10.80878 13.16642 12.10226
v -10.80878 13.16642 12.10226
v -10.73894 13.80385 12.09754
v -10.90855 13.16642 12.10901
v -10.87932 13.16642 12.15117
v -10.80910 13.58555 11.99635
v -10.83801 13.16642 12.06010
v -10.83801 13.16642 12.06010
v -10.80910 13.58555 11.99635
v -10.87932 13.16642 12.15117
v -10.81552 13.16642 12.08037
v -10.96222 13.55399 12.16627
v -10.90181 13.16642 12.13090
v -10.90181 13.16642 12.13090
v -10.96222 13.55399 12.16627
v -10.81552 13.16642 12.08037
v -16.02170 16.10427 13.51161
v -16.13330 16.39048 13.38337
v -16.08735 16.10427 13.43617
v -16.08735 16.10427 13.43617
v -16.13330 16.39048 13.38337
v -16.02170 16.10427 13.51161
v -16.05517 16.10427 13.42389
v -16.05296 16.50228 13.59388
v -16.05387 16.10427 13.52389
v -16.05387 16.10427 13.52389
v -16.05296 16.50228 13.59388
v -16.05517 16.10427 13.42389
v -16.00494 16.10427 13.46744
v -16.17352 16.68518 13.48937
v -16.10410 16.10427 13.48034
v -16.10410 16.10427 13.48034
v -16.17352 16.68518 13.48937
v -16.00494 16.10427 13.46744
v -15.68997 0.60891 -16.25124
v -15.84172 1.01180 -16.32787
v -15.77923 0.60891 -16.29631
v -15.77923 0.60891 -16.29631
v -15.84172 1.01180 -16.32787
v -15.68997 0.60891 -16.25124
v -15.69081 0.60891 -16.29791
v -15.83969 1.16312 -16.21585
v -15.77839 0.60891 -16.24964
v -15.77839 0.60891 -16.24964
v -15.83969 1.16312 -16.21585
v -15.69081 0.60891 -16.29791
v -15.74537 0.60891 -16.22495
v -15.70875 1.16526 -16.39096
v -15.72383 0.60891 -16.32260
v -15.72383 0.60891 -16.32260
v -15.70875 1.16526 -16.39096
v -15.74537 0.60891 -16.22495
v 4.06543 10.85025 9.27880
v 3.96848 11.19249 9.41844
v 4.00840 10.85025 9.36094
v 4.00840 10.85025 9.36094
v 3.96848 11.19249 9.41844
v 4.06543 10.85025 9.27880
v 3.99119 10.85025 9.34009
v 4.14667 11.17001 9.27136
v 4.08265 10.85025 9.29966
v 4.08265 10.85025 9.29966
v 4.14667 11.17001 9.27136
v 3.99119 10.85025 9.34009
v 3.99091 10.85025 9.30030
v 4.14735 11.41466 9.36683
v 4.08293 10.85025 9.33944
v 4.08293 10.85025 9.33944
v 4.14735 11.41466 9.36683
v 3.99091 10.85025 9.30030
v -12.35589 1.40858 -1.21590
v -12.25801 1.93810 -1.07691
v -12.29831 1.40858 -1.13415
v -12.29831 1.40858 -1.13415
v -12.25801 1.93810 -1.07691
v -12.35589 1.40858 -1.21590
v -12.29268 1.40858 -1.21129
v -12.40972 1.79486 -1.08800
v -12.36153 1.40858 -1.13876
v -12.36153 1.40858 -1.13876
v -12.40972 1.79486 -1.08800
v -12.29268 1.40858 -1.21129
v -12.30378 1.40858 -1.21925
v -12.38309 1.84616 -1.06889
v -12.35043 1.40858 -1.13080
v -12.35043 1.40858 -1.13080
v -12.38309 1.84616 -1.06889
v -12.30378 1.40858 -1.21925
v 8.33027 11.55847 8.18349
v 8.16030 11.99023 8.18042
v 8.23029 11.55847 8.18168
v 8.23029 11.55847 8.18168
v 8.16030 11.99023 8.18042
v 8.33027 11.55847 8.18349
v 8.23203 11.55847 8.16948
v 8.39608 12.06392 8.21404
v 8.32853 11.55847 8.19569
v 8.32853 11.55847 8.19569
v 8.39608 12.06392 8.21404
v 8.23203 11.55847 8.16948
v 8.24319 11.55847 8.21612
v 8.36928 12.13751 8.10209
v 8.31736 11.55847 8.14905
v 8.31736 11.55847 8.14905
v 8.36928 12.13751 8.10209
v 8.24319 11.55847 8.21612
v -22.40886 1.10290 -5.11754
v -22.51423 1.60413 -5.25094
v -22.47084 1.10290 -5.19601
v -22.47084 1.10290 -5.19601
v -22.51423 1.60413 -5.25094
v -22.40886 1.10290 -5.11754
v -22.39079 1.10290 -5.14712
v -22.55759 1.33817 -5.17994
v -22.48891 1.10290 -5.16643
v -22.48891 1.10290 -5.16643
v -22.55759 1.33817 -5.17994
v -22.39079 1.10290 -5.14712
v -22.48852 1.10290 -5.16824
v -22.32305 1.47543 -5.12925
v -22.39118 1.10290 -5.14531
v -22.39118 1.10290 -5.14531
v -22.32305 1.47543 -5.12925
v -22.48852 1.10290 -5.16824
v -14.28905 0.57666 -15.23518
v -14.29867 0.96919 -15.06545
v -14.29471 0.57666 -15.13534
v -14.29471 0.57666 -15.13534
v -14.29867 0.96919 -15.06545
v -14.28905 0.57666 -15.23518
v -14.31947 0.57666 -15.14356
v -14.22567 1.07273 -15.28534
v -14.26429 0.57666 -15.22696
v -14.26429 0.57666 -15.22696
v -14.22567 1.07273 -15.28534
v -14.31947 0.57666 -15.14356
v -14.27605 0.57666 -15.23269
v -14.32987 1.08520 -15.07143
v -14.30771 0.57666 -15.13783
v -14.30771 0.57666 -15.13783
v -14.32987 1.08520 -15.07143
v -14.27605 0.57666 -15.23269
v -8.12268 12.31757 10.25749
v -8.26921 12.66485 10.17128
v -8.20887 12.31757 10.20678
v -8.20887 12.31757 10.20678
v -8.26921 12.66485 10.17128
v -8.12268 12.31757 10.25749
v -8.20236 12.31757 10.19805
v -8.07798 12.64988 10.31393
v -8.12920 12.31757 10.26622
v -8.12920 12.31757 10.26622
v -8.07798 12.64988 10.31393
v -8.20236 12.31757 10.19805
v -8.11638 12.31757 10.22443
v -8.28435 12.95856 10.25063
v -8.21518 12.31757 10.23984
v -8.21518 12.31757 10.23984
v -8.28435 12.95856 10.25063
v -8.11638 12.31757 10.22443
v -3.26179 11.71516 18.82775
v -3.29985 12.24206 18.99343
v -3.28418 11.71516 18.92521
v -3.28418 11.71516 18.92521
v -3.29985 12.24206 18.99343
v -3.26179 11.71516 18.82775
v -3.31430 11.71516 18.90464
v -3.17383 12.16093 18.80890
v -3.23167 11.71516 18.84832
v -3.23167 11.71516 18.84832
v -3.17383 12.16093 18.80890
v -3.31430 11.71516 18.90464
v -3.23398 11.71516 18.84520
v -3.36660 12.14146 18.95156
v -3.31199 11.71516 18.90776
v -3.31199 11.71516 18.90776
v -3.36660 12.14146 18.95156
v -3.23398 11.71516 18.84520
v -19.34973 0.74676 -15.30546
v -19.25146 1.09690 -15.16674
v -19.29192 0.74676 -15.22386
v -19.29192 0.74676 -15.22386
v -19.25146 1.09690 -15.16674
v -19.34973 0.74676 -15.30546
v -19.36556 0.74676 -15.24232
v -19.21347 1.07886 -15.31828
v -19.27609 0.74676 -15.28700
v -19.27609 0.74676 -15.28700
v -19.21347 1.07886 -15.31828
v -19.36556 0.74676 -15.24232
v -19.27194 0.74676 -15.25415
v -19.43814 1.09665 -15.28989
v -19.36971 0.74676 -15.27517
v -19.36971 0.74676 -15.27517
v -19.43814 1.09665 -15.28989
v -19.27194 0.74676 -15.25415
v -21.02078 2.96593 4.52875
v -21.14878 3.31326 4.41688
v -21.09607 2.96593 4.46295
v -21.09607 2.96593 4.46295
v -21.14878 3.31326 4.41688
v -21.02078 2.96593 4.52875
v -21.10675 2.96593 4.50869
v -20.94245 3.26293 4.46503
v -21.01010 2.96593 4.48301
v -21.01010 2.96593 4.48301
v -20.94245 3.26293 4.46503
v -21.10675 2.96593 4.50869
v -21.03542 2.96593 4.45146
v -21.11364 3.34725 4.60239
v -21.08143 2.96593 4.54024
v -21.08143 2.96593 4.54024
v -21.11364 3.34725 4.60239
v -21.03542 2.96593 4.45146
v 15.27945 0.70302 -16.94323
v 15.37740 1.14502 -17.08217
v 15.33707 0.70302 -17.02496
v 15.33707 0.70302 -17.02496
v 15.37740 1.14502 -17.08217
v 15.27945 0.70302 -16.94323
v 15.28113 0.70302 -17.02610
v 15.37335 1.03721 -16.88328
v 15.33538 0.70302 -16.94209
v 15.33538 0.70302 -16.94209
v 15.37335 1.03721 -16.88328
v 15.28113 0.70302 -17.02610
v 15.25846 0.70302 -16.97955
v 15.42776 1.10815 -16.99500
v 15.35805 0.70302 -16.98864
v 15.35805 0.70302 -16.98864
v 15.42776 1.10815 -16.99500
v 15.25846 0.70302 -16.97955
v 17.82528 0.39225 -8.20984
v 17.99135 0.93008 -8.17350
v 17.92297 0.39225 -8.18846
v 17.92297 0.39225 -8.18846
v 17.99135 0.93008 -8.17350
v 17.82528 0.39225 -8.20984
v 17.82882 0.39225 -8.22030
v 17.98286 0.67499 -8.14840
v 17.91943 0.39225 -8.17801
v 17.91943 0.39225 -8.17801
v 17.98286 0.67499 -8.14840
v 17.82882 0.39225 -8.22030
v 17.92335 0.39225 -8.20794
v 17.75599 0.62574 -8.17805
v 17.82490 0.39225 -8.19036
v 17.82490 0.39225 -8.19036
v 17.75599 0.62574 -8.17805
v 17.92335 0.39225 -8.20794
v 11.42401 0.94004 3.37448
v 11.25519 1.17189 3.35452
v 11.32470 0.94004 3.36274
v 11.32470 0.94004 3.36274
v 11.25519 1.17189 3.35452
v 11.42401 0.94004 3.37448
v 11.40394 0.94004 3.40892
v 11.30336 1.43437 3.27187
v 11.34478 0.94004 3.32830
v 11.34478 0.94004 3.32830
v 11.30336 1.43437 3.27187
v 11.40394 0.94004 3.40892
v 11.33200 0.94004 3.34205
v 11.47602 1.51585 3.43237
v 11.41672 0.94004 3.39518
v 11.41672 0.94004 3.39518
v 11.47602 1.51585 3.43237
v 11.33200 0.94004 3.34205
v -22.62918 0.78784 -15.51474
v -22.74429 1.17524 -15.63984
v -22.69689 0.78784 -15.58833
v -22.69689 0.78784 -15.58833
v -22.74429 1.17524 -15.63984
v -22.62918 0.78784 -15.51474
v -22.69987 0.78784 -15.51772
v -22.57462 1.03088 -15.63267
v -22.62620 0.78784 -15.58534
v -22.62620 0.78784 -15.58534
v -22.57462 1.03088 -15.63267
v -22.69987 0.78784 -15.51772
v -22.69903 0.78784 -15.58623
v -22.57664 1.25646 -15.46825
v -22.62703 0.78784 -15.51683
v -22.62703 0.78784 -15.51683
v -22.57664 1.25646 -15.46825
v -22.69903 0.78784 -15.58623
v 8.93704 13.37826 19.14056
v 8.76704 13.87969 19.14072
v 8.83704 13.37826 19.14065
v 8.83704 13.37826 19.14065
v 8.76704 13.87969 19.14072
v 8.93704 13.37826 19.14056
v 8.83930 13.37826 19.15547
v 9.00162 13.81771 19.10494
v 8.93478 13.37826 19.12575
v 8.93478 13.37826 19.12575
v 9.00162 13.81771 19.10494
v 8.83930 13.37826 19.15547
v 8.89151 13.37826 19.19041
v 8.87630 13.76262 19.02109
v 8.88257 13.37826 19.09081
v 8.88257 13.37826 19.09081
v 8.87630 13.76262 19.02109
v 8.89151 13.37826 19.19041
v -20.23176 0.93691 -13.11993
v -20.06237 1.55773 -13.10549
v -20.13212 0.93691 -13.11144
v -20.13212 0.93691 -13.11144
v -20.06237 1.55773 -13.10549
v -20.23176 0.93691 -13.11993
v -20.20312 0.93691 -13.16097
v -20.13109 1.17852 -13.00699
v -20.16075 0.93691 -13.07040
v -20.16075 0.93691 -13.07040
v -20.13109 1.17852 -13.00699
v -20.20312 0.93691 -13.16097
v -20.18991 0.93691 -13.06632
v -20.16281 1.17603 -13.23415
v -20.17397 0.93691 -13.16505
v -20.17397 0.93691 -13.16505
v -20.16281 1.17603 -13.23415
v -20.18991 0.93691 -13.06632
v -8.53463 11.37060 4.31904
v -8.70131 11.89103 4.35244
v -8.63268 11.37060 4.33868
v -8.63268 11.37060 4.33868
v -8.70131 11.89103 4.35244
v -8.53463 11.37060 4.31904
v -8.59334 11.37060 4.37791
v -8.56041 11.83525 4.21113
v -8.57397 11.37060 4.27981
v -8.57397 11.37060 4.27981
v -8.56041 11.83525 4.21113
v -8.59334 11.37060 4.37791
v -8.53650 11.37060 4.34549
v -8.69682 12.01814 4.28894
v -8.63080 11.37060 4.31223
v -8.63080 11.37060 4.31223
v -8.69682 12.01814 4.28894
v -8.53650 11.37060 4.34549
v -20.73881 0.65558 -14.93734
v -20.57017 1.23603 -14.95881
v -20.63961 0.65558 -14.94997
v -20.63961 0.65558 -14.94997
v -20.57017 1.23603 -14.95881
v -20.73881 0.65558 -14.93734
v -20.73544 0.65558 -14.92460
v -20.57827 1.20776 -14.98939
v -20.64299 0.65558 -14.96271
v -20.64299 0.65558 -14.96271
v -20.57827 1.20776 -14.98939
v -20.73544 0.65558 -14.92460
v -20.69884 0.65558 -14.89459
v -20.66610 1.22453 -15.06141
v -20.67958 0.65558 -14.99272
v -20.67958 0.65558 -14.99272
v -20.66610 1.22453 -15.06141
v -20.69884 0.65558 -14.89459
v -1.16778 10.77376 16.76645
v -1.10045 11.24997 16.92255
v -1.12818 10.77376 16.85827
v -1.12818 10.77376 16.85827
v -1.10045 11.24997 16.92255
v -1.16778 10.77376 16.76645
v -1.13739 10.77376 16.76349
v -1.17338 11.00067 16.92964
v -1.15856 10.77376 16.86122
v -1.15856 10.77376 16.86122
v -1.17338 11.00067 16.92964
v -1.13739 10.77376 16.76349
v -1.12912 10.77376 16.76605
v -1.19323 11.10498 16.92350
v -1.16684 10.77376 16.85867
v -1.16684 10.77376 16.85867
v -1.19323 11.10498 16.92350
v -1.12912 10.77376 16.76605
v -0.89256 10.06683 9.07317
v -0.92745 10.56419 8.90679
v -0.91308 10.06683 8.97530
v -0.91308 10.06683 8.97530
v -0.92745 10.56419 8.90679
v -0.89256 10.06683 9.07317
v -0.87071 10.06683 8.98591
v -0.97990 10.45344 9.11621
v -0.93494 10.06683 9.06256
v -0.93494 10.06683 9.06256
v -0.97990 10.45344 9.11621
v -0.87071 10.06683 8.98591
v -0.94401 10.06683 9.05258
v -0.80398 10.35798 8.95620
v -0.86164 10.06683 8.99589
v -0.86164 10.06683 8.99589
v -0.80398 10.35798 8.95620
v -0.94401 10.06683 9.05258
v 11.37218 13.78546 19.09499
v 11.29206 14.19902 19.24492
v 11.32505 13.78546 19.18318
v 11.32505 13.78546 19.18318
v 11.29206 14.19902 19.24492
v 11.37218 13.78546 19.09499
v 11.38591 13.78546 19.17238
v 11.25910 14.15633 19.05917
v 11.31131 13.78546 19.10579
v 11.31131 13.78546 19.10579
v 11.25910 14.15633 19.05917
v 11.38591 13.78546 19.17238
v 11.29876 13.78546 19.14296
v 11.46825 14.01276 19.12978
v 11.39846 13.78546 19.13521
v 11.39846 13.78546 19.13521
v 11.46825 14.01276 19.12978
v 11.29876 13.78546 19.14296
v 10.92365 13.89244 20.04428
v 10.86660 14.38569 20.20442
v 10.89009 13.89244 20.13848
v 10.89009 13.89244 20.13848
v 10.86660 14.38569 20.20442
v 10.92365 13.89244 20.04428
v 10.92255 13.89244 20.13886
v 10.86926 14.40753 19.97743
v 10.89120 13.89244 20.04390
v 10.89120 13.89244 20.04390
v 10.86926 14.40753 19.97743
v 10.92255 13.89244 20.13886
v 10.94475 13.89244 20.05873
v 10.81598 14.19420 20.16973
v 10.86900 13.89244 20.12402
v 10.86900 13.89244 20.12402
v 10.81598 14.19420 20.16973
v 10.94475 13.89244 20.05873
v 12.78417 1.02754 -12.38445
v 12.95403 1.52179 -12.39119
v 12.88409 1.02754 -12.38841
v 12.88409 1.02754 -12.38841
v 12.95403 1.52179 -12.39119
v 12.78417 1.02754 -12.38445
v 12.88030 1.02754 -12.36723
v 12.72333 1.63703 -12.43252
v 12.78796 1.02754 -12.40563
v 12.78796 1.02754 -12.40563
v 12.72333 1.63703 -12.43252
v 12.88030 1.02754 -12.36723
v 12.78462 1.02754 -12.39344
v 12.95294 1.47907 -12.36961
v 12.88364 1.02754 -12.37942
v 12.88364 1.02754 -12.37942
v 12.95294 1.47907 -12.36961
v 12.78462 1.02754 -12.39344
v 5.64119 12.25005 16.82580
v 5.80732 12.64594 16.78977
v 5.73891 12.25005 16.80461
v 5.73891 12.25005 16.80461
v 5.80732 12.64594 16.78977
v 5.64119 12.25005 16.82580
v 5.64062 12.25005 16.80768
v 5.80868 12.64972 16.83326
v 5.73948 12.25005 16.82273
v 5.73948 12.25005 16.82273
v 5.80868 12.64972 16.83326
v 5.64062 12.25005 16.80768
v 5.69593 12.25005 16.76555
v 5.67593 12.80339 16.93437
v 5.68417 12.25005 16.86486
v 5.68417 12.25005 16.86486
v 5.67593 12.80339 16.93437
v 5.69593 12.25005 16.76555
v -14.83585 0.65644 -12.81654
v -14.97283 1.16116 -12.71587
v -14.91643 0.65644 -12.75732
v -14.91643 0.65644 -12.75732
v -14.97283 1.16116 -12.71587
v -14.83585 0.65644 -12.81654
v -14.82682 0.65644 -12.77869
v -14.99450 0.92459 -12.80672
v -14.92545 0.65644 -12.79518
v -14.92545 0.65644 -12.79518
v -14.99450 0.92459 -12.80672
v -14.82682 0.65644 -12.77869
v -14.83676 0.65644 -12.75613
v -14.97066 0.91317 -12.86087
v -14.91552 0.65644 -12.81774
v -14.91552 0.65644 -12.81774
v -14.97066 0.91317 -12.86087
v -14.83676 0.65644 -12.75613
v -9.40808 12.84611 11.79935
v -9.52807 13.10204 11.91978
v -9.47866 12.84611 11.87019
v -9.47866 12.84611 11.87019
v -9.52807 13.10204 11.91978
v -9.40808 12.84611 11.79935
v -9.46404 12.84611 11.78925
v -9.39376 13.22261 11.94404
v -9.42270 12.84611 11.88030
v -9.42270 12.84611 11.88030
v -9.39376 13.22261 11.94404
v -9.46404 12.84611 11.78925
v -9.42974 12.84611 11.78667
v -9.47609 13.38273 11.95023
v -9.45700 12.84611 11.88288
v -9.45700 12.84611 11.88288
v -9.47609 13.38273 11.95023
v -9.42974 12.84611 11.78667
v 12.73977 1.02589 -11.72779
v 12.90398 1.59502 -11.77178
v 12.83637 1.02589 -11.75367
v 12.83637 1.02589 -11.75367
v 12.90398 1.59502 -11.77178
v 12.73977 1.02589 -11.72779
v 12.77280 1.02589 -11.78834
v 12.82473 1.48461 -11.62647
v 12.80335 1.02589 -11.69312
v 12.80335 1.02589 -11.69312
v 12.82473 1.48461 -11.62647
v 12.77280 1.02589 -11.78834
v 12.83695 1.02589 -11.73022
v 12.67075 1.67299 -11.76595
v 12.73919 1.02589 -11.75124
v 12.73919 1.02589 -11.75124
v 12.67075 1.67299 -11.76595
v 12.83695 1.02589 -11.73022
v -12.18223 12.56863 7.37404
v -12.30428 12.90521 7.25571
v -12.25402 12.56863 7.30443
v -12.25402 12.56863 7.30443
v -12.30428 12.90521 7.25571
v -12.18223 12.56863 7.37404
v -12.17487 12.56863 7.36432
v -12.32193 12.81598 7.27903
v -12.26138 12.56863 7.31415
v -12.26138 12.56863 7.31415
v -12.32193 12.81598 7.27903
v -12.17487 12.56863 7.36432
v -12.16824 12.56863 7.34263
v -12.33785 13.21334 7.33107
v -12.26801 12.56863 7.33583
v -12.26801 12.56863 7.33583
v -12.33785 13.21334 7.33107
v -12.16824 12.56863 7.34263
v 11.50541 1.12435 -11.52722
v 11.35317 1.75734 -11.45157
v 11.41585 1.12435 -11.48272
v 11.41585 1.12435 -11.48272
v 11.35317 1.75734 -11.45157
v 11.50541 1.12435 -11.52722
v 11.50410 1.12435 -11.52968
v 11.35631 1.40702 -11.44566
v 11.41717 1.12435 -11.48026
v 11.41717 1.12435 -11.48026
v 11.35631 1.40702 -11.44566
v 11.50410 1.12435 -11.52968
v 11.41879 1.12435 -11.53235
v 11.56105 1.61954 -11.43927
v 11.50247 1.12435 -11.47759
v 11.50247 1.12435 -11.47759
v 11.56105 1.61954 -11.43927
v 11.41879 1.12435 -11.53235
v -3.10487 11.38456 10.36799
v -2.94699 11.79649 10.30494
v -3.01200 11.38456 10.33090
v -3.01200 11.38456 10.33090
v -2.94699 11.79649 10.30494
v -3.10487 11.38456 10.36799
v -3.04289 11.38456 10.30193
v -3.09574 11.98689 10.46350
v -3.07398 11.38456 10.39697
v -3.07398 11.38456 10.39697
v -3.09574 11.98689 10.46350
v -3.04289 11.38456 10.30193
v -3.02610 11.38456 10.31131
v -3.13603 11.78885 10.44099
v -3.09076 11.38456 10.38759
v -3.09076 11.38456 10.38759
v -3.13603 11.78885 10.44099
v -3.02610 11.38456 10.31131
v 19.45468 0.26444 -12.14032
v 19.28770 0.61688 -12.17225
v 19.35646 0.26444 -12.15910
v 19.35646 0.26444 -12.15910
v 19.28770 0.61688 -12.17225
v 19.45468 0.26444 -12.14032
v 19.40770 0.26444 -12.19967
v 19.40045 0.82333 -12.02982
v 19.40344 0.26444 -12.09976
v 19.40344 0.26444 -12.09976
v 19.40045 0.82333 -12.02982
v 19.40770 0.26444 -12.19967
v 19.43108 0.26444 -12.10671
v 19.34435 0.65816 -12.25292
v 19.38006 0.26444 -12.19272
v 19.38006 0.26444 -12.19272
v 19.34435 0.65816 -12.25292
v 19.43108 0.26444 -12.10671
v -20.64337 0.67770 -14.76194
v -20.56600 0.94680 -14.61056
v -20.59786 0.67770 -14.67289
v -20.59786 0.67770 -14.67289
v -20.56600 0.94680 -14.61056
v -20.64337 0.67770 -14.76194
v -20.66157 0.67770 -14.74610
v -20.52233 1.09814 -14.64857
v -20.57966 0.67770 -14.68873
v -20.57966 0.67770 -14.68873
v -20.52233 1.09814 -14.64857
v -20.66157 0.67770 -14.74610
v -20.66828 0.67770 -14.73251
v -20.50621 1.27548 -14.68118
v -20.57295 0.67770 -14.70232
v -20.57295 0.67770 -14.70232
v -20.50621 1.27548 -14.68118
v -20.66828 0.67770 -14.73251
v 16.45471 16.36028 20.28254
v 16.55105 16.98893 20.14248
v 16.51138 16.36028 20.20015
v 16.51138 16.36028 20.20015
v 16.55105 16.98893 20.14248
v 16.45471 16.36028 20.28254
v 16.49487 16.36028 20.28993
v 16.45465 16.92660 20.12475
v 16.47121 16.36028 20.19277
v 16.47121 16.36028 20.19277
v 16.45465 16.92660 20.12475
v 16.49487 16.36028 20.28993
v 16.46067 16.36028 20.19663
v 16.53674 16.99566 20.34866
v 16.50542 16.36028 20.28606
v 16.50542 16.36028 20.28606
v 16.53674 16.99566 20.34866
v 16.46067 16.36028 20.19663
v 12.92723 14.35343 18.62658
v 13.05296 14.64836 18.51216
v 13.00119 14.35343 18.55928
v 13.00119 14.35343 18.55928
v 13.05296 14.64836 18.51216
v 12.92723 14.35343 18.62658
v 12.91431 14.35343 18.59610
v 13.08397 14.70306 18.58530
v 13.01411 14.35343 18.58975
v 13.01411 14.35343 18.58975
v 13.08397 14.70306 18.58530
v 12.91431 14.35343 18.59610
v 12.94220 14.35343 18.63782
v 13.01704 14.69177 18.48518
v 12.98622 14.35343 18.54803
v 12.98622 14.35343 18.54803
v 13.01704 14.69177 18.48518
v 12.94220 14.35343 18.63782
v -0.36995 10.90283 21.93447
v -0.50947 11.29967 22.03160
v -0.45202 10.90283 21.99160
v -0.45202 10.90283 21.99160
v -0.50947 11.29967 22.03160
v -0.36995 10.90283 21.93447
v -0.44559 10.90283 21.99913
v -0.32794 11.47005 21.87641
v -0.37638 10.90283 21.92694
v -0.37638 10.90283 21.92694
v -0.32794 11.47005 21.87641
v -0.44559 10.90283 21.99913
v -0.46084 10.90283 21.96681
v -0.29133 11.39449 21.95399
v -0.36113 10.90283 21.95927
v -0.36113 10.90283 21.95927
v -0.29133 11.39449 21.95399
v -0.46084 10.90283 21.96681
v 14.67157 0.70237 -10.45255
v 14.73425 1.17009 -10.29453
v 14.70844 0.70237 -10.35960
v 14.70844 0.70237 -10.35960
v 14.73425 1.17009 -10.29453
v 14.67157 0.70237 -10.45255
v 14.71362 0.70237 -10.45015
v 14.63333 1.08844 -10.30030
v 14.66639 0.70237 -10.36200
v 14.66639 0.70237 -10.36200
v 14.63333 1.08844 -10.30030
v 14.71362 0.70237 -10.45015
v 14.73872 0.70237 -10.39480
v 14.57310 1.29481 -10.43314
v 14.64129 0.70237 -10.41735
v 14.64129 0.70237 -10.41735
v 14.57310 1.29481 -10.43314
v 14.73872 0.70237 -10.39480
v 14.02951 0.91577 2.34634
v 13.96833 1.33822 2.50495
v 13.99352 0.91577 2.43964
v 13.99352 0.91577 2.43964
v 13.96833 1.33822 2.50495
v 14.02951 0.91577 2.34634
v 14.04957 0.91577 2.42542
v 13.92018 1.49870 2.31516
v 13.97346 0.91577 2.36056
v 13.97346 0.91577 2.36056
v 13.92018 1.49870 2.31516
v 14.04957 0.91577 2.42542
v 14.00680 0.91577 2.34321
v 14.02283 1.49550 2.51246
v 14.01623 0.91577 2.44277
v 14.01623 0.91577 2.44277
v 14.02283 1.49550 2.51246
v 14.00680 0.91577 2.34321
v 20.33356 13.78083 13.28136
v 20.48804 14.08404 13.21040
v 20.42443 13.78083 13.23962
v 20.42443 13.78083 13.23962
v 20.48804 14.08404 13.21040
v 20.33356 13.78083 13.28136
v 20.40280 13.78083 13.21652
v 20.32184 14.21516 13.36600
v 20.35518 13.78083 13.30445
v 20.35518 13.78083 13.30445
v 20.32184 14.21516 13.36600
v 20.40280 13.78083 13.21652
v 20.35574 13.78083 13.21622
v 20.43478 14.23244 13.36673
v 20.40224 13.78083 13.30475
v 20.40224 13.78083 13.30475
v 20.43478 14.23244 13.36673
v 20.35574 13.78083 13.21622
v -12.94163 1.43723 -1.86471
v -12.94501 1.72439 -1.69475
v -12.94362 1.43723 -1.76473
v -12.94362 1.43723 -1.76473
v -12.94501 1.72439 -1.69475
v -12.94163 1.43723 -1.86471
v -12.89278 1.43723 -1.81861
v -13.06226 2.07570 -1.80538
v -12.99247 1.43723 -1.81083
v -12.99247 1.43723 -1.81083
v -13.06226 2.07570 -1.80538
v -12.89278 1.43723 -1.81861
v -12.89397 1.43723 -1.80320
v -13.05940 1.94055 -1.84237
v -12.99128 1.43723 -1.82624
v -12.99128 1.43723 -1.82624
v -13.05940 1.94055 -1.84237
v -12.89397 1.43723 -1.80320
v 2.97499 10.41138 7.56252
v 2.80523 10.71969 7.57154
v 2.87513 10.41138 7.56783
v 2.87513 10.41138 7.56783
v 2.80523 10.71969 7.57154
v 2.97499 10.41138 7.56252
v 2.91190 10.41138 7.61341
v 2.95664 10.87521 7.44940
v 2.93822 10.41138 7.51693
v 2.93822 10.41138 7.51693
v 2.95664 10.87521 7.44940
v 2.91190 10.41138 7.61341
v 2.94871 10.41138 7.60922
v 2.86829 10.94112 7.45945
v 2.90140 10.41138 7.52112
v 2.90140 10.41138 7.52112
v 2.86829 10.94112 7.45945
v 2.94871 10.41138 7.60922
v -17.03004 1.55402 1.50392
v -17.17372 1.79959 1.41305
v -17.11456 1.55402 1.45047
v -17.11456 1.55402 1.45047
v -17.17372 1.79959 1.41305
v -17.03004 1.55402 1.50392
v -17.10381 1.55402 1.43837
v -16.99668 2.01921 1.57037
v -17.04079 1.55402 1.51601
v -17.04079 1.55402 1.51601
v -16.99668 2.01921 1.57037
v -17.10381 1.55402 1.43837
v -17.11968 1.55402 1.49316
v -16.95859 1.91018 1.43886
v -17.02492 1.55402 1.46122
v -17.02492 1.55402 1.46122
v -16.95859 1.91018 1.43886
v -17.11968 1.55402 1.49316
v -20.68496 14.81043 8.62651
v -20.78674 15.36082 8.76267
v -20.74483 14.81043 8.70660
v -20.74483 14.81043 8.70660
v -20.78674 15.36082 8.76267
v -20.68496 14.81043 8.62651
v -20.68374 14.81043 8.70566
v -20.78966 15.10498 8.57270
v -20.74605 14.81043 8.62745
v -20.74605 14.81043 8.62745
v -20.78966 15.10498 8.57270
v -20.68374 14.81043 8.70566
v -20.75638 14.81043 8.69446
v -20.61532 15.12773 8.59958
v -20.67340 14.81043 8.63865
v -20.67340 14.81043 8.63865
v -20.61532 15.12773 8.59958
v -20.75638 14.81043 8.69446
v 5.34573 11.05444 10.23761
v 5.48605 11.31557 10.33358
v 5.42827 11.05444 10.29406
v 5.42827 11.05444 10.29406
v 5.48605 11.31557 10.33358
v 5.34573 11.05444 10.23761
v 5.39692 11.05444 10.31484
v 5.36318 11.58440 10.14822
v 5.37707 11.05444 10.21683
v 5.37707 11.05444 10.21683
v 5.36318 11.58440 10.14822
v 5.39692 11.05444 10.31484
v 5.33701 11.05444 10.26467
v 5.50697 11.46073 10.26863
v 5.43698 11.05444 10.26700
v 5.43698 11.05444 10.26700
v 5.50697 11.46073 10.26863
v 5.33701 11.05444 10.26467
v -14.22225 0.56764 -15.85478
v -14.33500 0.81456 -15.72755
v -14.28857 0.56764 -15.77994
v -14.28857 0.56764 -15.77994
v -14.33500 0.81456 -15.72755
v -14.22225 0.56764 -15.85478
v -14.22336 0.56764 -15.85574
v -14.33232 0.99317 -15.72524
v -14.28745 0.56764 -15.77898
v -14.28745 0.56764 -15.77898
v -14.33232 0.99317 -15.72524
v -14.22336 0.56764 -15.85574
v -14.20552 0.56764 -15.81410
v -14.37515 1.16479 -15.82519
v -14.30530 0.56764 -15.82062
v -14.30530 0.56764 -15.82062
v -14.37515 1.16479 -15.82519
v -14.20552 0.56764 -15.81410
v 18.70079 0.63059 -6.59118
v 18.66222 1.16562 -6.75675
v 18.67810 0.63059 -6.68858
v 18.67810 0.63059 -6.68858
v 18.66222 1.16562 -6.75675
v 18.70079 0.63059 -6.59118
v 18.71056 0.63059 -6.68520
v 18.63877 0.89183 -6.53110
v 18.66833 0.63059 -6.59456
v 18.66833 0.63059 -6.59456
v 18.63877 0.89183 -6.53110
v 18.71056 0.63059 -6.68520
v 18.64253 0.63059 -6.62259
v 18.80204 0.94934 -6.68138
v 18.73636 0.63059 -6.65717
v 18.73636 0.63059 -6.65717
v 18.80204 0.94934 -6.68138
v 18.64253 0.63059 -6.62259
v 10.13311 0.97725 -10.62149
v 10.12468 1.62546 -10.45170
v 10.12815 0.97725 -10.52162
v 10.12815 0.97725 -10.52162
v 10.12468 1.62546 -10.45170
v 10.13311 0.97725 -10.62149
v 10.16648 0.97725 -10.60640
v 10.04458 1.26469 -10.48792
v 10.09477 0.97725 -10.53671
v 10.09477 0.97725 -10.53671
v 10.04458 1.26469 -10.48792
v 10.16648 0.97725 -10.60640
v 10.15656 0.97725 -10.61430
v 10.06839 1.50415 -10.46896
v 10.10470 0.97725 -10.52881
v 10.10470 0.97725 -10.52881
v 10.06839 1.50415 -10.46896
v 10.15656 0.97725 -10.61430
v 17.30332 11.53138 5.57072
v 17.23842 11.78197 5.72784
v 17.26515 11.53138 5.66315
v 17.26515 11.53138 5.66315
v 17.23842 11.78197 5.72784
v 17.30332 11.53138 5.57072
v 17.23484 11.53138 5.62466
v 17.40279 11.88497 5.59838
v 17.33363 11.53138 5.60920
v 17.33363 11.53138 5.60920
v 17.40279 11.88497 5.59838
v 17.23484 11.53138 5.62466
v 17.32432 11.53138 5.64682
v 17.18802 12.08078 5.54522
v 17.24415 11.53138 5.58705
v 17.24415 11.53138 5.58705
v 17.18802 12.08078 5.54522
v 17.32432 11.53138 5.64682
v 6.72730 13.02213 19.40069
v 6.77677 13.33013 19.56334
v 6.75640 13.02213 19.49637
v 6.75640 13.02213 19.49637
v 6.77677 13.33013 19.56334
v 6.72730 13.02213 19.40069
v 6.73978 13.02213 19.39857
v 6.74681 13.52691 19.56843
v 6.74391 13.02213 19.49849
v 6.74391 13.02213 19.49849
v 6.74681 13.52691 19.56843
v 6.73978 13.02213 19.39857
v 6.69656 13.02213 19.42733
v 6.85053 13.58120 19.49940
v 6.78713 13.02213 19.46973
v 6.78713 13.02213 19.46973
v 6.85053 13.58120 19.49940
v 6.69656 13.02213 19.42733
v 16.38046 11.56279 6.23356
v 16.36068 11.81059 6.06472
v 16.36883 11.56279 6.13424
v 16.36883 11.56279 6.13424
v 16.36068 11.81059 6.06472
v 16.38046 11.56279 6.23356
v 16.42287 11.56279 6.17072
v 16.25889 12.03091 6.21554
v 16.32641 11.56279 6.19709
v 16.32641 11.56279 6.19709
v 16.25889 12.03091 6.21554
v 16.42287 11.56279 6.17072
v 16.40238 11.56279 6.14230
v 16.30808 11.88086 6.28375
v 16.34691 11.56279 6.22550
v 16.34691 11.56279 6.22550
v 16.30808 11.88086 6.28375
v 16.40238 11.56279 6.14230
v -4.90037 12.22113 17.62906
v -4.88434 12.48431 17.79830
v -4.89094 12.22113 17.72861
v -4.89094 12.22113 17.72861
v -4.88434 12.48431 17.79830
v -4.90037 12.22113 17.62906
v -4.90929 12.22113 17.72694
v -4.86295 12.66328 17.56338
v -4.88203 12.22113 17.63073
v -4.88203 12.22113 17.63073
v -4.86295 12.66328 17.56338
v -4.90929 12.22113 17.72694
v -4.90719 12.22113 17.72749
v -4.86798 12.68902 17.56207
v -4.88413 12.22113 17.63019
v -4.88413 12.22113 17.63019
v -4.86798 12.68902 17.56207
v -4.90719 12.22113 17.72749
v 5.57085 12.41471 17.72243
v 5.53099 12.71238 17.88770
v 5.54741 12.41471 17.81965
v 5.54741 12.41471 17.81965
v 5.53099 12.71238 17.88770
v 5.57085 12.41471 17.72243
v 5.51152 12.41471 17.78631
v 5.67340 12.94038 17.73441
v 5.60674 12.41471 17.75578
v 5.60674 12.41471 17.75578
v 5.67340 12.94038 17.73441
v 5.51152 12.41471 17.78631
v 5.58219 12.41471 17.81541
v 5.50378 12.75621 17.66457
v 5.53607 12.41471 17.72668
v 5.53607 12.41471 17.72668
v 5.50378 12.75621 17.66457
v 5.58219 12.41471 17.81541
v -13.87981 0.53189 -8.21410
v -13.95143 1.03672 -8.05993
v -13.92194 0.53189 -8.12341
v -13.92194 0.53189 -8.12341
v -13.95143 1.03672 -8.05993
v -13.87981 0.53189 -8.21410
v -13.94753 0.53189 -8.15076
v -13.78891 0.92276 -8.21193
v -13.85422 0.53189 -8.18675
v -13.85422 0.53189 -8.18675
v -13.78891 0.92276 -8.21193
v -13.94753 0.53189 -8.15076
v -13.86560 0.53189 -8.20419
v -13.98553 0.90138 -8.08370
v -13.93615 0.53189 -8.13332
v -13.93615 0.53189 -8.13332
v -13.98553 0.90138 -8.08370
v -13.86560 0.53189 -8.20419
v 13.06908 0.66603 0.42429
v 12.90632 1.13401 0.47337
v 12.97333 0.66603 0.45316
v 12.97333 0.66603 0.45316
v 12.90632 1.13401 0.47337
v 13.06908 0.66603 0.42429
v 12.97848 0.66603 0.46469
v 13.12375 1.23152 0.37640
v 13.06393 0.66603 0.41275
v 13.06393 0.66603 0.41275
v 13.12375 1.23152 0.37640
v 12.97848 0.66603 0.46469
v 13.06937 0.66603 0.45213
v 12.90560 1.08053 0.40654
v 12.97304 0.66603 0.42531
v 12.97304 0.66603 0.42531
v 12.90560 1.08053 0.40654
v 13.06937 0.66603 0.45213
v -20.62361 0.86603 -3.75064
v -20.65662 1.27513 -3.58388
v -20.64303 0.86603 -3.65255
v -20.64303 0.86603 -3.65255
v -20.65662 1.27513 -3.58388
v -20.62361 0.86603 -3.75064
v -20.58710 0.86603 -3.72067
v -20.74424 1.50543 -3.65582
v -20.67954 0.86603 -3.68252
v -20.67954 0.86603 -3.68252
v -20.74424 1.50543 -3.65582
v -20.58710 0.86603 -3.72067
v -20.66412 0.86603 -3.66221
v -20.55940 1.33067 -3.79612
v -20.60252 0.86603 -3.74098
v -20.60252 0.86603 -3.74098
v -20.55940 1.33067 -3.79612
v -20.66412 0.86603 -3.66221
v 10.63928 1.00432 -7.75582
v 10.47500 1.40301 -7.79953
v 10.54264 1.00432 -7.78153
v 10.54264 1.00432 -7.78153
v 10.47500 1.40301 -7.79953
v 10.63928 1.00432 -7.75582
v 10.63510 1.00432 -7.79217
v 10.48503 1.33717 -7.71229
v 10.54682 1.00432 -7.74518
v 10.54682 1.00432 -7.74518
v 10.48503 1.33717 -7.71229
v 10.63510 1.00432 -7.79217
v 10.64088 1.00432 -7.77142
v 10.47114 1.40838 -7.76210
v 10.54104 1.00432 -7.76594
v 10.54104 1.00432 -7.76594
v 10.47114 1.40838 -7.76210
v 10.64088 1.00432 -7.77142
v 13.52396 0.88831 -14.26245
v 13.69349 1.35125 -14.24986
v 13.62369 0.88831 -14.25504
v 13.62369 0.88831 -14.25504
v 13.69349 1.35125 -14.24986
v 13.52396 0.88831 -14.26245
v 13.52388 0.88831 -14.25629
v 13.69368 1.36644 -14.26465
v 13.62376 0.88831 -14.26120
v 13.62376 0.88831 -14.26120
v 13.69368 1.36644 -14.26465
v 13.52388 0.88831 -14.25629
v 13.52403 0.88831 -14.25419
v 13.69333 1.30432 -14.26967
v 13.62362 0.88831 -14.26329
v 13.62362 0.88831 -14.26329
v 13.69333 1.30432 -14.26967
v 13.52403 0.88831 -14.25419
v 21.50669 13.60228 12.14676
v 21.53765 13.91851 12.31392
v 21.52490 13.60228 12.24509
v 21.52490 13.60228 12.24509
v 21.53765 13.91851 12.31392
v 21.50669 13.60228 12.14676
v 21.46953 13.60228 12.21489
v 21.62682 13.95281 12.15040
v 21.56206 13.60228 12.17696
v 21.56206 13.60228 12.17696
v 21.62682 13.95281 12.15040
v 21.46953 13.60228 12.21489
v 21.54043 13.60228 12.15241
v 21.45667 14.07605 12.30035
v 21.49116 13.60228 12.23943
v 21.49116 13.60228 12.23943
v 21.45667 14.07605 12.30035
v 21.54043 13.60228 12.15241
v 17.72923 0.40264 -8.18157
v 17.88375 0.66696 -8.25246
v 17.82012 0.40264 -8.22327
v 17.82012 0.40264 -8.22327
v 17.88375 0.66696 -8.25246
v 17.72923 0.40264 -8.18157
v 17.77537 0.40264 -8.15243
v 17.77301 0.71680 -8.32241
v 17.77398 0.40264 -8.25242
v 17.77398 0.40264 -8.25242
v 17.77301 0.71680 -8.32241
v 17.77537 0.40264 -8.15243
v 17.72577 0.40264 -8.21285
v 17.89204 0.94086 -8.17740
v 17.82358 0.40264 -8.19200
v 17.82358 0.40264 -8.19200
v 17.89204 0.94086 -8.17740
v 17.72577 0.40264 -8.21285
v 11.43449 13.60994 18.42688
v 11.28359 14.10858 18.34860
v 11.34572 13.60994 18.38083
v 11.34572 13.60994 18.38083
v 11.28359 14.10858 18.34860
v 11.43449 13.60994 18.42688
v 11.36085 13.60994 18.44441
v 11.46031 13.94847 18.30654
v 11.41936 13.60994 18.36331
v 11.41936 13.60994 18.36331
v 11.46031 13.94847 18.30654
v 11.36085 13.60994 18.44441
v 11.34026 13.60994 18.40784
v 11.50972 13.95156 18.39431
v 11.43995 13.60994 18.39988
v 11.43995 13.60994 18.39988
v 11.50972 13.95156 18.39431
v 11.34026 13.60994 18.40784
v -21.38258 0.98303 -2.81770
v -21.48805 1.35432 -2.95103
v -21.44462 0.98303 -2.89613
v -21.44462 0.98303 -2.89613
v -21.48805 1.35432 -2.95103
v -21.38258 0.98303 -2.81770
v -21.46344 0.98303 -2.86087
v -21.29398 1.47522 -2.84743
v -21.36376 0.98303 -2.85296
v -21.36376 0.98303 -2.85296
v -21.29398 1.47522 -2.84743
v -21.46344 0.98303 -2.86087
v -21.41394 0.98303 -2.90691
v -21.41279 1.39167 -2.73692
v -21.41326 0.98303 -2.80691
v -21.41326 0.98303 -2.80691
v -21.41279 1.39167 -2.73692
v -21.41394 0.98303 -2.90691
v 9.81633 11.79986 9.39727
v 9.90585 12.26104 9.54178
v 9.86899 11.79986 9.48228
v 9.86899 11.79986 9.48228
v 9.90585 12.26104 9.54178
v 9.81633 11.79986 9.39727
v 9.84526 11.79986 9.48970
v 9.83641 12.04669 9.31993
v 9.84006 11.79986 9.38984
v 9.84006 11.79986 9.38984
v 9.83641 12.04669 9.31993
v 9.84526 11.79986 9.48970
v 9.83478 11.79986 9.39040
v 9.86157 12.42824 9.55827
v 9.85054 11.79986 9.48915
v 9.85054 11.79986 9.48915
v 9.86157 12.42824 9.55827
v 9.83478 11.79986 9.39040
v -15.33845 15.01084 11.63484
v -15.17076 15.27347 11.66276
v -15.23981 15.01084 11.65126
v -15.23981 15.01084 11.65126
v -15.17076 15.27347 11.66276
v -15.33845 15.01084 11.63484
v -15.33669 15.01084 11.65850
v -15.17500 15.45797 11.60599
v -15.24158 15.01084 11.62761
v -15.24158 15.01084 11.62761
v -15.17500 15.45797 11.60599
v -15.33669 15.01084 11.65850
v -15.25749 15.01084 11.68176
v -15.36508 15.27191 11.55014
v -15.32078 15.01084 11.60434
v -15.32078 15.01084 11.60434
v -15.36508 15.27191 11.55014
v -15.25749 15.01084 11.68176
v -7.31820 13.43875 20.07211
v -7.48594 13.94788 20.04449
v -7.41687 13.43875 20.05586
v -7.41687 13.43875 20.05586
v -7.48594 13.94788 20.04449
v -7.31820 13.43875 20.07211
v -7.35700 13.43875 20.11287
v -7.39283 13.81826 19.94669
v -7.37808 13.43875 20.01511
v -7.37808 13.43875 20.01511
v -7.39283 13.81826 19.94669
v -7.35700 13.43875 20.11287
v -7.36911 13.43875 20.11396
v -7.36376 14.01739 19.94405
v -7.36596 13.43875 20.01401
v -7.36596 13.43875 20.01401
v -7.36376 14.01739 19.94405
v -7.36911 13.43875 20.11396
v -11.26807 0.82748 -6.09677
v -11.10019 1.05449 -6.07001
v -11.16932 0.82748 -6.08103
v -11.16932 0.82748 -6.08103
v -11.10019 1.05449 -6.07001
v -11.26807 0.82748 -6.09677
v -11.23793 0.82748 -6.04274
v -11.17254 1.18228 -6.19966
v -11.19947 0.82748 -6.13505
v -11.19947 0.82748 -6.13505
v -11.17254 1.18228 -6.19966
v -11.23793 0.82748 -6.04274
v -11.21349 0.82748 -6.03917
v -11.23120 1.13259 -6.20824
v -11.22391 0.82748 -6.13862
v -11.22391 0.82748 -6.13862
v -11.23120 1.13259 -6.20824
v -11.21349 0.82748 -6.03917
v 2.08652 10.26067 13.55133
v 2.20625 10.57078 13.43065
v 2.15695 10.26067 13.48034
v 2.15695 10.26067 13.48034
v 2.20625 10.57078 13.43065
v 2.08652 10.26067 13.55133
v 2.07187 10.26067 13.51216
v 2.24141 10.90020 13.52465
v 2.17160 10.26067 13.51951
v 2.17160 10.26067 13.51951
v 2.24141 10.90020 13.52465
v 2.07187 10.26067 13.51216
v 2.17096 10.26067 13.50705
v 2.00360 10.54173 13.53691
v 2.07251 10.26067 13.52462
v 2.07251 10.26067 13.52462
v 2.00360 10.54173 13.53691
v 2.17096 10.26067 13.50705
v 11.18810 12.77580 12.51470
v 11.11886 13.07678 12.35943
v 11.14737 12.77580 12.42337
v 11.14737 12.77580 12.42337
v 11.11886 13.07678 12.35943
v 11.18810 12.77580 12.51470
v 11.16397 12.77580 12.51889
v 11.17676 13.01293 12.34937
v 11.17150 12.77580 12.41917
v 11.17150 12.77580 12.41917
v 11.17676 13.01293 12.34937
v 11.16397 12.77580 12.51889
v 11.11853 12.77580 12.47790
v 11.28583 13.07110 12.44774
v 11.21694 12.77580 12.46016
v 11.21694 12.77580 12.46016
v 11.28583 13.07110 12.44774
v 11.11853 12.77580 12.47790
v 22.36096 17.65283 19.82417
v 22.39398 17.87453 19.99093
v 22.38039 17.65283 19.92226
v 22.38039 17.65283 19.92226
v 22.39398 17.87453 19.99093
v 22.36096 17.65283 19.82417
v 22.32098 17.65283 19.87874
v 22.48994 18.13689 19.85995
v 22.42037 17.65283 19.86769
v 22.42037 17.65283 19.86769
v 22.48994 18.13689 19.85995
v 22.32098 17.65283 19.87874
v 22.35431 17.65283 19.82597
v 22.40994 18.01123 19.98661
v 22.38704 17.65283 19.92046
v 22.38704 17.65283 19.92046
v 22.40994 18.01123 19.98661
v 22.35431 17.65283 19.82597
v -15.78974 0.89600 -3.72691
v -15.62298 1.45219 -3.69388
v -15.69164 0.89600 -3.70748
v -15.69164 0.89600 -3.70748
v -15.62298 1.45219 -3.69388
v -15.78974 0.89600 -3.72691
v -15.76461 0.89600 -3.76110
v -15.68329 1.39276 -3.61181
v -15.71677 0.89600 -3.67328
v -15.71677 0.89600 -3.67328
v -15.68329 1.39276 -3.61181
v -15.76461 0.89600 -3.76110
v -15.77728 0.89600 -3.68312
v -15.65286 1.26912 -3.79896
v -15.70409 0.89600 -3.75126
v -15.70409 0.89600 -3.75126
v -15.65286 1.26912 -3.79896
v -15.77728 0.89600 -3.68312
v -11.17666 1.66746 1.46349
v -11.22723 1.94318 1.62579
v -11.20641 1.66746 1.55896
v -11.20641 1.66746 1.55896
v -11.22723 1.94318 1.62579
v -11.17666 1.66746 1.46349
v -11.23712 1.66746 1.49068
v -11.08213 2.23279 1.56052
v -11.14595 1.66746 1.53176
v -11.14595 1.66746 1.53176
v -11.08213 2.23279 1.56052
v -11.23712 1.66746 1.49068
v -11.23735 1.66746 1.49120
v -11.08157 1.89637 1.55927
v -11.14572 1.66746 1.53124
v -11.14572 1.66746 1.53124
v -11.08157 1.89637 1.55927
v -11.23735 1.66746 1.49120
v -15.56475 14.37157 10.11398
v -15.58525 14.96829 9.94522
v -15.57681 14.37157 10.01471
v -15.57681 14.37157 10.01471
v -15.58525 14.96829 9.94522
v -15.56475 14.37157 10.11398
v -15.60610 14.37157 10.02895
v -15.48603 14.85984 10.14930
v -15.53547 14.37157 10.09974
v -15.53547 14.37157 10.09974
v -15.48603 14.85984 10.14930
v -15.60610 14.37157 10.02895
v -15.57919 14.37157 10.01506
v -15.55060 14.97979 10.18264
v -15.56237 14.37157 10.11363
v -15.56237 14.37157 10.11363
v -15.55060 14.97979 10.18264
v -15.57919 14.37157 10.01506
v 18.60837 1.40641 1.87384
v 18.76295 1.97065 1.94459
v 18.69930 1.40641 1.91546
v 18.69930 1.40641 1.91546
v 18.76295 1.97065 1.94459
v 18.60837 1.40641 1.87384
v 18.67240 1.40641 1.94108
v 18.60928 2.02518 1.78323
v 18.63527 1.40641 1.84822
v 18.63527 1.40641 1.84822
v 18.60928 2.02518 1.78323
v 18.67240 1.40641 1.94108
v 18.60794 1.40641 1.91450
v 18.76398 1.67108 1.84702
v 18.69973 1.40641 1.87480
v 18.69973 1.40641 1.87480
v 18.76398 1.67108 1.84702
v 18.60794 1.40641 1.91450
v 5.76140 10.92373 8.13647
v 5.61727 11.28148 8.04632
v 5.67662 10.92373 8.08344
v 5.67662 10.92373 8.08344
v 5.61727 11.28148 8.04632
v 5.76140 10.92373 8.13647
v 5.76823 10.92373 8.10118
v 5.60087 11.19450 8.13104
v 5.66979 10.92373 8.11874
v 5.66979 10.92373 8.11874
v 5.60087 11.19450 8.13104
v 5.76823 10.92373 8.10118
v 5.74832 10.92373 8.06945
v 5.64867 11.51369 8.20719
v 5.68970 10.92373 8.15047
v 5.68970 10.92373 8.15047
v 5.64867 11.51369 8.20719
v 5.74832 10.92373 8.06945
v -19.41073 0.87525 -14.35856
v -19.39897 1.30882 -14.52815
v -19.40381 0.87525 -14.45832
v -19.40381 0.87525 -14.45832
v -19.39897 1.30882 -14.52815
v -19.41073 0.87525 -14.35856
v -19.42383 0.87525 -14.45562
v -19.36754 1.35761 -14.29521
v -19.39072 0.87525 -14.36126
v -19.39072 0.87525 -14.36126
v -19.36754 1.35761 -14.29521
v -19.42383 0.87525 -14.45562
v -19.38874 0.87525 -14.36200
v -19.45176 1.39155 -14.51989
v -19.42581 0.87525 -14.45488
v -19.42581 0.87525 -14.45488
v -19.45176 1.39155 -14.51989
v -19.38874 0.87525 -14.36200
v -15.89558 0.65870 -17.13521
v -15.72608 0.93114 -17.12224
v -15.79588 0.65870 -17.12758
v -15.79588 0.65870 -17.12758
v -15.72608 0.93114 -17.12224
v -15.89558 0.65870 -17.13521
v -15.79944 0.65870 -17.15031
v -15.95682 1.19524 -17.08601
v -15.89202 0.65870 -17.11249
v -15.89202 0.65870 -17.11249
v -15.95682 1.19524 -17.08601
v -15.79944 0.65870 -17.15031
v -15.86990 0.65870 -17.08762
v -15.78773 1.22575 -17.23645
v -15.82157 0.65870 -17.17517
v -15.82157 0.65870 -17.17517
v -15.78773 1.22575 -17.23645
v -15.86990 0.65870 -17.08762
v 15.24589 11.55004 4.92483
v 15.41500 12.18093 4.90746
v 15.34537 11.55004 4.91461
v 15.34537 11.55004 4.91461
v 15.41500 12.18093 4.90746
v 15.24589 11.55004 4.92483
v 15.34560 11.55004 4.91795
v 15.17570 12.15129 4.92398
v 15.24566 11.55004 4.92150
v 15.24566 11.55004 4.92150
v 15.17570 12.15129 4.92398
v 15.34560 11.55004 4.91795
v 15.25026 11.55004 4.94074
v 15.40452 11.87545 4.86929
v 15.34100 11.55004 4.89871
v 15.34100 11.55004 4.89871
v 15.40452 11.87545 4.86929
v 15.25026 11.55004 4.94074
v 9.01867 11.57063 7.67699
v 8.96876 11.92600 7.83950
v 8.98931 11.57063 7.77258
v 8.98931 11.57063 7.77258
v 8.96876 11.92600 7.83950
v 9.01867 11.57063 7.67699
v 9.05352 11.57063 7.71796
v 8.88512 11.79132 7.74119
v 8.95446 11.57063 7.73162
v 8.95446 11.57063 7.73162
v 8.88512 11.79132 7.74119
v 9.05352 11.57063 7.71796
v 8.99525 11.57063 7.77402
v 9.02498 11.90217 7.60664
v 9.01274 11.57063 7.67556
v 9.01274 11.57063 7.67556
v 9.02498 11.90217 7.60664
v 8.99525 11.57063 7.77402
v -13.52744 1.52571 -1.13985
v -13.62057 1.84666 -1.28207
v -13.58222 1.52571 -1.22351
v -13.58222 1.52571 -1.22351
v -13.62057 1.84666 -1.28207
v -13.52744 1.52571 -1.13985
v -13.54594 1.52571 -1.13247
v -13.57616 1.98301 -1.29977
v -13.56372 1.52571 -1.23088
v -13.56372 1.52571 -1.23088
v -13.57616 1.98301 -1.29977
v -13.54594 1.52571 -1.13247
v -13.50860 1.52571 -1.16262
v -13.66578 2.00992 -1.22740
v -13.60106 1.52571 -1.20073
v -13.60106 1.52571 -1.20073
v -13.66578 2.00992 -1.22740
v -13.50860 1.52571 -1.16262
v -2.36199 10.91725 15.74240
v -2.44810 11.38642 15.88898
v -2.41265 10.91725 15.82862
v -2.41265 10.91725 15.82862
v -2.44810 11.38642 15.88898
v -2.36199 10.91725 15.74240
v -2.34927 10.91725 15.81795
v -2.47863 11.32809 15.70765
v -2.42537 10.91725 15.75307
v -2.42537 10.91725 15.75307
v -2.47863 11.32809 15.70765
v -2.34927 10.91725 15.81795
v -2.36433 10.91725 15.82991
v -2.44250 11.34922 15.67895
v -2.41031 10.91725 15.74111
v -2.41031 10.91725 15.74111
v -2.44250 11.34922 15.67895
v -2.36433 10.91725 15.82991
v -22.60261 19.53637 21.36777
v -22.77144 19.82720 21.34786
v -22.70192 19.53637 21.35606
v -22.70192 19.53637 21.35606
v -22.77144 19.82720 21.34786
v -22.60261 19.53637 21.36777
v -22.64633 19.53637 21.31227
v -22.66651 20.07315 21.48106
v -22.65820 19.53637 21.41156
v -22.65820 19.53637 21.41156
v -22.66651 20.07315 21.48106
v -22.64633 19.53637 21.31227
v -22.68833 19.53637 21.39654
v -22.56571 19.95693 21.27880
v -22.61620 19.53637 21.32728
v -22.61620 19.53637 21.32728
v -22.56571 19.95693 21.27880
v -22.68833 19.53637 21.39654
v 11.40443 1.06190 -9.01896
v 11.54354 1.42248 -8.92124
v 11.48626 1.06190 -8.96148
v 11.48626 1.06190 -8.96148
v 11.54354 1.42248 -8.92124
v 11.40443 1.06190 -9.01896
v 11.47285 1.06190 -8.94846
v 11.37934 1.61437 -9.09044
v 11.41784 1.06190 -9.03198
v 11.41784 1.06190 -9.03198
v 11.37934 1.61437 -9.09044
v 11.47285 1.06190 -8.94846
v 11.46351 1.06190 -8.94364
v 11.40174 1.54377 -9.10202
v 11.42718 1.06190 -9.03680
v 11.42718 1.06190 -9.03680
v 11.40174 1.54377 -9.10202
v 11.46351 1.06190 -8.94364
v -18.82029 18.55540 18.76815
v -18.91229 19.00332 18.62520
v -18.87441 18.55540 18.68407
v -18.87441 18.55540 18.68407
v -18.91229 19.00332 18.62520
v -18.82029 18.55540 18.76815
v -18.87741 18.55540 18.76607
v -18.77521 18.99634 18.63021
v -18.81729 18.55540 18.68615
v -18.81729 18.55540 18.68615
v -18.77521 18.99634 18.63021
v -18.87741 18.55540 18.76607
v -18.89064 18.55540 18.75113
v -18.74346 19.17597 18.66606
v -18.80406 18.55540 18.70109
v -18.80406 18.55540 18.70109
v -18.74346 19.17597 18.66606
v -18.89064 18.55540 18.75113
v -14.00917 1.86810 2.22864
v -13.89470 2.43941 2.35433
v -13.94184 1.86810 2.30257
v -13.94184 1.86810 2.30257
v -13.89470 2.43941 2.35433
v -14.00917 1.86810 2.22864
v -14.00448 1.86810 2.30635
v -13.90596 2.21947 2.16782
v -13.94653 1.86810 2.22486
v -13.94653 1.86810 2.22486
v -13.90596 2.21947 2.16782
v -14.00448 1.86810 2.30635
v -13.92926 1.86810 2.24659
v -14.08649 2.41826 2.31124
v -14.02175 1.86810 2.28462
v -14.02175 1.86810 2.28462
v -14.08649 2.41826 2.31124
v -13.92926 1.86810 2.24659
v -13.81440 0.52738 -9.75809
v -13.89451 0.77124 -9.90803
v -13.86152 0.52738 -9.84629
v -13.86152 0.52738 -9.84629
v -13.89451 0.77124 -9.90803
v -13.81440 0.52738 -9.75809
v -13.80650 0.52738 -9.76333
v -13.91346 0.90315 -9.89546
v -13.86942 0.52738 -9.84106
v -13.86942 0.52738 -9.84106
v -13.91346 0.90315 -9.89546
v -13.80650 0.52738 -9.76333
v -13.78968 0.52738 -9.78919
v -13.95383 0.77437 -9.83339
v -13.88624 0.52738 -9.81519
v -13.88624 0.52738 -9.81519
v -13.95383 0.77437 -9.83339
v -13.78968 0.52738 -9.78919
v 12.19992 0.62405 -4.57817
v 12.08211 1.19427 -4.70073
v 12.13062 0.62405 -4.65026
v 12.13062 0.62405 -4.65026
v 12.08211 1.19427 -4.70073
v 12.19992 0.62405 -4.57817
v 12.19356 0.62405 -4.57299
v 12.09738 1.06670 -4.71316
v 12.13698 0.62405 -4.65544
v 12.13698 0.62405 -4.65544
v 12.09738 1.06670 -4.71316
v 12.19356 0.62405 -4.57299
v 12.15402 0.62405 -4.56550
v 12.19228 1.04992 -4.73114
v 12.17652 0.62405 -4.66293
v 12.17652 0.62405 -4.66293
v 12.19228 1.04992 -4.73114
v 12.15402 0.62405 -4.56550
v 21.84794 11.81951 6.14683
v 22.01665 12.11279 6.16772
v 21.94718 11.81951 6.15911
v 21.94718 11.81951 6.15911
v 22.01665 12.11279 6.16772
v 21.84794 11.81951 6.14683
v 21.84774 11.81951 6.15729
v 22.01711 12.15041 6.14260
v 21.94737 11.81951 6.14865
v 21.94737 11.81951 6.14865
v 22.01711 12.15041 6.14260
v 21.84774 11.81951 6.15729
v 21.86738 11.81951 6.19284
v 21.96997 12.39932 6.05728
v 21.92773 11.81951 6.11310
v 21.92773 11.81951 6.11310
v 21.96997 12.39932 6.05728
v 21.86738 11.81951 6.19284
v -7.04225 13.21022 19.40887
v -6.87502 13.44118 19.37829
v -6.94388 13.21022 19.39088
v -6.94388 13.21022 19.39088
v -6.87502 13.44118 19.37829
v -7.04225 13.21022 19.40887
v -6.94460 13.21022 19.41216
v -7.10939 13.60774 19.37040
v -7.04153 13.21022 19.38759
v -7.04153 13.21022 19.38759
v -7.10939 13.60774 19.37040
v -6.94460 13.21022 19.41216
v -7.04288 13.21022 19.39558
v -6.87351 13.50526 19.41019
v -6.94325 13.21022 19.40417
v -6.94325 13.21022 19.40417
v -6.87351 13.50526 19.41019
v -7.04288 13.21022 19.39558
v -0.24934 10.26763 12.01267
v -0.40278 10.84364 12.08587
v -0.33960 10.26763 12.05573
v -0.33960 10.26763 12.05573
v -0.40278 10.84364 12.08587
v -0.24934 10.26763 12.01267
v -0.32277 10.26763 12.07542
v -0.22655 10.55857 11.93527
v -0.26617 10.26763 11.99298
v -0.26617 10.26763 11.99298
v -0.22655 10.55857 11.93527
v -0.32277 10.26763 12.07542
v -0.25159 10.26763 12.00849
v -0.39739 10.57771 12.09590
v -0.33735 10.26763 12.05991
v -0.33735 10.26763 12.05991
v -0.39739 10.57771 12.09590
v -0.25159 10.26763 12.00849
v 18.17502 0.32812 -10.49966
v 18.26707 0.55701 -10.35674
v 18.22916 0.32812 -10.41559
v 18.22916 0.32812 -10.41559
v 18.26707 0.55701 -10.35674
v 18.17502 0.32812 -10.49966
v 18.25206 0.32812 -10.45941
v 18.08217 0.81668 -10.45334
v 18.15212 0.32812 -10.45584
v 18.15212 0.32812 -10.45584
v 18.08217 0.81668 -10.45334
v 18.25206 0.32812 -10.45941
v 18.19490 0.32812 -10.50710
v 18.21936 0.70869 -10.33887
v 18.20929 0.32812 -10.40814
v 18.20929 0.32812 -10.40814
v 18.21936 0.70869 -10.33887
v 18.19490 0.32812 -10.50710
v 19.27899 18.35417 22.03937
v 19.30651 18.90322 21.87162
v 19.29518 18.35417 21.94069
v 19.29518 18.35417 21.94069
v 19.30651 18.90322 21.87162
v 19.27899 18.35417 22.03937
v 19.31388 18.35417 22.03225
v 19.22279 18.82462 21.88871
v 19.26030 18.35417 21.94782
v 19.26030 18.35417 21.94782
v 19.22279 18.82462 21.88871
v 19.31388 18.35417 22.03225
v 19.25147 18.35417 22.02512
v 19.37257 18.86140 21.90582
v 19.32271 18.35417 21.95494
v 19.32271 18.35417 21.95494
v 19.37257 18.86140 21.90582
v 19.25147 18.35417 22.02512
v -8.94374 0.54684 -6.89591
v -8.93016 1.14110 -7.06537
v -8.93575 0.54684 -6.99559
v -8.93575 0.54684 -6.99559
v -8.93016 1.14110 -7.06537
v -8.94374 0.54684 -6.89591
v -8.95375 0.54684 -6.99375
v -8.90614 0.90231 -6.83055
v -8.92575 0.54684 -6.89775
v -8.92575 0.54684 -6.89775
v -8.90614 0.90231 -6.83055
v -8.95375 0.54684 -6.99375
v -8.89194 0.54684 -6.96037
v -9.05450 0.92491 -6.91065
v -8.98756 0.54684 -6.93113
v -8.98756 0.54684 -6.93113
v -9.05450 0.92491 -6.91065
v -8.89194 0.54684 -6.96037
v 17.16175 14.12602 15.23361
v 17.07524 14.62248 15.37995
v 17.11086 14.12602 15.31969
v 17.11086 14.12602 15.31969
v 17.07524 14.62248 15.37995
v 17.16175 14.12602 15.23361
v 17.18595 14.12602 15.28266
v 17.01718 14.64590 15.26225
v 17.08667 14.12602 15.27065
v 17.08667 14.12602 15.27065
v 17.01718 14.64590 15.26225
v 17.18595 14.12602 15.28266
v 17.14535 14.12602 15.22748
v 17.11461 14.38577 15.39468
v 17.12727 14.12602 15.32583
v 17.12727 14.12602 15.32583
v 17.11461 14.38577 15.39468
v 17.14535 14.12602 15.22748
v 10.29518 13.10794 16.09182
v 10.12530 13.60538 16.09821
v 10.19525 13.10794 16.09558
v 10.19525 13.10794 16.09558
v 10.12530 13.60538 16.09821
v 10.29518 13.10794 16.09182
v 10.28941 13.10794 16.11708
v 10.13914 13.60565 16.03758
v 10.20101 13.10794 16.07032
v 10.20101 13.10794 16.07032
v 10.13914 13.60565 16.03758
v 10.28941 13.10794 16.11708
v 10.27264 13.10794 16.05190
v 10.17938 13.62223 16.19403
v 10.21778 13.10794 16.13551
v 10.21778 13.10794 16.13551
v 10.17938 13.62223 16.19403
v 10.27264 13.10794 16.05190
v -11.98640 15.94920 21.80558
v -11.82429 16.46027 21.85675
v -11.89104 15.94920 21.83568
v -11.89104 15.94920 21.83568
v -11.82429 16.46027 21.85675
v -11.98640 15.94920 21.80558
v -11.91881 15.94920 21.77477
v -11.98651 16.38860 21.93070
v -11.95863 15.94920 21.86649
v -11.95863 15.94920 21.86649
v -11.98651 16.38860 21.93070
v -11.91881 15.94920 21.77477
v -11.93509 15.94920 21.87050
v -11.94744 16.19974 21.70095
v -11.94236 15.94920 21.77076
v -11.94236 15.94920 21.77076
v -11.94744 16.19974 21.70095
v -11.93509 15.94920 21.87050
v -10.25038 14.66085 18.92384
v -10.12570 15.10417 19.03940
v -10.17704 14.66085 18.99182
v -10.17704 14.66085 18.99182
v -10.12570 15.10417 19.03940
v -10.25038 14.66085 18.92384
v -10.21455 14.66085 19.00783
v -10.21171 15.19150 18.83785
v -10.21288 14.66085 18.90784
v -10.21288 14.66085 18.90784
v -10.21171 15.19150 18.83785
v -10.21455 14.66085 19.00783
v -10.22655 14.66085 19.00616
v -10.18290 15.25751 18.84186
v -10.20087 14.66085 18.90951
v -10.20087 14.66085 18.90951
v -10.18290 15.25751 18.84186
v -10.22655 14.66085 19.00616
v 18.19172 12.56790 10.52883
v 18.21351 13.10496 10.69743
v 18.20454 12.56790 10.62801
v 18.20454 12.56790 10.62801
v 18.21351 13.10496 10.69743
v 18.19172 12.56790 10.52883
v 18.17242 12.56790 10.62131
v 18.25982 12.90485 10.47549
v 18.22383 12.56790 10.53553
v 18.22383 12.56790 10.53553
v 18.25982 12.90485 10.47549
v 18.17242 12.56790 10.62131
v 18.15988 12.56790 10.54621
v 18.28992 13.12439 10.65571
v 18.23637 12.56790 10.61062
v 18.23637 12.56790 10.61062
v 18.28992 13.12439 10.65571
v 18.15988 12.56790 10.54621
v 22.05051 16.57336 18.24408
v 22.06604 17.09989 18.41337
v 22.05965 16.57336 18.34366
v 22.05965 16.57336 18.34366
v 22.06604 17.09989 18.41337
v 22.05051 16.57336 18.24408
v 22.09233 16.57336 18.26052
v 21.96567 16.98466 18.37391
v 22.01783 16.57336 18.32722
v 22.01783 16.57336 18.32722
v 21.96567 16.98466 18.37391
v 22.09233 16.57336 18.26052
v 22.00703 16.57336 18.28004
v 22.17040 17.14822 18.32708
v 22.10313 16.57336 18.30771
v 22.10313 16.57336 18.30771
v 22.17040 17.14822 18.32708
v 22.00703 16.57336 18.28004
v -17.56886 13.39100 6.02342
v -17.73839 13.72271 6.03601
v -17.66859 13.39100 6.03083
v -17.66859 13.39100 6.03083
v -17.73839 13.72271 6.03601
v -17.56886 13.39100 6.02342
v -17.57573 13.39100 6.05265
v -17.72192 13.72199 5.96588
v -17.66172 13.39100 6.00161
v -17.66172 13.39100 6.00161
v -17.72192 13.72199 5.96588
v -17.57573 13.39100 6.05265
v -17.63904 13.39100 5.98144
v -17.56996 13.78489 6.13677
v -17.59841 13.39100 6.07281
v -17.59841 13.39100 6.07281
v -17.56996 13.78489 6.13677
v -17.63904 13.39100 5.98144
v 17.94353 12.55452 10.45051
v 18.10417 12.89143 10.50614
v 18.03802 12.55452 10.48323
v 18.03802 12.55452 10.48323
v 18.10417 12.89143 10.50614
v 17.94353 12.55452 10.45051
v 18.00517 12.55452 10.41899
v 17.95622 13.09984 10.58178
v 17.97638 12.55452 10.51475
v 17.97638 12.55452 10.51475
v 17.95622 13.09984 10.58178
v 18.00517 12.55452 10.41899
v 18.00492 12.55452 10.51483
v 17.95682 13.12045 10.35177
v 17.97663 12.55452 10.41891
v 17.97663 12.55452 10.41891
v 17.95682 13.12045 10.35177
v 18.00492 12.55452 10.51483
v 15.44340 0.61837 -11.50891
v 15.58995 1.00409 -11.59507
v 15.52961 0.61837 -11.55959
v 15.52961 0.61837 -11.55959
v 15.58995 1.00409 -11.59507
v 15.44340 0.61837 -11.50891
v 15.44786 0.61837 -11.56598
v 15.57925 0.86418 -11.45810
v 15.52515 0.61837 -11.50252
v 15.52515 0.61837 -11.50252
v 15.57925 0.86418 -11.45810
v 15.44786 0.61837 -11.56598
v 15.48259 0.61837 -11.48440
v 15.49590 1.01589 -11.65388
v 15.49042 0.61837 -11.58410
v 15.49042 0.61837 -11.58410
v 15.49590 1.01589 -11.65388
v 15.48259 0.61837 -11.48440
v -10.23940 12.92783 11.72164
v -10.27274 13.50726 11.55494
v -10.25901 12.92783 11.62358
v -10.25901 12.92783 11.62358
v -10.27274 13.50726 11.55494
v -10.23940 12.92783 11.72164
v -10.25157 12.92783 11.62266
v -10.24353 13.45284 11.79247
v -10.24684 12.92783 11.72255
v -10.24684 12.92783 11.72255
v -10.24353 13.45284 11.79247
v -10.25157 12.92783 11.62266
v -10.29874 12.92783 11.67940
v -10.13032 13.16274 11.65631
v -10.19967 12.92783 11.66582
v -10.19967 12.92783 11.66582
v -10.13032 13.16274 11.65631
v -10.29874 12.92783 11.67940
v 22.32969 16.03663 17.34356
v 22.49401 16.30397 17.29996
v 22.42635 16.03663 17.31791
v 22.42635 16.03663 17.31791
v 22.49401 16.30397 17.29996
v 22.32969 16.03663 17.34356
v 22.35052 16.03663 17.37250
v 22.44402 16.31529 17.23052
v 22.40552 16.03663 17.28898
v 22.40552 16.03663 17.28898
v 22.44402 16.31529 17.23052
v 22.35052 16.03663 17.37250
v 22.33916 16.03663 17.36220
v 22.47129 16.55443 17.25524
v 22.41688 16.03663 17.29928
v 22.41688 16.03663 17.29928
v 22.47129 16.55443 17.25524
v 22.33916 16.03663 17.36220
v -20.14934 14.18783 7.51479
v -19.98678 14.48741 7.46507
v -20.05371 14.18783 7.48554
v -20.05371 14.18783 7.48554
v -19.98678 14.48741 7.46507
v -20.14934 14.18783 7.51479
v -20.14859 14.18783 7.48327
v -19.98859 14.72280 7.54072
v -20.05447 14.18783 7.51706
v -20.05447 14.18783 7.51706
v -19.98859 14.72280 7.54072
v -20.14859 14.18783 7.48327
v -20.05184 14.18783 7.49460
v -20.22078 14.80792 7.51353
v -20.15122 14.18783 7.50573
v -20.15122 14.18783 7.50573
v -20.22078 14.80792 7.51353
v -20.05184 14.18783 7.49460
v -16.12668 0.66562 -16.56350
v -15.95694 1.30316 -16.57288
v -16.02683 0.66562 -16.56902
v -16.02683 0.66562 -16.56902
v -15.95694 1.30316 -16.57288
v -16.12668 0.66562 -16.56350
v -16.11644 0.66562 -16.53584
v -15.98152 1.21993 -16.63926
v -16.03707 0.66562 -16.59668
v -16.03707 0.66562 -16.59668
v -15.98152 1.21993 -16.63926
v -16.11644 0.66562 -16.53584
v -16.02984 0.66562 -16.58354
v -16.18936 1.00243 -16.52478
v -16.12368 0.66562 -16.54898
v -16.12368 0.66562 -16.54898
v -16.18936 1.00243 -16.52478
v -16.02984 0.66562 -16.58354
v -7.53308 12.12837 9.52483
v -7.68844 12.76467 9.59384
v -7.62447 12.12837 9.56543
v -7.62447 12.12837 9.56543
v -7.68844 12.76467 9.59384
v -7.53308 12.12837 9.52483
v -7.56037 12.12837 9.49864
v -7.62295 12.50399 9.65670
v -7.59718 12.12837 9.59162
v -7.59718 12.12837 9.59162
v -7.62295 12.50399 9.65670
v -7.56037 12.12837 9.49864
v -7.53710 12.12837 9.57276
v -7.67879 12.38873 9.47882
v -7.62045 12.12837 9.51750
v -7.62045 12.12837 9.51750
v -7.67879 12.38873 9.47882
v -7.53710 12.12837 9.57276
v -21.37719 14.72517 8.48260
v -21.30480 15.22566 8.63642
v -21.33461 14.72517 8.57308
v -21.33461 14.72517 8.57308
v -21.30480 15.22566 8.63642
v -21.37719 14.72517 8.48260
v -21.40589 14.72517 8.52699
v -21.23592 15.17671 8.52988
v -21.30591 14.72517 8.52869
v -21.30591 14.72517 8.52869
v -21.23592 15.17671 8.52988
v -21.40589 14.72517 8.52699
v -21.31380 14.72517 8.50087
v -21.45694 15.30165 8.59257
v -21.39800 14.72517 8.55481
v -21.39800 14.72517 8.55481
v -21.45694 15.30165 8.59257
v -21.31380 14.72517 8.50087
v -18.24161 0.99923 -4.97804
v -18.07588 1.37919 -4.94017
v -18.14412 0.99923 -4.95576
v -18.14412 0.99923 -4.95576
v -18.07588 1.37919 -4.94017
v -18.24161 0.99923 -4.97804
v -18.14287 0.99923 -4.96648
v -18.31286 1.51781 -4.96790
v -18.24287 0.99923 -4.96732
v -18.24287 0.99923 -4.96732
v -18.31286 1.51781 -4.96790
v -18.14287 0.99923 -4.96648
v -18.17851 0.99923 -5.01479
v -18.22733 1.60763 -4.85196
v -18.20723 0.99923 -4.91901
v -18.20723 0.99923 -4.91901
v -18.22733 1.60763 -4.85196
v -18.17851 0.99923 -5.01479
v 22.99206 1.29863 2.18101
v 22.97826 1.86807 2.35045
v 22.98394 1.29863 2.28068
v 22.98394 1.29863 2.28068
v 22.97826 1.86807 2.35045
v 22.99206 1.29863 2.18101
v 23.01674 1.29863 2.18993
v 22.91903 1.78945 2.32904
v 22.95926 1.29863 2.27176
v 22.95926 1.29863 2.27176
v 22.91903 1.78945 2.32904
v 23.01674 1.29863 2.18993
v 22.99971 1.29863 2.18223
v 22.95990 1.74848 2.34750
v 22.97629 1.29863 2.27945
v 22.97629 1.29863 2.27945
v 22.95990 1.74848 2.34750
v 22.99971 1.29863 2.18223
v -3.45345 12.02275 19.42619
v -3.61940 12.35474 19.38930
v -3.55107 12.02275 19.40449
v -3.55107 12.02275 19.40449
v -3.61940 12.35474 19.38930
v -3.45345 12.02275 19.42619
v -3.55125 12.02275 19.42536
v -3.38470 12.56092 19.39130
v -3.45328 12.02275 19.40532
v -3.45328 12.02275 19.40532
v -3.38470 12.56092 19.39130
v -3.55125 12.02275 19.42536
v -3.50334 12.02275 19.46533
v -3.49968 12.29196 19.29537
v -3.50119 12.02275 19.36535
v -3.50119 12.02275 19.36535
v -3.49968 12.29196 19.29537
v -3.50334 12.02275 19.46533
v 6.09553 10.92412 6.35834
v 5.94468 11.53429 6.43671
v 6.00679 10.92412 6.40444
v 6.00679 10.92412 6.40444
v 5.94468 11.53429 6.43671
v 6.09553 10.92412 6.35834
v 6.06813 10.92412 6.42842
v 6.01045 11.29968 6.26851
v 6.03420 10.92412 6.33436
v 6.03420 10.92412 6.33436
v 6.01045 11.29968 6.26851
v 6.06813 10.92412 6.42842
v 6.01208 10.92412 6.41258
v 6.14495 11.31145 6.30653
v 6.09024 10.92412 6.35020
v 6.09024 10.92412 6.35020
v 6.14495 11.31145 6.30653
v 6.01208 10.92412 6.41258
v 9.90031 0.46962 -2.52067
v 9.99120 0.89630 -2.37701
v 9.95377 0.46962 -2.43616
v 9.95377 0.46962 -2.43616
v 9.99120 0.89630 -2.37701
v 9.90031 0.46962 -2.52067
v 9.88449 0.46962 -2.50468
v 10.02916 1.03525 -2.41539
v 9.96959 0.46962 -2.45216
v 9.96959 0.46962 -2.45216
v 10.02916 1.03525 -2.41539
v 9.88449 0.46962 -2.50468
v 9.94855 0.46962 -2.43328
v 9.87544 0.70720 -2.58675
v 9.90554 0.46962 -2.52356
v 9.90554 0.46962 -2.52356
v 9.87544 0.70720 -2.58675
v 9.94855 0.46962 -2.43328
v -13.15312 16.62786 20.10174
v -12.99289 17.26929 20.04491
v -13.05887 16.62786 20.06831
v -13.05887 16.62786 20.06831
v -12.99289 17.26929 20.04491
v -13.15312 16.62786 20.10174
v -13.15599 16.62786 20.08500
v -12.98599 16.92150 20.08508
v -13.05599 16.62786 20.08505
v -13.05599 16.62786 20.08505
v -12.98599 16.92150 20.08508
v -13.15599 16.62786 20.08500
v -13.11153 16.62786 20.03533
v -13.09270 17.23864 20.20429
v -13.10045 16.62786 20.13472
v -13.10045 16.62786 20.13472
v -13.09270 17.23864 20.20429
v -13.11153 16.62786 20.03533
v -18.16650 1.02288 -13.23491
v -18.33216 1.43501 -13.27311
v -18.26395 1.02288 -13.25738
v -18.26395 1.02288 -13.25738
v -18.33216 1.43501 -13.27311
v -18.16650 1.02288 -13.23491
v -18.19849 1.02288 -13.19903
v -18.25540 1.59305 -13.35922
v -18.23196 1.02288 -13.29326
v -18.23196 1.02288 -13.29326
v -18.25540 1.59305 -13.35922
v -18.19849 1.02288 -13.19903
v -18.22865 1.02288 -13.19798
v -18.18300 1.60250 -13.36173
v -18.20180 1.02288 -13.29431
v -18.20180 1.02288 -13.29431
v -18.18300 1.60250 -13.36173
v -18.22865 1.02288 -13.19798
v -21.30151 0.93719 -3.60057
v -21.13172 1.25806 -3.60914
v -21.20163 0.93719 -3.60561
v -21.20163 0.93719 -3.60561
v -21.13172 1.25806 -3.60914
v -21.30151 0.93719 -3.60057
v -21.24162 0.93719 -3.65209
v -21.27544 1.20536 -3.48549
v -21.26152 0.93719 -3.55409
v -21.26152 0.93719 -3.55409
v -21.27544 1.20536 -3.48549
v -21.24162 0.93719 -3.65209
v -21.20226 0.93719 -3.61138
v -21.36991 1.23682 -3.58318
v -21.30088 0.93719 -3.59480
v -21.30088 0.93719 -3.59480
v -21.36991 1.23682 -3.58318
v -21.20226 0.93719 -3.61138
v 20.59430 13.23618 11.94509
v 20.74409 13.84493 12.02548
v 20.68241 13.23618 11.99238
v 20.68241 13.23618 11.99238
v 20.74409 13.84493 12.02548
v 20.59430 13.23618 11.94509
v 20.66231 13.23618 12.01262
v 20.58086 13.51939 11.86341
v 20.61440 13.23618 11.92485
v 20.61440 13.23618 11.92485
v 20.58086 13.51939 11.86341
v 20.66231 13.23618 12.01262
v 20.66931 13.23618 12.00800
v 20.56406 13.70377 11.87450
v 20.60740 13.23618 11.92947
v 20.60740 13.23618 11.92947
v 20.56406 13.70377 11.87450
v 20.66931 13.23618 12.00800
v 15.67696 0.52350 -14.75534
v 15.77697 1.12839 -14.61787
v 15.73579 0.52350 -14.67447
v 15.73579 0.52350 -14.67447
v 15.77697 1.12839 -14.61787
v 15.67696 0.52350 -14.75534
v 15.69106 0.52350 -14.76250
v 15.74312 0.83964 -14.60067
v 15.72169 0.52350 -14.66731
v 15.72169 0.52350 -14.66731
v 15.74312 0.83964 -14.60067
v 15.69106 0.52350 -14.76250
v 15.66341 0.52350 -14.74049
v 15.80948 0.98008 -14.65351
v 15.74933 0.52350 -14.68932
v 15.74933 0.52350 -14.68932
v 15.80948 0.98008 -14.65351
v 15.66341 0.52350 -14.74049
v -10.62454 15.14793 20.87918
v -10.63560 15.46386 21.04882
v -10.63104 15.14793 20.97897
v -10.63104 15.14793 20.97897
v -10.63560 15.46386 21.04882
v -10.62454 15.14793 20.87918
v -10.64954 15.14793 20.88405
v -10.57559 15.48006 21.03713
v -10.60604 15.14793 20.97410
v -10.60604 15.14793 20.97410
v -10.57559 15.48006 21.03713
v -10.64954 15.14793 20.88405
v -10.59908 15.14793 20.97001
v -10.69669 15.61766 20.83083
v -10.65650 15.14793 20.88814
v -10.65650 15.14793 20.88814
v -10.69669 15.61766 20.83083
v -10.59908 15.14793 20.97001
v -7.26156 13.35734 19.13981
v -7.35129 13.79097 18.99542
v -7.31434 13.35734 19.05487
v -7.31434 13.35734 19.05487
v -7.35129 13.79097 18.99542
v -7.26156 13.35734 19.13981
v -7.33373 13.35734 19.11745
v -7.17809 13.60876 19.04906
v -7.24218 13.35734 19.07722
v -7.24218 13.35734 19.07722
v -7.17809 13.60876 19.04906
v -7.33373 13.35734 19.11745
v -7.29258 13.35734 19.14712
v -7.27684 13.92349 18.97785
v -7.28332 13.35734 19.04755
v -7.28332 13.35734 19.04755
v -7.27684 13.92349 18.97785
v -7.29258 13.35734 19.14712
v 21.20465 0.50352 -15.55481
v 21.10680 1.01293 -15.41580
v 21.14709 0.50352 -15.47304
v 21.14709 0.50352 -15.47304
v 21.10680 1.01293 -15.41580
v 21.20465 0.50352 -15.55481
v 21.12709 0.50352 -15.50297
v 21.29295 0.83667 -15.54023
v 21.22465 0.50352 -15.52488
v 21.22465 0.50352 -15.52488
v 21.29295 0.83667 -15.54023
v 21.12709 0.50352 -15.50297
v 21.18599 0.50352 -15.46496
v 21.15157 1.03686 -15.63144
v 21.16575 0.50352 -15.56289
v 21.16575 0.50352 -15.56289
v 21.15157 1.03686 -15.63144
v 21.18599 0.50352 -15.46496
v -1.14623 10.79301 18.64087
v -1.16515 11.34825 18.47193
v -1.15736 10.79301 18.54150
v -1.15736 10.79301 18.54150
v -1.16515 11.34825 18.47193
v -1.14623 10.79301 18.64087
v -1.14751 10.79301 18.64100
v -1.16207 11.03218 18.47163
v -1.15608 10.79301 18.54137
v -1.15608 10.79301 18.54137
v -1.16207 11.03218 18.47163
v -1.14751 10.79301 18.64100
v -1.16909 10.79301 18.63810
v -1.11028 11.27392 18.47860
v -1.13450 10.79301 18.54427
v -1.13450 10.79301 18.54427
v -1.11028 11.27392 18.47860
v -1.16909 10.79301 18.63810
v -22.71029 0.65782 -11.75151
v -22.60131 0.89963 -11.88199
v -22.64618 0.65782 -11.82826
v -22.64618 0.65782 -11.82826
v -22.60131 0.89963 -11.88199
v -22.71029 0.65782 -11.75151
v -22.71502 0.65782 -11.82376
v -22.58996 1.29622 -11.70861
v -22.64145 0.65782 -11.75602
v -22.64145 0.65782 -11.75602
v -22.58996 1.29622 -11.70861
v -22.71502 0.65782 -11.82376
v -22.64650 0.65782 -11.82853
v -22.75440 0.91736 -11.69716
v -22.70997 0.65782 -11.75125
v -22.70997 0.65782 -11.75125
v -22.75440 0.91736 -11.69716
v -22.64650 0.65782 -11.82853
v 8.97373 11.94948 11.71083
v 8.86240 12.44424 11.58236
v 8.90824 11.94948 11.63526
v 8.90824 11.94948 11.63526
v 8.86240 12.44424 11.58236
v 8.97373 11.94948 11.71083
v 8.89326 11.94948 11.68795
v 9.05553 12.29517 11.63728
v 8.98872 11.94948 11.65814
v 8.98872 11.94948 11.65814
v 9.05553 12.29517 11.63728
v 8.89326 11.94948 11.68795
v 8.95095 11.94948 11.72204
v 8.91708 12.40165 11.55545
v 8.93102 11.94948 11.62405
v 8.93102 11.94948 11.62405
v 8.91708 12.40165 11.55545
v 8.95095 11.94948 11.72204
v 15.68425 0.56933 -12.25785
v 15.77109 0.92326 -12.40400
v 15.73533 0.56933 -12.34382
v 15.73533 0.56933 -12.34382
v 15.77109 0.92326 -12.40400
v 15.68425 0.56933 -12.25785
v 15.75942 0.56933 -12.30692
v 15.59068 0.82607 -12.28622
v 15.66016 0.56933 -12.29475
v 15.66016 0.56933 -12.29475
v 15.59068 0.82607 -12.28622
v 15.75942 0.56933 -12.30692
v 15.67009 0.56933 -12.27045
v 15.80508 1.05042 -12.37377
v 15.74950 0.56933 -12.33123
v 15.74950 0.56933 -12.33123
v 15.80508 1.05042 -12.37377
v 15.67009 0.56933 -12.27045
v 12.23216 0.98575 -13.66942
v 12.40159 1.47484 -13.68334
v 12.33183 0.98575 -13.67761
v 12.33183 0.98575 -13.67761
v 12.40159 1.47484 -13.68334
v 12.23216 0.98575 -13.66942
v 12.29860 0.98575 -13.72068
v 12.24215 1.43821 -13.56032
v 12.26539 0.98575 -13.62635
v 12.26539 0.98575 -13.62635
v 12.24215 1.43821 -13.56032
v 12.29860 0.98575 -13.72068
v 12.32869 0.98575 -13.65563
v 12.16993 1.43554 -13.71643
v 12.23530 0.98575 -13.69140
v 12.23530 0.98575 -13.69140
v 12.16993 1.43554 -13.71643
v 12.32869 0.98575 -13.65563
v 20.49177 0.82422 -17.28634
v 20.48670 1.33111 -17.45627
v 20.48879 0.82422 -17.38630
v 20.48879 0.82422 -17.38630
v 20.48670 1.33111 -17.45627
v 20.49177 0.82422 -17.28634
v 20.53956 0.82422 -17.34478
v 20.37201 1.42449 -17.31603
v 20.44100 0.82422 -17.32787
v 20.44100 0.82422 -17.32787
v 20.37201 1.42449 -17.31603
v 20.53956 0.82422 -17.34478
v 20.48038 0.82422 -17.38533
v 20.51404 1.10595 -17.21870
v 20.50018 0.82422 -17.28731
v 20.50018 0.82422 -17.28731
v 20.51404 1.10595 -17.21870
v 20.48038 0.82422 -17.38533
v -13.89966 1.77747 1.38845
v -13.74882 2.25500 1.46686
v -13.81093 1.77747 1.43458
v -13.81093 1.77747 1.43458
v -13.74882 2.25500 1.46686
v -13.89966 1.77747 1.38845
v -13.88545 1.77747 1.37163
v -13.78293 2.12659 1.50724
v -13.82514 1.77747 1.45140
v -13.82514 1.77747 1.45140
v -13.78293 2.12659 1.50724
v -13.88545 1.77747 1.37163
v -13.87170 1.77747 1.45875
v -13.81593 2.13525 1.29816
v -13.83889 1.77747 1.36428
v -13.83889 1.77747 1.36428
v -13.81593 2.13525 1.29816
v -13.87170 1.77747 1.45875
v 0.62428 10.69246 18.16855
v 0.77517 11.07538 18.24686
v 0.71304 10.69246 18.21461
v 0.71304 10.69246 18.21461
v 0.77517 11.07538 18.24686
v 0.62428 10.69246 18.16855
v 0.62068 10.69246 18.20567
v 0.78380 10.91385 18.15777
v 0.71663 10.69246 18.17749
v 0.71663 10.69246 18.17749
v 0.78380 10.91385 18.15777
v 0.62068 10.69246 18.20567
v 0.63033 10.69246 18.15947
v 0.76065 10.93386 18.26864
v 0.70699 10.69246 18.22369
v 0.70699 10.69246 18.22369
v 0.76065 10.93386 18.26864
v 0.63033 10.69246 18.15947
v 16.84066 14.63676 16.55998
v 16.67520 14.98365 16.59899
v 16.74333 14.63676 16.58293
v 16.74333 14.63676 16.58293
v 16.67520 14.98365 16.59899
v 16.84066 14.63676 16.55998
v 16.80057 14.63676 16.62071
v 16.77142 14.89381 16.45323
v 16.78342 14.63676 16.52220
v 16.78342 14.63676 16.52220
v 16.77142 14.89381 16.45323
v 16.80057 14.63676 16.62071
v 16.74679 14.63676 16.55010
v 16.90051 14.90530 16.62270
v 16.83721 14.63676 16.59281
v 16.83721 14.63676 16.59281
v 16.90051 14.90530 16.62270
v 16.74679 14.63676 16.55010
v -10.45345 12.50602 10.15280
v -10.60729 12.93023 10.22516
v -10.54394 12.50602 10.19537
v -10.54394 12.50602 10.19537
v -10.60729 12.93023 10.22516
v -10.45345 12.50602 10.15280
v -10.44893 12.50602 10.16927
v -10.61814 12.75682 10.18564
v -10.54847 12.50602 10.17890
v -10.54847 12.50602 10.17890
v -10.61814 12.75682 10.18564
v -10.44893 12.50602 10.16927
v -10.47979 12.50602 10.22037
v -10.54408 12.86073 10.06300
v -10.51761 12.50602 10.12780
v -10.51761 12.50602 10.12780
v -10.54408 12.86073 10.06300
v -10.47979 12.50602 10.22037
v -12.69304 0.79354 -6.09950
v -12.56380 1.08915 -5.98907
v -12.61702 0.79354 -6.03454
v -12.61702 0.79354 -6.03454
v -12.56380 1.08915 -5.98907
v -12.69304 0.79354 -6.09950
v -12.66260 0.79354 -6.11644
v -12.63686 1.31242 -5.94840
v -12.64746 0.79354 -6.01760
v -12.64746 0.79354 -6.01760
v -12.63686 1.31242 -5.94840
v -12.66260 0.79354 -6.11644
v -12.60503 0.79354 -6.06700
v -12.77503 1.29219 -6.06706
v -12.70503 0.79354 -6.06704
v -12.70503 0.79354 -6.06704
v -12.77503 1.29219 -6.06706
v -12.60503 0.79354 -6.06700
v 13.60648 0.78490 -16.01430
v 13.71202 1.38413 -16.14757
v 13.66856 0.78490 -16.09269
v 13.66856 0.78490 -16.09269
v 13.71202 1.38413 -16.14757
v 13.60648 0.78490 -16.01430
v 13.60077 0.78490 -16.01959
v 13.72572 1.29505 -16.13486
v 13.67427 0.78490 -16.08740
v 13.67427 0.78490 -16.08740
v 13.72572 1.29505 -16.13486
v 13.60077 0.78490 -16.01959
v 13.65399 0.78490 -16.00628
v 13.59799 1.41867 -16.16680
v 13.62105 0.78490 -16.10070
v 13.62105 0.78490 -16.10070
v 13.59799 1.41867 -16.16680
v 13.65399 0.78490 -16.00628
v -5.05385 12.30551 12.77190
v -5.01661 12.87652 12.60603
v -5.03195 12.30551 12.67433
v -5.03195 12.30551 12.67433
v -5.01661 12.87652 12.60603
v -5.05385 12.30551 12.77190
v -5.07787 12.30551 12.75885
v -4.95896 12.86203 12.63735
v -5.00793 12.30551 12.68738
v -5.00793 12.30551 12.68738
v -4.95896 12.86203 12.63735
v -5.07787 12.30551 12.75885
v -5.01139 12.30551 12.68429
v -5.11851 12.74246 12.81629
v -5.07440 12.30551 12.76194
v -5.07440 12.30551 12.76194
v -5.11851 12.74246 12.81629
v -5.01139 12.30551 12.68429
v -2.55763 10.30688 5.81846
v -2.65525 10.82910 5.95764
v -2.61505 10.30688 5.90033
v -2.61505 10.30688 5.90033
v -2.65525 10.82910 5.95764
v -2.55763 10.30688 5.81846
v -2.58983 10.30688 5.80952
v -2.57796 10.88357 5.97910
v -2.58285 10.30688 5.90927
v -2.58285 10.30688 5.90927
v -2.57796 10.88357 5.97910
v -2.58983 10.30688 5.80952
v -2.53884 10.30688 5.87500
v -2.70034 10.93486 5.82193
v -2.63384 10.30688 5.84378
v -2.63384 10.30688 5.84378
v -2.70034 10.93486 5.82193
v -2.53884 10.30688 5.87500
v -8.74015 1.28247 -0.11716
v -8.79082 1.76282 -0.27943
v -8.76995 1.28247 -0.21261
v -8.76995 1.28247 -0.21261
v -8.79082 1.76282 -0.27943
v -8.74015 1.28247 -0.11716
v -8.71039 1.28247 -0.14240
v -8.86224 1.60875 -0.21884
v -8.79972 1.28247 -0.18736
v -8.79972 1.28247 -0.18736
v -8.86224 1.60875 -0.21884
v -8.71039 1.28247 -0.14240
v -8.77645 1.28247 -0.21007
v -8.70369 1.56564 -0.05643
v -8.73365 1.28247 -0.11970
v -8.73365 1.28247 -0.11970
v -8.70369 1.56564 -0.05643
v -8.77645 1.28247 -0.21007
v 7.96603 0.80247 -14.22356
v 8.10286 1.04984 -14.32445
v 8.04652 0.80247 -14.28290
v 8.04652 0.80247 -14.28290
v 8.10286 1.04984 -14.32445
v 7.96603 0.80247 -14.22356
v 8.03687 0.80247 -14.29278
v 7.93285 1.18569 -14.15831
v 7.97568 0.80247 -14.21368
v 7.97568 0.80247 -14.21368
v 7.93285 1.18569 -14.15831
v 8.03687 0.80247 -14.29278
v 8.03947 0.80247 -14.21584
v 7.92661 1.06573 -14.34297
v 7.97308 0.80247 -14.29062
v 7.97308 0.80247 -14.29062
v 7.92661 1.06573 -14.34297
v 8.03947 0.80247 -14.21584
v 2.08288 10.21238 12.96159
v 2.17975 10.44526 12.82190
v 2.13986 10.21238 12.87942
v 2.13986 10.21238 12.87942
v 2.17975 10.44526 12.82190
v 2.08288 10.21238 12.96159
v 2.06406 10.21238 12.90431
v 2.22490 10.77341 12.95937
v 2.15868 10.21238 12.93670
v 2.15868 10.21238 12.93670
v 2.22490 10.77341 12.95937
v 2.06406 10.21238 12.90431
v 2.06386 10.21238 12.93610
v 2.22538 10.78820 12.88307
v 2.15887 10.21238 12.90491
v 2.15887 10.21238 12.90491
v 2.22538 10.78820 12.88307
v 2.06386 10.21238 12.93610
v 15.70349 0.53153 -15.04633
v 15.84169 0.75523 -15.14533
v 15.78478 0.53153 -15.10457
v 15.78478 0.53153 -15.10457
v 15.84169 0.75523 -15.14533
v 15.70349 0.53153 -15.04633
v 15.79411 0.53153 -15.07372
v 15.62421 1.12711 -15.07960
v 15.69417 0.53153 -15.07718
v 15.69417 0.53153 -15.07718
v 15.62421 1.12711 -15.07960
v 15.79411 0.53153 -15.07372
v 15.76911 0.53153 -15.11877
v 15.68421 1.01236 -14.97148
v 15.71917 0.53153 -15.03213
v 15.71917 0.53153 -15.03213
v 15.68421 1.01236 -14.97148
v 15.76911 0.53153 -15.11877
v 14.65066 12.86843 12.33816
v 14.81750 13.31834 12.37077
v 14.74880 12.86843 12.35734
v 14.74880 12.86843 12.35734
v 14.81750 13.31834 12.37077
v 14.65066 12.86843 12.33816
v 14.68430 12.86843 12.30019
v 14.73676 13.30849 12.46189
v 14.71516 12.86843 12.39531
v 14.71516 12.86843 12.39531
v 14.73676 13.30849 12.46189
v 14.68430 12.86843 12.30019
v 14.74835 12.86843 12.33607
v 14.58305 13.16014 12.37577
v 14.65111 12.86843 12.35943
v 14.65111 12.86843 12.35943
v 14.58305 13.16014 12.37577
v 14.74835 12.86843 12.33607
v -9.35346 0.60916 -6.07831
v -9.32691 1.10161 -5.91039
v -9.33784 0.60916 -5.97953
v -9.33784 0.60916 -5.97953
v -9.32691 1.10161 -5.91039
v -9.35346 0.60916 -6.07831
v -9.30216 0.60916 -6.00425
v -9.45003 1.19113 -6.08813
v -9.38914 0.60916 -6.05359
v -9.38914 0.60916 -6.05359
v -9.45003 1.19113 -6.08813
v -9.30216 0.60916 -6.00425
v -9.37434 0.60916 -6.06987
v -9.27680 1.17977 -5.93064
v -9.31696 0.60916 -5.98797
v -9.31696 0.60916 -5.98797
v -9.27680 1.17977 -5.93064
v -9.37434 0.60916 -6.06987
v 10.17994 13.12741 16.38209
v 10.19844 13.57820 16.21310
v 10.19082 13.12741 16.28269
v 10.19082 13.12741 16.28269
v 10.19844 13.57820 16.21310
v 10.17994 13.12741 16.38209
v 10.21510 13.12741 16.37260
v 10.11407 13.36612 16.23588
v 10.15567 13.12741 16.29218
v 10.15567 13.12741 16.29218
v 10.11407 13.36612 16.23588
v 10.21510 13.12741 16.37260
v 10.23098 13.12741 16.35292
v 10.07596 13.73693 16.28313
v 10.13979 13.12741 16.31186
v 10.13979 13.12741 16.31186
v 10.07596 13.73693 16.28313
v 10.23098 13.12741 16.35292
v 12.99579 11.36512 5.44948
v 13.14338 11.85364 5.36512
v 13.08261 11.36512 5.39985
v 13.08261 11.36512 5.39985
v 13.14338 11.85364 5.36512
v 12.99579 11.36512 5.44948
v 13.07116 11.36512 5.38622
v 12.96248 11.97155 5.51694
v 13.00723 11.36512 5.46311
v 13.00723 11.36512 5.46311
v 12.96248 11.97155 5.51694
v 13.07116 11.36512 5.38622
v 12.99000 11.36512 5.43360
v 13.15727 11.78710 5.40322
v 13.08839 11.36512 5.41573
v 13.08839 11.36512 5.41573
v 13.15727 11.78710 5.40322
v 12.99000 11.36512 5.43360
v 17.02306 14.28462 15.63205
v 17.00316 14.53175 15.80088
v 17.01136 14.28462 15.73136
v 17.01136 14.28462 15.73136
v 17.00316 14.53175 15.80088
v 17.02306 14.28462 15.63205
v 17.06090 14.28462 15.70603
v 16.91237 14.64276 15.62332
v 16.97353 14.28462 15.65738
v 16.97353 14.28462 15.65738
v 16.91237 14.64276 15.62332
v 17.06090 14.28462 15.70603
v 16.97536 14.28462 15.70906
v 17.11766 14.60737 15.61605
v 17.05906 14.28462 15.65435
v 17.05906 14.28462 15.65435
v 17.11766 14.60737 15.61605
v 16.97536 14.28462 15.70906
v -22.14157 1.07909 -5.53296
v -22.10379 1.68633 -5.69871
v -22.11935 1.07909 -5.63046
v -22.11935 1.07909 -5.63046
v -22.10379 1.68633 -5.69871
v -22.14157 1.07909 -5.53296
v -22.10291 1.07909 -5.62343
v -22.19659 1.60713 -5.48157
v -22.15801 1.07909 -5.53999
v -22.15801 1.07909 -5.53999
v -22.19659 1.60713 -5.48157
v -22.10291 1.07909 -5.62343
v -22.15490 1.07909 -5.53809
v -22.07181 1.36331 -5.68640
v -22.10602 1.07909 -5.62533
v -22.10602 1.07909 -5.62533
v -22.07181 1.36331 -5.68640
v -22.15490 1.07909 -5.53809
v 16.05617 0.55021 -12.67376
v 15.89924 0.90322 -12.73912
v 15.96386 0.55021 -12.71220
v 15.96386 0.55021 -12.71220
v 15.89924 0.90322 -12.73912
v 16.05617 0.55021 -12.67376
v 16.05998 0.55021 -12.69475
v 15.89009 0.94829 -12.68874
v 15.96005 0.55021 -12.69122
v 15.96005 0.55021 -12.69122
v 15.89009 0.94829 -12.68874
v 16.05998 0.55021 -12.69475
v 16.00028 0.55021 -12.74203
v 16.03338 1.15358 -12.57528
v 16.01975 0.55021 -12.64394
v 16.01975 0.55021 -12.64394
v 16.03338 1.15358 -12.57528
v 16.00028 0.55021 -12.74203
v -7.03651 12.90434 15.98396
v -7.13472 13.34495 15.84521
v -7.09428 12.90434 15.90234
v -7.09428 12.90434 15.90234
v -7.13472 13.34495 15.84521
v -7.03651 12.90434 15.98396
v -7.10988 12.90434 15.96598
v -6.95863 13.38652 15.88836
v -7.02091 12.90434 15.92032
v -7.02091 12.90434 15.92032
v -6.95863 13.38652 15.88836
v -7.10988 12.90434 15.96598
v -7.02338 12.90434 15.97026
v -7.16623 13.16074 15.87810
v -7.10741 12.90434 15.91605
v -7.10741 12.90434 15.91605
v -7.16623 13.16074 15.87810
v -7.02338 12.90434 15.97026
v -22.29926 15.40467 9.94071
v -22.25097 16.03875 10.10371
v -22.27085 15.40467 10.03659
v -22.27085 15.40467 10.03659
v -22.25097 16.03875 10.10371
v -22.29926 15.40467 9.94071
v -22.29831 15.40467 9.94044
v -22.25326 15.93994 10.10436
v -22.27181 15.40467 10.03686
v -22.27181 15.40467 10.03686
v -22.25326 15.93994 10.10436
v -22.29831 15.40467 9.94044
v -22.27269 15.40467 9.94020
v -22.31474 15.96072 10.10492
v -22.29742 15.40467 10.03710
v -22.29742 15.40467 10.03710
v -22.31474 15.96072 10.10492
v -22.27269 15.40467 9.94020
v -13.64687 12.93967 7.61790
v -13.47999 13.58381 7.58549
v -13.54870 12.93967 7.59883
v -13.54870 12.93967 7.59883
v -13.47999 13.58381 7.58549
v -13.64687 12.93967 7.61790
v -13.62761 12.93967 7.64850
v -13.52622 13.52493 7.51205
v -13.56797 12.93967 7.56823
v -13.56797 12.93967 7.56823
v -13.52622 13.52493 7.51205
v -13.62761 12.93967 7.64850
v -13.62959 12.93967 7.64695
v -13.52147 13.32438 7.51576
v -13.56599 12.93967 7.56978
v -13.56599 12.93967 7.56978
v -13.52147 13.32438 7.51576
v -13.62959 12.93967 7.64695
v -8.55020 13.07414 15.00612
v -8.44696 13.52956 14.87106
v -8.48947 13.07414 14.92667
v -8.48947 13.07414 14.92667
v -8.44696 13.52956 14.87106
v -8.55020 13.07414 15.00612
v -8.48356 13.07414 15.00080
v -8.60692 13.53651 14.88383
v -8.55612 13.07414 14.93199
v -8.55612 13.07414 14.93199
v -8.60692 13.53651 14.88383
v -8.48356 13.07414 15.00080
v -8.47450 13.07414 14.94532
v -8.62866 13.46247 15.01697
v -8.56518 13.07414 14.98747
v -8.56518 13.07414 14.98747
v -8.62866 13.46247 15.01697
v -8.47450 13.07414 14.94532
v -15.54971 0.88925 -9.04162
v -15.38289 1.45926 -9.00889
v -15.45158 0.88925 -9.02237
v -15.45158 0.88925 -9.02237
v -15.38289 1.45926 -9.00889
v -15.54971 0.88925 -9.04162
v -15.54482 0.88925 -9.05541
v -15.39462 1.49609 -8.97579
v -15.45647 0.88925 -9.00857
v -15.45647 0.88925 -9.00857
v -15.39462 1.49609 -8.97579
v -15.54482 0.88925 -9.05541
v -15.45199 0.88925 -9.04349
v -15.61743 1.35070 -9.00440
v -15.54931 0.88925 -9.02050
v -15.54931 0.88925 -9.02050
v -15.61743 1.35070 -9.00440
v -15.45199 0.88925 -9.04349
v -14.36056 12.71665 6.60664
v -14.27836 13.01751 6.45783
v -14.31221 12.71665 6.51911
v -14.31221 12.71665 6.51911
v -14.27836 13.01751 6.45783
v -14.36056 12.71665 6.60664
v -14.37906 12.71665 6.58892
v -14.23395 13.36267 6.50037
v -14.29370 12.71665 6.53683
v -14.29370 12.71665 6.53683
v -14.23395 13.36267 6.50037
v -14.37906 12.71665 6.58892
v -14.35636 12.71665 6.60871
v -14.28844 13.04316 6.45287
v -14.31641 12.71665 6.51704
v -14.31641 12.71665 6.51704
v -14.28844 13.04316 6.45287
v -14.35636 12.71665 6.60871
v 11.55862 0.92326 -13.63843
v 11.64007 1.19603 -13.48922
v 11.60653 0.92326 -13.55066
v 11.60653 0.92326 -13.55066
v 11.64007 1.19603 -13.48922
v 11.55862 0.92326 -13.63843
v 11.62818 0.92326 -13.61505
v 11.47313 1.29542 -13.54534
v 11.53697 0.92326 -13.57404
v 11.53697 0.92326 -13.57404
v 11.47313 1.29542 -13.54534
v 11.62818 0.92326 -13.61505
v 11.56335 0.92326 -13.54839
v 11.62872 1.33842 -13.70532
v 11.60180 0.92326 -13.64070
v 11.60180 0.92326 -13.64070
v 11.62872 1.33842 -13.70532
v 11.56335 0.92326 -13.54839
v -13.51821 12.90533 7.58484
v -13.54199 13.47052 7.41652
v -13.53220 12.90533 7.48583
v -13.53220 12.90533 7.48583
v -13.54199 13.47052 7.41652
v -13.51821 12.90533 7.58484
v -13.56573 12.90533 7.50604
v -13.42795 13.37306 7.60564
v -13.48468 12.90533 7.56463
v -13.48468 12.90533 7.56463
v -13.42795 13.37306 7.60564
v -13.56573 12.90533 7.50604
v -13.55829 12.90533 7.49784
v -13.44582 13.36456 7.62532
v -13.49213 12.90533 7.57283
v -13.49213 12.90533 7.57283
v -13.44582 13.36456 7.62532
v -13.55829 12.90533 7.49784
v 11.66877 13.22483 15.93866
v 11.64921 13.45457 15.76979
v 11.65727 13.22483 15.83932
v 11.65727 13.22483 15.83932
v 11.64921 13.45457 15.76979
v 11.66877 13.22483 15.93866
v 11.66740 13.22483 15.93880
v 11.65252 13.46105 15.76945
v 11.65865 13.22483 15.83918
v 11.65865 13.22483 15.83918
v 11.65252 13.46105 15.76945
v 11.66740 13.22483 15.93880
v 11.63630 13.22483 15.93125
v 11.72714 13.61274 15.78756
v 11.68974 13.22483 15.84673
v 11.68974 13.22483 15.84673
v 11.72714 13.61274 15.78756
v 11.63630 13.22483 15.93125
v 4.81969 12.52855 18.44044
v 4.94662 12.84859 18.55353
v 4.89435 12.52855 18.50696
v 4.89435 12.52855 18.50696
v 4.94662 12.84859 18.55353
v 4.81969 12.52855 18.44044
v 4.89752 12.52855 18.50302
v 4.75983 12.95635 18.40332
v 4.81652 12.52855 18.44437
v 4.81652 12.52855 18.44437
v 4.75983 12.95635 18.40332
v 4.89752 12.52855 18.50302
v 4.80732 12.52855 18.47917
v 4.97630 13.06933 18.46055
v 4.90672 12.52855 18.46822
v 4.90672 12.52855 18.46822
v 4.97630 13.06933 18.46055
v 4.80732 12.52855 18.47917
v -9.15095 13.78301 17.16785
v -9.31971 14.14780 17.14740
v -9.25022 13.78301 17.15582
v -9.25022 13.78301 17.15582
v -9.31971 14.14780 17.14740
v -9.15095 13.78301 17.16785
v -9.16851 13.78301 17.12348
v -9.27757 14.05609 17.25389
v -9.23266 13.78301 17.20019
v -9.23266 13.78301 17.20019
v -9.27757 14.05609 17.25389
v -9.16851 13.78301 17.12348
v -9.16155 13.78301 17.13059
v -9.29428 14.32515 17.23681
v -9.23962 13.78301 17.19307
v -9.23962 13.78301 17.19307
v -9.29428 14.32515 17.23681
v -9.16155 13.78301 17.13059
v -0.11462 10.70352 18.60159
v -0.10891 10.92974 18.77149
v -0.11126 10.70352 18.70153
v -0.11126 10.70352 18.70153
v -0.10891 10.92974 18.77149
v -0.11462 10.70352 18.60159
v -0.15960 10.70352 18.63359
v -0.00096 11.07691 18.69469
v -0.06628 10.70352 18.66953
v -0.06628 10.70352 18.66953
v -0.00096 11.07691 18.69469
v -0.15960 10.70352 18.63359
v -0.16101 10.70352 18.66532
v 0.00242 10.94470 18.61853
v -0.06487 10.70352 18.63780
v -0.06487 10.70352 18.63780
v 0.00242 10.94470 18.61853
v -0.16101 10.70352 18.66532
v 21.65157 15.91722 17.25011
v 21.61995 16.44976 17.08308
v 21.63297 15.91722 17.15186
v 21.63297 15.91722 17.15186
v 21.61995 16.44976 17.08308
v 21.65157 15.91722 17.25011
v 21.68749 15.91722 17.17966
v 21.53373 16.51621 17.25215
v 21.59704 15.91722 17.22230
v 21.59704 15.91722 17.22230
v 21.53373 16.51621 17.25215
v 21.68749 15.91722 17.17966
v 21.65936 15.91722 17.24797
v 21.60124 16.42435 17.08821
v 21.62517 15.91722 17.15400
v 21.62517 15.91722 17.15400
v 21.60124 16.42435 17.08821
v 21.65936 15.91722 17.24797
v -22.86123 17.66701 14.74221
v -22.92922 18.02186 14.58640
v -22.90123 17.66701 14.65056
v -22.90123 17.66701 14.65056
v -22.92922 18.02186 14.58640
v -22.86123 17.66701 14.74221
v -22.92912 17.66701 14.68204
v -22.76628 18.29046 14.73083
v -22.83333 17.66701 14.71074
v -22.83333 17.66701 14.71074
v -22.76628 18.29046 14.73083
v -22.92912 17.66701 14.68204
v -22.92404 17.66701 14.72222
v -22.77848 18.15583 14.63440
v -22.83842 17.66701 14.67056
v -22.83842 17.66701 14.67056
v -22.77848 18.15583 14.63440
v -22.92404 17.66701 14.72222
v 18.36276 0.46462 -7.47494
v 18.46508 0.97269 -7.33919
v 18.42295 0.46462 -7.39509
v 18.42295 0.46462 -7.39509
v 18.46508 0.97269 -7.33919
v 18.36276 0.46462 -7.47494
v 18.39619 0.46462 -7.48490
v 18.38484 1.11311 -7.31528
v 18.38952 0.46462 -7.38513
v 18.38952 0.46462 -7.38513
v 18.38484 1.11311 -7.31528
v 18.39619 0.46462 -7.48490
v 18.39312 0.46462 -7.38501
v 18.39221 0.71181 -7.55501
v 18.39259 0.46462 -7.48501
v 18.39259 0.46462 -7.48501
v 18.39221 0.71181 -7.55501
v 18.39312 0.46462 -7.38501
v 18.67235 15.96960 17.79090
v 18.78662 16.54193 17.91676
v 18.73957 15.96960 17.86494
v 18.73957 15.96960 17.86494
v 18.78662 16.54193 17.91676
v 18.67235 15.96960 17.79090
v 18.71127 15.96960 17.87764
v 18.69320 16.48508 17.70860
v 18.70064 15.96960 17.77820
v 18.70064 15.96960 17.77820
v 18.69320 16.48508 17.70860
v 18.71127 15.96960 17.87764
v 18.74618 15.96960 17.79822
v 18.60942 16.22038 17.89920
v 18.66573 15.96960 17.85762
v 18.66573 15.96960 17.85762
v 18.60942 16.22038 17.89920
v 18.74618 15.96960 17.79822
v 2.36693 10.44188 14.34037
v 2.52921 10.71824 14.39099
v 2.46239 10.44188 14.37015
v 2.46239 10.44188 14.37015
v 2.52921 10.71824 14.39099
v 2.36693 10.44188 14.34037
v 2.36559 10.44188 14.34566
v 2.53243 11.03299 14.37828
v 2.46373 10.44188 14.36485
v 2.46373 10.44188 14.36485
v 2.53243 11.03299 14.37828
v 2.36559 10.44188 14.34566
v 2.36780 10.44188 14.37270
v 2.52712 10.94632 14.31340
v 2.46152 10.44188 14.33781
v 2.46152 10.44188 14.33781
v 2.52712 10.94632 14.31340
v 2.36780 10.44188 14.37270
v 7.07667 13.13003 19.46485
v 7.03959 13.51105 19.63075
v 7.05486 13.13003 19.56244
v 7.05486 13.13003 19.56244
v 7.03959 13.51105 19.63075
v 7.07667 13.13003 19.46485
v 7.04653 13.13003 19.55980
v 7.11192 13.52709 19.40287
v 7.08499 13.13003 19.46749
v 7.08499 13.13003 19.46749
v 7.11192 13.52709 19.40287
v 7.04653 13.13003 19.55980
v 7.02963 13.13003 19.47908
v 7.15248 13.41524 19.59659
v 7.10189 13.13003 19.54820
v 7.10189 13.13003 19.54820
v 7.15248 13.41524 19.59659
v 7.02963 13.13003 19.47908
v -17.77243 17.77617 16.51955
v -17.94172 18.29061 16.53506
v -17.87202 17.77617 16.52868
v -17.87202 17.77617 16.52868
v -17.94172 18.29061 16.53506
v -17.77243 17.77617 16.51955
v -17.79157 17.77617 16.56361
v -17.89579 18.41954 16.42931
v -17.85288 17.77617 16.48461
v -17.85288 17.77617 16.48461
v -17.89579 18.41954 16.42931
v -17.79157 17.77617 16.56361
v -17.87195 17.77617 16.52939
v -17.70290 18.38604 16.51144
v -17.77250 17.77617 16.51883
v -17.77250 17.77617 16.51883
v -17.70290 18.38604 16.51144
v -17.87195 17.77617 16.52939
v -21.67963 1.21640 -0.99905
v -21.81526 1.49209 -1.10154
v -21.75942 1.21640 -1.05934
v -21.75942 1.21640 -1.05934
v -21.81526 1.49209 -1.10154
v -21.67963 1.21640 -0.99905
v -21.66952 1.21640 -1.02937
v -21.83952 1.85016 -1.02879
v -21.76952 1.21640 -1.02903
v -21.76952 1.21640 -1.02903
v -21.83952 1.85016 -1.02879
v -21.66952 1.21640 -1.02937
v -21.67100 1.21640 -1.01716
v -21.83599 1.48169 -1.05809
v -21.76805 1.21640 -1.04124
v -21.76805 1.21640 -1.04124
v -21.83599 1.48169 -1.05809
v -21.67100 1.21640 -1.01716
v -12.39090 16.13819 19.29349
v -12.49439 16.41582 19.15862
v -12.45178 16.13819 19.21415
v -12.45178 16.13819 19.21415
v -12.49439 16.41582 19.15862
v -12.39090 16.13819 19.29349
v -12.43548 16.13819 19.20586
v -12.38740 16.42473 19.36892
v -12.40720 16.13819 19.30178
v -12.40720 16.13819 19.30178
v -12.38740 16.42473 19.36892
v -12.43548 16.13819 19.20586
v -12.40446 16.13819 19.20676
v -12.46185 16.54000 19.36677
v -12.43822 16.13819 19.30088
v -12.43822 16.13819 19.30088
v -12.46185 16.54000 19.36677
v -12.40446 16.13819 19.20676
v 21.47014 15.39251 16.17960
v 21.63784 15.90222 16.15173
v 21.56879 15.39251 16.16321
v 21.56879 15.39251 16.16321
v 21.63784 15.90222 16.15173
v 21.47014 15.39251 16.17960
v 21.49174 15.39251 16.21301
v 21.58602 15.79145 16.07155
v 21.54720 15.39251 16.12980
v 21.54720 15.39251 16.12980
v 21.58602 15.79145 16.07155
v 21.49174 15.39251 16.21301
v 21.50623 15.39251 16.12319
v 21.55124 15.76543 16.28712
v 21.53270 15.39251 16.21962
v 21.53270 15.39251 16.21962
v 21.55124 15.76543 16.28712
v 21.50623 15.39251 16.12319
v -22.42130 0.77091 -9.43566
v -22.25563 1.39219 -9.47380
v -22.32385 0.77091 -9.45810
v -22.32385 0.77091 -9.45810
v -22.25563 1.39219 -9.47380
v -22.42130 0.77091 -9.43566
v -22.35084 0.77091 -9.40185
v -22.42474 1.02763 -9.55495
v -22.39431 0.77091 -9.49191
v -22.39431 0.77091 -9.49191
v -22.42474 1.02763 -9.55495
v -22.35084 0.77091 -9.40185
v -22.35856 0.77091 -9.39888
v -22.40620 1.34825 -9.56207
v -22.38658 0.77091 -9.49488
v -22.38658 0.77091 -9.49488
v -22.40620 1.34825 -9.56207
v -22.35856 0.77091 -9.39888
v -12.48909 0.72804 -6.51308
v -12.62137 1.17564 -6.40630
v -12.56690 0.72804 -6.45027
v -12.56690 0.72804 -6.45027
v -12.62137 1.17564 -6.40630
v -12.48909 0.72804 -6.51308
v -12.57409 0.72804 -6.50104
v -12.41736 1.31204 -6.43519
v -12.48190 0.72804 -6.46230
v -12.48190 0.72804 -6.46230
v -12.41736 1.31204 -6.43519
v -12.57409 0.72804 -6.50104
v -12.48639 0.72804 -6.45394
v -12.62784 1.19137 -6.54823
v -12.56960 0.72804 -6.50941
v -12.56960 0.72804 -6.50941
v -12.62784 1.19137 -6.54823
v -12.48639 0.72804 -6.45394
v 16.62181 13.67706 14.08445
v 16.50805 13.92799 13.95812
v 16.55489 13.67706 14.01014
v 16.55489 13.67706 14.01014
v 16.50805 13.92799 13.95812
v 16.62181 13.67706 14.08445
v 16.54099 13.67706 14.03125
v 16.70201 14.17895 14.08579
v 16.63571 13.67706 14.06333
v 16.63571 13.67706 14.06333
v 16.70201 14.17895 14.08579
v 16.54099 13.67706 14.03125
v 16.56781 13.67706 14.09288
v 16.63765 14.00091 13.93789
v 16.60889 13.67706 14.00171
v 16.60889 13.67706 14.00171
v 16.63765 14.00091 13.93789
v 16.56781 13.67706 14.09288
v 17.04161 14.17545 15.45223
v 17.12256 14.59350 15.30275
v 17.08923 14.17545 15.36430
v 17.08923 14.17545 15.36430
v 17.12256 14.59350 15.30275
v 17.04161 14.17545 15.45223
v 17.07608 14.17545 15.35942
v 17.03983 14.60848 15.52551
v 17.05476 14.17545 15.45712
v 17.05476 14.17545 15.45712
v 17.03983 14.60848 15.52551
v 17.07608 14.17545 15.35942
v 17.06839 14.17545 15.45818
v 17.05830 14.62981 15.28848
v 17.06245 14.17545 15.35836
v 17.06245 14.17545 15.35836
v 17.05830 14.62981 15.28848
v 17.06839 14.17545 15.45818
v 3.21770 11.00856 13.91541
v 3.37504 11.45143 13.85102
v 3.31025 11.00856 13.87753
v 3.31025 11.00856 13.87753
v 3.37504 11.45143 13.85102
v 3.21770 11.00856 13.91541
v 3.23308 11.00856 13.93578
v 3.33814 11.34703 13.80213
v 3.29488 11.00856 13.85716
v 3.29488 11.00856 13.85716
v 3.33814 11.34703 13.80213
v 3.23308 11.00856 13.93578
v 3.30826 11.00856 13.87326
v 3.15769 11.56941 13.95218
v 3.21969 11.00856 13.91968
v 3.21969 11.00856 13.91968
v 3.15769 11.56941 13.95218
v 3.30826 11.00856 13.87326
v -6.99864 12.03100 9.65346
v -7.15943 12.33188 9.70865
v -7.09322 12.03100 9.68593
v -7.09322 12.03100 9.68593
v -7.15943 12.33188 9.70865
v -6.99864 12.03100 9.65346
v -6.99796 12.03100 9.68380
v -7.16105 12.38699 9.63583
v -7.09390 12.03100 9.65558
v -7.09390 12.03100 9.65558
v -7.16105 12.38699 9.63583
v -6.99796 12.03100 9.68380
v -7.09034 12.03100 9.64672
v -6.93934 12.66403 9.72482
v -7.00152 12.03100 9.69266
v -7.00152 12.03100 9.69266
v -6.93934 12.66403 9.72482
v -7.09034 12.03100 9.64672
v 22.78569 17.94279 20.19807
v 22.95346 18.32725 20.22553
v 22.88438 17.94279 20.21422
v 22.88438 17.94279 20.21422
v 22.95346 18.32725 20.22553
v 22.78569 17.94279 20.19807
v 22.85746 17.94279 20.25084
v 22.78122 18.42234 20.09889
v 22.81261 17.94279 20.16145
v 22.81261 17.94279 20.16145
v 22.78122 18.42234 20.09889
v 22.85746 17.94279 20.25084
v 22.85837 17.94279 20.16192
v 22.77903 18.23249 20.31228
v 22.81170 17.94279 20.25037
v 22.81170 17.94279 20.25037
v 22.77903 18.23249 20.31228
v 22.85837 17.94279 20.16192
v -15.94877 0.84919 -10.31753
v -16.00349 1.21027 -10.15658
v -15.98096 0.84919 -10.22285
v -15.98096 0.84919 -10.22285
v -16.00349 1.21027 -10.15658
v -15.94877 0.84919 -10.31753
v -15.94054 0.84919 -10.31388
v -16.02324 1.33365 -10.16534
v -15.98919 0.84919 -10.22650
v -15.98919 0.84919 -10.22650
v -16.02324 1.33365 -10.16534
v -15.94054 0.84919 -10.31388
v -15.96705 0.84919 -10.32014
v -15.95963 1.16251 -10.15030
v -15.96268 0.84919 -10.22024
v -15.96268 0.84919 -10.22024
v -15.95963 1.16251 -10.15030
v -15.96705 0.84919 -10.32014
v -12.04212 13.63128 12.45294
v -12.18528 14.06412 12.54461
v -12.12633 13.63128 12.50686
v -12.12633 13.63128 12.50686
v -12.18528 14.06412 12.54461
v -12.04212 13.63128 12.45294
v -12.07804 13.63128 12.43028
v -12.09907 13.97791 12.59898
v -12.09041 13.63128 12.52951
v -12.09041 13.63128 12.52951
v -12.09907 13.97791 12.59898
v -12.07804 13.63128 12.43028
v -12.06035 13.63128 12.52383
v -12.14153 13.97142 12.37446
v -12.10810 13.63128 12.43597
v -12.10810 13.63128 12.43597
v -12.14153 13.97142 12.37446
v -12.06035 13.63128 12.52383
v 13.63153 0.66115 -0.33245
v 13.74125 1.11058 -0.46231
v 13.69607 0.66115 -0.40884
v 13.69607 0.66115 -0.40884
v 13.74125 1.11058 -0.46231
v 13.63153 0.66115 -0.33245
v 13.61381 0.66115 -0.37110
v 13.78380 1.28654 -0.36954
v 13.71380 0.66115 -0.37019
v 13.71380 0.66115 -0.37019
v 13.78380 1.28654 -0.36954
v 13.61381 0.66115 -0.37110
v 13.62405 0.66115 -0.34032
v 13.75921 1.22180 -0.44343
v 13.70356 0.66115 -0.40097
v 13.70356 0.66115 -0.40097
v 13.75921 1.22180 -0.44343
v 13.62405 0.66115 -0.34032
v -4.22663 11.41866 7.65722
v -4.29639 11.63962 7.50219
v -4.26766 11.41866 7.56602
v -4.26766 11.41866 7.56602
v -4.29639 11.63962 7.50219
v -4.22663 11.41866 7.65722
v -4.27123 11.41866 7.65544
v -4.18936 12.04778 7.50645
v -4.22307 11.41866 7.56780
v -4.22307 11.41866 7.56780
v -4.18936 12.04778 7.50645
v -4.27123 11.41866 7.65544
v -4.19875 11.41866 7.62419
v -4.36329 11.93527 7.58144
v -4.29554 11.41866 7.59905
v -4.29554 11.41866 7.59905
v -4.36329 11.93527 7.58144
v -4.19875 11.41866 7.62419
v 22.84333 0.63153 -8.40972
v 22.69750 0.92938 -8.32235
v 22.75755 0.63153 -8.35832
v 22.75755 0.63153 -8.35832
v 22.69750 0.92938 -8.32235
v 22.84333 0.63153 -8.40972
v 22.76705 0.63153 -8.34680
v 22.88058 1.16327 -8.47334
v 22.83383 0.63153 -8.42124
v 22.83383 0.63153 -8.42124
v 22.88058 1.16327 -8.47334
v 22.76705 0.63153 -8.34680
v 22.80667 0.63153 -8.33441
v 22.78550 1.24931 -8.50309
v 22.79422 0.63153 -8.43363
v 22.79422 0.63153 -8.43363
v 22.78550 1.24931 -8.50309
v 22.80667 0.63153 -8.33441
v -13.99949 16.18030 17.21993
v -13.92033 16.66466 17.06949
v -13.95292 16.18030 17.13144
v -13.95292 16.18030 17.13144
v -13.92033 16.66466 17.06949
v -13.99949 16.18030 17.21993
v -13.98785 16.18030 17.22431
v -13.94826 16.56977 17.05898
v -13.96456 16.18030 17.12706
v -13.96456 16.18030 17.12706
v -13.94826 16.56977 17.05898
v -13.98785 16.18030 17.22431
v -13.98642 16.18030 17.12674
v -13.95171 16.47788 17.29316
v -13.96600 16.18030 17.22463
v -13.96600 16.18030 17.22463
v -13.95171 16.47788 17.29316
v -13.98642 16.18030 17.12674
v -7.91456 12.48688 12.28427
v -7.91185 13.01831 12.11429
v -7.91297 12.48688 12.18428
v -7.91297 12.48688 12.18428
v -7.91185 13.01831 12.11429
v -7.91456 12.48688 12.28427
v -7.86380 12.48688 12.23240
v -8.03368 12.78679 12.23876
v -7.96373 12.48688 12.23614
v -7.96373 12.48688 12.23614
v -8.03368 12.78679 12.23876
v -7.86380 12.48688 12.23240
v -7.95779 12.48688 12.25798
v -7.80811 12.96794 12.17739
v -7.86974 12.48688 12.21057
v -7.86974 12.48688 12.21057
v -7.80811 12.96794 12.17739
v -7.95779 12.48688 12.25798
v 19.55214 16.84099 18.95764
v 19.65000 17.18150 19.09665
v 19.60971 16.84099 19.03941
v 19.60971 16.84099 19.03941
v 19.65000 17.18150 19.09665
v 19.55214 16.84099 18.95764
v 19.61872 16.84099 18.96578
v 19.49023 17.07773 19.07710
v 19.54314 16.84099 19.03127
v 19.54314 16.84099 19.03127
v 19.49023 17.07773 19.07710
v 19.61872 16.84099 18.96578
v 19.56329 16.84099 19.04531
v 19.62327 17.14084 18.88624
v 19.59857 16.84099 18.95174
v 19.59857 16.84099 18.95174
v 19.62327 17.14084 18.88624
v 19.56329 16.84099 19.04531
v -13.71618 1.62621 -0.26396
v -13.88381 2.26430 -0.23568
v -13.81479 1.62621 -0.24733
v -13.81479 1.62621 -0.24733
v -13.88381 2.26430 -0.23568
v -13.71618 1.62621 -0.26396
v -13.73052 1.62621 -0.29139
v -13.84938 1.99231 -0.16985
v -13.80044 1.62621 -0.21990
v -13.80044 1.62621 -0.21990
v -13.84938 1.99231 -0.16985
v -13.73052 1.62621 -0.29139
v -13.72726 1.62621 -0.28788
v -13.85722 1.97011 -0.17829
v -13.80371 1.62621 -0.22341
v -13.80371 1.62621 -0.22341
v -13.85722 1.97011 -0.17829
v -13.72726 1.62621 -0.28788
v 16.20318 14.42396 16.15436
v 16.25336 15.05738 16.31679
v 16.23270 14.42396 16.24990
v 16.23270 14.42396 16.24990
v 16.25336 15.05738 16.31679
v 16.20318 14.42396 16.15436
v 16.17812 14.42396 16.17189
v 16.31351 14.96463 16.27470
v 16.25776 14.42396 16.23237
v 16.25776 14.42396 16.23237
v 16.31351 14.96463 16.27470
v 16.17812 14.42396 16.17189
v 16.19893 14.42396 16.15588
v 16.26355 14.80321 16.31312
v 16.23694 14.42396 16.24838
v 16.23694 14.42396 16.24838
v 16.26355 14.80321 16.31312
v 16.19893 14.42396 16.15588
v -17.66207 18.45594 20.77506
v -17.82952 18.69993 20.80439
v -17.76057 18.45594 20.79231
v -17.76057 18.45594 20.79231
v -17.82952 18.69993 20.80439
v -17.66207 18.45594 20.77506
v -17.69369 18.45594 20.83047
v -17.75364 18.96247 20.67140
v -17.72896 18.45594 20.73690
v -17.72896 18.45594 20.73690
v -17.75364 18.96247 20.67140
v -17.69369 18.45594 20.83047
v -17.66729 18.45594 20.80738
v -17.81700 18.71049 20.72683
v -17.75535 18.45594 20.75999
v -17.75535 18.45594 20.75999
v -17.81700 18.71049 20.72683
v -17.66729 18.45594 20.80738
v 5.25640 13.00507 20.79606
v 5.42007 13.56565 20.75009
v 5.35268 13.00507 20.76902
v 5.35268 13.00507 20.76902
v 5.42007 13.56565 20.75009
v 5.25640 13.00507 20.79606
v 5.31462 13.00507 20.83152
v 5.28034 13.52920 20.66501
v 5.29446 13.00507 20.73357
v 5.29446 13.00507 20.73357
v 5.28034 13.52920 20.66501
v 5.31462 13.00507 20.83152
v 5.25459 13.00507 20.78477
v 5.42442 13.62691 20.77719
v 5.35449 13.00507 20.78031
v 5.35449 13.00507 20.78031
v 5.42442 13.62691 20.77719
v 5.25459 13.00507 20.78477
v 9.07105 0.85541 -5.89521
v 9.06037 1.36582 -5.72554
v 9.06477 0.85541 -5.79541
v 9.06477 0.85541 -5.79541
v 9.06037 1.36582 -5.72554
v 9.07105 0.85541 -5.89521
v 9.01796 0.85541 -5.84305
v 9.18778 1.34872 -5.85073
v 9.11786 0.85541 -5.84757
v 9.11786 0.85541 -5.84757
v 9.18778 1.34872 -5.85073
v 9.01796 0.85541 -5.84305
v 9.04723 0.85541 -5.79978
v 9.11753 1.24563 -5.95456
v 9.08859 0.85541 -5.89083
v 9.08859 0.85541 -5.89083
v 9.11753 1.24563 -5.95456
v 9.04723 0.85541 -5.79978
v 12.91858 1.01380 -12.18847
v 12.87892 1.50995 -12.35378
v 12.89525 1.01380 -12.28571
v 12.89525 1.01380 -12.28571
v 12.87892 1.50995 -12.35378
v 12.91858 1.01380 -12.18847
v 12.93314 1.01380 -12.27966
v 12.84397 1.48205 -12.13492
v 12.88069 1.01380 -12.19452
v 12.88069 1.01380 -12.19452
v 12.84397 1.48205 -12.13492
v 12.93314 1.01380 -12.27966
v 12.92224 1.01380 -12.28468
v 12.87013 1.41614 -12.12286
v 12.89159 1.01380 -12.18949
v 12.89159 1.01380 -12.18949
v 12.87013 1.41614 -12.12286
v 12.92224 1.01380 -12.28468
v 10.61257 14.00540 20.75617
v 10.65593 14.31143 20.92055
v 10.63807 14.00540 20.85287
v 10.63807 14.00540 20.85287
v 10.65593 14.31143 20.92055
v 10.61257 14.00540 20.75617
v 10.60433 14.00540 20.75914
v 10.67571 14.56856 20.91343
v 10.64631 14.00540 20.84990
v 10.64631 14.00540 20.84990
v 10.67571 14.56856 20.91343
v 10.60433 14.00540 20.75914
v 10.58293 14.00540 20.83103
v 10.72707 14.29196 20.74090
v 10.66772 14.00540 20.77801
v 10.66772 14.00540 20.77801
v 10.72707 14.29196 20.74090
v 10.58293 14.00540 20.83103
v 16.36670 0.59872 -16.97734
v 16.41804 1.04663 -17.13940
v 16.39690 0.59872 -17.07266
v 16.39690 0.59872 -17.07266
v 16.41804 1.04663 -17.13940
v 16.36670 0.59872 -16.97734
v 16.40988 0.59872 -16.98363
v 16.31441 1.00490 -17.12429
v 16.35372 0.59872 -17.06637
v 16.35372 0.59872 -17.06637
v 16.31441 1.00490 -17.12429
v 16.40988 0.59872 -16.98363
v 16.43030 0.59872 -17.03714
v 16.26539 1.11098 -16.99585
v 16.33330 0.59872 -17.01286
v 16.33330 0.59872 -17.01286
v 16.26539 1.11098 -16.99585
v 16.43030 0.59872 -17.03714
v -9.67314 0.57028 -9.03153
v -9.58790 0.81277 -9.17862
v -9.62300 0.57028 -9.11805
v -9.62300 0.57028 -9.11805
v -9.58790 0.81277 -9.17862
v -9.67314 0.57028 -9.03153
v -9.69387 0.57028 -9.09484
v -9.53814 1.11635 -9.02668
v -9.60226 0.57028 -9.05474
v -9.60226 0.57028 -9.05474
v -9.53814 1.11635 -9.02668
v -9.69387 0.57028 -9.09484
v -9.64802 0.57028 -9.02479
v -9.64817 1.08520 -9.19479
v -9.64811 0.57028 -9.12479
v -9.64811 0.57028 -9.12479
v -9.64817 1.08520 -9.19479
v -9.64802 0.57028 -9.02479
v -12.87693 1.84994 3.08336
v -13.02623 2.18624 3.00208
v -12.96475 1.84994 3.03555
v -12.96475 1.84994 3.03555
v -13.02623 2.18624 3.00208
v -12.87693 1.84994 3.08336
v -12.96200 1.84994 3.08784
v -12.82205 2.08309 2.99133
v -12.87968 1.84994 3.03107
v -12.87968 1.84994 3.03107
v -12.82205 2.08309 2.99133
v -12.96200 1.84994 3.08784
v -12.90574 1.84994 3.10712
v -12.95708 2.19398 2.94506
v -12.93594 1.84994 3.01179
v -12.93594 1.84994 3.01179
v -12.95708 2.19398 2.94506
v -12.90574 1.84994 3.10712
v 11.10756 14.49858 21.65569
v 10.97161 14.84339 21.55362
v 11.02759 14.49858 21.59565
v 11.02759 14.49858 21.59565
v 10.97161 14.84339 21.55362
v 11.10756 14.49858 21.65569
v 11.11309 14.49858 21.64636
v 10.95833 14.82921 21.57602
v 11.02205 14.49858 21.60499
v 11.02205 14.49858 21.60499
v 10.95833 14.82921 21.57602
v 11.11309 14.49858 21.64636
v 11.06809 14.49858 21.67567
v 11.06633 14.98044 21.50568
v 11.06705 14.49858 21.57567
v 11.06705 14.49858 21.57567
v 11.06633 14.98044 21.50568
v 11.06809 14.49858 21.67567
v 8.64527 0.79315 -6.63113
v 8.53190 1.05662 -6.75781
v 8.57858 0.79315 -6.70565
v 8.57858 0.79315 -6.70565
v 8.53190 1.05662 -6.75781
v 8.64527 0.79315 -6.63113
v 8.64052 0.79315 -6.70941
v 8.54331 1.16235 -6.56995
v 8.58333 0.79315 -6.62737
v 8.58333 0.79315 -6.62737
v 8.54331 1.16235 -6.56995
v 8.64052 0.79315 -6.70941
v 8.58332 0.79315 -6.70940
v 8.68059 1.40563 -6.56998
v 8.64053 0.79315 -6.62739
v 8.64053 0.79315 -6.62739
v 8.68059 1.40563 -6.56998
v 8.58332 0.79315 -6.70940
v -4.46233 12.28077 13.47196
v -4.62770 12.88401 13.51139
v -4.55961 12.28077 13.49515
v -4.55961 12.28077 13.49515
v -4.62770 12.88401 13.51139
v -4.46233 12.28077 13.47196
v -4.47819 12.28077 13.52131
v -4.58964 12.52273 13.39294
v -4.54375 12.28077 13.44580
v -4.54375 12.28077 13.44580
v -4.58964 12.52273 13.39294
v -4.47819 12.28077 13.52131
v -4.48273 12.28077 13.44229
v -4.57874 12.60880 13.58258
v -4.53921 12.28077 13.52482
v -4.53921 12.28077 13.52482
v -4.57874 12.60880 13.58258
v -4.48273 12.28077 13.44229
v 19.65214 0.90713 -17.67800
v 19.55794 1.48573 -17.53648
v 19.59673 0.90713 -17.59475
v 19.59673 0.90713 -17.59475
v 19.55794 1.48573 -17.53648
v 19.65214 0.90713 -17.67800
v 19.57700 0.90713 -17.62056
v 19.73827 1.14292 -17.67433
v 19.67187 0.90713 -17.65219
v 19.67187 0.90713 -17.65219
v 19.73827 1.14292 -17.67433
v 19.57700 0.90713 -17.62056
v 19.64660 0.90713 -17.59156
v 19.57122 1.55006 -17.74393
v 19.60226 0.90713 -17.68119
v 19.60226 0.90713 -17.68119
v 19.57122 1.55006 -17.74393
v 19.64660 0.90713 -17.59156
v 17.77001 12.34630 9.55300
v 17.60553 12.95298 9.59595
v 17.67326 12.34630 9.57826
v 17.67326 12.34630 9.57826
v 17.60553 12.95298 9.59595
v 17.77001 12.34630 9.55300
v 17.73656 12.34630 9.51791
v 17.68581 12.99525 9.68016
v 17.70671 12.34630 9.61335
v 17.70671 12.34630 9.61335
v 17.68581 12.99525 9.68016
v 17.73656 12.34630 9.51791
v 17.74855 12.34630 9.60777
v 17.65704 12.87234 9.46450
v 17.69472 12.34630 9.52350
v 17.69472 12.34630 9.52350
v 17.65704 12.87234 9.46450
v 17.74855 12.34630 9.60777
v -16.26850 1.47257 0.64602
v -16.29582 1.80867 0.81381
v -16.28457 1.47257 0.74472
v -16.28457 1.47257 0.74472
v -16.29582 1.80867 0.81381
v -16.26850 1.47257 0.64602
v -16.30725 1.47257 0.73483
v -16.20282 1.71885 0.60068
v -16.24582 1.47257 0.65592
v -16.24582 1.47257 0.65592
v -16.20282 1.71885 0.60068
v -16.30725 1.47257 0.73483
v -16.30390 1.47257 0.73722
v -16.21087 1.84606 0.59493
v -16.24917 1.47257 0.65352
v -16.24917 1.47257 0.65352
v -16.21087 1.84606 0.59493
v -16.30390 1.47257 0.73722
v 10.20602 0.54711 -3.76477
v 10.06503 1.11146 -3.85975
v 10.12308 0.54711 -3.82064
v 10.12308 0.54711 -3.82064
v 10.06503 1.11146 -3.85975
v 10.20602 0.54711 -3.76477
v 10.14814 0.54711 -3.83993
v 10.20393 1.01564 -3.67935
v 10.18096 0.54711 -3.74547
v 10.18096 0.54711 -3.74547
v 10.20393 1.01564 -3.67935
v 10.14814 0.54711 -3.83993
v 10.20301 0.54711 -3.82465
v 10.07223 0.85762 -3.71604
v 10.12608 0.54711 -3.76076
v 10.12608 0.54711 -3.76076
v 10.07223 0.85762 -3.71604
v 10.20301 0.54711 -3.82465
v 15.42019 14.69322 17.21159
v 15.58423 15.00352 17.25622
v 15.51669 14.69322 17.23784
v 15.51669 14.69322 17.23784
v 15.58423 15.00352 17.25622
v 15.42019 14.69322 17.21159
v 15.44283 14.69322 17.26766
v 15.52992 15.18766 17.12166
v 15.49406 14.69322 17.18177
v 15.49406 14.69322 17.18177
v 15.52992 15.18766 17.12166
v 15.44283 14.69322 17.26766
v 15.45048 14.69322 17.27138
v 15.51156 15.06111 17.11273
v 15.48641 14.69322 17.17805
v 15.48641 14.69322 17.17805
v 15.51156 15.06111 17.11273
v 15.45048 14.69322 17.27138
v 15.89841 0.73822 -9.43131
v 15.95427 1.36889 -9.59187
v 15.93127 0.73822 -9.52576
v 15.93127 0.73822 -9.52576
v 15.95427 1.36889 -9.59187
v 15.89841 0.73822 -9.43131
v 15.86486 0.73822 -9.47707
v 16.03479 1.38257 -9.48204
v 15.96482 0.73822 -9.47999
v 15.96482 0.73822 -9.47999
v 16.03479 1.38257 -9.48204
v 15.86486 0.73822 -9.47707
v 15.87056 0.73822 -9.45531
v 16.02111 1.05432 -9.53427
v 15.95912 0.73822 -9.50176
v 15.95912 0.73822 -9.50176
v 16.02111 1.05432 -9.53427
v 15.87056 0.73822 -9.45531
v 5.46709 11.69628 13.55883
v 5.63356 12.28312 13.59329
v 5.56501 11.69628 13.57910
v 5.56501 11.69628 13.57910
v 5.63356 12.28312 13.59329
v 5.46709 11.69628 13.55883
v 5.47995 11.69628 13.53437
v 5.60268 12.25850 13.65200
v 5.55215 11.69628 13.60356
v 5.55215 11.69628 13.60356
v 5.60268 12.25850 13.65200
v 5.47995 11.69628 13.53437
v 5.46810 11.69628 13.55481
v 5.63114 12.31462 13.60294
v 5.56400 11.69628 13.58312
v 5.56400 11.69628 13.58312
v 5.63114 12.31462 13.60294
v 5.46810 11.69628 13.55481
v 10.03301 0.97021 -10.51985
v 10.18506 1.24816 -10.44382
v 10.12245 0.97021 -10.47513
v 10.12245 0.97021 -10.47513
v 10.18506 1.24816 -10.44382
v 10.03301 0.97021 -10.51985
v 10.10521 0.97021 -10.45571
v 10.01179 1.46066 -10.59775
v 10.05026 0.97021 -10.53926
v 10.05026 0.97021 -10.53926
v 10.01179 1.46066 -10.59775
v 10.10521 0.97021 -10.45571
v 10.08281 0.97021 -10.54723
v 10.06554 1.34302 -10.37811
v 10.07265 0.97021 -10.44775
v 10.07265 0.97021 -10.44775
v 10.06554 1.34302 -10.37811
v 10.08281 0.97021 -10.54723
v 22.47165 1.29620 -0.16713
v 22.43500 1.70633 -0.33313
v 22.45009 1.29620 -0.26478
v 22.45009 1.29620 -0.26478
v 22.43500 1.70633 -0.33313
v 22.47165 1.29620 -0.16713
v 22.45403 1.29620 -0.26548
v 22.47726 1.61047 -0.09708
v 22.46770 1.29620 -0.16642
v 22.46770 1.29620 -0.16642
v 22.47726 1.61047 -0.09708
v 22.45403 1.29620 -0.26548
v 22.50737 1.29620 -0.19759
v 22.34925 1.59758 -0.26001
v 22.41436 1.29620 -0.23431
v 22.41436 1.29620 -0.23431
v 22.34925 1.59758 -0.26001
v 22.50737 1.29620 -0.19759
v 18.93104 1.34057 0.07563
v 18.99654 1.66934 0.23251
v 18.96957 1.34057 0.16791
v 18.96957 1.34057 0.16791
v 18.99654 1.66934 0.23251
v 18.93104 1.34057 0.07563
v 18.90926 1.34057 0.15031
v 19.04883 1.64216 0.05326
v 18.99136 1.34057 0.09322
v 18.99136 1.34057 0.09322
v 19.04883 1.64216 0.05326
v 18.90926 1.34057 0.15031
v 18.95134 1.34057 0.17176
v 18.94784 1.59945 0.00179
v 18.94928 1.34057 0.07178
v 18.94928 1.34057 0.07178
v 18.94784 1.59945 0.00179
v 18.95134 1.34057 0.17176
v -22.29807 19.33295 19.28178
v -22.35135 19.81150 19.12034
v -22.32941 19.33295 19.18682
v -22.32941 19.33295 19.18682
v -22.35135 19.81150 19.12034
v -22.29807 19.33295 19.28178
v -22.36108 19.33295 19.25040
v -22.20014 19.63863 19.19564
v -22.26641 19.33295 19.21819
v -22.26641 19.33295 19.21819
v -22.20014 19.63863 19.19564
v -22.36108 19.33295 19.25040
v -22.26429 19.33295 19.24171
v -22.43241 19.71089 19.21650
v -22.36319 19.33295 19.22688
v -22.36319 19.33295 19.22688
v -22.43241 19.71089 19.21650
v -22.26429 19.33295 19.24171
v -9.98151 12.39192 9.96221
v -10.03472 12.85109 9.80075
v -10.01281 12.39192 9.86723
v -10.01281 12.39192 9.86723
v -10.03472 12.85109 9.80075
v -9.98151 12.39192 9.96221
v -9.95463 12.39192 9.88843
v -10.09924 12.72895 9.97781
v -10.03969 12.39192 9.94100
v -10.03969 12.39192 9.94100
v -10.09924 12.72895 9.97781
v -9.95463 12.39192 9.88843
v -9.98144 12.39192 9.86726
v -10.03490 13.00446 10.02863
v -10.01288 12.39192 9.96218
v -10.01288 12.39192 9.96218
v -10.03490 13.00446 10.02863
v -9.98144 12.39192 9.86726
v -15.32848 17.01567 17.81422
v -15.49766 17.30295 17.79754
v -15.42800 17.01567 17.80441
v -15.42800 17.01567 17.80441
v -15.49766 17.30295 17.79754
v -15.32848 17.01567 17.81422
v -15.33924 17.01567 17.77803
v -15.47184 17.57977 17.88441
v -15.41724 17.01567 17.84060
v -15.41724 17.01567 17.84060
v -15.47184 17.57977 17.88441
v -15.33924 17.01567 17.77803
v -15.33272 17.01567 17.78862
v -15.48748 17.55230 17.85898
v -15.42376 17.01567 17.83001
v -15.42376 17.01567 17.83001
v -15.48748 17.55230 17.85898
v -15.33272 17.01567 17.78862
v 12.63140 0.68437 -0.38996
v 12.78224 1.03293 -0.31156
v 12.72013 0.68437 -0.34384
v 12.72013 0.68437 -0.34384
v 12.78224 1.03293 -0.31156
v 12.63140 0.68437 -0.38996
v 12.71007 0.68437 -0.40328
v 12.59344 1.11978 -0.27959
v 12.64146 0.68437 -0.33052
v 12.64146 0.68437 -0.33052
v 12.59344 1.11978 -0.27959
v 12.71007 0.68437 -0.40328
v 12.63477 0.68437 -0.33828
v 12.77415 0.96909 -0.43560
v 12.71676 0.68437 -0.39553
v 12.71676 0.68437 -0.39553
v 12.77415 0.96909 -0.43560
v 12.63477 0.68437 -0.33828
v 22.89957 0.70714 -10.17146
v 23.05703 1.17848 -10.23554
v 22.99219 0.70714 -10.20915
v 22.99219 0.70714 -10.20915
v 23.05703 1.17848 -10.23554
v 22.89957 0.70714 -10.17146
v 22.89843 0.70714 -10.17455
v 23.05977 0.97184 -10.22811
v 22.99333 0.70714 -10.20606
v 22.99333 0.70714 -10.20606
v 23.05977 0.97184 -10.22811
v 22.89843 0.70714 -10.17455
v 22.92828 0.70714 -10.14351
v 22.98812 1.28105 -10.30262
v 22.96348 0.70714 -10.23710
v 22.96348 0.70714 -10.23710
v 22.98812 1.28105 -10.30262
v 22.92828 0.70714 -10.14351
v -14.95566 1.72557 0.72342
v -14.79706 2.03409 0.78464
v -14.86237 1.72557 0.75943
v -14.86237 1.72557 0.75943
v -14.79706 2.03409 0.78464
v -14.95566 1.72557 0.72342
v -14.91259 1.72557 0.79130
v -14.90044 2.32075 0.62173
v -14.90544 1.72557 0.69156
v -14.90544 1.72557 0.69156
v -14.90044 2.32075 0.62173
v -14.91259 1.72557 0.79130
v -14.92416 1.72557 0.69378
v -14.87265 2.22931 0.85579
v -14.89386 1.72557 0.78908
v -14.89386 1.72557 0.78908
v -14.87265 2.22931 0.85579
v -14.92416 1.72557 0.69378
v 1.85688 10.81684 17.39732
v 1.76366 11.37077 17.53948
v 1.80205 10.81684 17.48094
v 1.80205 10.81684 17.48094
v 1.76366 11.37077 17.53948
v 1.85688 10.81684 17.39732
v 1.82456 10.81684 17.38937
v 1.84123 11.35915 17.55855
v 1.83437 10.81684 17.48889
v 1.83437 10.81684 17.48889
v 1.84123 11.35915 17.55855
v 1.82456 10.81684 17.38937
v 1.82255 10.81684 17.48865
v 1.84605 11.22091 17.32028
v 1.83638 10.81684 17.38961
v 1.83638 10.81684 17.38961
v 1.84605 11.22091 17.32028
v 1.82255 10.81684 17.48865
v -15.97113 15.98467 13.28898
v -15.81207 16.57284 13.34898
v -15.87757 15.98467 13.32428
v -15.87757 15.98467 13.32428
v -15.81207 16.57284 13.34898
v -15.97113 15.98467 13.28898
v -15.89354 15.98467 13.26725
v -15.99829 16.37606 13.40114
v -15.95516 15.98467 13.34601
v -15.95516 15.98467 13.34601
v -15.99829 16.37606 13.40114
v -15.89354 15.98467 13.26725
v -15.88752 15.98467 13.34045
v -16.01274 16.49183 13.22546
v -15.96118 15.98467 13.27281
v -15.96118 15.98467 13.27281
v -16.01274 16.49183 13.22546
v -15.88752 15.98467 13.34045
v -20.42684 18.35103 16.42336
v -20.59534 18.86439 16.40078
v -20.52596 18.35103 16.41008
v -20.52596 18.35103 16.41008
v -20.59534 18.86439 16.40078
v -20.42684 18.35103 16.42336
v -20.52636 18.35103 16.41465
v -20.35650 18.92353 16.42167
v -20.42644 18.35103 16.41878
v -20.42644 18.35103 16.41878
v -20.35650 18.92353 16.42167
v -20.52636 18.35103 16.41465
v -20.47657 18.35103 16.36672
v -20.47599 18.81912 16.53672
v -20.47623 18.35103 16.46672
v -20.47623 18.35103 16.46672
v -20.47599 18.81912 16.53672
v -20.47657 18.35103 16.36672
v -1.68487 10.69220 15.16330
v -1.61817 10.94086 15.00693
v -1.64563 10.69220 15.07131
v -1.64563 10.69220 15.07131
v -1.61817 10.94086 15.00693
v -1.68487 10.69220 15.16330
v -1.70932 10.69220 15.09368
v -1.55949 10.95252 15.17399
v -1.62118 10.69220 15.14093
v -1.62118 10.69220 15.14093
v -1.55949 10.95252 15.17399
v -1.70932 10.69220 15.09368
v -1.68971 10.69220 15.07370
v -1.60655 11.34213 15.22197
v -1.64079 10.69220 15.16091
v -1.64079 10.69220 15.16091
v -1.60655 11.34213 15.22197
v -1.68971 10.69220 15.07370
v 16.54026 16.77243 20.98196
v 16.51804 17.11724 20.81342
v 16.52719 16.77243 20.88282
v 16.52719 16.77243 20.88282
v 16.51804 17.11724 20.81342
v 16.54026 16.77243 20.98196
v 16.48545 16.77243 20.94540
v 16.64959 17.34579 20.90115
v 16.58200 16.77243 20.91937
v 16.58200 16.77243 20.91937
v 16.64959 17.34579 20.90115
v 16.48545 16.77243 20.94540
v 16.54230 16.77243 20.88313
v 16.51316 17.04138 21.05061
v 16.52516 16.77243 20.98165
v 16.52516 16.77243 20.98165
v 16.51316 17.04138 21.05061
v 16.54230 16.77243 20.88313
v 18.19302 0.71398 -16.79856
v 18.18166 1.35825 -16.96818
v 18.18634 0.71398 -16.89833
v 18.18634 0.71398 -16.89833
v 18.18166 1.35825 -16.96818
v 18.19302 0.71398 -16.79856
v 18.23858 0.71398 -16.85885
v 18.07231 1.26813 -16.82346
v 18.14077 0.71398 -16.83804
v 18.14077 0.71398 -16.83804
v 18.07231 1.26813 -16.82346
v 18.23858 0.71398 -16.85885
v 18.14254 0.71398 -16.83176
v 18.30280 1.13168 -16.88848
v 18.23681 0.71398 -16.86513
v 18.23681 0.71398 -16.86513
v 18.30280 1.13168 -16.88848
v 18.14254 0.71398 -16.83176
v -12.78619 16.41915 19.71800
v -12.78437 16.73761 19.88799
v -12.78512 16.41915 19.81799
v -12.78512 16.41915 19.81799
v -12.78437 16.73761 19.88799
v -12.78619 16.41915 19.71800
v -12.75457 16.41915 19.80716
v -12.86024 16.98269 19.67399
v -12.81673 16.41915 19.72883
v -12.81673 16.41915 19.72883
v -12.86024 16.98269 19.67399
v -12.75457 16.41915 19.80716
v -12.74971 16.41915 19.73323
v -12.87191 16.83099 19.85142
v -12.82159 16.41915 19.80275
v -12.82159 16.41915 19.80275
v -12.87191 16.83099 19.85142
v -12.74971 16.41915 19.73323
v 5.38366 11.09760 10.45585
v 5.51839 11.43072 10.55952
v 5.46292 11.09760 10.51683
v 5.46292 11.09760 10.51683
v 5.51839 11.43072 10.55952
v 5.38366 11.09760 10.45585
v 5.41235 11.09760 10.43755
v 5.44955 11.41391 10.60343
v 5.43423 11.09760 10.53513
v 5.43423 11.09760 10.53513
v 5.44955 11.41391 10.60343
v 5.41235 11.09760 10.43755
v 5.37331 11.09760 10.48503
v 5.54325 11.45996 10.48949
v 5.47327 11.09760 10.48765
v 5.47327 11.09760 10.48765
v 5.54325 11.45996 10.48949
v 5.37331 11.09760 10.48503
v 17.98910 0.45794 -11.74851
v 17.85179 0.88883 -11.84875
v 17.90833 0.45794 -11.80747
v 17.90833 0.45794 -11.80747
v 17.85179 0.88883 -11.84875
v 17.98910 0.45794 -11.74851
v 17.89887 0.45794 -11.77401
v 18.06833 1.05448 -11.78756
v 17.99856 0.45794 -11.78198
v 17.99856 0.45794 -11.78198
v 18.06833 1.05448 -11.78756
v 17.89887 0.45794 -11.77401
v 17.91235 0.45794 -11.74368
v 18.03600 0.69128 -11.86034
v 17.98509 0.45794 -11.81230
v 17.98509 0.45794 -11.81230
v 18.03600 0.69128 -11.86034
v 17.91235 0.45794 -11.74368
v 18.24115 0.59225 -13.96455
v 18.14371 1.23515 -14.10386
v 18.18383 0.59225 -14.04650
v 18.18383 0.59225 -14.04650
v 18.14371 1.23515 -14.10386
v 18.24115 0.59225 -13.96455
v 18.20377 0.59225 -13.95629
v 18.23343 0.87952 -14.12369
v 18.22121 0.59225 -14.05476
v 18.22121 0.59225 -14.05476
v 18.23343 0.87952 -14.12369
v 18.20377 0.59225 -13.95629
v 18.20768 0.59225 -13.95576
v 18.22402 1.09595 -14.12497
v 18.21730 0.59225 -14.05529
v 18.21730 0.59225 -14.05529
v 18.22402 1.09595 -14.12497
v 18.20768 0.59225 -13.95576
v 19.21783 1.36375 0.85404
v 19.32667 1.87719 0.72345
v 19.28185 1.36375 0.77723
v 19.28185 1.36375 0.77723
v 19.32667 1.87719 0.72345
v 19.21783 1.36375 0.85404
v 19.20956 1.36375 0.78601
v 19.34650 1.78710 0.88674
v 19.29011 1.36375 0.84526
v 19.29011 1.36375 0.84526
v 19.34650 1.78710 0.88674
v 19.20956 1.36375 0.78601
v 19.19992 1.36375 0.81851
v 19.36964 1.61859 0.80873
v 19.29976 1.36375 0.81276
v 19.29976 1.36375 0.81276
v 19.36964 1.61859 0.80873
v 19.19992 1.36375 0.81851
v 3.64185 11.42074 14.12397
v 3.72460 11.98914 14.27247
v 3.69052 11.42074 14.21132
v 3.69052 11.42074 14.21132
v 3.72460 11.98914 14.27247
v 3.64185 11.42074 14.12397
v 3.71029 11.42074 14.19119
v 3.56032 11.64907 14.11114
v 3.62207 11.42074 14.14410
v 3.62207 11.42074 14.14410
v 3.56032 11.64907 14.11114
v 3.71029 11.42074 14.19119
v 3.64046 11.42074 14.12477
v 3.72793 11.97512 14.27054
v 3.69191 11.42074 14.21052
v 3.69191 11.42074 14.21052
v 3.72793 11.97512 14.27054
v 3.64046 11.42074 14.12477
v 20.69061 0.66172 -7.97175
v 20.55205 0.94684 -8.07024
v 20.60910 0.66172 -8.02969
v 20.60910 0.66172 -8.02969
v 20.55205 0.94684 -8.07024
v 20.69061 0.66172 -7.97175
v 20.68905 0.66172 -7.96967
v 20.55579 1.28275 -8.07523
v 20.61066 0.66172 -8.03177
v 20.61066 0.66172 -8.03177
v 20.55579 1.28275 -8.07523
v 20.68905 0.66172 -7.96967
v 20.60048 0.66172 -8.00856
v 20.76837 0.98280 -7.98189
v 20.69924 0.66172 -7.99288
v 20.69924 0.66172 -7.99288
v 20.76837 0.98280 -7.98189
v 20.60048 0.66172 -8.00856
v 20.98350 0.68875 -7.77917
v 21.02053 1.04104 -7.61326
v 21.00528 0.68875 -7.68157
v 21.00528 0.68875 -7.68157
v 21.02053 1.04104 -7.61326
v 20.98350 0.68875 -7.77917
v 20.95098 0.68875 -7.70556
v 21.09856 1.05027 -7.78994
v 21.03780 0.68875 -7.75519
v 21.03780 0.68875 -7.75519
v 21.09856 1.05027 -7.78994
v 20.95098 0.68875 -7.70556
v 21.04403 0.68875 -7.72439
v 20.87525 0.93561 -7.74473
v 20.94475 0.68875 -7.73635
v 20.94475 0.68875 -7.73635
v 20.87525 0.93561 -7.74473
v 21.04403 0.68875 -7.72439
v 4.13105 12.83822 20.76747
v 3.96402 13.11278 20.73583
v 4.03280 12.83822 20.74886
v 4.03280 12.83822 20.74886
v 3.96402 13.11278 20.73583
v 4.13105 12.83822 20.76747
v 4.13156 12.83822 20.75216
v 3.96279 13.25069 20.77257
v 4.03229 12.83822 20.76417
v 4.03229 12.83822 20.76417
v 3.96279 13.25069 20.77257
v 4.13156 12.83822 20.75216
v 4.11855 12.83822 20.72413
v 3.99402 13.31789 20.83985
v 4.04530 12.83822 20.79220
v 4.04530 12.83822 20.79220
v 3.99402 13.31789 20.83985
v 4.11855 12.83822 20.72413
v -22.55905 13.97369 6.71904
v -22.72786 14.37472 6.73917
v -22.65835 13.97369 6.73088
v -22.65835 13.97369 6.73088
v -22.72786 14.37472 6.73917
v -22.55905 13.97369 6.71904
v -22.57011 13.97369 6.75675
v -22.70132 14.49495 6.64866
v -22.64729 13.97369 6.69317
v -22.64729 13.97369 6.69317
v -22.70132 14.49495 6.64866
v -22.57011 13.97369 6.75675
v -22.56270 13.97369 6.70537
v -22.71910 14.39117 6.77198
v -22.65470 13.97369 6.74455
v -22.65470 13.97369 6.74455
v -22.71910 14.39117 6.77198
v -22.56270 13.97369 6.70537
v 19.48440 12.48947 10.48594
v 19.63402 12.97556 10.56663
v 19.57241 12.48947 10.53341
v 19.57241 12.48947 10.53341
v 19.63402 12.97556 10.56663
v 19.48440 12.48947 10.48594
v 19.48017 12.48947 10.49650
v 19.64417 12.79130 10.54128
v 19.57664 12.48947 10.52284
v 19.57664 12.48947 10.52284
v 19.64417 12.79130 10.54128
v 19.48017 12.48947 10.49650
v 19.52358 12.48947 10.55944
v 19.53997 12.86254 10.39023
v 19.53322 12.48947 10.45991
v 19.53322 12.48947 10.45991
v 19.53997 12.86254 10.39023
v 19.52358 12.48947 10.55944
v 4.80521 13.04942 21.48786
v 4.80689 13.49841 21.65785
v 4.80620 13.04942 21.58786
v 4.80620 13.04942 21.58786
v 4.80689 13.49841 21.65785
v 4.80521 13.04942 21.48786
v 4.80375 13.04942 21.58782
v 4.81039 13.68259 21.41795
v 4.80766 13.04942 21.48790
v 4.80766 13.04942 21.48790
v 4.81039 13.68259 21.41795
v 4.80375 13.04942 21.58782
v 4.82699 13.04942 21.49262
v 4.75462 13.48665 21.64644
v 4.78442 13.04942 21.58310
v 4.78442 13.04942 21.58310
v 4.75462 13.48665 21.64644
v 4.82699 13.04942 21.49262
v -15.04658 15.37012 12.70179
v -14.99855 15.70596 12.86487
v -15.01833 15.37012 12.79772
v -15.01833 15.37012 12.79772
v -14.99855 15.70596 12.86487
v -15.04658 15.37012 12.70179
v -15.05612 15.37012 12.70571
v -14.97567 15.96419 12.85547
v -15.00880 15.37012 12.79380
v -15.00880 15.37012 12.79380
v -14.97567 15.96419 12.85547
v -15.05612 15.37012 12.70571
v -15.03148 15.37012 12.69977
v -15.03480 15.95365 12.86973
v -15.03343 15.37012 12.79975
v -15.03343 15.37012 12.79975
v -15.03480 15.95365 12.86973
v -15.03148 15.37012 12.69977
v 16.27401 1.42967 2.47606
v 16.34910 1.92423 2.62857
v 16.31818 1.42967 2.56577
v 16.31818 1.42967 2.56577
v 16.34910 1.92423 2.62857
v 16.27401 1.42967 2.47606
v 16.30810 1.42967 2.47238
v 16.26729 1.67268 2.63740
v 16.28410 1.42967 2.56945
v 16.28410 1.42967 2.56945
v 16.26729 1.67268 2.63740
v 16.30810 1.42967 2.47238
v 16.30190 1.42967 2.47125
v 16.28218 1.68070 2.64010
v 16.29030 1.42967 2.57058
v 16.29030 1.42967 2.57058
v 16.28218 1.68070 2.64010
v 16.30190 1.42967 2.47125
v -1.81714 10.67028 14.67580
v -1.67636 11.02218 14.77109
v -1.73433 10.67028 14.73185
v -1.73433 10.67028 14.73185
v -1.67636 11.02218 14.77109
v -1.81714 10.67028 14.67580
v -1.75516 10.67028 14.65826
v -1.82512 10.92704 14.81319
v -1.79631 10.67028 14.74939
v -1.79631 10.67028 14.74939
v -1.82512 10.92704 14.81319
v -1.75516 10.67028 14.65826
v -1.73482 10.67028 14.67509
v -1.87393 11.08769 14.77280
v -1.81665 10.67028 14.73256
v -1.81665 10.67028 14.73256
v -1.87393 11.08769 14.77280
v -1.73482 10.67028 14.67509
v -8.54115 13.70063 18.04750
v -8.44665 14.21265 18.18881
v -8.48556 13.70063 18.13062
v -8.48556 13.70063 18.13062
v -8.44665 14.21265 18.18881
v -8.54115 13.70063 18.04750
v -8.46344 13.70063 18.08619
v -8.63316 13.98345 18.09595
v -8.56328 13.70063 18.09193
v -8.56328 13.70063 18.09193
v -8.63316 13.98345 18.09595
v -8.46344 13.70063 18.08619
v -8.46880 13.70063 18.11174
v -8.62031 14.26096 18.03464
v -8.55792 13.70063 18.06639
v -8.55792 13.70063 18.06639
v -8.62031 14.26096 18.03464
v -8.46880 13.70063 18.11174
v -17.98495 1.31572 0.52584
v -18.05520 1.81627 0.37103
v -18.02627 1.31572 0.43478
v -18.02627 1.31572 0.43478
v -18.05520 1.81627 0.37103
v -17.98495 1.31572 0.52584
v -18.00708 1.31572 0.53029
v -18.00209 1.66928 0.36036
v -18.00415 1.31572 0.43033
v -18.00415 1.31572 0.43033
v -18.00209 1.66928 0.36036
v -18.00708 1.31572 0.53029
v -17.96342 1.31572 0.45348
v -18.10687 1.95826 0.54471
v -18.04780 1.31572 0.50714
v -18.04780 1.31572 0.50714
v -18.10687 1.95826 0.54471
v -17.96342 1.31572 0.45348
v -14.10781 14.72542 12.42154
v -14.12424 15.33243 12.25234
v -14.11747 14.72542 12.32201
v -14.11747 14.72542 12.32201
v -14.12424 15.33243 12.25234
v -14.10781 14.72542 12.42154
v -14.14298 14.72542 12.41152
v -14.03983 15.32993 12.27639
v -14.08230 14.72542 12.33203
v -14.08230 14.72542 12.33203
v -14.03983 15.32993 12.27639
v -14.14298 14.72542 12.41152
v -14.06855 14.72542 12.34820
v -14.21847 15.15511 12.42835
v -14.15674 14.72542 12.39535
v -14.15674 14.72542 12.39535
v -14.21847 15.15511 12.42835
v -14.06855 14.72542 12.34820
v -4.04114 12.19238 21.17379
v -4.20814 12.55938 21.14200
v -4.13937 12.19238 21.15509
v -4.13937 12.19238 21.15509
v -4.20814 12.55938 21.14200
v -4.04114 12.19238 21.17379
v -4.13919 12.19238 21.15418
v -3.97281 12.65808 21.18906
v -4.04132 12.19238 21.17470
v -4.04132 12.19238 21.17470
v -3.97281 12.65808 21.18906
v -4.13919 12.19238 21.15418
v -4.04084 12.19238 21.15682
v -4.20885 12.64924 21.18274
v -4.13967 12.19238 21.17206
v -4.13967 12.19238 21.17206
v -4.20885 12.64924 21.18274
v -4.04084 12.19238 21.15682
v 17.75964 13.71818 14.18632
v 17.90769 14.32179 14.26988
v 17.84673 13.71818 14.23547
v 17.84673 13.71818 14.23547
v 17.90769 14.32179 14.26988
v 17.75964 13.71818 14.18632
v 17.75603 13.71818 14.22751
v 17.91637 14.29883 14.17103
v 17.85035 13.71818 14.19429
v 17.85035 13.71818 14.19429
v 17.91637 14.29883 14.17103
v 17.75603 13.71818 14.22751
v 17.75640 13.71818 14.19327
v 17.91548 13.95779 14.25321
v 17.84997 13.71818 14.22853
v 17.84997 13.71818 14.22853
v 17.91548 13.95779 14.25321
v 17.75640 13.71818 14.19327
v 17.04599 0.54496 -9.26730
v 16.99793 0.98439 -9.10424
v 17.01772 0.54496 -9.17138
v 17.01772 0.54496 -9.17138
v 16.99793 0.98439 -9.10424
v 17.04599 0.54496 -9.26730
v 16.98202 0.54496 -9.22339
v 17.15146 0.79807 -9.20962
v 17.08169 0.54496 -9.21529
v 17.08169 0.54496 -9.21529
v 17.15146 0.79807 -9.20962
v 16.98202 0.54496 -9.22339
v 17.08134 0.54496 -9.22650
v 16.91309 1.00299 -9.20215
v 16.98237 0.54496 -9.21218
v 16.98237 0.54496 -9.21218
v 16.91309 1.00299 -9.20215
v 17.08134 0.54496 -9.22650
v 18.21464 0.55714 -13.47028
v 18.09775 1.08008 -13.59371
v 18.14588 0.55714 -13.54289
v 18.14588 0.55714 -13.54289
v 18.09775 1.08008 -13.59371
v 18.21464 0.55714 -13.47028
v 18.15470 0.55714 -13.54955
v 18.24161 0.97176 -13.40345
v 18.20582 0.55714 -13.46361
v 18.20582 0.55714 -13.46361
v 18.24161 0.97176 -13.40345
v 18.15470 0.55714 -13.54955
v 18.20092 0.55714 -13.55211
v 18.13068 0.80371 -13.39731
v 18.15960 0.55714 -13.46105
v 18.15960 0.55714 -13.46105
v 18.13068 0.80371 -13.39731
v 18.20092 0.55714 -13.55211
v 17.23795 15.23308 17.57035
v 17.34104 15.85024 17.43518
v 17.29859 15.23308 17.49084
v 17.29859 15.23308 17.49084
v 17.34104 15.85024 17.43518
v 17.23795 15.23308 17.57035
v 17.31301 15.23308 17.55292
v 17.16090 15.62916 17.47701
v 17.22353 15.23308 17.50827
v 17.22353 15.23308 17.50827
v 17.16090 15.62916 17.47701
v 17.31301 15.23308 17.55292
v 17.27211 15.23308 17.48074
v 17.25908 15.67620 17.65024
v 17.26444 15.23308 17.58045
v 17.26444 15.23308 17.58045
v 17.25908 15.67620 17.65024
v 17.27211 15.23308 17.48074
v -9.46983 11.56518 4.22202
v -9.31569 11.87786 4.15032
v -9.37916 11.56518 4.17984
v -9.37916 11.56518 4.17984
v -9.31569 11.87786 4.15032
v -9.46983 11.56518 4.22202
v -9.37502 11.56518 4.19367
v -9.54323 12.20154 4.21834
v -9.47397 11.56518 4.20818
v -9.47397 11.56518 4.20818
v -9.54323 12.20154 4.21834
v -9.37502 11.56518 4.19367
v -9.43881 11.56518 4.15302
v -9.39014 12.09253 4.31590
v -9.41018 11.56518 4.24883
v -9.41018 11.56518 4.24883
v -9.39014 12.09253 4.31590
v -9.43881 11.56518 4.15302
v -8.47884 0.75015 -4.90493
v -8.61562 1.26389 -5.00588
v -8.55930 0.75015 -4.96431
v -8.55930 0.75015 -4.96431
v -8.61562 1.26389 -5.00588
v -8.47884 0.75015 -4.90493
v -8.56246 0.75015 -4.95947
v -8.41493 1.20301 -4.87499
v -8.47568 0.75015 -4.90978
v -8.47568 0.75015 -4.90978
v -8.41493 1.20301 -4.87499
v -8.56246 0.75015 -4.95947
v -8.47081 0.75015 -4.92154
v -8.63489 1.07996 -4.96601
v -8.56733 0.75015 -4.94770
v -8.56733 0.75015 -4.94770
v -8.63489 1.07996 -4.96601
v -8.47081 0.75015 -4.92154
v -13.11920 14.43541 13.48206
v -12.95936 14.88323 13.42416
v -13.02518 14.43541 13.44800
v -13.02518 14.43541 13.44800
v -12.95936 14.88323 13.42416
v -13.11920 14.43541 13.48206
v -13.09489 14.43541 13.42048
v -13.01770 15.04261 13.57195
v -13.04948 14.43541 13.50958
v -13.04948 14.43541 13.50958
v -13.01770 15.04261 13.57195
v -13.09489 14.43541 13.42048
v -13.05686 14.43541 13.41744
v -13.10897 14.79564 13.57926
v -13.08751 14.43541 13.51263
v -13.08751 14.43541 13.51263
v -13.10897 14.79564 13.57926
v -13.05686 14.43541 13.41744
v -9.67706 14.18376 17.95653
v -9.63855 14.77929 18.12211
v -9.65441 14.18376 18.05393
v -9.65441 14.18376 18.05393
v -9.63855 14.77929 18.12211
v -9.67706 14.18376 17.95653
v -9.70051 14.18376 17.96931
v -9.58226 14.64243 18.09144
v -9.63095 14.18376 18.04115
v -9.63095 14.18376 18.04115
v -9.58226 14.64243 18.09144
v -9.70051 14.18376 17.96931
v -9.71387 14.18376 18.01873
v -9.55019 14.73613 17.97282
v -9.61759 14.18376 17.99172
v -9.61759 14.18376 17.99172
v -9.55019 14.73613 17.97282
v -9.71387 14.18376 18.01873
v 20.11890 0.27545 -12.48129
v 20.19139 0.56494 -12.63506
v 20.16154 0.27545 -12.57174
v 20.16154 0.27545 -12.57174
v 20.19139 0.56494 -12.63506
v 20.11890 0.27545 -12.48129
v 20.17918 0.27545 -12.55786
v 20.04672 0.68260 -12.45129
v 20.10126 0.27545 -12.49517
v 20.10126 0.27545 -12.49517
v 20.04672 0.68260 -12.45129
v 20.17918 0.27545 -12.55786
v 20.16784 0.27545 -12.56820
v 20.07394 0.85749 -12.42648
v 20.11260 0.27545 -12.48484
v 20.11260 0.27545 -12.48484
v 20.07394 0.85749 -12.42648
v 20.16784 0.27545 -12.56820
v -19.74952 1.10530 -8.93646
v -19.87677 1.56135 -8.82373
v -19.82437 1.10530 -8.87015
v -19.82437 1.10530 -8.87015
v -19.87677 1.56135 -8.82373
v -19.74952 1.10530 -8.93646
v -19.77908 1.10530 -8.85393
v -19.80582 1.67172 -9.02181
v -19.79481 1.10530 -8.95268
v -19.79481 1.10530 -8.95268
v -19.80582 1.67172 -9.02181
v -19.77908 1.10530 -8.85393
v -19.81737 1.10530 -8.94298
v -19.71393 1.35789 -8.80808
v -19.75652 1.10530 -8.86363
v -19.75652 1.10530 -8.86363
v -19.71393 1.35789 -8.80808
v -19.81737 1.10530 -8.94298
v -19.55875 2.41154 3.80020
v -19.38883 3.01354 3.80543
v -19.45879 2.41154 3.80328
v -19.45879 2.41154 3.80328
v -19.38883 3.01354 3.80543
v -19.55875 2.41154 3.80020
v -19.47495 2.41154 3.83857
v -19.58994 2.82870 3.71336
v -19.54259 2.41154 3.76492
v -19.54259 2.41154 3.76492
v -19.58994 2.82870 3.71336
v -19.47495 2.41154 3.83857
v -19.54703 2.41154 3.76955
v -19.41695 2.75260 3.87901
v -19.47051 2.41154 3.83393
v -19.47051 2.41154 3.83393
v -19.41695 2.75260 3.87901
v -19.54703 2.41154 3.76955
v -18.10051 18.61887 20.34516
v -18.22522 19.01266 20.22963
v -18.17387 18.61887 20.27720
v -18.17387 18.61887 20.27720
v -18.22522 19.01266 20.22963
v -18.10051 18.61887 20.34516
v -18.12966 18.61887 20.26175
v -18.15527 19.05197 20.42981
v -18.14472 18.61887 20.36061
v -18.14472 18.61887 20.36061
v -18.15527 19.05197 20.42981
v -18.12966 18.61887 20.26175
v -18.15564 18.61887 20.35765
v -18.09291 19.20293 20.19965
v -18.11874 18.61887 20.26471
v -18.11874 18.61887 20.26471
v -18.09291 19.20293 20.19965
v -18.15564 18.61887 20.35765
v 9.72531 12.20937 11.84629
v 9.85366 12.51686 11.73481
v 9.80081 12.20937 11.78072
v 9.80081 12.20937 11.78072
v 9.85366 12.51686 11.73481
v 9.72531 12.20937 11.84629
v 9.80585 12.20937 11.78764
v 9.66037 12.58626 11.87559
v 9.72027 12.20937 11.83938
v 9.72027 12.20937 11.83938
v 9.66037 12.58626 11.87559
v 9.80585 12.20937 11.78764
v 9.71662 12.20937 11.83203
v 9.87452 12.72917 11.76904
v 9.80950 12.20937 11.79498
v 9.80950 12.20937 11.79498
v 9.87452 12.72917 11.76904
v 9.71662 12.20937 11.83203
v -15.89241 14.57577 10.35097
v -15.76354 15.19625 10.24010
v -15.81660 14.57577 10.28575
v -15.81660 14.57577 10.28575
v -15.76354 15.19625 10.24010
v -15.89241 14.57577 10.35097
v -15.81339 14.57577 10.34682
v -15.95317 15.14709 10.25006
v -15.89562 14.57577 10.28991
v -15.89562 14.57577 10.28991
v -15.95317 15.14709 10.25006
v -15.81339 14.57577 10.34682
v -15.90449 14.57577 10.31970
v -15.73455 15.03157 10.31516
v -15.80452 14.57577 10.31703
v -15.80452 14.57577 10.31703
v -15.73455 15.03157 10.31516
v -15.90449 14.57577 10.31970
v -12.74101 15.07806 15.46575
v -12.89087 15.43689 15.54602
v -12.82916 15.07806 15.51297
v -12.82916 15.07806 15.51297
v -12.89087 15.43689 15.54602
v -12.74101 15.07806 15.46575
v -12.82152 15.07806 15.45512
v -12.69765 15.32559 15.57155
v -12.74865 15.07806 15.52361
v -12.74865 15.07806 15.52361
v -12.69765 15.32559 15.57155
v -12.82152 15.07806 15.45512
v -12.78749 15.07806 15.43942
v -12.77931 15.48172 15.60922
v -12.78268 15.07806 15.53930
v -12.78268 15.07806 15.53930
v -12.77931 15.48172 15.60922
v -12.78749 15.07806 15.43942
v 11.94686 12.32298 9.71054
v 11.79017 12.60783 9.64459
v 11.85469 12.32298 9.67175
v 11.85469 12.32298 9.67175
v 11.79017 12.60783 9.64459
v 11.94686 12.32298 9.71054
v 11.86337 12.32298 9.65797
v 11.99055 12.71391 9.77077
v 11.93818 12.32298 9.72432
v 11.93818 12.32298 9.72432
v 11.99055 12.71391 9.77077
v 11.86337 12.32298 9.65797
v 11.87089 12.32298 9.65106
v 11.97251 12.87258 9.78734
v 11.93067 12.32298 9.73123
v 11.93067 12.32298 9.73123
v 11.97251 12.87258 9.78734
v 11.87089 12.32298 9.65106
v -11.85766 0.99372 -5.02568
v -11.96265 1.36240 -5.15938
v -11.91942 0.99372 -5.10433
v -11.91942 0.99372 -5.10433
v -11.96265 1.36240 -5.15938
v -11.85766 0.99372 -5.02568
v -11.87193 0.99372 -5.11216
v -11.92840 1.57180 -4.95182
v -11.90515 0.99372 -5.01784
v -11.90515 0.99372 -5.01784
v -11.92840 1.57180 -4.95182
v -11.87193 0.99372 -5.11216
v -11.93696 0.99372 -5.05254
v -11.77233 1.52454 -5.09491
v -11.84012 0.99372 -5.07747
v -11.84012 0.99372 -5.07747
v -11.77233 1.52454 -5.09491
v -11.93696 0.99372 -5.05254
v 10.27889 13.09836 16.04460
v 10.18151 13.45784 15.90526
v 10.22161 13.09836 15.96263
v 10.22161 13.09836 15.96263
v 10.18151 13.45784 15.90526
v 10.27889 13.09836 16.04460
v 10.26676 13.09836 15.95642
v 10.21064 13.33546 16.11689
v 10.23375 13.09836 16.05081
v 10.23375 13.09836 16.05081
v 10.21064 13.33546 16.11689
v 10.26676 13.09836 15.95642
v 10.26352 13.09836 15.95541
v 10.21841 13.59361 16.11931
v 10.23699 13.09836 16.05182
v 10.23699 13.09836 16.05182
v 10.21841 13.59361 16.11931
v 10.26352 13.09836 15.95541
v 9.21711 0.83489 -8.86451
v 9.06682 1.30194 -8.94395
v 9.12871 0.83489 -8.91124
v 9.12871 0.83489 -8.91124
v 9.06682 1.30194 -8.94395
v 9.21711 0.83489 -8.86451
v 9.12612 0.83489 -8.87026
v 9.28522 1.34246 -8.93015
v 9.21970 0.83489 -8.90549
v 9.21970 0.83489 -8.90549
v 9.28522 1.34246 -8.93015
v 9.12612 0.83489 -8.87026
v 9.15556 0.83489 -8.84098
v 9.21455 1.45203 -9.00042
v 9.19026 0.83489 -8.93477
v 9.19026 0.83489 -8.93477
v 9.21455 1.45203 -9.00042
v 9.15556 0.83489 -8.84098
v 21.04082 18.25132 21.16477
v 20.91105 18.62845 21.27459
v 20.96449 18.25132 21.22937
v 20.96449 18.25132 21.22937
v 20.91105 18.62845 21.27459
v 21.04082 18.25132 21.16477
v 21.02982 18.25132 21.15510
v 20.93746 18.60647 21.29782
v 20.97549 18.25132 21.23905
v 20.97549 18.25132 21.23905
v 20.93746 18.60647 21.29782
v 21.02982 18.25132 21.15510
v 20.95421 18.25132 21.18470
v 21.11892 18.67517 21.22677
v 21.05110 18.25132 21.20945
v 21.05110 18.25132 21.20945
v 21.11892 18.67517 21.22677
v 20.95421 18.25132 21.18470
v -11.54621 13.51867 12.63709
v -11.70118 14.03627 12.56721
v -11.63737 13.51867 12.59598
v -11.63737 13.51867 12.59598
v -11.70118 14.03627 12.56721
v -11.54621 13.51867 12.63709
v -11.56005 13.51867 12.57790
v -11.66795 13.87588 12.70927
v -11.62352 13.51867 12.65517
v -11.62352 13.51867 12.65517
v -11.66795 13.87588 12.70927
v -11.56005 13.51867 12.57790
v -11.62979 13.51867 12.64903
v -11.50058 13.92502 12.53856
v -11.55378 13.51867 12.58405
v -11.55378 13.51867 12.58405
v -11.50058 13.92502 12.53856
v -11.62979 13.51867 12.64903
v 17.28990 0.57180 -13.10279
v 17.40070 0.91494 -12.97386
v 17.35508 0.57180 -13.02695
v 17.35508 0.57180 -13.02695
v 17.40070 0.91494 -12.97386
v 17.28990 0.57180 -13.10279
v 17.29525 0.57180 -13.10680
v 17.38785 1.11647 -12.96423
v 17.34972 0.57180 -13.02294
v 17.34972 0.57180 -13.02294
v 17.38785 1.11647 -12.96423
v 17.29525 0.57180 -13.10680
v 17.30868 0.57180 -13.01681
v 17.35563 0.87893 -13.18020
v 17.33630 0.57180 -13.11292
v 17.33630 0.57180 -13.11292
v 17.35563 0.87893 -13.18020
v 17.30868 0.57180 -13.01681
v -22.77861 0.72025 -17.58958
v -22.94745 1.14109 -17.60942
v -22.87793 0.72025 -17.60125
v -22.87793 0.72025 -17.60125
v -22.94745 1.14109 -17.60942
v -22.77861 0.72025 -17.58958
v -22.85563 0.72025 -17.55356
v -22.76261 0.96350 -17.69586
v -22.80091 0.72025 -17.63727
v -22.80091 0.72025 -17.63727
v -22.76261 0.96350 -17.69586
v -22.85563 0.72025 -17.55356
v -22.87765 0.72025 -17.58757
v -22.70976 1.27198 -17.61425
v -22.77889 0.72025 -17.60326
v -22.77889 0.72025 -17.60326
v -22.70976 1.27198 -17.61425
v -22.87765 0.72025 -17.58757
v 12.51653 0.93856 -14.22786
v 12.67303 1.33776 -14.16147
v 12.60859 0.93856 -14.18880
v 12.60859 0.93856 -14.18880
v 12.67303 1.33776 -14.16147
v 12.51653 0.93856 -14.22786
v 12.51811 0.93856 -14.23122
v 12.66925 1.46329 -14.15339
v 12.60701 0.93856 -14.18544
v 12.60701 0.93856 -14.18544
v 12.66925 1.46329 -14.15339
v 12.51811 0.93856 -14.23122
v 12.51277 0.93856 -14.20375
v 12.68206 1.23169 -14.21932
v 12.61235 0.93856 -14.21291
v 12.61235 0.93856 -14.21291
v 12.68206 1.23169 -14.21932
v 12.51277 0.93856 -14.20375
v -8.06445 12.85573 14.48573
v -8.23284 13.44669 14.50903
v -8.16350 12.85573 14.49944
v -8.16350 12.85573 14.49944
v -8.23284 13.44669 14.50903
v -8.06445 12.85573 14.48573
v -8.06510 12.85573 14.48204
v -8.23128 13.14655 14.51788
v -8.16285 12.85573 14.50312
v -8.16285 12.85573 14.50312
v -8.23128 13.14655 14.51788
v -8.06510 12.85573 14.48204
v -8.16322 12.85573 14.48391
v -7.99580 13.49591 14.51340
v -8.06473 12.85573 14.50126
v -8.06473 12.85573 14.50126
v -7.99580 13.49591 14.51340
v -8.16322 12.85573 14.48391
v -21.06516 0.92930 -4.79060
v -20.97259 1.49671 -4.93319
v -21.01070 0.92930 -4.87447
v -21.01070 0.92930 -4.87447
v -20.97259 1.49671 -4.93319
v -21.06516 0.92930 -4.79060
v -21.01470 0.92930 -4.87681
v -21.09369 1.19959 -4.72628
v -21.06116 0.92930 -4.78826
v -21.06116 0.92930 -4.78826
v -21.09369 1.19959 -4.72628
v -21.01470 0.92930 -4.87681
v -21.00557 0.92930 -4.79442
v -21.11558 1.22843 -4.92402
v -21.07029 0.92930 -4.87066
v -21.07029 0.92930 -4.87066
v -21.11558 1.22843 -4.92402
v -21.00557 0.92930 -4.79442
v -2.62839 10.98995 11.09651
v -2.60405 11.53383 11.26476
v -2.61407 10.98995 11.19548
v -2.61407 10.98995 11.19548
v -2.60405 11.53383 11.26476
v -2.62839 10.98995 11.09651
v -2.57173 10.98995 11.13896
v -2.74004 11.51030 11.16287
v -2.67073 10.98995 11.15303
v -2.67073 10.98995 11.15303
v -2.74004 11.51030 11.16287
v -2.57173 10.98995 11.13896
v -2.65149 10.98995 11.10619
v -2.54859 11.21455 11.24151
v -2.59096 10.98995 11.18579
v -2.59096 10.98995 11.18579
v -2.54859 11.21455 11.24151
v -2.65149 10.98995 11.10619
v -16.55011 17.93007 20.60694
v -16.71509 18.25621 20.56597
v -16.64716 17.93007 20.58284
v -16.64716 17.93007 20.58284
v -16.71509 18.25621 20.56597
v -16.55011 17.93007 20.60694
v -16.64848 17.93007 20.59881
v -16.47900 18.52555 20.58549
v -16.54879 17.93007 20.59098
v -16.54879 17.93007 20.59098
v -16.47900 18.52555 20.58549
v -16.64848 17.93007 20.59881
v -16.56691 17.93007 20.63354
v -16.67477 18.50043 20.50214
v -16.63036 17.93007 20.55625
v -16.63036 17.93007 20.55625
v -16.67477 18.50043 20.50214
v -16.56691 17.93007 20.63354
v -15.62543 17.21651 18.14538
v -15.72222 17.47621 18.00562
v -15.68236 17.21651 18.06317
v -15.68236 17.21651 18.06317
v -15.72222 17.47621 18.00562
v -15.62543 17.21651 18.14538
v -15.65717 17.21651 18.15416
v -15.64603 17.51565 17.98453
v -15.65062 17.21651 18.05438
v -15.65062 17.21651 18.05438
v -15.64603 17.51565 17.98453
v -15.65717 17.21651 18.15416
v -15.64437 17.21651 18.05519
v -15.67676 17.74876 18.22207
v -15.66342 17.21651 18.15335
v -15.66342 17.21651 18.15335
v -15.67676 17.74876 18.22207
v -15.64437 17.21651 18.05519
v -15.23952 1.18680 -1.75023
v -15.20187 1.76856 -1.58446
v -15.21737 1.18680 -1.65272
v -15.21737 1.18680 -1.65272
v -15.20187 1.76856 -1.58446
v -15.23952 1.18680 -1.75023
v -15.20539 1.18680 -1.65711
v -15.28377 1.62571 -1.80796
v -15.25150 1.18680 -1.74584
v -15.25150 1.18680 -1.74584
v -15.28377 1.62571 -1.80796
v -15.20539 1.18680 -1.65711
v -15.20824 1.18680 -1.65574
v -15.27693 1.63689 -1.81124
v -15.24865 1.18680 -1.74721
v -15.24865 1.18680 -1.74721
v -15.27693 1.63689 -1.81124
v -15.20824 1.18680 -1.65574
v -12.49091 12.61746 7.26777
v -12.32355 13.24062 7.23791
v -12.39246 12.61746 7.25021
v -12.39246 12.61746 7.25021
v -12.32355 13.24062 7.23791
v -12.49091 12.61746 7.26777
v -12.41058 12.61746 7.29813
v -12.51635 13.24955 7.16504
v -12.47280 12.61746 7.21984
v -12.47280 12.61746 7.21984
v -12.51635 13.24955 7.16504
v -12.41058 12.61746 7.29813
v -12.39683 12.61746 7.28108
v -12.54934 13.02829 7.20597
v -12.48654 12.61746 7.23690
v -12.48654 12.61746 7.23690
v -12.54934 13.02829 7.20597
v -12.39683 12.61746 7.28108
v -3.57595 11.47041 7.77979
v -3.50910 12.00333 7.62349
v -3.53663 11.47041 7.68785
v -3.53663 11.47041 7.68785
v -3.50910 12.00333 7.62349
v -3.57595 11.47041 7.77979
v -3.60080 11.47041 7.71105
v -3.44946 12.06983 7.78847
v -3.51178 11.47041 7.75659
v -3.51178 11.47041 7.75659
v -3.44946 12.06983 7.78847
v -3.60080 11.47041 7.71105
v -3.57672 11.47041 7.77945
v -3.50726 11.82828 7.62429
v -3.53586 11.47041 7.68818
v -3.53586 11.47041 7.68818
v -3.50726 11.82828 7.62429
v -3.57672 11.47041 7.77945
v 10.74182 0.97980 3.19935
v 10.57500 1.35427 3.16661
v 10.64369 0.97980 3.18009
v 10.64369 0.97980 3.18009
v 10.57500 1.35427 3.16661
v 10.74182 0.97980 3.19935
v 10.73683 0.97980 3.16610
v 10.58699 1.54170 3.24639
v 10.64869 0.97980 3.21333
v 10.64869 0.97980 3.21333
v 10.58699 1.54170 3.24639
v 10.73683 0.97980 3.16610
v 10.73964 0.97980 3.17233
v 10.58025 1.60979 3.23146
v 10.64588 0.97980 3.20711
v 10.64588 0.97980 3.20711
v 10.58025 1.60979 3.23146
v 10.73964 0.97980 3.17233
v -12.88643 0.35880 -11.27531
v -12.91332 0.88764 -11.10745
v -12.90225 0.35880 -11.17657
v -12.90225 0.35880 -11.17657
v -12.91332 0.88764 -11.10745
v -12.88643 0.35880 -11.27531
v -12.92049 0.35880 -11.18332
v -12.83156 0.92481 -11.32821
v -12.86818 0.35880 -11.26855
v -12.86818 0.35880 -11.26855
v -12.83156 0.92481 -11.32821
v -12.92049 0.35880 -11.18332
v -12.85338 0.35880 -11.19726
v -12.99264 0.84983 -11.29477
v -12.93530 0.35880 -11.25462
v -12.93530 0.35880 -11.25462
v -12.99264 0.84983 -11.29477
v -12.85338 0.35880 -11.19726
v -8.28521 12.76050 13.52830
v -8.17959 13.18111 13.66151
v -8.22308 12.76050 13.60665
v -8.22308 12.76050 13.60665
v -8.17959 13.18111 13.66151
v -8.28521 12.76050 13.52830
v -8.28456 12.76050 13.60716
v -8.18114 12.98960 13.47224
v -8.22372 12.76050 13.52779
v -8.22372 12.76050 13.52779
v -8.18114 12.98960 13.47224
v -8.28456 12.76050 13.60716
v -8.21328 12.76050 13.59629
v -8.35222 13.24780 13.49833
v -8.29501 12.76050 13.53867
v -8.29501 12.76050 13.53867
v -8.35222 13.24780 13.49833
v -8.21328 12.76050 13.59629
v 21.35671 0.83501 -3.96030
v 21.40811 1.44836 -3.79825
v 21.38695 0.83501 -3.86498
v 21.38695 0.83501 -3.86498
v 21.40811 1.44836 -3.79825
v 21.35671 0.83501 -3.96030
v 21.32225 0.83501 -3.90620
v 21.49083 1.30955 -3.92807
v 21.42141 0.83501 -3.91907
v 21.42141 0.83501 -3.91907
v 21.49083 1.30955 -3.92807
v 21.32225 0.83501 -3.90620
v 21.36075 0.83501 -3.96139
v 21.39842 1.23034 -3.79562
v 21.38291 0.83501 -3.86388
v 21.38291 0.83501 -3.86388
v 21.39842 1.23034 -3.79562
v 21.36075 0.83501 -3.96139
v -8.76210 0.56220 -6.68729
v -8.86645 0.97864 -6.55309
v -8.82349 0.56220 -6.60835
v -8.82349 0.56220 -6.60835
v -8.86645 0.97864 -6.55309
v -8.76210 0.56220 -6.68729
v -8.80822 0.56220 -6.69538
v -8.75578 1.10941 -6.53367
v -8.77737 0.56220 -6.60026
v -8.77737 0.56220 -6.60026
v -8.75578 1.10941 -6.53367
v -8.80822 0.56220 -6.69538
v -8.81600 0.56220 -6.69211
v -8.73709 1.17299 -6.54153
v -8.76959 0.56220 -6.60353
v -8.76959 0.56220 -6.60353
v -8.73709 1.17299 -6.54153
v -8.81600 0.56220 -6.69211
v -10.94949 15.04146 18.44065
v -10.89671 15.31479 18.27905
v -10.91844 15.04146 18.34559
v -10.91844 15.04146 18.34559
v -10.89671 15.31479 18.27905
v -10.94949 15.04146 18.44065
v -10.88397 15.04146 18.39255
v -11.05396 15.31903 18.39451
v -10.98396 15.04146 18.39370
v -10.98396 15.04146 18.39370
v -11.05396 15.31903 18.39451
v -10.88397 15.04146 18.39255
v -10.97931 15.04146 18.41419
v -10.82514 15.31189 18.34255
v -10.88862 15.04146 18.37205
v -10.88862 15.04146 18.37205
v -10.82514 15.31189 18.34255
v -10.97931 15.04146 18.41419
v 13.36824 14.41307 18.28799
v 13.19864 14.78454 18.29954
v 13.26847 14.41307 18.29478
v 13.26847 14.41307 18.29478
v 13.19864 14.78454 18.29954
v 13.36824 14.41307 18.28799
v 13.32426 14.41307 18.24174
v 13.30419 14.95188 18.41055
v 13.31246 14.41307 18.34104
v 13.31246 14.41307 18.34104
v 13.30419 14.95188 18.41055
v 13.32426 14.41307 18.24174
v 13.26958 14.41307 18.28041
v 13.43543 14.80234 18.31772
v 13.36714 14.41307 18.30236
v 13.36714 14.41307 18.30236
v 13.43543 14.80234 18.31772
v 13.26958 14.41307 18.28041
v 11.71254 0.87142 3.03773
v 11.87760 1.22744 3.07841
v 11.80963 0.87142 3.06166
v 11.80963 0.87142 3.06166
v 11.87760 1.22744 3.07841
v 11.71254 0.87142 3.03773
v 11.72130 0.87142 3.01941
v 11.85658 1.35489 3.12237
v 11.80087 0.87142 3.07998
v 11.80087 0.87142 3.07998
v 11.85658 1.35489 3.12237
v 11.72130 0.87142 3.01941
v 11.71539 0.87142 3.06999
v 11.87076 1.26810 3.00099
v 11.80678 0.87142 3.02940
v 11.80678 0.87142 3.02940
v 11.87076 1.26810 3.00099
v 11.71539 0.87142 3.06999
v -16.04381 17.75142 21.57715
v -15.87773 18.02724 21.54086
v -15.94612 17.75142 21.55580
v -15.94612 17.75142 21.55580
v -15.87773 18.02724 21.54086
v -16.04381 17.75142 21.57715
v -16.00822 17.75142 21.51826
v -15.96316 18.25589 21.68218
v -15.98171 17.75142 21.61469
v -15.98171 17.75142 21.61469
v -15.96316 18.25589 21.68218
v -16.00822 17.75142 21.51826
v -15.97875 17.75142 21.61377
v -16.03388 18.16471 21.45296
v -16.01118 17.75142 21.51918
v -16.01118 17.75142 21.51918
v -16.03388 18.16471 21.45296
v -15.97875 17.75142 21.61377
v -16.47109 1.27744 -0.03737
v -16.35286 1.57351 0.08479
v -16.40155 1.27744 0.03449
v -16.40155 1.27744 0.03449
v -16.35286 1.57351 0.08479
v -16.47109 1.27744 -0.03737
v -16.43280 1.27744 0.04844
v -16.44476 1.52546 -0.12114
v -16.43984 1.27744 -0.05132
v -16.43984 1.27744 -0.05132
v -16.44476 1.52546 -0.12114
v -16.43280 1.27744 0.04844
v -16.44068 1.27744 0.04837
v -16.42585 1.79675 -0.12098
v -16.43196 1.27744 -0.05125
v -16.43196 1.27744 -0.05125
v -16.42585 1.79675 -0.12098
v -16.44068 1.27744 0.04837
v 10.75022 0.55495 -4.38729
v 10.69750 0.88617 -4.54891
v 10.71921 0.55495 -4.48236
v 10.71921 0.55495 -4.48236
v 10.69750 0.88617 -4.54891
v 10.75022 0.55495 -4.38729
v 10.75471 0.55495 -4.48065
v 10.68674 1.12776 -4.32483
v 10.71473 0.55495 -4.38900
v 10.71473 0.55495 -4.38900
v 10.68674 1.12776 -4.32483
v 10.75471 0.55495 -4.48065
v 10.73127 0.55495 -4.38494
v 10.74299 1.19679 -4.55454
v 10.73816 0.55495 -4.48471
v 10.73816 0.55495 -4.48471
v 10.74299 1.19679 -4.55454
v 10.73127 0.55495 -4.38494
v 9.45037 0.71616 -16.93818
v 9.36675 1.00401 -17.08619
v 9.40118 0.71616 -17.02524
v 9.40118 0.71616 -17.02524
v 9.36675 1.00401 -17.08619
v 9.45037 0.71616 -16.93818
v 9.43853 0.71616 -16.93336
v 9.39518 1.20908 -17.09774
v 9.41303 0.71616 -17.03006
v 9.41303 0.71616 -17.03006
v 9.39518 1.20908 -17.09774
v 9.43853 0.71616 -16.93336
v 9.44336 0.71616 -16.93491
v 9.38357 1.36599 -17.09405
v 9.40819 0.71616 -17.02852
v 9.40819 0.71616 -17.02852
v 9.38357 1.36599 -17.09405
v 9.44336 0.71616 -16.93491
v -22.90571 0.75217 -16.91320
v -22.83983 1.23999 -17.06991
v -22.86696 0.75217 -17.00538
v -22.86696 0.75217 -17.00538
v -22.83983 1.23999 -17.06991
v -22.90571 0.75217 -16.91320
v -22.85938 0.75217 -16.91717
v -22.95100 1.27685 -17.06037
v -22.91328 0.75217 -17.00141
v -22.91328 0.75217 -17.00141
v -22.95100 1.27685 -17.06037
v -22.85938 0.75217 -16.91717
v -22.85776 0.75217 -17.00033
v -22.95489 1.06994 -16.86080
v -22.91490 0.75217 -16.91825
v -22.91490 0.75217 -16.91825
v -22.95489 1.06994 -16.86080
v -22.85776 0.75217 -17.00033
v 11.81110 0.67327 -15.36392
v 11.70773 1.25075 -15.49889
v 11.75029 0.67327 -15.44332
v 11.75029 0.67327 -15.44332
v 11.70773 1.25075 -15.49889
v 11.81110 0.67327 -15.36392
v 11.76588 0.67327 -15.35586
v 11.81624 1.08095 -15.51823
v 11.79551 0.67327 -15.45138
v 11.79551 0.67327 -15.45138
v 11.81624 1.08095 -15.51823
v 11.76588 0.67327 -15.35586
v 11.75355 0.67327 -15.44561
v 11.84585 1.20358 -15.30285
v 11.80784 0.67327 -15.36163
v 11.80784 0.67327 -15.36163
v 11.84585 1.20358 -15.30285
v 11.75355 0.67327 -15.44561
v 16.33218 15.80205 19.28216
v 16.34156 16.10365 19.45190
v 16.33770 15.80205 19.38201
v 16.33770 15.80205 19.38201
v 16.34156 16.10365 19.45190
v 16.33218 15.80205 19.28216
v 16.37732 15.80205 19.35862
v 16.23324 16.04353 19.26840
v 16.29256 15.80205 19.30555
v 16.29256 15.80205 19.30555
v 16.23324 16.04353 19.26840
v 16.37732 15.80205 19.35862
v 16.38453 15.80205 19.33848
v 16.21593 16.24814 19.31672
v 16.28535 15.80205 19.32568
v 16.28535 15.80205 19.32568
v 16.21593 16.24814 19.31672
v 16.38453 15.80205 19.33848
v -12.82831 0.42202 -12.32051
v -12.67706 0.85279 -12.39812
v -12.73934 0.42202 -12.36616
v -12.73934 0.42202 -12.36616
v -12.67706 0.85279 -12.39812
v -12.82831 0.42202 -12.32051
v -12.83289 0.42202 -12.33372
v -12.66606 0.85866 -12.36640
v -12.73476 0.42202 -12.35295
v -12.73476 0.42202 -12.35295
v -12.66606 0.85866 -12.36640
v -12.83289 0.42202 -12.33372
v -12.82606 0.42202 -12.37009
v -12.68245 0.82730 -12.27913
v -12.74158 0.42202 -12.31658
v -12.74158 0.42202 -12.31658
v -12.68245 0.82730 -12.27913
v -12.82606 0.42202 -12.37009
v -21.02507 0.91996 -3.08672
v -20.90745 1.28271 -2.96398
v -20.95588 0.91996 -3.01452
v -20.95588 0.91996 -3.01452
v -20.90745 1.28271 -2.96398
v -21.02507 0.91996 -3.08672
v -20.99240 0.91996 -3.10058
v -20.98585 1.30558 -2.93071
v -20.98855 0.91996 -3.00066
v -20.98855 0.91996 -3.00066
v -20.98585 1.30558 -2.93071
v -20.99240 0.91996 -3.10058
v -20.94484 0.91996 -3.07107
v -21.09998 1.32303 -3.00155
v -21.03610 0.91996 -3.03017
v -21.03610 0.91996 -3.03017
v -21.09998 1.32303 -3.00155
v -20.94484 0.91996 -3.07107
v -14.29753 0.99026 -3.83491
v -14.44213 1.42312 -3.74552
v -14.38259 0.99026 -3.78233
v -14.38259 0.99026 -3.78233
v -14.44213 1.42312 -3.74552
v -14.29753 0.99026 -3.83491
v -14.37100 0.99026 -3.84790
v -14.26582 1.34305 -3.71434
v -14.30913 0.99026 -3.76934
v -14.30913 0.99026 -3.76934
v -14.26582 1.34305 -3.71434
v -14.37100 0.99026 -3.84790
v -14.32685 0.99026 -3.85684
v -14.37177 1.63578 -3.69288
v -14.35327 0.99026 -3.76040
v -14.35327 0.99026 -3.76040
v -14.37177 1.63578 -3.69288
v -14.32685 0.99026 -3.85684
v -18.50136 1.69703 2.04838
v -18.60687 2.32878 1.91509
v -18.56343 1.69703 1.96997
v -18.56343 1.69703 1.96997
v -18.60687 2.32878 1.91509
v -18.50136 1.69703 2.04838
v -18.56903 1.69703 1.97515
v -18.44446 2.05228 2.09084
v -18.49576 1.69703 2.04320
v -18.49576 1.69703 2.04320
v -18.44446 2.05228 2.09084
v -18.56903 1.69703 1.97515
v -18.56132 1.69703 1.96839
v -18.46299 2.23375 2.10707
v -18.50347 1.69703 2.04997
v -18.50347 1.69703 2.04997
v -18.46299 2.23375 2.10707
v -18.56132 1.69703 1.96839
v -22.62749 19.43371 19.64619
v -22.48783 20.07788 19.54927
v -22.54534 19.43371 19.58918
v -22.54534 19.43371 19.58918
v -22.48783 20.07788 19.54927
v -22.62749 19.43371 19.64619
v -22.54013 19.43371 19.63661
v -22.69749 19.76890 19.57228
v -22.63270 19.43371 19.59877
v -22.63270 19.43371 19.59877
v -22.69749 19.76890 19.57228
v -22.54013 19.43371 19.63661
v -22.59973 19.43371 19.56949
v -22.55447 19.73996 19.73336
v -22.57311 19.43371 19.66588
v -22.57311 19.43371 19.66588
v -22.55447 19.73996 19.73336
v -22.59973 19.43371 19.56949
v -13.81146 0.63247 -13.14750
v -13.78357 1.14789 -13.31519
v -13.79506 0.63247 -13.24614
v -13.79506 0.63247 -13.24614
v -13.78357 1.14789 -13.31519
v -13.81146 0.63247 -13.14750
v -13.75365 0.63247 -13.19060
v -13.92233 1.19203 -13.21175
v -13.85287 0.63247 -13.20304
v -13.85287 0.63247 -13.20304
v -13.92233 1.19203 -13.21175
v -13.75365 0.63247 -13.19060
v -13.75326 0.63247 -13.19701
v -13.92326 0.96561 -13.19636
v -13.85326 0.63247 -13.19663
v -13.85326 0.63247 -13.19663
v -13.92326 0.96561 -13.19636
v -13.75326 0.63247 -13.19701
v -3.76873 12.20290 21.65734
v -3.78120 12.59327 21.48780
v -3.77607 12.20290 21.55761
v -3.77607 12.20290 21.55761
v -3.78120 12.59327 21.48780
v -3.76873 12.20290 21.65734
v -3.72536 12.20290 21.62444
v -3.88529 12.69042 21.56677
v -3.81944 12.20290 21.59052
v -3.81944 12.20290 21.59052
v -3.88529 12.69042 21.56677
v -3.72536 12.20290 21.62444
v -3.80361 12.20290 21.56841
v -3.69750 12.62491 21.70124
v -3.74119 12.20290 21.64654
v -3.74119 12.20290 21.64654
v -3.69750 12.62491 21.70124
v -3.80361 12.20290 21.56841
v 12.55085 11.21114 5.11403
v 12.52159 11.57173 5.28149
v 12.53364 11.21114 5.21253
v 12.53364 11.21114 5.21253
v 12.52159 11.57173 5.28149
v 12.55085 11.21114 5.11403
v 12.57779 11.21114 5.12811
v 12.45695 11.76529 5.24769
v 12.50670 11.21114 5.19845
v 12.50670 11.21114 5.19845
v 12.45695 11.76529 5.24769
v 12.57779 11.21114 5.12811
v 12.58912 11.21114 5.14588
v 12.42974 11.81609 5.20504
v 12.49537 11.21114 5.18068
v 12.49537 11.21114 5.18068
v 12.42974 11.81609 5.20504
v 12.58912 11.21114 5.14588
v -11.00349 15.26210 20.04375
v -10.87007 15.60967 19.93841
v -10.92501 15.26210 19.98179
v -10.92501 15.26210 19.98179
v -10.87007 15.60967 19.93841
v -11.00349 15.26210 20.04375
v -10.92442 15.26210 19.98254
v -11.05984 15.51327 20.08532
v -11.00408 15.26210 20.04300
v -11.00408 15.26210 20.04300
v -11.05984 15.51327 20.08532
v -10.92442 15.26210 19.98254
v -10.99991 15.26210 20.04782
v -10.87866 15.89396 19.92866
v -10.92859 15.26210 19.97772
v -10.92859 15.26210 19.97772
v -10.87866 15.89396 19.92866
v -10.99991 15.26210 20.04782
v -18.50991 0.90554 -7.34592
v -18.36425 1.38420 -7.43358
v -18.42423 0.90554 -7.39748
v -18.42423 0.90554 -7.39748
v -18.36425 1.38420 -7.43358
v -18.50991 0.90554 -7.34592
v -18.42157 0.90554 -7.39244
v -18.57626 1.27795 -7.32194
v -18.51256 0.90554 -7.35097
v -18.51256 0.90554 -7.35097
v -18.57626 1.27795 -7.32194
v -18.42157 0.90554 -7.39244
v -18.51227 0.90554 -7.39307
v -18.35857 1.32213 -7.32042
v -18.42186 0.90554 -7.35034
v -18.42186 0.90554 -7.35034
v -18.35857 1.32213 -7.32042
v -18.51227 0.90554 -7.39307
v 0.94308 10.83470 18.84514
v 1.10311 11.32189 18.90249
v 1.03721 10.83470 18.87887
v 1.03721 10.83470 18.87887
v 1.10311 11.32189 18.90249
v 0.94308 10.83470 18.84514
v 0.96138 10.83470 18.82111
v 1.05919 11.26663 18.96016
v 1.01891 10.83470 18.90290
v 1.01891 10.83470 18.90290
v 1.05919 11.26663 18.96016
v 0.96138 10.83470 18.82111
v 0.94170 10.83470 18.87437
v 1.10642 11.43907 18.83234
v 1.03859 10.83470 18.84965
v 1.03859 10.83470 18.84965
v 1.10642 11.43907 18.83234
v 0.94170 10.83470 18.87437
v -10.21113 14.74498 19.69824
v -10.06043 15.04144 19.61955
v -10.12248 14.74498 19.65195
v -10.12248 14.74498 19.65195
v -10.06043 15.04144 19.61955
v -10.21113 14.74498 19.69824
v -10.14304 14.74498 19.71909
v -10.22383 15.36502 19.56951
v -10.19056 14.74498 19.63110
v -10.19056 14.74498 19.63110
v -10.22383 15.36502 19.56951
v -10.14304 14.74498 19.71909
v -10.17029 14.74498 19.62522
v -10.15844 14.97412 19.79480
v -10.16332 14.74498 19.72497
v -10.16332 14.74498 19.72497
v -10.15844 14.97412 19.79480
v -10.17029 14.74498 19.62522
v 6.10128 11.80712 13.80420
v 6.12920 12.09157 13.63651
v 6.11770 11.80712 13.70556
v 6.11770 11.80712 13.70556
v 6.12920 12.09157 13.63651
v 6.10128 11.80712 13.80420
v 6.15655 11.80712 13.73799
v 5.99655 12.12137 13.79542
v 6.06243 11.80712 13.77177
v 6.06243 11.80712 13.77177
v 5.99655 12.12137 13.79542
v 6.15655 11.80712 13.73799
v 6.12890 11.80712 13.80096
v 6.06292 12.41842 13.64429
v 6.09009 11.80712 13.70880
v 6.09009 11.80712 13.70880
v 6.06292 12.41842 13.64429
v 6.12890 11.80712 13.80096
v 14.26919 0.72461 -13.38949
v 14.43439 1.13909 -13.34937
v 14.36636 0.72461 -13.36589
v 14.36636 0.72461 -13.36589
v 14.43439 1.13909 -13.34937
v 14.26919 0.72461 -13.38949
v 14.34996 0.72461 -13.41596
v 14.24054 1.05247 -13.28586
v 14.28559 0.72461 -13.33943
v 14.28559 0.72461 -13.33943
v 14.24054 1.05247 -13.28586
v 14.34996 0.72461 -13.41596
v 14.30559 0.72461 -13.42618
v 14.34703 1.30611 -13.26131
v 14.32997 0.72461 -13.32920
v 14.32997 0.72461 -13.32920
v 14.34703 1.30611 -13.26131
v 14.30559 0.72461 -13.42618
v -18.46679 15.88084 10.94720
v -18.48810 16.19807 10.77854
v -18.47933 15.88084 10.84798
v -18.47933 15.88084 10.84798
v -18.48810 16.19807 10.77854
v -18.46679 15.88084 10.94720
v -18.45527 15.88084 10.94432
v -18.51575 16.51834 10.78544
v -18.49084 15.88084 10.85086
v -18.49084 15.88084 10.85086
v -18.51575 16.51834 10.78544
v -18.45527 15.88084 10.94432
v -18.47012 15.88084 10.94750
v -18.48011 16.48823 10.77780
v -18.47600 15.88084 10.84768
v -18.47600 15.88084 10.84768
v -18.48011 16.48823 10.77780
v -18.47012 15.88084 10.94750
v 3.63211 10.90473 9.05428
v 3.46267 11.32162 9.06802
v 3.53244 10.90473 9.06236
v 3.53244 10.90473 9.06236
v 3.46267 11.32162 9.06802
v 3.63211 10.90473 9.05428
v 3.59031 10.90473 9.00897
v 3.56300 11.36185 9.17676
v 3.57424 10.90473 9.10767
v 3.57424 10.90473 9.10767
v 3.56300 11.36185 9.17676
v 3.59031 10.90473 9.00897
v 3.60218 10.90473 9.10418
v 3.53449 11.43847 8.94824
v 3.56236 10.90473 9.01245
v 3.56236 10.90473 9.01245
v 3.53449 11.43847 8.94824
v 3.60218 10.90473 9.10418
v -17.50141 18.35876 20.28762
v -17.57400 18.83764 20.13389
v -17.54411 18.35876 20.19719
v -17.54411 18.35876 20.19719
v -17.57400 18.83764 20.13389
v -17.50141 18.35876 20.28762
v -17.55016 18.35876 20.20058
v -17.45700 18.58442 20.34278
v -17.49536 18.35876 20.28423
v -17.49536 18.35876 20.28423
v -17.45700 18.58442 20.34278
v -17.55016 18.35876 20.20058
v -17.51666 18.35876 20.19278
v -17.53738 18.90084 20.36151
v -17.52885 18.35876 20.29203
v -17.52885 18.35876 20.29203
v -17.53738 18.90084 20.36151
v -17.51666 18.35876 20.19278
v -9.58691 11.67993 5.99986
v -9.61610 11.92283 5.83238
v -9.60408 11.67993 5.90134
v -9.60408 11.67993 5.90134
v -9.61610 11.92283 5.83238
v -9.58691 11.67993 5.99986
v -9.62638 11.67993 5.98992
v -9.52138 12.12069 5.85622
v -9.56462 11.67993 5.91127
v -9.56462 11.67993 5.91127
v -9.52138 12.12069 5.85622
v -9.62638 11.67993 5.98992
v -9.54869 11.67993 5.96818
v -9.70783 12.12728 5.90841
v -9.64230 11.67993 5.93302
v -9.64230 11.67993 5.93302
v -9.70783 12.12728 5.90841
v -9.54869 11.67993 5.96818
v 15.36011 11.85884 8.00360
v 15.21080 12.19201 8.08488
v 15.27228 11.85884 8.05141
v 15.27228 11.85884 8.05141
v 15.21080 12.19201 8.08488
v 15.36011 11.85884 8.00360
v 15.34437 11.85884 7.98620
v 15.24858 12.44836 8.12664
v 15.28802 11.85884 8.06881
v 15.28802 11.85884 8.06881
v 15.24858 12.44836 8.12664
v 15.34437 11.85884 7.98620
v 15.27982 11.85884 8.06181
v 15.40351 12.44845 7.94519
v 15.35258 11.85884 7.99321
v 15.35258 11.85884 7.99321
v 15.40351 12.44845 7.94519
v 15.27982 11.85884 8.06181
v -4.01411 12.02362 16.30648
v -4.16585 12.33220 16.22983
v -4.10337 12.02362 16.26139
v -4.10337 12.02362 16.26139
v -4.16585 12.33220 16.22983
v -4.01411 12.02362 16.30648
v -4.05630 12.02362 16.33387
v -4.06458 12.51657 16.16407
v -4.06117 12.02362 16.23399
v -4.06117 12.02362 16.23399
v -4.06458 12.51657 16.16407
v -4.05630 12.02362 16.33387
v -4.05359 12.02362 16.23420
v -4.07109 12.35290 16.40329
v -4.06389 12.02362 16.33367
v -4.06389 12.02362 16.33367
v -4.07109 12.35290 16.40329
v -4.05359 12.02362 16.23420
v 1.50264 11.06108 19.08038
v 1.67033 11.42067 19.10830
v 1.60128 11.06108 19.09680
v 1.60128 11.06108 19.09680
v 1.67033 11.42067 19.10830
v 1.50264 11.06108 19.08038
v 1.51132 11.06108 19.11771
v 1.64951 11.40679 19.01869
v 1.59261 11.06108 19.05946
v 1.59261 11.06108 19.05946
v 1.64951 11.40679 19.01869
v 1.51132 11.06108 19.11771
v 1.54960 11.06108 19.03864
v 1.55765 11.37736 19.20845
v 1.55433 11.06108 19.13853
v 1.55433 11.06108 19.13853
v 1.55765 11.37736 19.20845
v 1.54960 11.06108 19.03864
v -3.30067 11.76126 11.24708
v -3.39414 12.04426 11.10508
v -3.35566 11.76126 11.16355
v -3.35566 11.76126 11.16355
v -3.39414 12.04426 11.10508
v -3.30067 11.76126 11.24708
v -3.36175 11.76126 11.24235
v -3.24756 12.01149 11.11641
v -3.29458 11.76126 11.16827
v -3.29458 11.76126 11.16827
v -3.24756 12.01149 11.11641
v -3.36175 11.76126 11.24235
v -3.29723 11.76126 11.24459
v -3.40241 12.02269 11.11104
v -3.35910 11.76126 11.16603
v -3.35910 11.76126 11.16603
v -3.40241 12.02269 11.11104
v -3.29723 11.76126 11.24459
v 4.75264 11.24626 12.31211
v 4.69889 11.86106 12.47340
v 4.72102 11.24626 12.40699
v 4.72102 11.24626 12.40699
v 4.69889 11.86106 12.47340
v 4.75264 11.24626 12.31211
v 4.69861 11.24626 12.39179
v 4.82855 11.56782 12.28218
v 4.77505 11.24626 12.32731
v 4.77505 11.24626 12.32731
v 4.82855 11.56782 12.28218
v 4.69861 11.24626 12.39179
v 4.68713 11.24626 12.36504
v 4.85610 11.70631 12.34638
v 4.78653 11.24626 12.35406
v 4.78653 11.24626 12.35406
v 4.85610 11.70631 12.34638
v 4.68713 11.24626 12.36504
v -20.68497 14.46497 7.97316
v -20.71647 15.09582 8.14022
v -20.70350 14.46497 8.07143
v -20.70350 14.46497 8.07143
v -20.71647 15.09582 8.14022
v -20.68497 14.46497 7.97316
v -20.68040 14.46497 7.97425
v -20.72743 15.02573 8.13761
v -20.70807 14.46497 8.07035
v -20.70807 14.46497 8.07035
v -20.72743 15.02573 8.13761
v -20.68040 14.46497 7.97425
v -20.64834 14.46497 8.04214
v -20.80438 14.99147 7.97468
v -20.74013 14.46497 8.00246
v -20.74013 14.46497 8.00246
v -20.80438 14.99147 7.97468
v -20.64834 14.46497 8.04214
v 4.57398 12.83478 20.45782
v 4.74056 13.46224 20.42391
v 4.67197 12.83478 20.43788
v 4.67197 12.83478 20.43788
v 4.74056 13.46224 20.42391
v 4.57398 12.83478 20.45782
v 4.63876 12.83478 20.49529
v 4.58509 13.43139 20.33399
v 4.60719 12.83478 20.40041
v 4.60719 12.83478 20.40041
v 4.58509 13.43139 20.33399
v 4.63876 12.83478 20.49529
v 4.57920 12.83478 20.47202
v 4.72801 13.43747 20.38983
v 4.66674 12.83478 20.42368
v 4.66674 12.83478 20.42368
v 4.72801 13.43747 20.38983
v 4.57920 12.83478 20.47202
v 13.02219 12.99324 13.44733
v 12.95669 13.43921 13.60420
v 12.98366 12.99324 13.53961
v 12.98366 12.99324 13.53961
v 12.95669 13.43921 13.60420
v 13.02219 12.99324 13.44733
v 12.97459 12.99324 13.53466
v 13.07093 13.39171 13.39460
v 13.03126 12.99324 13.45227
v 13.03126 12.99324 13.45227
v 13.07093 13.39171 13.39460
v 12.97459 12.99324 13.53466
v 13.03997 12.99324 13.45988
v 12.91403 13.48131 13.57407
v 12.96589 12.99324 13.52705
v 12.96589 12.99324 13.52705
v 12.91403 13.48131 13.57407
v 13.03997 12.99324 13.45988
v -10.24418 0.68504 -6.33666
v -10.09205 1.21233 -6.41254
v -10.15469 0.68504 -6.38130
v -10.15469 0.68504 -6.38130
v -10.09205 1.21233 -6.41254
v -10.24418 0.68504 -6.33666
v -10.24737 0.68504 -6.34475
v -10.08439 0.92223 -6.39311
v -10.15150 0.68504 -6.37320
v -10.15150 0.68504 -6.37320
v -10.08439 0.92223 -6.39311
v -10.24737 0.68504 -6.34475
v -10.19861 0.68504 -6.30898
v -10.20141 1.23356 -6.47896
v -10.20026 0.68504 -6.40897
v -10.20026 0.68504 -6.40897
v -10.20141 1.23356 -6.47896
v -10.19861 0.68504 -6.30898
v -11.62780 15.72676 21.48087
v -11.45875 16.31004 21.46299
v -11.52836 15.72676 21.47036
v -11.52836 15.72676 21.47036
v -11.45875 16.31004 21.46299
v -11.62780 15.72676 21.48087
v -11.58950 15.72676 21.42693
v -11.55069 16.03708 21.59244
v -11.56667 15.72676 21.52429
v -11.56667 15.72676 21.52429
v -11.55069 16.03708 21.59244
v -11.58950 15.72676 21.42693
v -11.54396 15.72676 21.51216
v -11.65997 16.16273 21.38790
v -11.61220 15.72676 21.43907
v -11.61220 15.72676 21.43907
v -11.65997 16.16273 21.38790
v -11.54396 15.72676 21.51216
v -14.81124 1.81168 1.25628
v -14.91676 2.16358 1.12300
v -14.87331 1.81168 1.17788
v -14.87331 1.81168 1.17788
v -14.91676 2.16358 1.12300
v -14.81124 1.81168 1.25628
v -14.86760 1.81168 1.26019
v -14.78149 2.06165 1.11362
v -14.81695 1.81168 1.17397
v -14.81695 1.81168 1.17397
v -14.78149 2.06165 1.11362
v -14.86760 1.81168 1.26019
v -14.87952 1.81168 1.25045
v -14.75290 2.33873 1.13701
v -14.80504 1.81168 1.18372
v -14.80504 1.81168 1.18372
v -14.75290 2.33873 1.13701
v -14.87952 1.81168 1.25045
v -20.23982 1.04394 -7.68865
v -20.24847 1.28217 -7.51887
v -20.24491 1.04394 -7.58878
v -20.24491 1.04394 -7.58878
v -20.24847 1.28217 -7.51887
v -20.23982 1.04394 -7.68865
v -20.19254 1.04394 -7.64292
v -20.36194 1.41910 -7.62860
v -20.29219 1.04394 -7.63450
v -20.29219 1.04394 -7.63450
v -20.36194 1.41910 -7.62860
v -20.19254 1.04394 -7.64292
v -20.22811 1.04394 -7.68664
v -20.27658 1.61677 -7.52369
v -20.25662 1.04394 -7.59079
v -20.25662 1.04394 -7.59079
v -20.27658 1.61677 -7.52369
v -20.22811 1.04394 -7.68664
v -14.17762 0.74105 -5.60672
v -14.00819 1.34377 -5.62066
v -14.07796 0.74105 -5.61492
v -14.07796 0.74105 -5.61492
v -14.00819 1.34377 -5.62066
v -14.17762 0.74105 -5.60672
v -14.16409 0.74105 -5.57643
v -14.04068 1.19244 -5.69335
v -14.09149 0.74105 -5.64520
v -14.09149 0.74105 -5.64520
v -14.04068 1.19244 -5.69335
v -14.16409 0.74105 -5.57643
v -14.13462 0.74105 -5.56128
v -14.11140 1.38114 -5.72969
v -14.12096 0.74105 -5.66035
v -14.12096 0.74105 -5.66035
v -14.11140 1.38114 -5.72969
v -14.13462 0.74105 -5.56128
v -17.78005 18.38584 19.08084
v -17.94961 19.01788 19.06862
v -17.87979 18.38584 19.07365
v -17.87979 18.38584 19.07365
v -17.94961 19.01788 19.06862
v -17.78005 18.38584 19.08084
v -17.82149 18.38584 19.02796
v -17.85016 18.76653 19.19553
v -17.83835 18.38584 19.12653
v -17.83835 18.38584 19.12653
v -17.85016 18.76653 19.19553
v -17.82149 18.38584 19.02796
v -17.77993 18.38584 19.07613
v -17.94989 18.68718 19.07991
v -17.87991 18.38584 19.07836
v -17.87991 18.38584 19.07836
v -17.94989 18.68718 19.07991
v -17.77993 18.38584 19.07613
v -20.93177 15.41633 9.83541
v -20.90540 15.88754 9.66747
v -20.91626 15.41633 9.73662
v -20.91626 15.41633 9.73662
v -20.90540 15.88754 9.66747
v -20.93177 15.41633 9.83541
v -20.96832 15.41633 9.76284
v -20.81768 15.73390 9.84163
v -20.87970 15.41633 9.80919
v -20.87970 15.41633 9.80919
v -20.81768 15.73390 9.84163
v -20.96832 15.41633 9.76284
v -20.88344 15.41633 9.75680
v -21.02139 15.92628 9.85614
v -20.96458 15.41633 9.81524
v -20.96458 15.41633 9.81524
v -21.02139 15.92628 9.85614
v -20.88344 15.41633 9.75680
v -11.56190 12.93227 10.78230
v -11.60197 13.47259 10.94751
v -11.58547 12.93227 10.87948
v -11.58547 12.93227 10.87948
v -11.60197 13.47259 10.94751
v -11.56190 12.93227 10.78230
v -11.57471 12.93227 10.78090
v -11.57123 13.20965 10.95087
v -11.57266 12.93227 10.88088
v -11.57266 12.93227 10.88088
v -11.57123 13.20965 10.95087
v -11.57471 12.93227 10.78090
v -11.59729 12.93227 10.87497
v -11.51704 13.30815 10.72510
v -11.55008 12.93227 10.78681
v -11.55008 12.93227 10.78681
v -11.51704 13.30815 10.72510
v -11.59729 12.93227 10.87497
v -22.55775 19.51092 21.01604
v -22.47883 20.04704 20.86547
v -22.51133 19.51092 20.92747
v -22.51133 19.51092 20.92747
v -22.47883 20.04704 20.86547
v -22.55775 19.51092 21.01604
v -22.55155 19.51092 20.92474
v -22.49371 19.86809 21.08460
v -22.51753 19.51092 21.01877
v -22.51753 19.51092 21.01877
v -22.49371 19.86809 21.08460
v -22.55155 19.51092 20.92474
v -22.48469 19.51092 20.96787
v -22.65418 19.99660 20.98108
v -22.58439 19.51092 20.97564
v -22.58439 19.51092 20.97564
v -22.65418 19.99660 20.98108
v -22.48469 19.51092 20.96787
v -12.04352 15.19545 16.54437
v -11.88752 15.42363 16.47681
v -11.95175 15.19545 16.50463
v -11.95175 15.19545 16.50463
v -11.88752 15.42363 16.47681
v -12.04352 15.19545 16.54437
v -12.02109 15.19545 16.48034
v -11.94134 15.66957 16.63047
v -11.97418 15.19545 16.56865
v -11.97418 15.19545 16.56865
v -11.94134 15.66957 16.63047
v -12.02109 15.19545 16.48034
v -11.95477 15.19545 16.55024
v -12.10050 15.43809 16.46271
v -12.04050 15.19545 16.49875
v -12.04050 15.19545 16.49875
v -12.10050 15.43809 16.46271
v -11.95477 15.19545 16.55024
v -4.19994 12.14300 11.70415
v -4.23089 12.67027 11.53699
v -4.21814 12.14300 11.60582
v -4.21814 12.14300 11.60582
v -4.23089 12.67027 11.53699
v -4.19994 12.14300 11.70415
v -4.25901 12.14300 11.65680
v -4.08912 12.53642 11.65063
v -4.15907 12.14300 11.65317
v -4.15907 12.14300 11.65317
v -4.08912 12.53642 11.65063
v -4.25901 12.14300 11.65680
v -4.19350 12.14300 11.70251
v -4.24634 12.51026 11.54093
v -4.22458 12.14300 11.60746
v -4.22458 12.14300 11.60746
v -4.24634 12.51026 11.54093
v -4.19350 12.14300 11.70251
v -0.67254 10.03566 9.46175
v -0.79885 10.62958 9.34798
v -0.74684 10.03566 9.39483
v -0.74684 10.03566 9.39483
v -0.79885 10.62958 9.34798
v -0.67254 10.03566 9.46175
v -0.75706 10.03566 9.44428
v -0.59599 10.26615 9.38991
v -0.66231 10.03566 9.41230
v -0.66231 10.03566 9.41230
v -0.59599 10.26615 9.38991
v -0.75706 10.03566 9.44428
v -0.66265 10.03566 9.41133
v -0.82257 10.68306 9.46900
v -0.75672 10.03566 9.44526
v -0.75672 10.03566 9.44526
v -0.82257 10.68306 9.46900
v -0.66265 10.03566 9.41133
v -13.28109 0.54923 -7.22200
v -13.40949 1.19321 -7.11059
v -13.35662 0.54923 -7.15646
v -13.35662 0.54923 -7.15646
v -13.40949 1.19321 -7.11059
v -13.28109 0.54923 -7.22200
v -13.36814 0.54923 -7.19763
v -13.20055 0.85293 -7.16909
v -13.26956 0.54923 -7.18084
v -13.26956 0.54923 -7.18084
v -13.20055 0.85293 -7.16909
v -13.36814 0.54923 -7.19763
v -13.26890 0.54923 -7.18691
v -13.43872 0.86347 -7.19482
v -13.36880 0.54923 -7.19156
v -13.36880 0.54923 -7.19156
v -13.43872 0.86347 -7.19482
v -13.26890 0.54923 -7.18691
v 8.67438 11.76809 10.27852
v 8.72758 12.03180 10.43998
v 8.70567 11.76809 10.37350
v 8.70567 11.76809 10.37350
v 8.72758 12.03180 10.43998
v 8.67438 11.76809 10.27852
v 8.64288 11.76809 10.30935
v 8.80317 12.36176 10.36598
v 8.73717 11.76809 10.34267
v 8.73717 11.76809 10.34267
v 8.80317 12.36176 10.36598
v 8.64288 11.76809 10.30935
v 8.67981 11.76809 10.27707
v 8.71455 12.19663 10.44348
v 8.70024 11.76809 10.37495
v 8.70024 11.76809 10.37495
v 8.71455 12.19663 10.44348
v 8.67981 11.76809 10.27707
v 14.42862 12.72103 11.98785
v 14.37113 13.15693 11.82787
v 14.39480 12.72103 11.89374
v 14.39480 12.72103 11.89374
v 14.37113 13.15693 11.82787
v 14.42862 12.72103 11.98785
v 14.46123 12.72103 11.94771
v 14.29286 13.29990 11.92422
v 14.36219 12.72103 11.93389
v 14.36219 12.72103 11.93389
v 14.29286 13.29990 11.92422
v 14.46123 12.72103 11.94771
v 14.41274 12.72103 11.99079
v 14.40922 13.02646 11.82083
v 14.41067 12.72103 11.89081
v 14.41067 12.72103 11.89081
v 14.40922 13.02646 11.82083
v 14.41274 12.72103 11.99079
v -20.48483 1.13754 -1.37060
v -20.31518 1.43713 -1.35972
v -20.38504 1.13754 -1.36420
v -20.38504 1.13754 -1.36420
v -20.31518 1.43713 -1.35972
v -20.48483 1.13754 -1.37060
v -20.40862 1.13754 -1.40991
v -20.49810 1.43257 -1.26537
v -20.46125 1.13754 -1.32489
v -20.46125 1.13754 -1.32489
v -20.49810 1.43257 -1.26537
v -20.40862 1.13754 -1.40991
v -20.44655 1.13754 -1.41603
v -20.40705 1.47428 -1.25068
v -20.42331 1.13754 -1.31877
v -20.42331 1.13754 -1.31877
v -20.40705 1.47428 -1.25068
v -20.44655 1.13754 -1.41603
v 22.51759 0.65267 -8.88899
v 22.34981 0.95441 -8.91638
v 22.41890 0.65267 -8.90510
v 22.41890 0.65267 -8.90510
v 22.34981 0.95441 -8.91638
v 22.51759 0.65267 -8.88899
v 22.51329 0.65267 -8.87535
v 22.36013 1.13493 -8.94911
v 22.42319 0.65267 -8.91874
v 22.42319 0.65267 -8.91874
v 22.36013 1.13493 -8.94911
v 22.51329 0.65267 -8.87535
v 22.51256 0.65267 -8.87389
v 22.36189 0.91743 -8.95263
v 22.42393 0.65267 -8.92021
v 22.42393 0.65267 -8.92021
v 22.36189 0.91743 -8.95263
v 22.51256 0.65267 -8.87389
v 16.56569 12.41687 10.24498
v 16.42964 12.97920 10.14305
v 16.48566 12.41687 10.18502
v 16.48566 12.41687 10.18502
v 16.42964 12.97920 10.14305
v 16.56569 12.41687 10.24498
v 16.54571 12.41687 10.16919
v 16.47760 13.02582 10.32495
v 16.50565 12.41687 10.26082
v 16.50565 12.41687 10.26082
v 16.47760 13.02582 10.32495
v 16.54571 12.41687 10.16919
v 16.48123 12.41687 10.23791
v 16.63235 12.69350 10.16004
v 16.57012 12.41687 10.19210
v 16.57012 12.41687 10.19210
v 16.63235 12.69350 10.16004
v 16.48123 12.41687 10.23791
v -12.39931 0.67784 -15.26164
v -12.28964 1.15617 -15.13175
v -12.33480 0.67784 -15.18523
v -12.33480 0.67784 -15.18523
v -12.28964 1.15617 -15.13175
v -12.39931 0.67784 -15.26164
v -12.37171 0.67784 -15.17365
v -12.35587 0.99334 -15.34291
v -12.36239 0.67784 -15.27322
v -12.36239 0.67784 -15.27322
v -12.35587 0.99334 -15.34291
v -12.37171 0.67784 -15.17365
v -12.32708 0.67784 -15.25348
v -12.46297 1.26013 -15.15133
v -12.40702 0.67784 -15.19339
v -12.40702 0.67784 -15.19339
v -12.46297 1.26013 -15.15133
v -12.32708 0.67784 -15.25348
v 21.31286 0.52722 -15.83621
v 21.45445 0.93753 -15.93030
v 21.39615 0.52722 -15.89156
v 21.39615 0.52722 -15.89156
v 21.45445 0.93753 -15.93030
v 21.31286 0.52722 -15.83621
v 21.33828 0.52722 -15.91118
v 21.39346 0.75306 -15.75039
v 21.37074 0.52722 -15.81660
v 21.37074 0.52722 -15.81660
v 21.39346 0.75306 -15.75039
v 21.33828 0.52722 -15.91118
v 21.37726 0.52722 -15.81936
v 21.29991 1.16120 -15.97075
v 21.33176 0.52722 -15.90841
v 21.33176 0.52722 -15.90841
v 21.29991 1.16120 -15.97075
v 21.37726 0.52722 -15.81936
v 7.48297 11.24698 7.15084
v 7.40558 11.66817 6.99947
v 7.43745 11.24698 7.06180
v 7.43745 11.24698 7.06180
v 7.40558 11.66817 6.99947
v 7.48297 11.24698 7.15084
v 7.41218 11.24698 7.12024
v 7.57546 11.89134 7.07290
v 7.50823 11.24698 7.09239
v 7.50823 11.24698 7.09239
v 7.57546 11.89134 7.07290
v 7.41218 11.24698 7.12024
v 7.41488 11.24698 7.08522
v 7.56900 11.86762 7.15695
v 7.50554 11.24698 7.12741
v 7.50554 11.24698 7.12741
v 7.56900 11.86762 7.15695
v 7.41488 11.24698 7.08522
v -19.25894 1.16160 -11.55614
v -19.33249 1.78156 -11.70941
v -19.30220 1.16160 -11.64630
v -19.30220 1.16160 -11.64630
v -19.33249 1.78156 -11.70941
v -19.25894 1.16160 -11.55614
v -19.30089 1.16160 -11.64690
v -19.23180 1.74801 -11.49158
v -19.26025 1.16160 -11.55553
v -19.26025 1.16160 -11.55553
v -19.23180 1.74801 -11.49158
v -19.30089 1.16160 -11.64690
v -19.31041 1.16160 -11.56110
v -19.20896 1.56006 -11.69751
v -19.25073 1.16160 -11.64134
v -19.25073 1.16160 -11.64134
v -19.20896 1.56006 -11.69751
v -19.31041 1.16160 -11.56110
v 6.57854 11.40622 10.25404
v 6.41927 11.83599 10.19461
v 6.48485 11.40622 10.21908
v 6.48485 11.40622 10.21908
v 6.41927 11.83599 10.19461
v 6.57854 11.40622 10.25404
v 6.55619 11.40622 10.28015
v 6.47291 11.75737 10.13194
v 6.50720 11.40622 10.19297
v 6.50720 11.40622 10.19297
v 6.47291 11.75737 10.13194
v 6.55619 11.40622 10.28015
v 6.53204 11.40622 10.18656
v 6.53086 12.01977 10.35655
v 6.53135 11.40622 10.28655
v 6.53135 11.40622 10.28655
v 6.53086 12.01977 10.35655
v 6.53204 11.40622 10.18656
v -15.67785 1.09916 -1.70613
v -15.77529 1.55961 -1.56683
v -15.73517 1.09916 -1.62419
v -15.73517 1.09916 -1.62419
v -15.77529 1.55961 -1.56683
v -15.67785 1.09916 -1.70613
v -15.71562 1.09916 -1.61600
v -15.68464 1.51267 -1.78315
v -15.69740 1.09916 -1.71433
v -15.69740 1.09916 -1.71433
v -15.68464 1.51267 -1.78315
v -15.71562 1.09916 -1.61600
v -15.73423 1.09916 -1.62355
v -15.63999 1.34180 -1.76504
v -15.67879 1.09916 -1.70678
v -15.67879 1.09916 -1.70678
v -15.63999 1.34180 -1.76504
v -15.73423 1.09916 -1.62355
v 9.85968 0.87217 -11.36837
v 9.97352 1.46650 -11.24212
v 9.92664 0.87217 -11.29410
v 9.92664 0.87217 -11.29410
v 9.97352 1.46650 -11.24212
v 9.85968 0.87217 -11.36837
v 9.87195 0.87217 -11.28596
v 9.94406 1.33232 -11.43990
v 9.91437 0.87217 -11.37651
v 9.91437 0.87217 -11.37651
v 9.94406 1.33232 -11.43990
v 9.87195 0.87217 -11.28596
v 9.94215 0.87217 -11.32122
v 9.77559 1.40878 -11.35527
v 9.84417 0.87217 -11.34125
v 9.84417 0.87217 -11.34125
v 9.77559 1.40878 -11.35527
v 9.94215 0.87217 -11.32122
v -17.93733 15.32929 10.15047
v -17.81420 15.57857 10.03326
v -17.86490 15.32929 10.08152
v -17.86490 15.32929 10.08152
v -17.81420 15.57857 10.03326
v -17.93733 15.32929 10.15047
v -17.85123 15.32929 10.11252
v -18.02082 15.75154 10.12435
v -17.95099 15.32929 10.11948
v -17.95099 15.32929 10.11948
v -18.02082 15.75154 10.12435
v -17.85123 15.32929 10.11252
v -17.85142 15.32929 10.11048
v -18.02038 15.70733 10.12923
v -17.95081 15.32929 10.12151
v -17.95081 15.32929 10.12151
v -18.02038 15.70733 10.12923
v -17.85142 15.32929 10.11048
v -2.50966 10.22612 5.58266
v -2.64740 10.46032 5.48302
v -2.59068 10.22612 5.52405
v -2.59068 10.22612 5.52405
v -2.64740 10.46032 5.48302
v -2.50966 10.22612 5.58266
v -2.58271 10.22612 5.59131
v -2.47207 10.80189 5.46225
v -2.51763 10.22612 5.51539
v -2.51763 10.22612 5.51539
v -2.47207 10.80189 5.46225
v -2.58271 10.22612 5.59131
v -2.51444 10.22612 5.58833
v -2.63591 10.64864 5.46939
v -2.58589 10.22612 5.51837
v -2.58589 10.22612 5.51837
v -2.63591 10.64864 5.46939
v -2.51444 10.22612 5.58833
v -12.62521 15.34367 16.23490
v -12.79305 15.75432 16.26191
v -12.72394 15.34367 16.25079
v -12.72394 15.34367 16.25079
v -12.79305 15.75432 16.26191
v -12.62521 15.34367 16.23490
v -12.67041 15.34367 16.19302
v -12.68458 15.58965 16.36243
v -12.67874 15.34367 16.29267
v -12.67874 15.34367 16.29267
v -12.68458 15.58965 16.36243
v -12.67041 15.34367 16.19302
v -12.62458 15.34367 16.24268
v -12.79458 15.65306 16.24326
v -12.72458 15.34367 16.24302
v -12.72458 15.34367 16.24302
v -12.79458 15.65306 16.24326
v -12.62458 15.34367 16.24268
v -19.31668 19.04061 21.31145
v -19.48510 19.62451 21.28829
v -19.41575 19.04061 21.29783
v -19.41575 19.04061 21.29783
v -19.48510 19.62451 21.28829
v -19.31668 19.04061 21.31145
v -19.34170 19.04061 21.34822
v -19.42506 19.36944 21.20006
v -19.39074 19.04061 21.26107
v -19.39074 19.04061 21.26107
v -19.42506 19.36944 21.20006
v -19.34170 19.04061 21.34822
v -19.32018 19.04061 21.32414
v -19.47671 19.50876 21.25783
v -19.41226 19.04061 21.28514
v -19.41226 19.04061 21.28514
v -19.47671 19.50876 21.25783
v -19.32018 19.04061 21.32414
v -12.97020 0.69041 -15.23973
v -12.80767 0.95597 -15.18987
v -12.87459 0.69041 -15.21040
v -12.87459 0.69041 -15.21040
v -12.80767 0.95597 -15.18987
v -12.97020 0.69041 -15.23973
v -12.88339 0.69041 -15.25635
v -13.01601 0.97730 -15.15000
v -12.96140 0.69041 -15.19379
v -12.96140 0.69041 -15.19379
v -13.01601 0.97730 -15.15000
v -12.88339 0.69041 -15.25635
v -12.88617 0.69041 -15.19060
v -13.00933 1.21033 -15.30778
v -12.95862 0.69041 -15.25953
v -12.95862 0.69041 -15.25953
v -13.00933 1.21033 -15.30778
v -12.88617 0.69041 -15.19060
v -13.46765 15.17915 14.90504
v -13.63755 15.50036 14.91100
v -13.56759 15.17915 14.90855
v -13.56759 15.17915 14.90855
v -13.63755 15.50036 14.91100
v -13.46765 15.17915 14.90504
v -13.52828 15.17915 14.95565
v -13.49206 15.72061 14.78955
v -13.50697 15.17915 14.85794
v -13.50697 15.17915 14.85794
v -13.49206 15.72061 14.78955
v -13.52828 15.17915 14.95565
v -13.49338 15.17915 14.86306
v -13.57581 15.55558 15.01174
v -13.54187 15.17915 14.95052
v -13.54187 15.17915 14.95052
v -13.57581 15.55558 15.01174
v -13.49338 15.17915 14.86306
v -22.46733 14.13437 7.12537
v -22.38138 14.57432 6.97869
v -22.41677 14.13437 7.03909
v -22.41677 14.13437 7.03909
v -22.38138 14.57432 6.97869
v -22.46733 14.13437 7.12537
v -22.45449 14.13437 7.03380
v -22.41218 14.41247 7.19845
v -22.42960 14.13437 7.13066
v -22.42960 14.13437 7.13066
v -22.41218 14.41247 7.19845
v -22.45449 14.13437 7.03380
v -22.39362 14.13437 7.06979
v -22.55827 14.51509 7.11209
v -22.49047 14.13437 7.09467
v -22.49047 14.13437 7.09467
v -22.55827 14.51509 7.11209
v -22.39362 14.13437 7.06979
v 20.40893 0.55050 -8.76565
v 20.35017 0.99692 -8.92517
v 20.37437 0.55050 -8.85949
v 20.37437 0.55050 -8.85949
v 20.35017 0.99692 -8.92517
v 20.40893 0.55050 -8.76565
v 20.34862 0.55050 -8.78711
v 20.49492 1.09936 -8.87368
v 20.43468 0.55050 -8.83803
v 20.43468 0.55050 -8.83803
v 20.49492 1.09936 -8.87368
v 20.34862 0.55050 -8.78711
v 20.35204 0.55050 -8.84308
v 20.48672 1.15939 -8.73935
v 20.43126 0.55050 -8.78206
v 20.43126 0.55050 -8.78206
v 20.48672 1.15939 -8.73935
v 20.35204 0.55050 -8.84308
v 21.35131 0.79468 -4.33411
v 21.51205 1.44239 -4.38946
v 21.44586 0.79468 -4.36667
v 21.44586 0.79468 -4.36667
v 21.51205 1.44239 -4.38946
v 21.35131 0.79468 -4.33411
v 21.35087 0.79468 -4.33543
v 21.51309 1.28052 -4.38629
v 21.44630 0.79468 -4.36535
v 21.44630 0.79468 -4.36535
v 21.51309 1.28052 -4.38629
v 21.35087 0.79468 -4.33543
v 21.39107 0.79468 -4.39982
v 21.41662 1.39036 -4.23175
v 21.40610 0.79468 -4.30096
v 21.40610 0.79468 -4.30096
v 21.41662 1.39036 -4.23175
v 21.39107 0.79468 -4.39982
v -18.41506 15.91881 11.00968
v -18.36249 16.29236 11.17135
v -18.38414 15.91881 11.10478
v -18.38414 15.91881 11.10478
v -18.36249 16.29236 11.17135
v -18.41506 15.91881 11.00968
v -18.43673 15.91881 11.02374
v -18.31049 16.45255 11.13760
v -18.36247 15.91881 11.09072
v -18.36247 15.91881 11.09072
v -18.31049 16.45255 11.13760
v -18.43673 15.91881 11.02374
v -18.44519 15.91881 11.07775
v -18.29017 16.53459 11.00799
v -18.35400 15.91881 11.03671
v -18.35400 15.91881 11.03671
v -18.29017 16.53459 11.00799
v -18.44519 15.91881 11.07775
v 18.77297 0.69088 -6.31630
v 18.69988 1.05104 -6.46978
v 18.72998 0.69088 -6.40658
v 18.72998 0.69088 -6.40658
v 18.69988 1.05104 -6.46978
v 18.77297 0.69088 -6.31630
v 18.79512 0.69088 -6.38583
v 18.64671 1.03463 -6.30291
v 18.70782 0.69088 -6.33705
v 18.70782 0.69088 -6.33705
v 18.64671 1.03463 -6.30291
v 18.79512 0.69088 -6.38583
v 18.74729 0.69088 -6.31162
v 18.76153 1.02390 -6.48102
v 18.75566 0.69088 -6.41126
v 18.75566 0.69088 -6.41126
v 18.76153 1.02390 -6.48102
v 18.74729 0.69088 -6.31162
v -14.44336 0.61528 -13.87258
v -14.27511 0.90806 -13.89696
v -14.34439 0.61528 -13.88692
v -14.34439 0.61528 -13.88692
v -14.27511 0.90806 -13.89696
v -14.44336 0.61528 -13.87258
v -14.34482 0.61528 -13.87006
v -14.51160 0.90946 -13.90299
v -14.44293 0.61528 -13.88943
v -14.44293 0.61528 -13.88943
v -14.51160 0.90946 -13.90299
v -14.34482 0.61528 -13.87006
v -14.43182 0.61528 -13.84719
v -14.30279 1.07904 -13.95788
v -14.35592 0.61528 -13.91230
v -14.35592 0.61528 -13.91230
v -14.30279 1.07904 -13.95788
v -14.43182 0.61528 -13.84719
v 9.09797 12.31203 13.47279
v 9.20636 12.62391 13.34182
v 9.16173 12.31203 13.39575
v 9.16173 12.31203 13.39575
v 9.20636 12.62391 13.34182
v 9.09797 12.31203 13.47279
v 9.12821 12.31203 13.38430
v 9.13378 12.61221 13.55420
v 9.13149 12.31203 13.48424
v 9.13149 12.31203 13.48424
v 9.13378 12.61221 13.55420
v 9.12821 12.31203 13.38430
v 9.13606 12.31203 13.38466
v 9.11494 12.75155 13.55334
v 9.12364 12.31203 13.48388
v 9.12364 12.31203 13.48388
v 9.11494 12.75155 13.55334
v 9.13606 12.31203 13.38466
v 17.49060 0.53935 -11.95623
v 17.50819 0.94633 -12.12532
v 17.50095 0.53935 -12.05569
v 17.50095 0.53935 -12.05569
v 17.50819 0.94633 -12.12532
v 17.49060 0.53935 -11.95623
v 17.44593 0.53935 -12.00990
v 17.61540 1.07428 -11.99650
v 17.54562 0.53935 -12.00202
v 17.54562 0.53935 -12.00202
v 17.61540 1.07428 -11.99650
v 17.44593 0.53935 -12.00990
v 17.46199 0.53935 -12.04281
v 17.57687 0.94168 -11.91751
v 17.52956 0.53935 -11.96910
v 17.52956 0.53935 -11.96910
v 17.57687 0.94168 -11.91751
v 17.46199 0.53935 -12.04281
v 15.09280 0.72704 -17.13200
v 15.23614 1.19957 -17.22340
v 15.17712 0.72704 -17.18577
v 15.17712 0.72704 -17.18577
v 15.23614 1.19957 -17.22340
v 15.09280 0.72704 -17.13200
v 15.08891 0.72704 -17.13941
v 15.24548 1.19638 -17.20562
v 15.18101 0.72704 -17.17836
v 15.18101 0.72704 -17.17836
v 15.24548 1.19638 -17.20562
v 15.08891 0.72704 -17.13941
v 15.13514 0.72704 -17.20888
v 15.13452 1.29110 -17.03888
v 15.13478 0.72704 -17.10888
v 15.13478 0.72704 -17.10888
v 15.13452 1.29110 -17.03888
v 15.13514 0.72704 -17.20888
v -2.38862 10.43404 6.89614
v -2.34269 10.90948 7.05982
v -2.36160 10.43404 6.99242
v -2.36160 10.43404 6.99242
v -2.34269 10.90948 7.05982
v -2.38862 10.43404 6.89614
v -2.32582 10.43404 6.93593
v -2.49343 11.00246 6.96433
v -2.42441 10.43404 6.95264
v -2.42441 10.43404 6.95264
v -2.49343 11.00246 6.96433
v -2.32582 10.43404 6.93593
v -2.40682 10.43404 6.98295
v -2.29903 10.82304 6.85149
v -2.34341 10.43404 6.90562
v -2.34341 10.43404 6.90562
v -2.29903 10.82304 6.85149
v -2.40682 10.43404 6.98295
v 13.78498 12.69906 11.84609
v 13.65332 13.11551 11.95363
v 13.70754 12.69906 11.90935
v 13.70754 12.69906 11.90935
v 13.65332 13.11551 11.95363
v 13.78498 12.69906 11.84609
v 13.79122 12.69906 11.85585
v 13.63835 13.07291 11.93021
v 13.70130 12.69906 11.89959
v 13.70130 12.69906 11.89959
v 13.63835 13.07291 11.93021
v 13.79122 12.69906 11.85585
v 13.72091 12.69906 11.83462
v 13.80709 13.19094 11.98116
v 13.77161 12.69906 11.92082
v 13.77161 12.69906 11.92082
v 13.80709 13.19094 11.98116
v 13.72091 12.69906 11.83462
v -19.52508 1.16138 -10.16387
v -19.67916 1.52225 -10.09204
v -19.61571 1.16138 -10.12162
v -19.61571 1.16138 -10.12162
v -19.67916 1.52225 -10.09204
v -19.52508 1.16138 -10.16387
v -19.52903 1.16138 -10.11466
v -19.66968 1.56401 -10.21014
v -19.61176 1.16138 -10.17083
v -19.61176 1.16138 -10.17083
v -19.66968 1.56401 -10.21014
v -19.52903 1.16138 -10.11466
v -19.61825 1.16138 -10.15722
v -19.45554 1.41983 -10.10799
v -19.52254 1.16138 -10.12826
v -19.52254 1.16138 -10.12826
v -19.45554 1.41983 -10.10799
v -19.61825 1.16138 -10.15722
v 18.51455 0.82933 -5.40202
v 18.51612 1.36259 -5.57201
v 18.51548 0.82933 -5.50202
v 18.51548 0.82933 -5.50202
v 18.51612 1.36259 -5.57201
v 18.51455 0.82933 -5.40202
v 18.49549 0.82933 -5.49805
v 18.56186 1.47677 -5.34154
v 18.53453 0.82933 -5.40599
v 18.53453 0.82933 -5.40599
v 18.56186 1.47677 -5.34154
v 18.49549 0.82933 -5.49805
v 18.51727 0.82933 -5.40207
v 18.50960 1.22743 -5.57190
v 18.51276 0.82933 -5.50197
v 18.51276 0.82933 -5.50197
v 18.50960 1.22743 -5.57190
v 18.51727 0.82933 -5.40207
v 8.74024 11.81958 10.76381
v 8.87369 12.30277 10.86913
v 8.81874 11.81958 10.82576
v 8.81874 11.81958 10.82576
v 8.87369 12.30277 10.86913
v 8.74024 11.81958 10.76381
v 8.81487 11.81958 10.83012
v 8.69458 12.26835 10.70999
v 8.74411 11.81958 10.75945
v 8.74411 11.81958 10.75945
v 8.69458 12.26835 10.70999
v 8.81487 11.81958 10.83012
v 8.82702 11.81958 10.77926
v 8.66542 12.06087 10.83206
v 8.73196 11.81958 10.81031
v 8.73196 11.81958 10.81031
v 8.66542 12.06087 10.83206
v 8.82702 11.81958 10.77926
v 17.22009 12.30663 9.50672
v 17.30520 12.85360 9.65388
v 17.27016 12.30663 9.59328
v 17.27016 12.30663 9.59328
v 17.30520 12.85360 9.65388
v 17.22009 12.30663 9.50672
v 17.23457 12.30663 9.59887
v 17.27045 12.53091 9.43270
v 17.25568 12.30663 9.50113
v 17.25568 12.30663 9.50113
v 17.27045 12.53091 9.43270
v 17.23457 12.30663 9.59887
v 17.27460 12.30663 9.59039
v 17.17439 12.70526 9.45306
v 17.21565 12.30663 9.50961
v 17.21565 12.30663 9.50961
v 17.17439 12.70526 9.45306
v 17.27460 12.30663 9.59039
v 9.72530 0.73697 -13.68723
v 9.59578 1.35684 -13.79734
v 9.64911 0.73697 -13.75200
v 9.64911 0.73697 -13.75200
v 9.59578 1.35684 -13.79734
v 9.72530 0.73697 -13.68723
v 9.73604 0.73697 -13.70887
v 9.57001 1.19373 -13.74540
v 9.63837 0.73697 -13.73036
v 9.63837 0.73697 -13.73036
v 9.57001 1.19373 -13.74540
v 9.73604 0.73697 -13.70887
v 9.68231 0.73697 -13.66985
v 9.69896 1.28270 -13.83904
v 9.69210 0.73697 -13.76937
v 9.69210 0.73697 -13.76937
v 9.69896 1.28270 -13.83904
v 9.68231 0.73697 -13.66985
v 21.02826 0.96635 -2.87914
v 20.95389 1.32728 -2.72627
v 20.98451 0.96635 -2.78922
v 20.98451 0.96635 -2.78922
v 20.95389 1.32728 -2.72627
v 21.02826 0.96635 -2.87914
v 20.95667 0.96635 -2.83955
v 21.12569 1.37249 -2.82128
v 21.05610 0.96635 -2.82880
v 21.05610 0.96635 -2.82880
v 21.12569 1.37249 -2.82128
v 20.95667 0.96635 -2.83955
v 20.95639 0.96635 -2.83500
v 21.12637 1.33050 -2.83221
v 21.05638 0.96635 -2.83336
v 21.05638 0.96635 -2.83336
v 21.12637 1.33050 -2.83221
v 20.95639 0.96635 -2.83500
v 15.01726 16.32809 21.92500
v 15.02837 16.96609 21.75537
v 15.02380 16.32809 21.82522
v 15.02380 16.32809 21.82522
v 15.02837 16.96609 21.75537
v 15.01726 16.32809 21.92500
v 15.04326 16.32809 21.91965
v 14.96597 16.91842 21.76823
v 14.99779 16.32809 21.83058
v 14.99779 16.32809 21.83058
v 14.96597 16.91842 21.76823
v 15.04326 16.32809 21.91965
v 14.97060 16.32809 21.87244
v 15.14035 16.67696 21.88153
v 15.07045 16.32809 21.87779
v 15.07045 16.32809 21.87779
v 15.14035 16.67696 21.88153
v 14.97060 16.32809 21.87244
v -3.03988 11.32936 15.53926
v -2.98079 11.83518 15.37986
v -3.00512 11.32936 15.44549
v -3.00512 11.32936 15.44549
v -2.98079 11.83518 15.37986
v -3.03988 11.32936 15.53926
v -3.00432 11.32936 15.44580
v -3.06614 11.92338 15.60416
v -3.04069 11.32936 15.53895
v -3.04069 11.32936 15.53895
v -3.06614 11.92338 15.60416
v -3.00432 11.32936 15.44580
v -2.97611 11.32936 15.47373
v -3.13385 11.77379 15.53711
v -3.06890 11.32936 15.51101
v -3.06890 11.32936 15.51101
v -3.13385 11.77379 15.53711
v -2.97611 11.32936 15.47373
v -14.52066 14.31151 10.61553
v -14.57131 14.60375 10.77780
v -14.55046 14.31151 10.71098
v -14.55046 14.31151 10.71098
v -14.57131 14.60375 10.77780
v -14.52066 14.31151 10.61553
v -14.48901 14.31151 10.68150
v -14.64728 14.87983 10.61946
v -14.58211 14.31151 10.64501
v -14.58211 14.31151 10.64501
v -14.64728 14.87983 10.61946
v -14.48901 14.31151 10.68150
v -14.48755 14.31151 10.64928
v -14.65078 14.58574 10.69679
v -14.58356 14.31151 10.67723
v -14.58356 14.31151 10.67723
v -14.65078 14.58574 10.69679
v -14.48755 14.31151 10.64928
v 22.26648 1.23398 -1.04910
v 22.42210 1.80140 -0.98066
v 22.35802 1.23398 -1.00884
v 22.35802 1.23398 -1.00884
v 22.42210 1.80140 -0.98066
v 22.26648 1.23398 -1.04910
v 22.35388 1.23398 -1.05666
v 22.21233 1.70986 -0.96251
v 22.27062 1.23398 -1.00128
v 22.27062 1.23398 -1.00128
v 22.21233 1.70986 -0.96251
v 22.35388 1.23398 -1.05666
v 22.26231 1.23398 -1.02649
v 22.43210 1.86814 -1.03492
v 22.36219 1.23398 -1.03145
v 22.36219 1.23398 -1.03145
v 22.43210 1.86814 -1.03492
v 22.26231 1.23398 -1.02649
v -17.35173 1.01364 -6.83687
v -17.25837 1.42990 -6.97894
v -17.29681 1.01364 -6.92044
v -17.29681 1.01364 -6.92044
v -17.25837 1.42990 -6.97894
v -17.35173 1.01364 -6.83687
v -17.33580 1.01364 -6.92730
v -17.29660 1.55407 -6.76188
v -17.31274 1.01364 -6.83000
v -17.31274 1.01364 -6.83000
v -17.29660 1.55407 -6.76188
v -17.33580 1.01364 -6.92730
v -17.28420 1.01364 -6.90855
v -17.42044 1.43258 -6.80689
v -17.36434 1.01364 -6.84875
v -17.36434 1.01364 -6.84875
v -17.42044 1.43258 -6.80689
v -17.28420 1.01364 -6.90855
v -21.54304 0.80834 -11.50645
v -21.70798 1.41747 -11.54762
v -21.64007 0.80834 -11.53067
v -21.64007 0.80834 -11.53067
v -21.70798 1.41747 -11.54762
v -21.54304 0.80834 -11.50645
v -21.62730 0.80834 -11.55353
v -21.50578 1.32680 -11.43464
v -21.55582 0.80834 -11.48359
v -21.55582 0.80834 -11.48359
v -21.50578 1.32680 -11.43464
v -21.62730 0.80834 -11.55353
v -21.64132 0.80834 -11.51371
v -21.47212 1.18224 -11.53021
v -21.54179 0.80834 -11.52341
v -21.54179 0.80834 -11.52341
v -21.47212 1.18224 -11.53021
v -21.64132 0.80834 -11.51371
v -16.96493 12.84247 5.54739
v -17.09130 13.25264 5.66111
v -17.03927 12.84247 5.61429
v -17.03927 12.84247 5.61429
v -17.09130 13.25264 5.66111
v -16.96493 12.84247 5.54739
v -17.02409 12.84247 5.62574
v -16.94931 13.10186 5.47307
v -16.98011 12.84247 5.53594
v -16.98011 12.84247 5.53594
v -16.94931 13.10186 5.47307
v -17.02409 12.84247 5.62574
v -16.95914 12.84247 5.60643
v -17.10519 13.41091 5.51943
v -17.04506 12.84247 5.55525
v -17.04506 12.84247 5.55525
v -17.10519 13.41091 5.51943
v -16.95914 12.84247 5.60643
v -19.21758 18.18090 17.10779
v -19.11996 18.74112 16.96861
v -19.16016 18.18090 17.02592
v -19.16016 18.18090 17.02592
v -19.11996 18.74112 16.96861
v -19.21758 18.18090 17.10779
v -19.14643 18.18090 17.04042
v -19.29072 18.48029 17.13030
v -19.23131 18.18090 17.09329
v -19.23131 18.18090 17.09329
v -19.29072 18.48029 17.13030
v -19.14643 18.18090 17.04042
v -19.15639 18.18090 17.10487
v -19.26680 18.81188 16.97561
v -19.22134 18.18090 17.02884
v -19.22134 18.18090 17.02884
v -19.26680 18.81188 16.97561
v -19.15639 18.18090 17.10487
v -19.90854 18.61745 18.39552
v -19.83042 19.23413 18.24453
v -19.86258 18.61745 18.30671
v -19.86258 18.61745 18.30671
v -19.83042 19.23413 18.24453
v -19.90854 18.61745 18.39552
v -19.87123 18.61745 18.39902
v -19.91995 18.98738 18.23615
v -19.89989 18.61745 18.30321
v -19.89989 18.61745 18.30321
v -19.91995 18.98738 18.23615
v -19.87123 18.61745 18.39902
v -19.89679 18.61745 18.30239
v -19.85862 18.96513 18.46805
v -19.87433 18.61745 18.39984
v -19.87433 18.61745 18.39984
v -19.85862 18.96513 18.46805
v -19.89679 18.61745 18.30239
v -19.92045 1.05360 -8.10545
v -20.06633 1.56714 -8.01817
v -20.00626 1.05360 -8.05411
v -20.00626 1.05360 -8.05411
v -20.06633 1.56714 -8.01817
v -19.92045 1.05360 -8.10545
v -19.94690 1.05360 -8.03256
v -20.00285 1.39155 -8.19309
v -19.97981 1.05360 -8.12699
v -19.97981 1.05360 -8.12699
v -20.00285 1.39155 -8.19309
v -19.94690 1.05360 -8.03256
v -19.99867 1.05360 -8.04438
v -19.87859 1.38666 -8.16472
v -19.92804 1.05360 -8.11517
v -19.92804 1.05360 -8.11517
v -19.87859 1.38666 -8.16472
v -19.99867 1.05360 -8.04438
v 19.51831 12.95045 11.98157
v 19.34961 13.44712 11.96066
v 19.41907 12.95045 11.96927
v 19.41907 12.95045 11.96927
v 19.34961 13.44712 11.96066
v 19.51831 12.95045 11.98157
v 19.46545 12.95045 12.02531
v 19.47647 13.26673 11.85567
v 19.47194 12.95045 11.92552
v 19.47194 12.95045 11.92552
v 19.47647 13.26673 11.85567
v 19.46545 12.95045 12.02531
v 19.41880 12.95045 11.97864
v 19.58844 13.18238 11.96768
v 19.51859 12.95045 11.97219
v 19.51859 12.95045 11.97219
v 19.58844 13.18238 11.96768
v 19.41880 12.95045 11.97864
v -8.17839 13.02002 15.24916
v -8.33967 13.29898 15.19543
v -8.27326 13.02002 15.21756
v -8.27326 13.02002 15.21756
v -8.33967 13.29898 15.19543
v -8.17839 13.02002 15.24916
v -8.24646 13.02002 15.18782
v -8.17629 13.62901 15.34266
v -8.20518 13.02002 15.27890
v -8.20518 13.02002 15.27890
v -8.17629 13.62901 15.34266
v -8.24646 13.02002 15.18782
v -8.24902 13.02002 15.18907
v -8.17014 13.55023 15.33966
v -8.20262 13.02002 15.27765
v -8.20262 13.02002 15.27765
v -8.17014 13.55023 15.33966
v -8.24902 13.02002 15.18907
v 2.79451 10.31579 5.18989
v 2.96372 10.64929 5.20622
v 2.89405 10.31579 5.19950
v 2.89405 10.31579 5.19950
v 2.96372 10.64929 5.20622
v 2.79451 10.31579 5.18989
v 2.87022 10.31579 5.23744
v 2.78202 10.84586 5.09211
v 2.81834 10.31579 5.15195
v 2.81834 10.31579 5.15195
v 2.78202 10.84586 5.09211
v 2.87022 10.31579 5.23744
v 2.85424 10.31579 5.14570
v 2.82036 10.60104 5.31229
v 2.83431 10.31579 5.24369
v 2.83431 10.31579 5.24369
v 2.82036 10.60104 5.31229
v 2.85424 10.31579 5.14570
v 6.22256 12.00122 15.09250
v 6.35079 12.22473 15.20411
v 6.29799 12.00122 15.15815
v 6.29799 12.00122 15.15815
v 6.35079 12.22473 15.20411
v 6.22256 12.00122 15.09250
v 6.21436 12.00122 15.14513
v 6.37046 12.43841 15.07780
v 6.30618 12.00122 15.10552
v 6.30618 12.00122 15.10552
v 6.37046 12.43841 15.07780
v 6.21436 12.00122 15.14513
v 6.22207 12.00122 15.15758
v 6.35196 12.45297 15.04790
v 6.29847 12.00122 15.09307
v 6.29847 12.00122 15.09307
v 6.35196 12.45297 15.04790
v 6.22207 12.00122 15.15758
v -7.61975 11.86662 7.56942
v -7.73627 12.16429 7.44564
v -7.68829 11.86662 7.49661
v -7.68829 11.86662 7.49661
v -7.73627 12.16429 7.44564
v -7.61975 11.86662 7.56942
v -7.62830 11.86662 7.49014
v -7.71574 12.50313 7.63593
v -7.67973 11.86662 7.57589
v -7.67973 11.86662 7.57589
v -7.71574 12.50313 7.63593
v -7.62830 11.86662 7.49014
v -7.60402 11.86662 7.53220
v -7.77400 12.20286 7.53497
v -7.70401 11.86662 7.53383
v -7.70401 11.86662 7.53383
v -7.77400 12.20286 7.53497
v -7.60402 11.86662 7.53220
v -3.34836 11.91423 21.78458
v -3.17841 12.36138 21.78035
v -3.24839 11.91423 21.78209
v -3.24839 11.91423 21.78209
v -3.17841 12.36138 21.78035
v -3.34836 11.91423 21.78458
v -3.34826 11.91423 21.78677
v -3.17866 12.22495 21.77509
v -3.24849 11.91423 21.77990
v -3.24849 11.91423 21.77990
v -3.17866 12.22495 21.77509
v -3.34826 11.91423 21.78677
v -3.31468 11.91423 21.83060
v -3.25925 12.19336 21.66989
v -3.28207 11.91423 21.73607
v -3.28207 11.91423 21.73607
v -3.25925 12.19336 21.66989
v -3.31468 11.91423 21.83060
v -8.43663 12.81421 13.42504
v -8.56457 13.03591 13.31310
v -8.51189 12.81421 13.35919
v -8.51189 12.81421 13.35919
v -8.56457 13.03591 13.31310
v -8.43663 12.81421 13.42504
v -8.42429 12.81421 13.39035
v -8.59418 13.24084 13.39635
v -8.52423 12.81421 13.39388
v -8.52423 12.81421 13.39388
v -8.59418 13.24084 13.39635
v -8.42429 12.81421 13.39035
v -8.48136 12.81421 13.34262
v -8.45720 13.14111 13.51090
v -8.46715 12.81421 13.44161
v -8.46715 12.81421 13.44161
v -8.45720 13.14111 13.51090
v -8.48136 12.81421 13.34262
v 17.26046 1.42821 0.65229
v 17.42495 1.88818 0.69522
v 17.35722 1.42821 0.67754
v 17.35722 1.42821 0.67754
v 17.42495 1.88818 0.69522
v 17.26046 1.42821 0.65229
v 17.30039 1.42821 0.71420
v 17.32912 1.99757 0.54665
v 17.31729 1.42821 0.61564
v 17.31729 1.42821 0.61564
v 17.32912 1.99757 0.54665
v 17.30039 1.42821 0.71420
v 17.29053 1.42821 0.71144
v 17.35279 1.67282 0.55326
v 17.32715 1.42821 0.61839
v 17.32715 1.42821 0.61839
v 17.35279 1.67282 0.55326
v 17.29053 1.42821 0.71144
v 7.20611 12.63434 17.58168
v 7.11077 13.02632 17.72242
v 7.15003 12.63434 17.66447
v 7.15003 12.63434 17.66447
v 7.11077 13.02632 17.72242
v 7.20611 12.63434 17.58168
v 7.19471 12.63434 17.67022
v 7.13813 12.85699 17.50992
v 7.16143 12.63434 17.57592
v 7.16143 12.63434 17.57592
v 7.13813 12.85699 17.50992
v 7.19471 12.63434 17.67022
v 7.20151 12.63434 17.66724
v 7.12181 13.16429 17.51708
v 7.15463 12.63434 17.57891
v 7.15463 12.63434 17.57891
v 7.12181 13.16429 17.51708
v 7.20151 12.63434 17.66724
v -8.04883 12.59776 12.75655
v -8.08930 12.86339 12.92166
v -8.07264 12.59776 12.85368
v -8.07264 12.59776 12.85368
v -8.08930 12.86339 12.92166
v -8.04883 12.59776 12.75655
v -8.10223 12.59776 12.77722
v -7.96114 13.07623 12.87206
v -8.01924 12.59776 12.83301
v -8.01924 12.59776 12.83301
v -7.96114 13.07623 12.87206
v -8.10223 12.59776 12.77722
v -8.01658 12.59776 12.82858
v -8.16669 13.23626 12.74879
v -8.10488 12.59776 12.78165
v -8.10488 12.59776 12.78165
v -8.16669 13.23626 12.74879
v -8.01658 12.59776 12.82858
v 7.33342 12.37058 16.35201
v 7.50340 12.78170 16.35451
v 7.43341 12.37058 16.35348
v 7.43341 12.37058 16.35348
v 7.50340 12.78170 16.35451
v 7.33342 12.37058 16.35201
v 7.34331 12.37058 16.38260
v 7.47968 12.97443 16.28109
v 7.42353 12.37058 16.32289
v 7.42353 12.37058 16.32289
v 7.47968 12.97443 16.28109
v 7.34331 12.37058 16.38260
v 7.33907 12.37058 16.32965
v 7.48984 12.65898 16.40819
v 7.42776 12.37058 16.37585
v 7.42776 12.37058 16.37585
v 7.48984 12.65898 16.40819
v 7.33907 12.37058 16.32965
v -5.57846 12.24900 12.33935
v -5.64540 12.67695 12.18308
v -5.61784 12.24900 12.24743
v -5.61784 12.24900 12.24743
v -5.64540 12.67695 12.18308
v -5.57846 12.24900 12.33935
v -5.59600 12.24900 12.24344
v -5.60330 12.88008 12.41328
v -5.60029 12.24900 12.34334
v -5.60029 12.24900 12.34334
v -5.60330 12.88008 12.41328
v -5.59600 12.24900 12.24344
v -5.54820 12.24900 12.29108
v -5.71802 12.50163 12.29892
v -5.64810 12.24900 12.29570
v -5.64810 12.24900 12.29570
v -5.71802 12.50163 12.29892
v -5.54820 12.24900 12.29108
v 10.32883 11.80829 9.01060
v 10.32216 12.27767 9.18047
v 10.32490 11.80829 9.11052
v 10.32490 11.80829 9.11052
v 10.32216 12.27767 9.18047
v 10.32883 11.80829 9.01060
v 10.37367 11.80829 9.07816
v 10.21454 12.36013 9.01833
v 10.28006 11.80829 9.04296
v 10.28006 11.80829 9.04296
v 10.21454 12.36013 9.01833
v 10.37367 11.80829 9.07816
v 10.30435 11.80829 9.01592
v 10.38090 12.29174 9.16771
v 10.34938 11.80829 9.10521
v 10.34938 11.80829 9.10521
v 10.38090 12.29174 9.16771
v 10.30435 11.80829 9.01592
v 11.84853 12.62237 11.10768
v 11.71496 12.97766 11.00251
v 11.76996 12.62237 11.04582
v 11.76996 12.62237 11.04582
v 11.71496 12.97766 11.00251
v 11.84853 12.62237 11.10768
v 11.76000 12.62237 11.06807
v 11.92742 13.10553 11.09759
v 11.85849 12.62237 11.08543
v 11.85849 12.62237 11.08543
v 11.92742 13.10553 11.09759
v 11.76000 12.62237 11.06807
v 11.82821 12.62237 11.12301
v 11.76373 13.08378 10.96571
v 11.79028 12.62237 11.03048
v 11.79028 12.62237 11.03048
v 11.76373 13.08378 10.96571
v 11.82821 12.62237 11.12301
v -8.12619 12.61932 12.93165
v -7.95785 13.24510 12.95536
v -8.02716 12.61932 12.94559
v -8.02716 12.61932 12.94559
v -7.95785 13.24510 12.95536
v -8.12619 12.61932 12.93165
v -8.12428 12.61932 12.92333
v -7.96242 13.22842 12.97531
v -8.02907 12.61932 12.95391
v -8.02907 12.61932 12.95391
v -7.96242 13.22842 12.97531
v -8.12428 12.61932 12.92333
v -8.03610 12.61932 12.90941
v -8.17407 13.15085 13.00873
v -8.11726 12.61932 12.96783
v -8.11726 12.61932 12.96783
v -8.17407 13.15085 13.00873
v -8.03610 12.61932 12.90941
v -19.99900 1.63673 0.73489
v -19.93442 2.16922 0.89215
v -19.96101 1.63673 0.82740
v -19.96101 1.63673 0.82740
v -19.93442 2.16922 0.89215
v -19.99900 1.63673 0.73489
v -19.99303 1.63673 0.82942
v -19.94874 2.05014 0.66529
v -19.96698 1.63673 0.73287
v -19.96698 1.63673 0.73287
v -19.94874 2.05014 0.66529
v -19.99303 1.63673 0.82942
v -19.93125 1.63673 0.79223
v -20.09702 2.15502 0.75454
v -20.02876 1.63673 0.77006
v -20.02876 1.63673 0.77006
v -20.09702 2.15502 0.75454
v -19.93125 1.63673 0.79223
v -12.46621 12.54968 6.92963
v -12.36614 12.94543 6.79221
v -12.40735 12.54968 6.84879
v -12.40735 12.54968 6.84879
v -12.36614 12.94543 6.79221
v -12.46621 12.54968 6.92963
v -12.45756 12.54968 6.93469
v -12.38691 12.88623 6.78006
v -12.41600 12.54968 6.84373
v -12.41600 12.54968 6.84373
v -12.38691 12.88623 6.78006
v -12.45756 12.54968 6.93469
v -12.47146 12.54968 6.85320
v -12.35353 13.10019 6.97564
v -12.40209 12.54968 6.92522
v -12.40209 12.54968 6.92522
v -12.35353 13.10019 6.97564
v -12.47146 12.54968 6.85320
v -8.61113 12.60750 11.67082
v -8.55327 12.90895 11.51097
v -8.57709 12.60750 11.57679
v -8.57709 12.60750 11.57679
v -8.55327 12.90895 11.51097
v -8.61113 12.60750 11.67082
v -8.63668 12.60750 11.59758
v -8.49195 12.93126 11.68677
v -8.55155 12.60750 11.65004
v -8.55155 12.60750 11.65004
v -8.49195 12.93126 11.68677
v -8.63668 12.60750 11.59758
v -8.60468 12.60750 11.57494
v -8.56874 12.83498 11.74110
v -8.58354 12.60750 11.67268
v -8.58354 12.60750 11.67268
v -8.56874 12.83498 11.74110
v -8.60468 12.60750 11.57494
v -16.68454 1.14636 -0.52963
v -16.84143 1.49773 -0.46416
v -16.77683 1.14636 -0.49112
v -16.77683 1.14636 -0.49112
v -16.84143 1.49773 -0.46416
v -16.68454 1.14636 -0.52963
v -16.77785 1.14636 -0.49378
v -16.61748 1.44051 -0.55018
v -16.68352 1.14636 -0.52696
v -16.68352 1.14636 -0.52696
v -16.61748 1.44051 -0.55018
v -16.77785 1.14636 -0.49378
v -16.68107 1.14636 -0.50417
v -16.84976 1.61840 -0.52525
v -16.78030 1.14636 -0.51657
v -16.78030 1.14636 -0.51657
v -16.84976 1.61840 -0.52525
v -16.68107 1.14636 -0.50417
v -20.34605 18.49028 17.26342
v -20.19400 18.72272 17.33945
v -20.25661 18.49028 17.30814
v -20.25661 18.49028 17.30814
v -20.19400 18.72272 17.33945
v -20.34605 18.49028 17.26342
v -20.31482 18.49028 17.33392
v -20.26894 18.87812 17.17023
v -20.28783 18.49028 17.23764
v -20.28783 18.49028 17.23764
v -20.26894 18.87812 17.17023
v -20.31482 18.49028 17.33392
v -20.25301 18.49028 17.29865
v -20.41728 18.93928 17.25488
v -20.34964 18.49028 17.27291
v -20.34964 18.49028 17.27291
v -20.41728 18.93928 17.25488
v -20.25301 18.49028 17.29865
v 11.08976 13.37561 17.64490
v 11.06176 13.75776 17.47722
v 11.07329 13.37561 17.54626
v 11.07329 13.37561 17.54626
v 11.06176 13.75776 17.47722
v 11.08976 13.37561 17.64490
v 11.04254 13.37561 17.62689
v 11.17508 13.87759 17.52044
v 11.12050 13.37561 17.56427
v 11.12050 13.37561 17.56427
v 11.17508 13.87759 17.52044
v 11.04254 13.37561 17.62689
v 11.03736 13.37561 17.61903
v 11.18750 13.61472 17.53930
v 11.12568 13.37561 17.57213
v 11.12568 13.37561 17.57213
v 11.18750 13.61472 17.53930
v 11.03736 13.37561 17.61903
v -17.39742 1.28682 0.51776
v -17.50718 1.68796 0.38793
v -17.46198 1.28682 0.44139
v -17.46198 1.28682 0.44139
v -17.50718 1.68796 0.38793
v -17.39742 1.28682 0.51776
v -17.37970 1.28682 0.48000
v -17.54970 1.52514 0.47853
v -17.47970 1.28682 0.47914
v -17.47970 1.28682 0.47914
v -17.54970 1.52514 0.47853
v -17.37970 1.28682 0.48000
v -17.47964 1.28682 0.48207
v -17.30985 1.86253 0.47358
v -17.37977 1.28682 0.47707
v -17.37977 1.28682 0.47707
v -17.30985 1.86253 0.47358
v -17.47964 1.28682 0.48207
v 18.65474 0.46772 -13.09498
v 18.66361 0.98667 -13.26475
v 18.65996 0.46772 -13.19485
v 18.65996 0.46772 -13.19485
v 18.66361 0.98667 -13.26475
v 18.65474 0.46772 -13.09498
v 18.69854 0.46772 -13.17325
v 18.55848 0.91873 -13.07691
v 18.61615 0.46772 -13.11658
v 18.61615 0.46772 -13.11658
v 18.55848 0.91873 -13.07691
v 18.69854 0.46772 -13.17325
v 18.64353 0.46772 -13.19297
v 18.69052 1.05392 -13.02959
v 18.67117 0.46772 -13.09686
v 18.67117 0.46772 -13.09686
v 18.69052 1.05392 -13.02959
v 18.64353 0.46772 -13.19297
v 12.74585 0.70983 -2.04371
v 12.74390 1.10378 -1.87372
v 12.74470 0.70983 -1.94371
v 12.74470 0.70983 -1.94371
v 12.74390 1.10378 -1.87372
v 12.74585 0.70983 -2.04371
v 12.70074 0.70983 -2.01644
v 12.85216 1.35574 -1.93917
v 12.78981 0.70983 -1.97099
v 12.78981 0.70983 -1.97099
v 12.85216 1.35574 -1.93917
v 12.70074 0.70983 -2.01644
v 12.75123 0.70983 -1.94407
v 12.73098 1.02417 -2.11286
v 12.73932 0.70983 -2.04335
v 12.73932 0.70983 -2.04335
v 12.73098 1.02417 -2.11286
v 12.75123 0.70983 -1.94407
v 17.96260 0.65567 -15.80439
v 17.90595 1.07833 -15.96467
v 17.92927 0.65567 -15.89867
v 17.92927 0.65567 -15.89867
v 17.90595 1.07833 -15.96467
v 17.96260 0.65567 -15.80439
v 17.95038 0.65567 -15.80173
v 17.93526 1.08845 -15.97105
v 17.94149 0.65567 -15.90133
v 17.94149 0.65567 -15.90133
v 17.93526 1.08845 -15.97105
v 17.95038 0.65567 -15.80173
v 17.92916 0.65567 -15.89863
v 17.98619 1.18359 -15.73848
v 17.96271 0.65567 -15.80443
v 17.96271 0.65567 -15.80443
v 17.98619 1.18359 -15.73848
v 17.92916 0.65567 -15.89863
v -20.52046 1.14211 -10.15620
v -20.49448 1.46008 -10.32420
v -20.50518 1.14211 -10.25502
v -20.50518 1.14211 -10.25502
v -20.49448 1.46008 -10.32420
v -20.52046 1.14211 -10.15620
v -20.52064 1.14211 -10.15623
v -20.49407 1.42120 -10.32414
v -20.50501 1.14211 -10.25500
v -20.50501 1.14211 -10.25500
v -20.49407 1.42120 -10.32414
v -20.52064 1.14211 -10.15623
v -20.48473 1.14211 -10.24698
v -20.58023 1.48218 -10.10633
v -20.54091 1.14211 -10.16425
v -20.54091 1.14211 -10.16425
v -20.58023 1.48218 -10.10633
v -20.48473 1.14211 -10.24698
v 14.31331 0.75215 -16.80260
v 14.21294 1.14164 -16.93980
v 14.25427 0.75215 -16.88330
v 14.25427 0.75215 -16.88330
v 14.21294 1.14164 -16.93980
v 14.31331 0.75215 -16.80260
v 14.26397 0.75215 -16.79705
v 14.33136 1.20691 -16.95312
v 14.30361 0.75215 -16.88885
v 14.30361 0.75215 -16.88885
v 14.33136 1.20691 -16.95312
v 14.26397 0.75215 -16.79705
v 14.33279 0.75215 -16.83298
v 14.16620 1.13969 -16.86687
v 14.23479 0.75215 -16.85292
v 14.23479 0.75215 -16.85292
v 14.16620 1.13969 -16.86687
v 14.33279 0.75215 -16.83298
v 13.86646 12.40959 10.26689
v 13.71490 12.68356 10.18989
v 13.77730 12.40959 10.22160
v 13.77730 12.40959 10.22160
v 13.71490 12.68356 10.18989
v 13.86646 12.40959 10.26689
v 13.86079 12.40959 10.27565
v 13.72850 12.78882 10.16888
v 13.78297 12.40959 10.21284
v 13.78297 12.40959 10.21284
v 13.72850 12.78882 10.16888
v 13.86079 12.40959 10.27565
v 13.80424 12.40959 10.19746
v 13.86422 12.91151 10.35653
v 13.83952 12.40959 10.29103
v 13.83952 12.40959 10.29103
v 13.86422 12.91151 10.35653
v 13.80424 12.40959 10.19746
v 4.08094 12.91441 21.47078
v 4.06860 13.42306 21.30123
v 4.07368 12.91441 21.37104
v 4.07368 12.91441 21.37104
v 4.06860 13.42306 21.30123
v 4.08094 12.91441 21.47078
v 4.10863 12.91441 21.45989
v 4.00215 13.33467 21.32736
v 4.04599 12.91441 21.38193
v 4.04599 12.91441 21.38193
v 4.00215 13.33467 21.32736
v 4.10863 12.91441 21.45989
v 4.11664 12.91441 21.39003
v 3.98293 13.28192 21.49502
v 4.03798 12.91441 21.45179
v 4.03798 12.91441 21.45179
v 3.98293 13.28192 21.49502
v 4.11664 12.91441 21.39003
v -12.54713 0.81612 -17.14771
v -12.37762 1.46092 -17.13482
v -12.44742 0.81612 -17.14013
v -12.44742 0.81612 -17.14013
v -12.37762 1.46092 -17.13482
v -12.54713 0.81612 -17.14771
v -12.54188 0.81612 -17.12133
v -12.39022 1.11879 -17.19813
v -12.45267 0.81612 -17.16651
v -12.45267 0.81612 -17.16651
v -12.39022 1.11879 -17.19813
v -12.54188 0.81612 -17.12133
v -12.54399 0.81612 -17.12611
v -12.38515 1.22132 -17.18667
v -12.45056 0.81612 -17.16173
v -12.45056 0.81612 -17.16173
v -12.38515 1.22132 -17.18667
v -12.54399 0.81612 -17.12611
v 15.86999 0.74668 -6.33377
v 15.85936 1.21317 -6.16411
v 15.86374 0.74668 -6.23397
v 15.86374 0.74668 -6.23397
v 15.85936 1.21317 -6.16411
v 15.86999 0.74668 -6.33377
v 15.83099 0.74668 -6.31870
v 15.95297 1.06790 -6.20029
v 15.90274 0.74668 -6.24905
v 15.90274 0.74668 -6.24905
v 15.95297 1.06790 -6.20029
v 15.83099 0.74668 -6.31870
v 15.86192 0.74668 -6.23412
v 15.87875 0.98831 -6.40328
v 15.87182 0.74668 -6.33363
v 15.87182 0.74668 -6.33363
v 15.87875 0.98831 -6.40328
v 15.86192 0.74668 -6.23412
v 11.73652 0.99202 -13.27140
v 11.70421 1.33320 -13.10450
v 11.71751 0.99202 -13.17322
v 11.71751 0.99202 -13.17322
v 11.70421 1.33320 -13.10450
v 11.73652 0.99202 -13.27140
v 11.69501 0.99202 -13.18390
v 11.80384 1.42753 -13.31450
v 11.75902 0.99202 -13.26072
v 11.75902 0.99202 -13.26072
v 11.80384 1.42753 -13.31450
v 11.69501 0.99202 -13.18390
v 11.77662 0.99202 -13.22862
v 11.60797 1.62444 -13.20718
v 11.67741 0.99202 -13.21601
v 11.67741 0.99202 -13.21601
v 11.60797 1.62444 -13.20718
v 11.77662 0.99202 -13.22862
v 17.14455 0.55123 -15.30267
v 17.16568 0.91450 -15.47135
v 17.15698 0.55123 -15.40190
v 17.15698 0.55123 -15.40190
v 17.16568 0.91450 -15.47135
v 17.14455 0.55123 -15.30267
v 17.16965 0.55123 -15.39858
v 17.10545 1.10045 -15.24117
v 17.13188 0.55123 -15.30598
v 17.13188 0.55123 -15.30598
v 17.10545 1.10045 -15.24117
v 17.16965 0.55123 -15.39858
v 17.17608 0.55123 -15.30917
v 17.09000 0.77862 -15.45576
v 17.12545 0.55123 -15.39540
v 17.12545 0.55123 -15.39540
v 17.09000 0.77862 -15.45576
v 17.17608 0.55123 -15.30917
v -11.05554 12.10330 5.90107
v -11.21977 12.73563 5.94499
v -11.15214 12.10330 5.92690
v -11.15214 12.10330 5.92690
v -11.21977 12.73563 5.94499
v -11.05554 12.10330 5.90107
v -11.14161 12.10330 5.94675
v -11.01320 12.63876 5.83535
v -11.06607 12.10330 5.88122
v -11.06607 12.10330 5.88122
v -11.01320 12.63876 5.83535
v -11.14161 12.10330 5.94675
v -11.05456 12.10330 5.90555
v -11.22212 12.63377 5.93425
v -11.15312 12.10330 5.92243
v -11.15312 12.10330 5.92243
v -11.22212 12.63377 5.93425
v -11.05456 12.10330 5.90555
v -14.63180 0.68873 -8.00588
v -14.48934 1.15188 -7.91311
v -14.54800 0.68873 -7.95131
v -14.54800 0.68873 -7.95131
v -14.48934 1.15188 -7.91311
v -14.63180 0.68873 -8.00588
v -14.54935 0.68873 -8.00783
v -14.68725 1.26746 -7.90842
v -14.63046 0.68873 -7.94935
v -14.63046 0.68873 -7.94935
v -14.68725 1.26746 -7.90842
v -14.54935 0.68873 -8.00783
v -14.63846 0.68873 -7.96668
v -14.47336 1.06554 -8.00719
v -14.54134 0.68873 -7.99051
v -14.54134 0.68873 -7.99051
v -14.47336 1.06554 -8.00719
v -14.63846 0.68873 -7.96668
v 22.18115 15.38761 16.18622
v 22.04884 15.79416 16.07948
v 22.10332 15.38761 16.12343
v 22.10332 15.38761 16.12343
v 22.04884 15.79416 16.07948
v 22.18115 15.38761 16.18622
v 22.17351 15.38761 16.19383
v 22.06716 15.91634 16.06121
v 22.11095 15.38761 16.11582
v 22.11095 15.38761 16.11582
v 22.06716 15.91634 16.06121
v 22.17351 15.38761 16.19383
v 22.11646 15.38761 16.19767
v 22.20408 15.72300 16.05199
v 22.16800 15.38761 16.11198
v 22.16800 15.38761 16.11198
v 22.20408 15.72300 16.05199
v 22.11646 15.38761 16.19767
v 11.60233 13.38108 17.00864
v 11.70596 13.69536 16.87387
v 11.66329 13.38108 16.92937
v 11.66329 13.38108 16.92937
v 11.70596 13.69536 16.87387
v 11.60233 13.38108 17.00864
v 11.59839 13.38108 16.93274
v 11.71542 13.87130 17.05604
v 11.66723 13.38108 17.00527
v 11.66723 13.38108 17.00527
v 11.71542 13.87130 17.05604
v 11.59839 13.38108 16.93274
v 11.58362 13.38108 16.96006
v 11.75088 13.76100 16.99046
v 11.68200 13.38108 16.97794
v 11.68200 13.38108 16.97794
v 11.75088 13.76100 16.99046
v 11.58362 13.38108 16.96006
v -6.44318 12.91128 18.22346
v -6.46924 13.38196 18.05547
v -6.45851 12.91128 18.12464
v -6.45851 12.91128 18.12464
v -6.46924 13.38196 18.05547
v -6.44318 12.91128 18.22346
v -6.49796 12.91128 18.19080
v -6.33778 13.53203 18.13385
v -6.40374 12.91128 18.15730
v -6.40374 12.91128 18.15730
v -6.33778 13.53203 18.13385
v -6.49796 12.91128 18.19080
v -6.49786 12.91128 18.19107
v -6.33801 13.23008 18.13320
v -6.40383 12.91128 18.15703
v -6.40383 12.91128 18.15703
v -6.33801 13.23008 18.13320
v -6.49786 12.91128 18.19107
v 18.67921 0.27464 -9.38913
v 18.84382 0.50192 -9.34669
v 18.77604 0.27464 -9.36416
v 18.77604 0.27464 -9.36416
v 18.84382 0.50192 -9.34669
v 18.67921 0.27464 -9.38913
v 18.72697 0.27464 -9.32665
v 18.72920 0.65882 -9.49664
v 18.72828 0.27464 -9.42664
v 18.72828 0.27464 -9.42664
v 18.72920 0.65882 -9.49664
v 18.72697 0.27464 -9.32665
v 18.75937 0.27464 -9.33802
v 18.65143 0.70487 -9.46935
v 18.69587 0.27464 -9.41527
v 18.69587 0.27464 -9.41527
v 18.65143 0.70487 -9.46935
v 18.75937 0.27464 -9.33802
v 14.43854 13.06406 13.09728
v 14.59062 13.59826 13.02131
v 14.52800 13.06406 13.05259
v 14.52800 13.06406 13.05259
v 14.59062 13.59826 13.02131
v 14.43854 13.06406 13.09728
v 14.47574 13.06406 13.12437
v 14.50135 13.50688 12.95631
v 14.49081 13.06406 13.02551
v 14.49081 13.06406 13.02551
v 14.50135 13.50688 12.95631
v 14.47574 13.06406 13.12437
v 14.52253 13.06406 13.10590
v 14.38905 13.66823 13.00063
v 14.44401 13.06406 13.04397
v 14.44401 13.06406 13.04397
v 14.38905 13.66823 13.00063
v 14.52253 13.06406 13.10590
v 6.49992 11.49224 10.80880
v 6.64583 12.00619 10.89603
v 6.58575 11.49224 10.86011
v 6.58575 11.49224 10.86011
v 6.64583 12.00619 10.89603
v 6.49992 11.49224 10.80880
v 6.49301 11.49224 10.83025
v 6.66241 11.83244 10.84454
v 6.59266 11.49224 10.83865
v 6.59266 11.49224 10.83865
v 6.66241 11.83244 10.84454
v 6.49301 11.49224 10.83025
v 6.55852 11.49224 10.88193
v 6.50518 11.87686 10.72051
v 6.52715 11.49224 10.78698
v 6.52715 11.49224 10.78698
v 6.50518 11.87686 10.72051
v 6.55852 11.49224 10.88193
v 16.20884 14.64973 16.86192
v 16.11727 14.93734 16.71869
v 16.15498 14.64973 16.77767
v 16.15498 14.64973 16.77767
v 16.11727 14.93734 16.71869
v 16.20884 14.64973 16.86192
v 16.18685 14.64973 16.86955
v 16.17006 15.13034 16.70038
v 16.17697 14.64973 16.77004
v 16.17697 14.64973 16.77004
v 16.17006 15.13034 16.70038
v 16.18685 14.64973 16.86955
v 16.22420 14.64973 16.79311
v 16.08042 15.29638 16.88383
v 16.13962 14.64973 16.84648
v 16.13962 14.64973 16.84648
v 16.08042 15.29638 16.88383
v 16.22420 14.64973 16.79311
v 16.82471 0.60036 -10.54814
v 16.94534 1.21135 -10.66792
v 16.89567 0.60036 -10.61860
v 16.89567 0.60036 -10.61860
v 16.94534 1.21135 -10.66792
v 16.82471 0.60036 -10.54814
v 16.83827 0.60036 -10.62831
v 16.91278 1.24141 -10.47551
v 16.88210 0.60036 -10.53842
v 16.88210 0.60036 -10.53842
v 16.91278 1.24141 -10.47551
v 16.83827 0.60036 -10.62831
v 16.84505 0.60036 -10.53571
v 16.89653 1.20373 -10.69773
v 16.87533 0.60036 -10.63102
v 16.87533 0.60036 -10.63102
v 16.89653 1.20373 -10.69773
v 16.84505 0.60036 -10.53571
v -13.75359 0.63575 -13.75248
v -13.67664 1.10067 -13.60089
v -13.70832 0.63575 -13.66331
v -13.70832 0.63575 -13.66331
v -13.67664 1.10067 -13.60089
v -13.75359 0.63575 -13.75248
v -13.77200 0.63575 -13.73644
v -13.63244 1.11602 -13.63938
v -13.68991 0.63575 -13.67934
v -13.68991 0.63575 -13.67934
v -13.63244 1.11602 -13.63938
v -13.77200 0.63575 -13.73644
v -13.76681 0.63575 -13.74274
v -13.64491 0.89331 -13.62425
v -13.69510 0.63575 -13.67304
v -13.69510 0.63575 -13.67304
v -13.64491 0.89331 -13.62425
v -13.76681 0.63575 -13.74274
v -11.20364 13.80161 13.55532
v -11.20691 14.04087 13.72528
v -11.20556 13.80161 13.65530
v -11.20556 13.80161 13.65530
v -11.20691 14.04087 13.72528
v -11.20364 13.80161 13.55532
v -11.24307 13.80161 13.57336
v -11.11228 14.02674 13.68197
v -11.16613 13.80161 13.63725
v -11.16613 13.80161 13.63725
v -11.11228 14.02674 13.68197
v -11.24307 13.80161 13.57336
v -11.25048 13.80161 13.58543
v -11.09449 14.12975 13.65300
v -11.15872 13.80161 13.62518
v -11.15872 13.80161 13.62518
v -11.09449 14.12975 13.65300
v -11.25048 13.80161 13.58543
v 14.91214 0.84089 -5.27334
v 14.94844 1.33717 -5.10726
v 14.93349 0.84089 -5.17565
v 14.93349 0.84089 -5.17565
v 14.94844 1.33717 -5.10726
v 14.91214 0.84089 -5.27334
v 14.89761 0.84089 -5.26767
v 14.98331 1.14508 -5.12086
v 14.94802 0.84089 -5.18131
v 14.94802 0.84089 -5.18131
v 14.98331 1.14508 -5.12086
v 14.89761 0.84089 -5.26767
v 14.87284 0.84089 -5.22613
v 15.04275 1.10881 -5.22057
v 14.97279 0.84089 -5.22286
v 14.97279 0.84089 -5.22286
v 15.04275 1.10881 -5.22057
v 14.87284 0.84089 -5.22613
v -10.25472 14.07244 15.73948
v -10.21679 14.31287 15.57377
v -10.23241 14.07244 15.64200
v -10.23241 14.07244 15.64200
v -10.21679 14.31287 15.57377
v -10.25472 14.07244 15.73948
v -10.29191 14.07244 15.67800
v -10.12753 14.65447 15.72133
v -10.19522 14.07244 15.70349
v -10.19522 14.07244 15.70349
v -10.12753 14.65447 15.72133
v -10.29191 14.07244 15.67800
v -10.28815 14.07244 15.66811
v -10.13656 14.72170 15.74505
v -10.19898 14.07244 15.71337
v -10.19898 14.07244 15.71337
v -10.13656 14.72170 15.74505
v -10.28815 14.07244 15.66811
v -11.76960 15.74864 19.48933
v -11.74856 16.02605 19.32064
v -11.75722 15.74864 19.39010
v -11.75722 15.74864 19.39010
v -11.74856 16.02605 19.32064
v -11.76960 15.74864 19.48933
v -11.81323 15.74864 19.44403
v -11.64386 16.11974 19.42938
v -11.71360 15.74864 19.43541
v -11.71360 15.74864 19.43541
v -11.64386 16.11974 19.42938
v -11.81323 15.74864 19.44403
v -11.79062 15.74864 19.39777
v -11.69812 16.27856 19.54040
v -11.73621 15.74864 19.48167
v -11.73621 15.74864 19.48167
v -11.69812 16.27856 19.54040
v -11.79062 15.74864 19.39777
v 4.42754 11.00430 6.43637
v 4.52349 11.38952 6.57671
v 4.48398 11.00430 6.51892
v 4.48398 11.00430 6.51892
v 4.52349 11.38952 6.57671
v 4.42754 11.00430 6.43637
v 4.49333 11.00430 6.51064
v 4.36558 11.53541 6.39848
v 4.41819 11.00430 6.44466
v 4.41819 11.00430 6.44466
v 4.36558 11.53541 6.39848
v 4.49333 11.00430 6.51064
v 4.44737 11.00430 6.52694
v 4.47590 11.65217 6.35935
v 4.46415 11.00430 6.42836
v 4.46415 11.00430 6.42836
v 4.47590 11.65217 6.35935
v 4.44737 11.00430 6.52694
v 9.85723 0.97400 -9.14802
v 9.69014 1.35206 -9.11671
v 9.75894 0.97400 -9.12960
v 9.75894 0.97400 -9.12960
v 9.69014 1.35206 -9.11671
v 9.85723 0.97400 -9.14802
v 9.85784 0.97400 -9.14376
v 9.68868 1.29561 -9.12693
v 9.75833 0.97400 -9.13386
v 9.75833 0.97400 -9.13386
v 9.68868 1.29561 -9.12693
v 9.85784 0.97400 -9.14376
v 9.80159 0.97400 -9.18839
v 9.82369 1.31700 -9.01983
v 9.81459 0.97400 -9.08924
v 9.81459 0.97400 -9.08924
v 9.82369 1.31700 -9.01983
v 9.80159 0.97400 -9.18839
v 16.55117 12.05883 8.96986
v 16.67377 12.57789 8.85211
v 16.62329 12.05883 8.90059
v 16.62329 12.05883 8.90059
v 16.67377 12.57789 8.85211
v 16.55117 12.05883 8.96986
v 16.62057 12.05883 8.89797
v 16.50720 12.67444 9.02464
v 16.55388 12.05883 8.97249
v 16.55388 12.05883 8.97249
v 16.50720 12.67444 9.02464
v 16.62057 12.05883 8.89797
v 16.54611 12.05883 8.90678
v 16.68591 12.61629 9.00351
v 16.62835 12.05883 8.96368
v 16.62835 12.05883 8.96368
v 16.68591 12.61629 9.00351
v 16.54611 12.05883 8.90678
v 3.17297 12.04606 18.53316
v 3.03828 12.47911 18.63688
v 3.09374 12.04606 18.59417
v 3.09374 12.04606 18.59417
v 3.03828 12.47911 18.63688
v 3.17297 12.04606 18.53316
v 3.14946 12.04606 18.61100
v 3.09472 12.29521 18.45005
v 3.11726 12.04606 18.51633
v 3.11726 12.04606 18.51633
v 3.09472 12.29521 18.45005
v 3.14946 12.04606 18.61100
v 3.17921 12.04606 18.54372
v 3.02332 12.33415 18.61153
v 3.08751 12.04606 18.58361
v 3.08751 12.04606 18.58361
v 3.02332 12.33415 18.61153
v 3.17921 12.04606 18.54372
v 21.03448 1.56439 1.40690
v 21.10852 1.97431 1.55994
v 21.07803 1.56439 1.49692
v 21.07803 1.56439 1.49692
v 21.10852 1.97431 1.55994
v 21.03448 1.56439 1.40690
v 21.09377 1.56439 1.48497
v 20.96624 2.12084 1.37256
v 21.01875 1.56439 1.41885
v 21.01875 1.56439 1.41885
v 20.96624 2.12084 1.37256
v 21.09377 1.56439 1.48497
v 21.03572 1.56439 1.40633
v 21.10555 1.92804 1.56132
v 21.07680 1.56439 1.49750
v 21.07680 1.56439 1.49750
v 21.10555 1.92804 1.56132
v 21.03572 1.56439 1.40633
v -17.92225 0.97293 -6.49532
v -17.94769 1.21896 -6.32723
v -17.93721 0.97293 -6.39644
v -17.93721 0.97293 -6.39644
v -17.94769 1.21896 -6.32723
v -17.92225 0.97293 -6.49532
v -17.90408 0.97293 -6.40296
v -17.99129 1.55589 -6.54889
v -17.95538 0.97293 -6.48880
v -17.95538 0.97293 -6.48880
v -17.99129 1.55589 -6.54889
v -17.90408 0.97293 -6.40296
v -17.94824 0.97293 -6.49233
v -17.88531 1.54046 -6.33441
v -17.91122 0.97293 -6.39943
v -17.91122 0.97293 -6.39943
v -17.88531 1.54046 -6.33441
v -17.94824 0.97293 -6.49233
v 16.35195 12.24702 9.76680
v 16.21109 12.71501 9.67162
v 16.26909 12.24702 9.71081
v 16.26909 12.24702 9.71081
v 16.21109 12.71501 9.67162
v 16.35195 12.24702 9.76680
v 16.28358 12.24702 9.78092
v 16.37518 12.57684 9.63771
v 16.33746 12.24702 9.69668
v 16.33746 12.24702 9.69668
v 16.37518 12.57684 9.63771
v 16.28358 12.24702 9.78092
v 16.35959 12.24702 9.74841
v 16.19275 12.81317 9.71575
v 16.26145 12.24702 9.72920
v 16.26145 12.24702 9.72920
v 16.19275 12.81317 9.71575
v 16.35959 12.24702 9.74841
v 15.55715 0.61309 -11.59706
v 15.71884 1.11258 -11.64958
v 15.65226 0.61309 -11.62795
v 15.65226 0.61309 -11.62795
v 15.71884 1.11258 -11.64958
v 15.55715 0.61309 -11.59706
v 15.57639 0.61309 -11.65371
v 15.67267 1.23978 -11.51361
v 15.63303 0.61309 -11.57130
v 15.63303 0.61309 -11.57130
v 15.67267 1.23978 -11.51361
v 15.57639 0.61309 -11.65371
v 15.61656 0.61309 -11.66108
v 15.57626 1.06276 -11.49593
v 15.59285 0.61309 -11.56393
v 15.59285 0.61309 -11.56393
v 15.57626 1.06276 -11.49593
v 15.61656 0.61309 -11.66108
v -20.09860 2.57702 3.90623
v -20.26833 3.13789 3.89660
v -20.19844 2.57702 3.90056
v -20.19844 2.57702 3.90056
v -20.26833 3.13789 3.89660
v -20.09860 2.57702 3.90623
v -20.18625 2.57702 3.87058
v -20.05798 2.91442 3.98215
v -20.11080 2.57702 3.93621
v -20.11080 2.57702 3.93621
v -20.05798 2.91442 3.98215
v -20.18625 2.57702 3.87058
v -20.10107 2.57702 3.88763
v -20.26241 2.92417 3.94122
v -20.19597 2.57702 3.91916
v -20.19597 2.57702 3.91916
v -20.26241 2.92417 3.94122
v -20.10107 2.57702 3.88763
v -4.54793 12.08768 18.95850
v -4.42187 12.60436 19.07255
v -4.47378 12.08768 19.02559
v -4.47378 12.08768 19.02559
v -4.42187 12.60436 19.07255
v -4.54793 12.08768 18.95850
v -4.54046 12.08768 18.95175
v -4.43981 12.67210 19.08875
v -4.48125 12.08768 19.03234
v -4.48125 12.08768 19.03234
v -4.43981 12.67210 19.08875
v -4.54046 12.08768 18.95175
v -4.50226 12.08768 18.94279
v -4.53148 12.38416 19.11026
v -4.51945 12.08768 19.04130
v -4.51945 12.08768 19.04130
v -4.53148 12.38416 19.11026
v -4.50226 12.08768 18.94279
v -2.16304 10.51589 8.00420
v -2.28441 10.85824 8.12324
v -2.23443 10.51589 8.07422
v -2.23443 10.51589 8.07422
v -2.28441 10.85824 8.12324
v -2.16304 10.51589 8.00420
v -2.22190 10.51589 8.08352
v -2.14315 10.82209 7.93286
v -2.17557 10.51589 7.99490
v -2.17557 10.51589 7.99490
v -2.14315 10.82209 7.93286
v -2.22190 10.51589 8.08352
v -2.15059 10.51589 8.05270
v -2.31429 11.16377 8.00684
v -2.24688 10.51589 8.02572
v -2.24688 10.51589 8.02572
v -2.31429 11.16377 8.00684
v -2.15059 10.51589 8.05270
v 9.76455 0.70386 1.58812
v 9.85753 1.29995 1.44581
v 9.81924 0.70386 1.50441
v 9.81924 0.70386 1.50441
v 9.85753 1.29995 1.44581
v 9.76455 0.70386 1.58812
v 9.84187 0.70386 1.54486
v 9.67194 1.00495 1.54963
v 9.74191 0.70386 1.54767
v 9.74191 0.70386 1.54767
v 9.67194 1.00495 1.54963
v 9.84187 0.70386 1.54486
v 9.83235 0.70386 1.51689
v 9.69479 1.20855 1.61677
v 9.75144 0.70386 1.57564
v 9.75144 0.70386 1.57564
v 9.69479 1.20855 1.61677
v 9.83235 0.70386 1.51689
v -9.12284 0.57776 -13.90530
v -8.95640 0.93839 -13.93991
v -9.02494 0.57776 -13.92566
v -9.02494 0.57776 -13.92566
v -8.95640 0.93839 -13.93991
v -9.12284 0.57776 -13.90530
v -9.02731 0.57776 -13.93366
v -9.18568 0.81449 -13.87184
v -9.12047 0.57776 -13.89730
v -9.12047 0.57776 -13.89730
v -9.18568 0.81449 -13.87184
v -9.02731 0.57776 -13.93366
v -9.02391 0.57776 -13.91690
v -9.19384 1.11794 -13.91206
v -9.12387 0.57776 -13.91405
v -9.12387 0.57776 -13.91405
v -9.19384 1.11794 -13.91206
v -9.02391 0.57776 -13.91690
v -17.60089 2.07524 3.12668
v -17.44068 2.38585 3.18352
v -17.50665 2.07524 3.16011
v -17.50665 2.07524 3.16011
v -17.44068 2.38585 3.18352
v -17.60089 2.07524 3.12668
v -17.55246 2.07524 3.09341
v -17.55693 2.66618 3.26335
v -17.55509 2.07524 3.19338
v -17.55509 2.07524 3.19338
v -17.55693 2.66618 3.26335
v -17.55246 2.07524 3.09341
v -17.55302 2.07524 3.09340
v -17.55559 2.42821 3.26338
v -17.55453 2.07524 3.19339
v -17.55453 2.07524 3.19339
v -17.55559 2.42821 3.26338
v -17.55302 2.07524 3.09340
v -9.65529 0.50891 -15.87167
v -9.82208 1.02724 -15.90455
v -9.75340 0.50891 -15.89101
v -9.75340 0.50891 -15.89101
v -9.82208 1.02724 -15.90455
v -9.65529 0.50891 -15.87167
v -9.69343 0.50891 -15.83255
v -9.73052 1.05501 -15.99845
v -9.71525 0.50891 -15.93014
v -9.71525 0.50891 -15.93014
v -9.73052 1.05501 -15.99845
v -9.69343 0.50891 -15.83255
v -9.74739 0.50891 -15.85590
v -9.60103 0.93979 -15.94240
v -9.66130 0.50891 -15.90678
v -9.66130 0.50891 -15.90678
v -9.60103 0.93979 -15.94240
v -9.74739 0.50891 -15.85590
v 15.72449 11.74254 7.52682
v 15.83310 12.05468 7.39603
v 15.78837 11.74254 7.44988
v 15.78837 11.74254 7.44988
v 15.83310 12.05468 7.39603
v 15.72449 11.74254 7.52682
v 15.80630 11.74254 7.49194
v 15.63674 12.31802 7.47975
v 15.70656 11.74254 7.48477
v 15.70656 11.74254 7.48477
v 15.63674 12.31802 7.47975
v 15.80630 11.74254 7.49194
v 15.74957 11.74254 7.43882
v 15.77290 12.01539 7.60721
v 15.76329 11.74254 7.53788
v 15.76329 11.74254 7.53788
v 15.77290 12.01539 7.60721
v 15.74957 11.74254 7.43882
v 18.32711 12.81099 11.55978
v 18.36941 13.43601 11.72443
v 18.35199 12.81099 11.65663
v 18.35199 12.81099 11.65663
v 18.36941 13.43601 11.72443
v 18.32711 12.81099 11.55978
v 18.37162 12.81099 11.56984
v 18.26258 13.22685 11.70027
v 18.30748 12.81099 11.64656
v 18.30748 12.81099 11.64656
v 18.26258 13.22685 11.70027
v 18.37162 12.81099 11.56984
v 18.29175 12.81099 11.62286
v 18.45428 13.26225 11.57303
v 18.38735 12.81099 11.59355
v 18.38735 12.81099 11.59355
v 18.45428 13.26225 11.57303
v 18.29175 12.81099 11.62286
v -16.18638 17.36786 17.26290
v -16.14376 17.78572 17.42747
v -16.16131 17.36786 17.35971
v -16.16131 17.36786 17.35971
v -16.14376 17.78572 17.42747
v -16.18638 17.36786 17.26290
v -16.12440 17.36786 17.31877
v -16.29250 17.95144 17.29339
v -16.22328 17.36786 17.30384
v -16.22328 17.36786 17.30384
v -16.29250 17.95144 17.29339
v -16.12440 17.36786 17.31877
v -16.14430 17.36786 17.35164
v -16.24475 17.65491 17.21449
v -16.20339 17.36786 17.27096
v -16.20339 17.36786 17.27096
v -16.24475 17.65491 17.21449
v -16.14430 17.36786 17.35164
v 1.52972 9.72052 6.23995
v 1.39000 10.06158 6.33680
v 1.44753 9.72052 6.29692
v 1.44753 9.72052 6.29692
v 1.39000 10.06158 6.33680
v 1.52972 9.72052 6.23995
v 1.53432 9.72052 6.24813
v 1.37896 10.25927 6.31716
v 1.44293 9.72052 6.28874
v 1.44293 9.72052 6.28874
v 1.37896 10.25927 6.31716
v 1.53432 9.72052 6.24813
v 1.53758 9.72052 6.27859
v 1.37113 9.97592 6.24407
v 1.43967 9.72052 6.25828
v 1.43967 9.72052 6.25828
v 1.37113 9.97592 6.24407
v 1.53758 9.72052 6.27859
v 16.07806 0.61189 -11.72780
v 15.99990 0.85930 -11.57683
v 16.03209 0.61189 -11.63899
v 16.03209 0.61189 -11.63899
v 15.99990 0.85930 -11.57683
v 16.07806 0.61189 -11.72780
v 16.02742 0.61189 -11.72505
v 16.12144 1.22252 -11.58341
v 16.08272 0.61189 -11.64174
v 16.08272 0.61189 -11.64174
v 16.12144 1.22252 -11.58341
v 16.02742 0.61189 -11.72505
v 16.10460 0.61189 -11.69027
v 15.93621 1.01970 -11.66689
v 16.00555 0.61189 -11.67652
v 16.00555 0.61189 -11.67652
v 15.93621 1.01970 -11.66689
v 16.10460 0.61189 -11.69027
v -20.42218 2.23230 2.69638
v -20.27523 2.66591 2.78184
v -20.33574 2.23230 2.74665
v -20.33574 2.23230 2.74665
v -20.27523 2.66591 2.78184
v -20.42218 2.23230 2.69638
v -20.41729 2.23230 2.75362
v -20.28697 2.59815 2.64446
v -20.34063 2.23230 2.68941
v -20.34063 2.23230 2.68941
v -20.28697 2.59815 2.64446
v -20.41729 2.23230 2.75362
v -20.33447 2.23230 2.69870
v -20.48575 2.84112 2.77626
v -20.42346 2.23230 2.74432
v -20.42346 2.23230 2.74432
v -20.48575 2.84112 2.77626
v -20.33447 2.23230 2.69870
v -14.65121 16.32532 16.58320
v -14.69142 16.81858 16.41803
v -14.67486 16.32532 16.48604
v -14.67486 16.32532 16.48604
v -14.69142 16.81858 16.41803
v -14.65121 16.32532 16.58320
v -14.68843 16.32532 16.57769
v -14.60209 16.67576 16.43125
v -14.63764 16.32532 16.49155
v -14.63764 16.32532 16.49155
v -14.60209 16.67576 16.43125
v -14.68843 16.32532 16.57769
v -14.70612 16.32532 16.50925
v -14.55964 16.73964 16.59552
v -14.61995 16.32532 16.55999
v -14.61995 16.32532 16.55999
v -14.55964 16.73964 16.59552
v -14.70612 16.32532 16.50925
v -21.89358 0.70671 -12.86138
v -21.74489 1.32566 -12.94380
v -21.80611 0.70671 -12.90986
v -21.80611 0.70671 -12.90986
v -21.74489 1.32566 -12.94380
v -21.89358 0.70671 -12.86138
v -21.86924 0.70671 -12.93171
v -21.80331 1.09161 -12.77501
v -21.83046 0.70671 -12.83954
v -21.83046 0.70671 -12.83954
v -21.80331 1.09161 -12.77501
v -21.86924 0.70671 -12.93171
v -21.88606 0.70671 -12.85115
v -21.76292 0.99913 -12.96835
v -21.81363 0.70671 -12.92009
v -21.81363 0.70671 -12.92009
v -21.76292 0.99913 -12.96835
v -21.88606 0.70671 -12.85115
v 18.95531 15.38645 16.76061
v 18.80503 15.97090 16.84008
v 18.86691 15.38645 16.80735
v 18.86691 15.38645 16.80735
v 18.80503 15.97090 16.84008
v 18.95531 15.38645 16.76061
v 18.96085 15.38645 16.78907
v 18.79173 15.73012 16.77177
v 18.86137 15.38645 16.77889
v 18.86137 15.38645 16.77889
v 18.79173 15.73012 16.77177
v 18.96085 15.38645 16.78907
v 18.95191 15.38645 16.75508
v 18.81319 15.69933 16.85335
v 18.87031 15.38645 16.81288
v 18.87031 15.38645 16.81288
v 18.81319 15.69933 16.85335
v 18.95191 15.38645 16.75508
v 14.44232 12.59669 11.40985
v 14.54780 12.89691 11.54317
v 14.50437 12.59669 11.48828
v 14.50437 12.59669 11.48828
v 14.54780 12.89691 11.54317
v 14.44232 12.59669 11.40985
v 14.46499 12.59669 11.39977
v 14.49339 13.23283 11.56738
v 14.48170 12.59669 11.49836
v 14.48170 12.59669 11.49836
v 14.49339 13.23283 11.56738
v 14.46499 12.59669 11.39977
v 14.46186 12.59669 11.40040
v 14.50090 12.91618 11.56586
v 14.48483 12.59669 11.49773
v 14.48483 12.59669 11.49773
v 14.50090 12.91618 11.56586
v 14.46186 12.59669 11.40040
v -2.45903 10.84140 11.19341
v -2.38113 11.15411 11.04231
v -2.41321 10.84140 11.10453
v -2.41321 10.84140 11.10453
v -2.38113 11.15411 11.04231
v -2.45903 10.84140 11.19341
v -2.42298 10.84140 11.19721
v -2.46765 11.29798 11.03318
v -2.44925 10.84140 11.10072
v -2.44925 10.84140 11.10072
v -2.46765 11.29798 11.03318
v -2.42298 10.84140 11.19721
v -2.43906 10.84140 11.09905
v -2.42906 11.37362 11.26876
v -2.43318 10.84140 11.19888
v -2.43318 10.84140 11.19888
v -2.42906 11.37362 11.26876
v -2.43906 10.84140 11.09905
v -14.63394 1.09904 -2.95572
v -14.50880 1.65570 -2.84066
v -14.56033 1.09904 -2.88803
v -14.56033 1.09904 -2.88803
v -14.50880 1.65570 -2.84066
v -14.63394 1.09904 -2.95572
v -14.59076 1.09904 -2.97147
v -14.61244 1.68524 -2.80286
v -14.60352 1.09904 -2.87228
v -14.60352 1.09904 -2.87228
v -14.61244 1.68524 -2.80286
v -14.59076 1.09904 -2.97147
v -14.63944 1.09904 -2.89522
v -14.49560 1.59742 -2.98584
v -14.55483 1.09904 -2.94853
v -14.55483 1.09904 -2.94853
v -14.49560 1.59742 -2.98584
v -14.63944 1.09904 -2.89522
v -22.15559 0.90978 -8.27590
v -22.30499 1.49441 -8.35703
v -22.24347 0.90978 -8.32362
v -22.24347 0.90978 -8.32362
v -22.30499 1.49441 -8.35703
v -22.15559 0.90978 -8.27590
v -22.20040 0.90978 -8.24977
v -22.19745 1.46562 -8.41974
v -22.19867 0.90978 -8.34976
v -22.19867 0.90978 -8.34976
v -22.19745 1.46562 -8.41974
v -22.20040 0.90978 -8.24977
v -22.21612 0.90978 -8.25260
v -22.15972 1.39244 -8.41296
v -22.18294 0.90978 -8.34693
v -22.18294 0.90978 -8.34693
v -22.15972 1.39244 -8.41296
v -22.21612 0.90978 -8.25260
v 11.15872 11.52818 7.14857
v 11.32420 11.74959 7.18753
v 11.25606 11.52818 7.17149
v 11.25606 11.52818 7.17149
v 11.32420 11.74959 7.18753
v 11.15872 11.52818 7.14857
v 11.16490 11.52818 7.18638
v 11.30937 11.77889 7.09679
v 11.24988 11.52818 7.13368
v 11.24988 11.52818 7.13368
v 11.30937 11.77889 7.09679
v 11.16490 11.52818 7.18638
v 11.24320 11.52818 7.19493
v 11.12146 12.05178 7.07627
v 11.17159 11.52818 7.12513
v 11.17159 11.52818 7.12513
v 11.12146 12.05178 7.07627
v 11.24320 11.52818 7.19493
v -14.94294 13.77113 9.13008
v -15.02118 14.20191 8.97915
v -14.98896 13.77113 9.04130
v -14.98896 13.77113 9.04130
v -15.02118 14.20191 8.97915
v -14.94294 13.77113 9.13008
v -14.95177 13.77113 9.13364
v -14.99998 14.20547 8.97062
v -14.98013 13.77113 9.03774
v -14.98013 13.77113 9.03774
v -14.99998 14.20547 8.97062
v -14.95177 13.77113 9.13364
v -15.01109 13.77113 9.06418
v -14.85762 14.01483 9.13730
v -14.92081 13.77113 9.10719
v -14.92081 13.77113 9.10719
v -14.85762 14.01483 9.13730
v -15.01109 13.77113 9.06418
v -22.87568 0.77798 -14.60382
v -23.00980 1.13855 -14.70827
v -22.95457 0.77798 -14.66526
v -22.95457 0.77798 -14.66526
v -23.00980 1.13855 -14.70827
v -22.87568 0.77798 -14.60382
v -22.94483 0.77798 -14.59432
v -22.84383 1.17954 -14.73107
v -22.88542 0.77798 -14.67476
v -22.88542 0.77798 -14.67476
v -22.84383 1.17954 -14.73107
v -22.94483 0.77798 -14.59432
v -22.86513 0.77798 -14.63556
v -23.03510 1.33446 -14.63210
v -22.96511 0.77798 -14.63353
v -22.96511 0.77798 -14.63353
v -23.03510 1.33446 -14.63210
v -22.86513 0.77798 -14.63556
v -5.83291 11.76026 9.05400
v -5.87308 12.23815 9.21918
v -5.85654 11.76026 9.15116
v -5.85654 11.76026 9.15116
v -5.87308 12.23815 9.21918
v -5.83291 11.76026 9.05400
v -5.89461 11.76026 9.10603
v -5.72501 12.30594 9.09429
v -5.79484 11.76026 9.09913
v -5.79484 11.76026 9.09913
v -5.72501 12.30594 9.09429
v -5.89461 11.76026 9.10603
v -5.81754 11.76026 9.06062
v -5.90997 12.31539 9.20329
v -5.87191 11.76026 9.14454
v -5.87191 11.76026 9.14454
v -5.90997 12.31539 9.20329
v -5.81754 11.76026 9.06062
v 20.28272 0.82230 -6.05421
v 20.18331 1.39893 -6.19212
v 20.22424 0.82230 -6.13533
v 20.22424 0.82230 -6.13533
v 20.18331 1.39893 -6.19212
v 20.28272 0.82230 -6.05421
v 20.26378 0.82230 -6.04585
v 20.22875 1.46801 -6.21220
v 20.24318 0.82230 -6.14370
v 20.24318 0.82230 -6.14370
v 20.22875 1.46801 -6.21220
v 20.26378 0.82230 -6.04585
v 20.20396 0.82230 -6.08786
v 20.37232 1.25718 -6.11137
v 20.30300 0.82230 -6.10169
v 20.30300 0.82230 -6.10169
v 20.37232 1.25718 -6.11137
v 20.20396 0.82230 -6.08786
v 12.42973 0.84619 -14.86033
v 12.59966 1.19359 -14.85568
v 12.52969 0.84619 -14.85760
v 12.52969 0.84619 -14.85760
v 12.59966 1.19359 -14.85568
v 12.42973 0.84619 -14.86033
v 12.50637 0.84619 -14.90126
v 12.41573 1.24266 -14.75744
v 12.45305 0.84619 -14.81666
v 12.45305 0.84619 -14.81666
v 12.41573 1.24266 -14.75744
v 12.50637 0.84619 -14.90126
v 12.48985 0.84619 -14.90793
v 12.45537 1.48620 -14.74146
v 12.46957 0.84619 -14.81000
v 12.46957 0.84619 -14.81000
v 12.45537 1.48620 -14.74146
v 12.48985 0.84619 -14.90793
v 8.22449 0.81435 -3.18981
v 8.37876 1.22473 -3.11839
v 8.31523 0.81435 -3.14780
v 8.31523 0.81435 -3.14780
v 8.37876 1.22473 -3.11839
v 8.22449 0.81435 -3.18981
v 8.25279 0.81435 -3.21580
v 8.31082 1.18184 -3.05602
v 8.28693 0.81435 -3.12181
v 8.28693 0.81435 -3.12181
v 8.31082 1.18184 -3.05602
v 8.25279 0.81435 -3.21580
v 8.31985 0.81435 -3.16787
v 8.14988 1.25528 -3.17106
v 8.21987 0.81435 -3.16974
v 8.21987 0.81435 -3.16974
v 8.14988 1.25528 -3.17106
v 8.31985 0.81435 -3.16787
v -14.12224 1.97668 3.01344
v -14.29049 2.20723 2.98914
v -14.22121 1.97668 2.99915
v -14.22121 1.97668 2.99915
v -14.29049 2.20723 2.98914
v -14.12224 1.97668 3.01344
v -14.15406 1.97668 2.95951
v -14.21411 2.31823 3.11855
v -14.18939 1.97668 3.05307
v -14.18939 1.97668 3.05307
v -14.21411 2.31823 3.11855
v -14.15406 1.97668 2.95951
v -14.20990 1.97668 2.97400
v -14.08011 2.39057 3.08379
v -14.13355 1.97668 3.03858
v -14.13355 1.97668 3.03858
v -14.08011 2.39057 3.08379
v -14.20990 1.97668 2.97400
v 6.64988 10.99475 6.69053
v 6.50907 11.36650 6.59527
v 6.56705 10.99475 6.63449
v 6.56705 10.99475 6.63449
v 6.50907 11.36650 6.59527
v 6.64988 10.99475 6.69053
v 6.64880 10.99475 6.63296
v 6.51166 11.40376 6.73343
v 6.56813 10.99475 6.69206
v 6.56813 10.99475 6.69206
v 6.51166 11.40376 6.73343
v 6.64880 10.99475 6.63296
v 6.64097 10.99475 6.70050
v 6.53045 11.27011 6.57133
v 6.57596 10.99475 6.62452
v 6.57596 10.99475 6.62452
v 6.53045 11.27011 6.57133
v 6.64097 10.99475 6.70050
v 16.38272 1.33195 0.89843
v 16.21272 1.90470 0.89943
v 16.28272 1.33195 0.89902
v 16.28272 1.33195 0.89902
v 16.21272 1.90470 0.89943
v 16.38272 1.33195 0.89843
v 16.29521 1.33195 0.86566
v 16.42274 1.89283 0.97807
v 16.37023 1.33195 0.93179
v 16.37023 1.33195 0.93179
v 16.42274 1.89283 0.97807
v 16.29521 1.33195 0.86566
v 16.34726 1.33195 0.94656
v 16.29782 1.58888 0.78391
v 16.31818 1.33195 0.85089
v 16.31818 1.33195 0.85089
v 16.29782 1.58888 0.78391
v 16.34726 1.33195 0.94656
v -12.43979 15.88518 18.08606
v -12.49966 16.18080 17.92696
v -12.47501 15.88518 17.99247
v -12.47501 15.88518 17.99247
v -12.49966 16.18080 17.92696
v -12.43979 15.88518 18.08606
v -12.50429 15.88518 18.05661
v -12.34485 16.10885 17.99764
v -12.41050 15.88518 18.02192
v -12.41050 15.88518 18.02192
v -12.34485 16.10885 17.99764
v -12.50429 15.88518 18.05661
v -12.44893 15.88518 18.08854
v -12.47772 16.40772 17.92100
v -12.46587 15.88518 17.98999
v -12.46587 15.88518 17.98999
v -12.47772 16.40772 17.92100
v -12.44893 15.88518 18.08854
v -22.14084 1.06036 -6.16516
v -22.00814 1.39429 -6.27142
v -22.06278 1.06036 -6.22767
v -22.06278 1.06036 -6.22767
v -22.00814 1.39429 -6.27142
v -22.14084 1.06036 -6.16516
v -22.05183 1.06036 -6.19792
v -22.22175 1.42803 -6.19280
v -22.15179 1.06036 -6.19491
v -22.15179 1.06036 -6.19491
v -22.22175 1.42803 -6.19280
v -22.05183 1.06036 -6.19792
v -22.12612 1.06036 -6.15272
v -22.04347 1.32726 -6.30128
v -22.07750 1.06036 -6.24011
v -22.07750 1.06036 -6.24011
v -22.04347 1.32726 -6.30128
v -22.12612 1.06036 -6.15272
v 6.74728 13.67793 21.91820
v 6.91659 13.99772 21.93348
v 6.84687 13.67793 21.92719
v 6.84687 13.67793 21.92719
v 6.91659 13.99772 21.93348
v 6.74728 13.67793 21.91820
v 6.75908 13.67793 21.89020
v 6.88827 13.92326 22.00070
v 6.83507 13.67793 21.95520
v 6.83507 13.67793 21.95520
v 6.88827 13.92326 22.00070
v 6.75908 13.67793 21.89020
v 6.83682 13.67793 21.95303
v 6.70169 13.98055 21.84989
v 6.75733 13.67793 21.89236
v 6.75733 13.67793 21.89236
v 6.70169 13.98055 21.84989
v 6.83682 13.67793 21.95303
v 0.14107 10.29313 12.34208
v 0.20103 10.72885 12.18300
v 0.17634 10.29313 12.24851
v 0.17634 10.29313 12.24851
v 0.20103 10.72885 12.18300
v 0.14107 10.29313 12.34208
v 0.13218 10.29313 12.33768
v 0.22236 10.52903 12.19357
v 0.18523 10.29313 12.25291
v 0.18523 10.29313 12.25291
v 0.22236 10.52903 12.19357
v 0.13218 10.29313 12.33768
v 0.15964 10.29313 12.24530
v 0.15645 10.92585 12.41527
v 0.15776 10.29313 12.34528
v 0.15776 10.29313 12.34528
v 0.15645 10.92585 12.41527
v 0.15964 10.29313 12.24530
v 5.51161 12.19006 16.43793
v 5.35507 12.81270 16.50423
v 5.41953 12.19006 16.47693
v 5.41953 12.19006 16.47693
v 5.35507 12.81270 16.50423
v 5.51161 12.19006 16.43793
v 5.51060 12.19006 16.43569
v 5.35750 12.83612 16.50960
v 5.42054 12.19006 16.47917
v 5.42054 12.19006 16.47917
v 5.35750 12.83612 16.50960
v 5.51060 12.19006 16.43569
v 5.45862 12.19006 16.40792
v 5.48226 12.76765 16.57626
v 5.47252 12.19006 16.50694
v 5.47252 12.19006 16.50694
v 5.48226 12.76765 16.57626
v 5.45862 12.19006 16.40792
v 14.42500 0.82295 -8.34286
v 14.35711 1.37596 -8.18700
v 14.38506 0.82295 -8.25118
v 14.38506 0.82295 -8.25118
v 14.35711 1.37596 -8.18700
v 14.42500 0.82295 -8.34286
v 14.45398 0.82295 -8.28683
v 14.28755 1.45367 -8.32148
v 14.35608 0.82295 -8.30721
v 14.35608 0.82295 -8.30721
v 14.28755 1.45367 -8.32148
v 14.45398 0.82295 -8.28683
v 14.38723 0.82295 -8.34374
v 14.44777 1.24271 -8.18489
v 14.42284 0.82295 -8.25030
v 14.42284 0.82295 -8.25030
v 14.44777 1.24271 -8.18489
v 14.38723 0.82295 -8.34374
v 20.67266 13.22549 11.97759
v 20.53006 13.72501 11.88505
v 20.58877 13.22549 11.92315
v 20.58877 13.22549 11.92315
v 20.53006 13.72501 11.88505
v 20.67266 13.22549 11.97759
v 20.66592 13.22549 11.98588
v 20.54622 13.84495 11.86516
v 20.59551 13.22549 11.91487
v 20.59551 13.22549 11.91487
v 20.54622 13.84495 11.86516
v 20.66592 13.22549 11.98588
v 20.64786 13.22549 11.99734
v 20.58957 13.79201 11.83765
v 20.61357 13.22549 11.90340
v 20.61357 13.22549 11.90340
v 20.58957 13.79201 11.83765
v 20.64786 13.22549 11.99734
vt 0.24978 7.12018
vt 0.30351 7.27232
vt 0.28139 7.12712
vt 0.28139 7.12712
vt 0.30351 7.27232
vt 0.24978 7.12018
vt 0.28055 7.12970
vt 0.22966 7.29440
vt 0.25062 7.11760
vt 0.25062 7.11760
vt 0.22966 7.29440
vt 0.28055 7.12970
vt 0.25071 7.12389
vt 0.30129 7.19481
vt 0.28046 7.12341
vt 0.28046 7.12341
vt 0.30129 7.19481
vt 0.25071 7.12389
vt -5.04980 6.50187
vt -5.01979 6.72137
vt -5.03215 6.52115
vt -5.03215 6.52115
vt -5.01979 6.72137
vt -5.04980 6.50187
vt -5.03576 6.52151
vt -5.05347 6.64211
vt -5.04618 6.50151
vt -5.04618 6.50151
vt -5.05347 6.64211
vt -5.03576 6.52151
vt -5.02822 6.51967
vt -5.07157 6.57659
vt -5.05372 6.50335
vt -5.05372 6.50335
vt -5.07157 6.57659
vt -5.02822 6.51967
vt 2.30973 -3.17589
vt 2.31375 -3.09013
vt 2.31209 -3.19433
vt 2.31209 -3.19433
vt 2.31375 -3.09013
vt 2.30973 -3.17589
vt 2.30112 -3.19452
vt 2.33441 -2.99752
vt 2.32070 -3.17570
vt 2.32070 -3.17570
vt 2.33441 -2.99752
vt 2.30112 -3.19452
vt 2.31380 -3.19386
vt 2.30398 -3.05977
vt 2.30802 -3.17636
vt 2.30802 -3.17636
vt 2.30398 -3.05977
vt 2.31380 -3.19386
vt -6.32417 -2.72344
vt -6.27078 -2.57787
vt -6.29277 -2.71937
vt -6.29277 -2.71937
vt -6.27078 -2.57787
vt -6.32417 -2.72344
vt -6.30300 -2.72921
vt -6.32160 -2.53428
vt -6.31394 -2.71360
vt -6.31394 -2.71360
vt -6.32160 -2.53428
vt -6.30300 -2.72921
vt -6.30059 -2.71161
vt -6.32738 -2.59839
vt -6.31635 -2.73121
vt -6.31635 -2.73121
vt -6.32738 -2.59839
vt -6.30059 -2.71161
vt 6.29296 -0.89413
vt 6.24008 -0.79051
vt 6.26186 -0.89694
vt 6.26186 -0.89694
vt 6.24008 -0.79051
vt 6.29296 -0.89413
vt 6.28663 -0.90140
vt 6.25529 -0.76836
vt 6.26819 -0.88967
vt 6.26819 -0.88967
vt 6.25529 -0.76836
vt 6.28663 -0.90140
vt 6.26508 -0.90394
vt 6.30699 -0.68378
vt 6.28973 -0.88713
vt 6.28973 -0.88713
vt 6.30699 -0.68378
vt 6.26508 -0.90394
vt -2.39636 8.52657
vt -2.45010 8.63402
vt -2.42797 8.52066
vt -2.42797 8.52066
vt -2.45010 8.63402
vt -2.39636 8.52657
vt -2.42740 8.51802
vt -2.37561 8.71205
vt -2.39694 8.52921
vt -2.39694 8.52921
vt -2.37561 8.71205
vt -2.42740 8.51802
vt -2.40079 8.53248
vt -2.43946 8.66018
vt -2.42354 8.51475
vt -2.42354 8.51475
vt -2.43946 8.66018
vt -2.40079 8.53248
vt -6.25016 -1.16658
vt -6.28166 -1.06298
vt -6.26869 -1.18566
vt -6.26869 -1.18566
vt -6.28166 -1.06298
vt -6.25016 -1.16658
vt -6.24703 -1.16774
vt -6.28916 -1.10583
vt -6.27182 -1.18449
vt -6.27182 -1.18449
vt -6.28916 -1.10583
vt -6.24703 -1.16774
vt -6.25003 -1.16661
vt -6.28198 -1.05890
vt -6.26882 -1.18562
vt -6.26882 -1.18562
vt -6.28198 -1.05890
vt -6.25003 -1.16661
vt 3.27944 -2.85633
vt 3.24527 -2.81067
vt 3.25934 -2.87499
vt 3.25934 -2.87499
vt 3.24527 -2.81067
vt 3.27944 -2.85633
vt 3.25359 -2.86850
vt 3.30731 -2.68757
vt 3.28519 -2.86282
vt 3.28519 -2.86282
vt 3.30731 -2.68757
vt 3.25359 -2.86850
vt 3.28329 -2.86740
vt 3.23602 -2.77796
vt 3.25549 -2.86392
vt 3.25549 -2.86392
vt 3.23602 -2.77796
vt 3.28329 -2.86740
vt 2.53712 6.57231
vt 2.56766 6.76356
vt 2.55508 6.59152
vt 2.55508 6.59152
vt 2.56766 6.76356
vt 2.53712 6.57231
vt 2.54947 6.57332
vt 2.53800 6.72542
vt 2.54273 6.59051
vt 2.54273 6.59051
vt 2.53800 6.72542
vt 2.54947 6.57332
vt 2.54489 6.57221
vt 2.54899 6.72976
vt 2.54730 6.59162
vt 2.54730 6.59162
vt 2.54899 6.72976
vt 2.54489 6.57221
vt 4.48306 4.64188
vt 4.44253 4.72511
vt 4.45922 4.64958
vt 4.45922 4.64958
vt 4.44253 4.72511
vt 4.48306 4.64188
vt 4.48466 4.64352
vt 4.43868 4.78243
vt 4.45762 4.64794
vt 4.45762 4.64794
vt 4.43868 4.78243
vt 4.48466 4.64352
vt 4.45580 4.64495
vt 4.50796 4.80900
vt 4.48648 4.64650
vt 4.48648 4.64650
vt 4.50796 4.80900
vt 4.45580 4.64495
vt 3.41261 6.30079
vt 3.38620 6.34553
vt 3.39707 6.28115
vt 3.39707 6.28115
vt 3.38620 6.34553
vt 3.41261 6.30079
vt 3.41467 6.28551
vt 3.38125 6.44643
vt 3.39501 6.29644
vt 3.39501 6.29644
vt 3.38125 6.44643
vt 3.41467 6.28551
vt 3.40923 6.30096
vt 3.39430 6.40025
vt 3.40045 6.28098
vt 3.40045 6.28098
vt 3.39430 6.40025
vt 3.40923 6.30096
vt 2.12408 -2.14845
vt 2.08114 -2.06123
vt 2.09882 -2.16492
vt 2.09882 -2.16492
vt 2.08114 -2.06123
vt 2.12408 -2.14845
vt 2.09604 -2.15765
vt 2.14844 -2.04327
vt 2.12687 -2.15572
vt 2.12687 -2.15572
vt 2.14844 -2.04327
vt 2.09604 -2.15765
vt 2.09605 -2.15762
vt 2.14842 -2.04856
vt 2.12685 -2.15576
vt 2.12685 -2.15576
vt 2.14842 -2.04856
vt 2.09605 -2.15762
vt -3.79024 0.70165
vt -3.82958 0.79212
vt -3.81338 0.68409
vt -3.81338 0.68409
vt -3.82958 0.79212
vt -3.79024 0.70165
vt -3.79722 0.70286
vt -3.81283 0.75110
vt -3.80640 0.68287
vt -3.80640 0.68287
vt -3.81283 0.75110
vt -3.79722 0.70286
vt -3.81457 0.69592
vt -3.77119 0.86336
vt -3.78905 0.68982
vt -3.78905 0.68982
vt -3.77119 0.86336
vt -3.81457 0.69592
vt 4.47592 8.11426
vt 4.42615 8.25807
vt 4.44664 8.10123
vt 4.44664 8.10123
vt 4.42615 8.25807
vt 4.47592 8.11426
vt 4.44774 8.10014
vt 4.49377 8.25661
vt 4.47482 8.11535
vt 4.47482 8.11535
vt 4.49377 8.25661
vt 4.44774 8.10014
vt 4.45395 8.09787
vt 4.47886 8.24702
vt 4.46861 8.11762
vt 4.46861 8.11762
vt 4.47886 8.24702
vt 4.45395 8.09787
vt 4.26805 0.47925
vt 4.30371 0.53972
vt 4.28902 0.46924
vt 4.28902 0.46924
vt 4.30371 0.53972
vt 4.26805 0.47925
vt 4.27087 0.48101
vt 4.29695 0.57537
vt 4.28621 0.46749
vt 4.28621 0.46749
vt 4.29695 0.57537
vt 4.27087 0.48101
vt 4.29296 0.48102
vt 4.24393 0.58949
vt 4.26412 0.46747
vt 4.26412 0.46747
vt 4.24393 0.58949
vt 4.29296 0.48102
vt 8.25493 8.27088
vt 8.21574 8.38118
vt 8.23188 8.27926
vt 8.23188 8.27926
vt 8.21574 8.38118
vt 8.25493 8.27088
vt 8.24822 8.28507
vt 8.23184 8.34749
vt 8.23859 8.26507
vt 8.23859 8.26507
vt 8.23184 8.34749
vt 8.24822 8.28507
vt 8.23717 8.28254
vt 8.25836 8.35398
vt 8.24964 8.26760
vt 8.24964 8.26760
vt 8.25836 8.35398
vt 8.23717 8.28254
vt -5.99107 0.50484
vt -6.03769 0.69320
vt -6.01849 0.50880
vt -6.01849 0.50880
vt -6.03769 0.69320
vt -5.99107 0.50484
vt -6.00355 0.49761
vt -6.00773 0.60348
vt -6.00601 0.51603
vt -6.00601 0.51603
vt -6.00773 0.60348
vt -6.00355 0.49761
vt -6.01165 0.49690
vt -5.98829 0.63504
vt -5.99791 0.51674
vt -5.99791 0.51674
vt -5.98829 0.63504
vt -6.01165 0.49690
vt 2.45558 -1.48578
vt 2.50313 -1.38041
vt 2.48355 -1.48903
vt 2.48355 -1.48903
vt 2.50313 -1.38041
vt 2.45558 -1.48578
vt 2.45699 -1.49567
vt 2.49975 -1.35483
vt 2.48214 -1.47914
vt 2.48214 -1.47914
vt 2.49975 -1.35483
vt 2.45699 -1.49567
vt 2.47713 -1.47756
vt 2.45143 -1.42387
vt 2.46201 -1.49725
vt 2.46201 -1.49725
vt 2.45143 -1.42387
vt 2.47713 -1.47756
vt -4.68934 -1.76933
vt -4.63739 -1.69770
vt -4.65879 -1.76810
vt -4.65879 -1.76810
vt -4.63739 -1.69770
vt -4.68934 -1.76933
vt -4.66027 -1.77060
vt -4.70716 -1.61939
vt -4.68785 -1.76683
vt -4.68785 -1.76683
vt -4.70716 -1.61939
vt -4.66027 -1.77060
vt -4.68579 -1.76470
vt -4.64592 -1.66026
vt -4.66234 -1.77273
vt -4.66234 -1.77273
vt -4.64592 -1.66026
vt -4.68579 -1.76470
vt -4.58151 -0.85516
vt -4.58089 -0.70531
vt -4.58114 -0.87406
vt -4.58114 -0.87406
vt -4.58089 -0.70531
vt -4.58151 -0.85516
vt -4.58034 -0.87388
vt -4.58368 -0.76397
vt -4.58231 -0.85534
vt -4.58231 -0.85534
vt -4.58368 -0.76397
vt -4.58034 -0.87388
vt -4.57385 -0.85476
vt -4.59927 -0.73576
vt -4.58880 -0.87447
vt -4.58880 -0.87447
vt -4.59927 -0.73576
vt -4.57385 -0.85476
vt 4.39470 0.56780
vt 4.36844 0.77908
vt 4.37925 0.58127
vt 4.37925 0.58127
vt 4.36844 0.77908
vt 4.39470 0.56780
vt 4.38096 0.58211
vt 4.40140 0.72957
vt 4.39298 0.56696
vt 4.39298 0.56696
vt 4.40140 0.72957
vt 4.38096 0.58211
vt 4.38929 0.56561
vt 4.38141 0.66475
vt 4.38465 0.58346
vt 4.38465 0.58346
vt 4.38141 0.66475
vt 4.38929 0.56561
vt 3.31178 -0.40414
vt 3.26784 -0.22026
vt 3.28593 -0.39838
vt 3.28593 -0.39838
vt 3.26784 -0.22026
vt 3.31178 -0.40414
vt 3.28366 -0.40167
vt 3.33531 -0.29958
vt 3.31404 -0.40086
vt 3.31404 -0.40086
vt 3.33531 -0.29958
vt 3.28366 -0.40167
vt 3.30599 -0.39137
vt 3.28173 -0.27690
vt 3.29172 -0.41115
vt 3.29172 -0.41115
vt 3.28173 -0.27690
vt 3.30599 -0.39137
vt -6.00826 0.68997
vt -5.96868 0.88874
vt -5.98498 0.70747
vt -5.98498 0.70747
vt -5.96868 0.88874
vt -6.00826 0.68997
vt -5.98124 0.70399
vt -6.03354 0.88020
vt -6.01201 0.69346
vt -6.01201 0.69346
vt -6.03354 0.88020
vt -5.98124 0.70399
vt -6.01131 0.69228
vt -5.96136 0.83741
vt -5.98193 0.70516
vt -5.98193 0.70516
vt -5.96136 0.83741
vt -6.01131 0.69228
vt -2.67468 8.96619
vt -2.62250 9.16195
vt -2.64399 8.96776
vt -2.64399 8.96776
vt -2.62250 9.16195
vt -2.67468 8.96619
vt -2.65087 8.96065
vt -2.67964 9.04831
vt -2.66779 8.97330
vt -2.66779 8.97330
vt -2.67964 9.04831
vt -2.65087 8.96065
vt -2.64882 8.96199
vt -2.68457 9.10143
vt -2.66985 8.97196
vt -2.66985 8.97196
vt -2.68457 9.10143
vt -2.64882 8.96199
vt -6.33556 1.47804
vt -6.31324 1.61529
vt -6.32243 1.46340
vt -6.32243 1.46340
vt -6.31324 1.61529
vt -6.33556 1.47804
vt -6.33910 1.46140
vt -6.30473 1.67903
vt -6.31888 1.48004
vt -6.31888 1.48004
vt -6.30473 1.67903
vt -6.33910 1.46140
vt -6.32404 1.46270
vt -6.34089 1.61006
vt -6.33395 1.47874
vt -6.33395 1.47874
vt -6.34089 1.61006
vt -6.32404 1.46270
vt 3.19545 -0.99938
vt 3.24626 -0.80924
vt 3.22534 -0.98721
vt 3.22534 -0.98721
vt 3.24626 -0.80924
vt 3.19545 -0.99938
vt 3.21558 -0.98330
vt 3.19795 -0.92622
vt 3.20521 -1.00329
vt 3.20521 -1.00329
vt 3.19795 -0.92622
vt 3.21558 -0.98330
vt 3.21748 -1.00036
vt 3.19338 -0.84022
vt 3.20331 -0.98623
vt 3.20331 -0.98623
vt 3.19338 -0.84022
vt 3.21748 -1.00036
vt 1.39117 -2.79761
vt 1.44397 -2.72494
vt 1.42223 -2.79498
vt 1.42223 -2.79498
vt 1.44397 -2.72494
vt 1.39117 -2.79761
vt 1.41749 -2.80107
vt 1.38081 -2.67708
vt 1.39591 -2.79152
vt 1.39591 -2.79152
vt 1.38081 -2.67708
vt 1.41749 -2.80107
vt 1.39096 -2.79850
vt 1.44446 -2.69714
vt 1.42243 -2.79409
vt 1.42243 -2.79409
vt 1.44446 -2.69714
vt 1.39096 -2.79850
vt -4.69415 -2.97017
vt -4.70635 -2.89641
vt -4.70133 -2.99009
vt -4.70133 -2.99009
vt -4.70635 -2.89641
vt -4.69415 -2.97017
vt -4.70511 -2.97321
vt -4.68003 -2.91143
vt -4.69036 -2.98704
vt -4.69036 -2.98704
vt -4.68003 -2.91143
vt -4.70511 -2.97321
vt -4.71117 -2.98782
vt -4.66550 -2.84570
vt -4.68430 -2.97244
vt -4.68430 -2.97244
vt -4.66550 -2.84570
vt -4.71117 -2.98782
vt 4.68892 7.42332
vt 4.70340 7.57541
vt 4.69743 7.44329
vt 4.69743 7.44329
vt 4.70340 7.57541
vt 4.68892 7.42332
vt 4.68528 7.42351
vt 4.71212 7.58855
vt 4.70107 7.44311
vt 4.70107 7.44311
vt 4.71212 7.58855
vt 4.68528 7.42351
vt 4.67870 7.42660
vt 4.72792 7.59505
vt 4.70765 7.44002
vt 4.70765 7.44002
vt 4.72792 7.59505
vt 4.67870 7.42660
vt 5.82562 6.38135
vt 5.87927 6.49019
vt 5.85718 6.38886
vt 5.85718 6.38886
vt 5.87927 6.49019
vt 5.82562 6.38135
vt 5.83449 6.39226
vt 5.85796 6.48352
vt 5.84830 6.37795
vt 5.84830 6.37795
vt 5.85796 6.48352
vt 5.83449 6.39226
vt 5.85115 6.37959
vt 5.81798 6.58146
vt 5.83164 6.39062
vt 5.83164 6.39062
vt 5.81798 6.58146
vt 5.85115 6.37959
vt 2.32761 5.45165
vt 2.36889 5.58487
vt 2.35189 5.44435
vt 2.35189 5.44435
vt 2.36889 5.58487
vt 2.32761 5.45165
vt 2.32742 5.43960
vt 2.36936 5.56616
vt 2.35209 5.45640
vt 2.35209 5.45640
vt 2.36936 5.56616
vt 2.32742 5.43960
vt 2.35081 5.44343
vt 2.31322 5.55966
vt 2.32870 5.45257
vt 2.32870 5.45257
vt 2.31322 5.55966
vt 2.35081 5.44343
vt -7.97737 -3.25274
vt -8.00240 -3.11545
vt -7.99209 -3.23889
vt -7.99209 -3.23889
vt -8.00240 -3.11545
vt -7.97737 -3.25274
vt -7.98232 -3.23596
vt -7.99051 -3.18311
vt -7.98714 -3.25567
vt -7.98714 -3.25567
vt -7.99051 -3.18311
vt -7.98232 -3.23596
vt -7.97260 -3.24947
vt -8.01385 -3.14448
vt -7.99686 -3.24216
vt -7.99686 -3.24216
vt -8.01385 -3.14448
vt -7.97260 -3.24947
vt -1.08789 5.27193
vt -1.09533 5.41175
vt -1.09227 5.28985
vt -1.09227 5.28985
vt -1.09533 5.41175
vt -1.08789 5.27193
vt -1.07433 5.28486
vt -1.12788 5.40219
vt -1.10583 5.27692
vt -1.10583 5.27692
vt -1.12788 5.40219
vt -1.07433 5.28486
vt -1.09022 5.27138
vt -1.08975 5.43325
vt -1.08994 5.29040
vt -1.08994 5.29040
vt -1.08975 5.43325
vt -1.09022 5.27138
vt 7.96297 8.80810
vt 7.98918 8.97149
vt 7.97839 8.79462
vt 7.97839 8.79462
vt 7.98918 8.97149
vt 7.96297 8.80810
vt 7.95763 8.79339
vt 8.00200 8.88697
vt 7.98373 8.80933
vt 7.98373 8.80933
vt 8.00200 8.88697
vt 7.95763 8.79339
vt 7.95535 8.80062
vt 8.00747 8.97132
vt 7.98601 8.80211
vt 7.98601 8.80211
vt 8.00747 8.97132
vt 7.95535 8.80062
vt 0.69422 7.25163
vt 0.71072 7.32124
vt 0.70393 7.23551
vt 0.70393 7.23551
vt 0.71072 7.32124
vt 0.69422 7.25163
vt 0.71303 7.24191
vt 0.66558 7.40756
vt 0.68512 7.24524
vt 0.68512 7.24524
vt 0.66558 7.40756
vt 0.71303 7.24191
vt 0.70473 7.23584
vt 0.68551 7.35211
vt 0.69342 7.25130
vt 0.69342 7.25130
vt 0.68551 7.35211
vt 0.70473 7.23584
vt -3.93564 -2.70429
vt -3.94787 -2.62762
vt -3.94283 -2.72420
vt -3.94283 -2.72420
vt -3.94787 -2.62762
vt -3.93564 -2.70429
vt -3.95303 -2.72164
vt -3.90612 -2.58600
vt -3.92544 -2.70685
vt -3.92544 -2.70685
vt -3.90612 -2.58600
vt -3.95303 -2.72164
vt -3.95264 -2.71190
vt -3.90706 -2.57969
vt -3.92583 -2.71659
vt -3.92583 -2.71659
vt -3.90706 -2.57969
vt -3.95264 -2.71190
vt 5.24463 -0.28471
vt 5.29792 -0.15824
vt 5.27598 -0.28093
vt 5.27598 -0.28093
vt 5.29792 -0.15824
vt 5.24463 -0.28471
vt 5.24453 -0.28532
vt 5.29816 -0.15589
vt 5.27608 -0.28033
vt 5.27608 -0.28033
vt 5.29816 -0.15589
vt 5.24453 -0.28532
vt 5.27571 -0.28188
vt 5.22333 -0.09591
vt 5.24490 -0.28377
vt 5.24490 -0.28377
vt 5.22333 -0.09591
vt 5.27571 -0.28188
vt -3.79238 -2.14093
vt -3.73913 -1.94817
vt -3.76106 -2.13207
vt -3.76106 -2.13207
vt -3.73913 -1.94817
vt -3.79238 -2.14093
vt -3.79207 -2.13728
vt -3.73989 -2.01184
vt -3.76138 -2.13572
vt -3.76138 -2.13572
vt -3.73989 -2.01184
vt -3.79207 -2.13728
vt -3.78229 -2.12874
vt -3.76335 -2.06589
vt -3.77115 -2.14427
vt -3.77115 -2.14427
vt -3.76335 -2.06589
vt -3.78229 -2.12874
vt 7.31298 5.09736
vt 7.36390 5.20778
vt 7.34293 5.09727
vt 7.34293 5.09727
vt 7.36390 5.20778
vt 7.31298 5.09736
vt 7.31612 5.08866
vt 7.35637 5.26128
vt 7.33979 5.10597
vt 7.33979 5.10597
vt 7.35637 5.26128
vt 7.31612 5.08866
vt 7.31312 5.09107
vt 7.36356 5.19813
vt 7.34279 5.10356
vt 7.34279 5.10356
vt 7.36356 5.19813
vt 7.31312 5.09107
vt 0.14760 4.10913
vt 0.10330 4.21944
vt 0.12154 4.09317
vt 0.12154 4.09317
vt 0.10330 4.21944
vt 0.14760 4.10913
vt 0.13706 4.11102
vt 0.12859 4.15318
vt 0.13208 4.09128
vt 0.13208 4.09128
vt 0.12859 4.15318
vt 0.13706 4.11102
vt 0.12225 4.10464
vt 0.16413 4.20117
vt 0.14689 4.09766
vt 0.14689 4.09766
vt 0.16413 4.20117
vt 0.12225 4.10464
vt -4.47180 -2.92287
vt -4.42202 -2.79389
vt -4.44252 -2.90985
vt -4.44252 -2.90985
vt -4.42202 -2.79389
vt -4.47180 -2.92287
vt -4.45785 -2.92598
vt -4.45551 -2.80054
vt -4.45647 -2.90675
vt -4.45647 -2.90675
vt -4.45551 -2.80054
vt -4.45785 -2.92598
vt -4.47196 -2.91599
vt -4.42164 -2.84002
vt -4.44236 -2.91674
vt -4.44236 -2.91674
vt -4.42164 -2.84002
vt -4.47196 -2.91599
vt -7.55013 -2.03193
vt -7.53468 -1.86685
vt -7.54104 -2.01194
vt -7.54104 -2.01194
vt -7.53468 -1.86685
vt -7.55013 -2.03193
vt -7.53452 -2.01295
vt -7.57213 -1.95257
vt -7.55664 -2.03093
vt -7.55664 -2.03093
vt -7.57213 -1.95257
vt -7.53452 -2.01295
vt -7.56133 -2.02595
vt -7.50779 -1.86802
vt -7.52984 -2.01793
vt -7.52984 -2.01793
vt -7.50779 -1.86802
vt -7.56133 -2.02595
vt 2.14529 6.10383
vt 2.10626 6.23460
vt 2.12234 6.11229
vt 2.12234 6.11229
vt 2.10626 6.23460
vt 2.14529 6.10383
vt 2.12024 6.11021
vt 2.16640 6.18404
vt 2.14739 6.10591
vt 2.14739 6.10591
vt 2.16640 6.18404
vt 2.12024 6.11021
vt 2.11814 6.10369
vt 2.17144 6.20570
vt 2.14949 6.11243
vt 2.14949 6.11243
vt 2.17144 6.20570
vt 2.11814 6.10369
vt -5.70148 0.72975
vt -5.69400 0.86587
vt -5.69708 0.71184
vt -5.69708 0.71184
vt -5.69400 0.86587
vt -5.70148 0.72975
vt -5.71328 0.72240
vt -5.66567 0.87295
vt -5.68527 0.71919
vt -5.68527 0.71919
vt -5.66567 0.87295
vt -5.71328 0.72240
vt -5.68837 0.72984
vt -5.72545 0.84793
vt -5.71018 0.71174
vt -5.71018 0.71174
vt -5.72545 0.84793
vt -5.68837 0.72984
vt 2.97196 5.97390
vt 2.92081 6.07586
vt 2.94187 5.96203
vt 2.94187 5.96203
vt 2.92081 6.07586
vt 2.97196 5.97390
vt 2.95114 5.97564
vt 2.97077 6.08219
vt 2.96269 5.96029
vt 2.96269 5.96029
vt 2.97077 6.08219
vt 2.95114 5.97564
vt 2.94213 5.96164
vt 2.99239 6.16744
vt 2.97170 5.97429
vt 2.97170 5.97429
vt 2.99239 6.16744
vt 2.94213 5.96164
vt 5.39386 -0.80000
vt 5.34134 -0.64175
vt 5.36297 -0.81022
vt 5.36297 -0.81022
vt 5.34134 -0.64175
vt 5.39386 -0.80000
vt 5.37646 -0.79608
vt 5.38310 -0.72876
vt 5.38037 -0.81413
vt 5.38037 -0.81413
vt 5.38310 -0.72876
vt 5.37646 -0.79608
vt 5.38502 -0.81240
vt 5.36255 -0.65994
vt 5.37181 -0.79781
vt 5.37181 -0.79781
vt 5.36255 -0.65994
vt 5.38502 -0.81240
vt -5.38075 1.49116
vt -5.43451 1.59951
vt -5.41238 1.48467
vt -5.41238 1.48467
vt -5.43451 1.59951
vt -5.38075 1.49116
vt -5.39039 1.48042
vt -5.41140 1.63969
vt -5.40275 1.49542
vt -5.40275 1.49542
vt -5.41140 1.63969
vt -5.39039 1.48042
vt -5.39415 1.49778
vt -5.40237 1.57617
vt -5.39898 1.47806
vt -5.39898 1.47806
vt -5.40237 1.57617
vt -5.39415 1.49778
vt 6.52919 7.31599
vt 6.54957 7.53091
vt 6.54118 7.33594
vt 6.54118 7.33594
vt 6.54957 7.53091
vt 6.52919 7.31599
vt 6.53524 7.31649
vt 6.53506 7.48147
vt 6.53513 7.33544
vt 6.53513 7.33544
vt 6.53506 7.48147
vt 6.53524 7.31649
vt 6.52755 7.33275
vt 6.55351 7.45574
vt 6.54282 7.31919
vt 6.54282 7.31919
vt 6.55351 7.45574
vt 6.52755 7.33275
vt -0.03509 7.66862
vt -0.07352 7.86831
vt -0.05770 7.67737
vt -0.05770 7.67737
vt -0.07352 7.86831
vt -0.03509 7.66862
vt -0.06178 7.66772
vt -0.00948 7.83083
vt -0.03101 7.67827
vt -0.03101 7.67827
vt -0.00948 7.83083
vt -0.06178 7.66772
vt -0.03948 7.66584
vt -0.06298 7.76744
vt -0.05331 7.68015
vt -0.05331 7.68015
vt -0.06298 7.76744
vt -0.03948 7.66584
vt 1.44434 -2.75936
vt 1.39396 -2.61721
vt 1.41471 -2.77191
vt 1.41471 -2.77191
vt 1.39396 -2.61721
vt 1.44434 -2.75936
vt 1.41398 -2.76700
vt 1.46683 -2.57618
vt 1.44507 -2.76426
vt 1.44507 -2.76426
vt 1.46683 -2.57618
vt 1.41398 -2.76700
vt 1.41475 -2.76521
vt 1.46499 -2.64043
vt 1.44430 -2.76605
vt 1.44430 -2.76605
vt 1.46499 -2.64043
vt 1.41475 -2.76521
vt 2.60217 -2.19106
vt 2.65587 -2.09924
vt 2.63376 -2.18389
vt 2.63376 -2.18389
vt 2.65587 -2.09924
vt 2.60217 -2.19106
vt 2.63287 -2.18133
vt 2.58218 -2.10864
vt 2.60305 -2.19362
vt 2.60305 -2.19362
vt 2.58218 -2.10864
vt 2.63287 -2.18133
vt 2.62653 -2.19373
vt 2.59739 -2.09467
vt 2.60939 -2.18122
vt 2.60939 -2.18122
vt 2.59739 -2.09467
vt 2.62653 -2.19373
vt 5.21502 5.12849
vt 5.16692 5.25626
vt 5.18672 5.13131
vt 5.18672 5.13131
vt 5.16692 5.25626
vt 5.21502 5.12849
vt 5.19233 5.12020
vt 5.22137 5.26465
vt 5.20941 5.13959
vt 5.20941 5.13959
vt 5.22137 5.26465
vt 5.19233 5.12020
vt 5.18509 5.12618
vt 5.23875 5.22729
vt 5.21665 5.13362
vt 5.21665 5.13362
vt 5.23875 5.22729
vt 5.18509 5.12618
vt -2.42581 4.38008
vt -2.41748 4.44192
vt -2.42091 4.36231
vt -2.42091 4.36231
vt -2.41748 4.44192
vt -2.42581 4.38008
vt -2.41989 4.36263
vt -2.43168 4.58529
vt -2.42683 4.37976
vt -2.42683 4.37976
vt -2.43168 4.58529
vt -2.41989 4.36263
vt -2.43729 4.36392
vt -2.38993 4.48207
vt -2.40943 4.37847
vt -2.40943 4.37847
vt -2.38993 4.48207
vt -2.43729 4.36392
vt -1.40961 5.06759
vt -1.45325 5.18156
vt -1.43528 5.05137
vt -1.43528 5.05137
vt -1.45325 5.18156
vt -1.40961 5.06759
vt -1.40859 5.06683
vt -1.45570 5.12424
vt -1.43630 5.05214
vt -1.43630 5.05214
vt -1.45570 5.12424
vt -1.40859 5.06683
vt -1.42078 5.05038
vt -1.42645 5.25022
vt -1.42412 5.06858
vt -1.42412 5.06858
vt -1.42645 5.25022
vt -1.42078 5.05038
vt -6.04570 -2.55695
vt -6.00162 -2.41691
vt -6.01977 -2.54090
vt -6.01977 -2.54090
vt -6.00162 -2.41691
vt -6.04570 -2.55695
vt -6.01800 -2.54942
vt -6.06809 -2.41904
vt -6.04747 -2.54842
vt -6.04747 -2.54842
vt -6.06809 -2.41904
vt -6.01800 -2.54942
vt -6.04850 -2.55277
vt -5.99489 -2.37395
vt -6.01697 -2.54508
vt -6.01697 -2.54508
vt -5.99489 -2.37395
vt -6.04850 -2.55277
vt -4.93315 5.41555
vt -4.95145 5.59545
vt -4.94392 5.43123
vt -4.94392 5.43123
vt -4.95145 5.59545
vt -4.93315 5.41555
vt -4.93164 5.41623
vt -4.95507 5.61454
vt -4.94543 5.43055
vt -4.94543 5.43055
vt -4.95507 5.61454
vt -4.93164 5.41623
vt -4.94103 5.43226
vt -4.93254 5.54178
vt -4.93604 5.41452
vt -4.93604 5.41452
vt -4.93254 5.54178
vt -4.94103 5.43226
vt -3.15227 5.56149
vt -3.13438 5.72796
vt -3.14174 5.58149
vt -3.14174 5.58149
vt -3.13438 5.72796
vt -3.15227 5.56149
vt -3.13226 5.57786
vt -3.18241 5.65842
vt -3.16176 5.56512
vt -3.16176 5.56512
vt -3.18241 5.65842
vt -3.13226 5.57786
vt -3.13278 5.57020
vt -3.18116 5.72046
vt -3.16124 5.57278
vt -3.16124 5.57278
vt -3.18116 5.72046
vt -3.13278 5.57020
vt -1.25525 4.51862
vt -1.21090 4.61224
vt -1.22916 4.51312
vt -1.22916 4.51312
vt -1.21090 4.61224
vt -1.25525 4.51862
vt -1.23145 4.51107
vt -1.26802 4.65456
vt -1.25296 4.52067
vt -1.25296 4.52067
vt -1.26802 4.65456
vt -1.23145 4.51107
vt -1.22684 4.51670
vt -1.27907 4.67516
vt -1.25757 4.51504
vt -1.25757 4.51504
vt -1.27907 4.67516
vt -1.22684 4.51670
vt 2.08007 -3.33304
vt 2.12481 -3.25689
vt 2.10639 -3.33829
vt 2.10639 -3.33829
vt 2.12481 -3.25689
vt 2.08007 -3.33304
vt 2.10808 -3.32943
vt 2.05760 -3.20400
vt 2.07838 -3.34190
vt 2.07838 -3.34190
vt 2.05760 -3.20400
vt 2.10808 -3.32943
vt 2.08049 -3.33259
vt 2.12380 -3.22320
vt 2.10597 -3.33874
vt 2.10597 -3.33874
vt 2.12380 -3.22320
vt 2.08049 -3.33259
vt 2.85426 0.60427
vt 2.88995 0.75097
vt 2.87526 0.62266
vt 2.87526 0.62266
vt 2.88995 0.75097
vt 2.85426 0.60427
vt 2.85000 0.60711
vt 2.90019 0.82130
vt 2.87952 0.61982
vt 2.87952 0.61982
vt 2.90019 0.82130
vt 2.85000 0.60711
vt 2.87574 0.62249
vt 2.83841 0.73422
vt 2.85378 0.60444
vt 2.85378 0.60444
vt 2.83841 0.73422
vt 2.87574 0.62249
vt 7.76508 9.22301
vt 7.77836 9.37526
vt 7.77289 9.20619
vt 7.77289 9.20619
vt 7.77836 9.37526
vt 7.76508 9.22301
vt 7.78312 9.21317
vt 7.73506 9.28857
vt 7.75485 9.21602
vt 7.75485 9.21602
vt 7.73506 9.28857
vt 7.78312 9.21317
vt 7.75375 9.20901
vt 7.80555 9.38455
vt 7.78422 9.22018
vt 7.78422 9.22018
vt 7.80555 9.38455
vt 7.75375 9.20901
vt -4.61358 -2.90674
vt -4.57402 -2.77659
vt -4.59031 -2.88924
vt -4.59031 -2.88924
vt -4.57402 -2.77659
vt -4.61358 -2.90674
vt -4.58906 -2.88992
vt -4.63286 -2.78273
vt -4.61483 -2.90607
vt -4.61483 -2.90607
vt -4.63286 -2.78273
vt -4.58906 -2.88992
vt -4.59284 -2.90393
vt -4.62379 -2.80351
vt -4.61105 -2.89206
vt -4.61105 -2.89206
vt -4.62379 -2.80351
vt -4.59284 -2.90393
vt 1.70897 7.55241
vt 1.75743 7.72357
vt 1.73748 7.56633
vt 1.73748 7.56633
vt 1.75743 7.72357
vt 1.70897 7.55241
vt 1.73642 7.56723
vt 1.69155 7.66363
vt 1.71002 7.55150
vt 1.71002 7.55150
vt 1.69155 7.66363
vt 1.73642 7.56723
vt 1.73731 7.55788
vt 1.68941 7.69631
vt 1.70913 7.56086
vt 1.70913 7.56086
vt 1.68941 7.69631
vt 1.73731 7.55788
vt -2.64672 9.65962
vt -2.61758 9.74428
vt -2.62958 9.64711
vt -2.62958 9.64711
vt -2.61758 9.74428
vt -2.64672 9.65962
vt -2.64136 9.64343
vt -2.63044 9.76745
vt -2.63494 9.66330
vt -2.63494 9.66330
vt -2.63044 9.76745
vt -2.64136 9.64343
vt -2.65392 9.64954
vt -2.60030 9.78225
vt -2.62238 9.65719
vt -2.62238 9.65719
vt -2.60030 9.78225
vt -2.65392 9.64954
vt -1.07181 6.73801
vt -1.12321 6.80495
vt -1.10205 6.72640
vt -1.10205 6.72640
vt -1.12321 6.80495
vt -1.07181 6.73801
vt -1.07341 6.73000
vt -1.11938 6.92986
vt -1.10045 6.73442
vt -1.10045 6.73442
vt -1.11938 6.92986
vt -1.07341 6.73000
vt -1.08821 6.72250
vt -1.08386 6.83078
vt -1.08565 6.74192
vt -1.08565 6.74192
vt -1.08386 6.83078
vt -1.08821 6.72250
vt -5.10898 8.34006
vt -5.05683 8.46589
vt -5.07831 8.34158
vt -5.07831 8.34158
vt -5.05683 8.46589
vt -5.10898 8.34006
vt -5.07870 8.34691
vt -5.12951 8.51113
vt -5.10859 8.33473
vt -5.10859 8.33473
vt -5.12951 8.51113
vt -5.07870 8.34691
vt -5.09904 8.34866
vt -5.08069 8.41025
vt -5.08825 8.33298
vt -5.08825 8.33298
vt -5.08069 8.41025
vt -5.09904 8.34866
vt 4.91968 8.14855
vt 4.95898 8.33531
vt 4.94280 8.16613
vt 4.94280 8.16613
vt 4.95898 8.33531
vt 4.91968 8.14855
vt 4.92327 8.16394
vt 4.95037 8.22240
vt 4.93921 8.15074
vt 4.93921 8.15074
vt 4.95037 8.22240
vt 4.92327 8.16394
vt 4.93413 8.16724
vt 4.92431 8.23142
vt 4.92835 8.14744
vt 4.92835 8.14744
vt 4.92431 8.23142
vt 4.93413 8.16724
vt 7.37837 4.77729
vt 7.37718 4.98736
vt 7.37767 4.79612
vt 7.37767 4.79612
vt 7.37718 4.98736
vt 7.37837 4.77729
vt 7.36267 4.78592
vt 7.41485 4.96572
vt 7.39337 4.78749
vt 7.39337 4.78749
vt 7.41485 4.96572
vt 7.36267 4.78592
vt 7.36309 4.78684
vt 7.41386 4.86592
vt 7.39295 4.78657
vt 7.39295 4.78657
vt 7.41386 4.86592
vt 7.36309 4.78684
vt -4.91378 -3.12302
vt -4.96457 -2.94159
vt -4.94365 -3.12277
vt -4.94365 -3.12277
vt -4.96457 -2.94159
vt -4.91378 -3.12302
vt -4.94367 -3.12279
vt -4.89284 -2.98024
vt -4.91377 -3.12299
vt -4.91377 -3.12299
vt -4.89284 -2.98024
vt -4.94367 -3.12279
vt -4.92256 -3.11292
vt -4.94351 -3.03470
vt -4.93488 -3.13286
vt -4.93488 -3.13286
vt -4.94351 -3.03470
vt -4.92256 -3.11292
vt 2.63789 -2.46187
vt 2.59122 -2.41645
vt 2.61044 -2.47678
vt 2.61044 -2.47678
vt 2.59122 -2.41645
vt 2.63789 -2.46187
vt 2.61881 -2.46147
vt 2.63700 -2.41283
vt 2.62951 -2.47718
vt 2.62951 -2.47718
vt 2.63700 -2.41283
vt 2.61881 -2.46147
vt 2.61363 -2.47851
vt 2.64944 -2.30924
vt 2.63469 -2.46014
vt 2.63469 -2.46014
vt 2.64944 -2.30924
vt 2.61363 -2.47851
vt 1.47051 6.52432
vt 1.45835 6.61893
vt 1.46336 6.50441
vt 1.46336 6.50441
vt 1.45835 6.61893
vt 1.47051 6.52432
vt 1.46272 6.52267
vt 1.47706 6.58786
vt 1.47115 6.50607
vt 1.47115 6.50607
vt 1.47706 6.58786
vt 1.46272 6.52267
vt 1.47792 6.50974
vt 1.44056 6.71738
vt 1.45595 6.51899
vt 1.45595 6.51899
vt 1.44056 6.71738
vt 1.47792 6.50974
vt -2.60357 7.50924
vt -2.57026 7.70083
vt -2.58397 7.52805
vt -2.58397 7.52805
vt -2.57026 7.70083
vt -2.60357 7.50924
vt -2.58508 7.51246
vt -2.61462 7.64097
vt -2.60246 7.52484
vt -2.60246 7.52484
vt -2.61462 7.64097
vt -2.58508 7.51246
vt -2.57847 7.51931
vt -2.63049 7.65950
vt -2.60907 7.51798
vt -2.60907 7.51798
vt -2.63049 7.65950
vt -2.57847 7.51931
vt -2.06166 6.37173
vt -2.01193 6.56066
vt -2.03241 6.37038
vt -2.03241 6.37038
vt -2.01193 6.56066
vt -2.06166 6.37173
vt -2.04868 6.38016
vt -2.04309 6.47494
vt -2.04539 6.36195
vt -2.04539 6.36195
vt -2.04309 6.47494
vt -2.04868 6.38016
vt -2.03662 6.36600
vt -2.07204 6.49945
vt -2.05745 6.37611
vt -2.05745 6.37611
vt -2.07204 6.49945
vt -2.03662 6.36600
vt -3.45535 7.53360
vt -3.50165 7.59382
vt -3.48259 7.51851
vt -3.48259 7.51851
vt -3.50165 7.59382
vt -3.45535 7.53360
vt -3.47416 7.51606
vt -3.45650 7.66946
vt -3.46377 7.53606
vt -3.46377 7.53606
vt -3.45650 7.66946
vt -3.47416 7.51606
vt -3.45474 7.52477
vt -3.50312 7.70343
vt -3.48320 7.52735
vt -3.48320 7.52735
vt -3.50312 7.70343
vt -3.45474 7.52477
vt -6.33211 -3.06758
vt -6.38530 -2.96203
vt -6.36340 -3.07659
vt -6.36340 -3.07659
vt -6.38530 -2.96203
vt -6.33211 -3.06758
vt -6.33703 -3.07691
vt -6.37349 -2.89423
vt -6.35848 -3.06726
vt -6.35848 -3.06726
vt -6.37349 -2.89423
vt -6.33703 -3.07691
vt -6.34611 -3.06232
vt -6.35172 -2.92861
vt -6.34941 -3.08185
vt -6.34941 -3.08185
vt -6.35172 -2.92861
vt -6.34611 -3.06232
vt 2.14751 5.11083
vt 2.13239 5.24143
vt 2.13862 5.12726
vt 2.13862 5.12726
vt 2.13239 5.24143
vt 2.14751 5.11083
vt 2.13136 5.12309
vt 2.17114 5.20527
vt 2.15476 5.11501
vt 2.15476 5.11501
vt 2.17114 5.20527
vt 2.13136 5.12309
vt 2.12730 5.11513
vt 2.18089 5.29776
vt 2.15882 5.12296
vt 2.15882 5.12296
vt 2.18089 5.29776
vt 2.12730 5.11513
vt -3.82836 0.17939
vt -3.78509 0.36605
vt -3.80291 0.19574
vt -3.80291 0.19574
vt -3.78509 0.36605
vt -3.82836 0.17939
vt -3.80893 0.18032
vt -3.83172 0.32086
vt -3.82233 0.19482
vt -3.82233 0.19482
vt -3.83172 0.32086
vt -3.80893 0.18032
vt -3.81306 0.17872
vt -3.82181 0.34007
vt -3.81821 0.19641
vt -3.81821 0.19641
vt -3.82181 0.34007
vt -3.81306 0.17872
vt 3.31743 5.10424
vt 3.26613 5.23315
vt 3.28725 5.10388
vt 3.28725 5.10388
vt 3.26613 5.23315
vt 3.31743 5.10424
vt 3.28656 5.10144
vt 3.34023 5.26198
vt 3.31813 5.10668
vt 3.31813 5.10668
vt 3.34023 5.26198
vt 3.28656 5.10144
vt 3.29457 5.11077
vt 3.32099 5.26167
vt 3.31011 5.09735
vt 3.31011 5.09735
vt 3.32099 5.26167
vt 3.29457 5.11077
vt -7.23441 -0.69264
vt -7.27936 -0.56895
vt -7.26085 -0.70833
vt -7.26085 -0.70833
vt -7.27936 -0.56895
vt -7.23441 -0.69264
vt -7.23195 -0.69855
vt -7.28527 -0.63454
vt -7.26332 -0.70241
vt -7.26332 -0.70241
vt -7.28527 -0.63454
vt -7.23195 -0.69855
vt -7.26338 -0.70278
vt -7.20984 -0.58322
vt -7.23189 -0.69819
vt -7.23189 -0.69819
vt -7.20984 -0.58322
vt -7.26338 -0.70278
vt -5.81023 -2.87404
vt -5.79615 -2.72233
vt -5.80195 -2.85407
vt -5.80195 -2.85407
vt -5.79615 -2.72233
vt -5.81023 -2.87404
vt -5.81020 -2.85571
vt -5.79624 -2.73525
vt -5.80198 -2.87239
vt -5.80198 -2.87239
vt -5.79624 -2.73525
vt -5.81020 -2.85571
vt -5.80608 -2.87354
vt -5.80610 -2.68873
vt -5.80610 -2.85457
vt -5.80610 -2.85457
vt -5.80610 -2.68873
vt -5.80608 -2.87354
vt -1.41106 5.74677
vt -1.46363 5.83371
vt -1.44198 5.73663
vt -1.44198 5.73663
vt -1.46363 5.83371
vt -1.41106 5.74677
vt -1.44090 5.73488
vt -1.39200 5.85775
vt -1.41214 5.74851
vt -1.41214 5.74851
vt -1.39200 5.85775
vt -1.44090 5.73488
vt -1.41247 5.74016
vt -1.46024 5.93769
vt -1.44057 5.74324
vt -1.44057 5.74324
vt -1.46024 5.93769
vt -1.41247 5.74016
vt 0.90424 7.28010
vt 0.90939 7.47131
vt 0.90727 7.29959
vt 0.90727 7.29959
vt 0.90939 7.47131
vt 0.90424 7.28010
vt 0.89617 7.29548
vt 0.92874 7.41006
vt 0.91533 7.28421
vt 0.91533 7.28421
vt 0.92874 7.41006
vt 0.89617 7.29548
vt 0.91433 7.28359
vt 0.88518 7.43275
vt 0.89718 7.29610
vt 0.89718 7.29610
vt 0.88518 7.43275
vt 0.91433 7.28359
vt -7.33546 -2.83706
vt -7.29211 -2.70428
vt -7.30996 -2.82074
vt -7.30996 -2.82074
vt -7.29211 -2.70428
vt -7.33546 -2.83706
vt -7.33390 -2.82443
vt -7.29587 -2.74000
vt -7.31153 -2.83337
vt -7.31153 -2.83337
vt -7.29587 -2.74000
vt -7.33390 -2.82443
vt -7.30700 -2.82680
vt -7.36043 -2.72898
vt -7.33843 -2.83101
vt -7.33843 -2.83101
vt -7.36043 -2.72898
vt -7.30700 -2.82680
vt -5.85336 1.79553
vt -5.90295 1.87735
vt -5.88253 1.78237
vt -5.88253 1.78237
vt -5.90295 1.87735
vt -5.85336 1.79553
vt -5.88116 1.79152
vt -5.83623 1.87189
vt -5.85473 1.78638
vt -5.85473 1.78638
vt -5.83623 1.87189
vt -5.88116 1.79152
vt -5.86548 1.78007
vt -5.87385 1.92465
vt -5.87041 1.79783
vt -5.87041 1.79783
vt -5.87385 1.92465
vt -5.86548 1.78007
vt 2.88951 -3.17774
vt 2.90500 -3.07293
vt 2.89862 -3.19408
vt 2.89862 -3.19408
vt 2.90500 -3.07293
vt 2.88951 -3.17774
vt 2.88173 -3.19431
vt 2.92368 -3.06549
vt 2.90641 -3.17751
vt 2.90641 -3.17751
vt 2.92368 -3.06549
vt 2.88173 -3.19431
vt 2.87958 -3.18500
vt 2.92883 -3.06655
vt 2.90855 -3.18682
vt 2.90855 -3.18682
vt 2.92883 -3.06655
vt 2.87958 -3.18500
vt 4.52660 -1.52429
vt 4.58006 -1.35567
vt 4.55804 -1.52002
vt 4.55804 -1.52002
vt 4.58006 -1.35567
vt 4.52660 -1.52429
vt 4.52662 -1.52639
vt 4.58002 -1.42718
vt 4.55803 -1.51793
vt 4.55803 -1.51793
vt 4.58002 -1.42718
vt 4.52662 -1.52639
vt 4.55621 -1.52391
vt 4.50899 -1.44789
vt 4.52844 -1.52040
vt 4.52844 -1.52040
vt 4.50899 -1.44789
vt 4.55621 -1.52391
vt 3.76465 0.95691
vt 3.71201 1.02247
vt 3.73369 0.95456
vt 3.73369 0.95456
vt 3.71201 1.02247
vt 3.76465 0.95691
vt 3.76207 0.96380
vt 3.71820 1.08469
vt 3.73626 0.94767
vt 3.73626 0.94767
vt 3.71820 1.08469
vt 3.76207 0.96380
vt 3.73380 0.95042
vt 3.78604 1.14123
vt 3.76453 0.96105
vt 3.76453 0.96105
vt 3.78604 1.14123
vt 3.73380 0.95042
vt -8.34023 -2.86660
vt -8.38727 -2.77540
vt -8.36790 -2.88131
vt -8.36790 -2.88131
vt -8.38727 -2.77540
vt -8.34023 -2.86660
vt -8.36173 -2.86719
vt -8.33565 -2.81727
vt -8.34639 -2.88072
vt -8.34639 -2.88072
vt -8.33565 -2.81727
vt -8.36173 -2.86719
vt -8.36833 -2.88089
vt -8.31982 -2.71671
vt -8.33979 -2.86701
vt -8.33979 -2.86701
vt -8.31982 -2.71671
vt -8.36833 -2.88089
vt 4.59517 7.84159
vt 4.54418 7.99205
vt 4.56518 7.84161
vt 4.56518 7.84161
vt 4.54418 7.99205
vt 4.59517 7.84159
vt 4.56734 7.84457
vt 4.61098 7.96630
vt 4.59301 7.83863
vt 4.59301 7.83863
vt 4.61098 7.96630
vt 4.56734 7.84457
vt 4.58649 7.85156
vt 4.56500 7.93300
vt 4.57385 7.83164
vt 4.57385 7.83164
vt 4.56500 7.93300
vt 4.58649 7.85156
vt -7.38152 -2.34291
vt -7.32926 -2.15378
vt -7.35078 -2.34121
vt -7.35078 -2.34121
vt -7.32926 -2.15378
vt -7.38152 -2.34291
vt -7.37703 -2.35112
vt -7.34003 -2.24784
vt -7.35526 -2.33301
vt -7.35526 -2.33301
vt -7.34003 -2.24784
vt -7.37703 -2.35112
vt -7.36360 -2.33219
vt -7.37226 -2.29402
vt -7.36870 -2.35194
vt -7.36870 -2.35194
vt -7.37226 -2.29402
vt -7.36360 -2.33219
vt -2.12848 4.27499
vt -2.17515 4.43780
vt -2.15593 4.27892
vt -2.15593 4.27892
vt -2.17515 4.43780
vt -2.12848 4.27499
vt -2.14021 4.28676
vt -2.14701 4.39280
vt -2.14421 4.26714
vt -2.14421 4.26714
vt -2.14701 4.39280
vt -2.14021 4.28676
vt -2.12640 4.28028
vt -2.18015 4.46323
vt -2.15802 4.27363
vt -2.15802 4.27363
vt -2.18015 4.46323
vt -2.12640 4.28028
vt -7.71538 -2.79079
vt -7.66693 -2.62095
vt -7.68688 -2.79332
vt -7.68688 -2.79332
vt -7.66693 -2.62095
vt -7.71538 -2.79079
vt -7.71309 -2.78825
vt -7.67242 -2.63555
vt -7.68917 -2.79587
vt -7.68917 -2.79587
vt -7.67242 -2.63555
vt -7.71309 -2.78825
vt -7.69911 -2.78225
vt -7.70597 -2.64492
vt -7.70315 -2.80187
vt -7.70315 -2.80187
vt -7.70597 -2.64492
vt -7.69911 -2.78225
vt 1.32631 6.58542
vt 1.36212 6.75950
vt 1.34737 6.60378
vt 1.34737 6.60378
vt 1.36212 6.75950
vt 1.32631 6.58542
vt 1.33513 6.58483
vt 1.34095 6.68613
vt 1.33855 6.60437
vt 1.33855 6.60437
vt 1.34095 6.68613
vt 1.33513 6.58483
vt 1.33787 6.58534
vt 1.33438 6.71619
vt 1.33582 6.60386
vt 1.33582 6.60386
vt 1.33438 6.71619
vt 1.33787 6.58534
vt 0.63955 4.83468
vt 0.61244 4.95061
vt 0.62360 4.81511
vt 0.62360 4.81511
vt 0.61244 4.95061
vt 0.63955 4.83468
vt 0.63738 4.81723
vt 0.61765 4.95927
vt 0.62577 4.83256
vt 0.62577 4.83256
vt 0.61765 4.95927
vt 0.63738 4.81723
vt 0.62205 4.83056
vt 0.65443 4.89863
vt 0.64110 4.81923
vt 0.64110 4.81923
vt 0.65443 4.89863
vt 0.62205 4.83056
vt 5.32115 7.95464
vt 5.31211 8.10869
vt 5.31583 7.97228
vt 5.31583 7.97228
vt 5.31211 8.10869
vt 5.32115 7.95464
vt 5.33301 7.97012
vt 5.28365 8.05873
vt 5.30397 7.95680
vt 5.30397 7.95680
vt 5.28365 8.05873
vt 5.33301 7.97012
vt 5.30392 7.96423
vt 5.35345 8.02978
vt 5.33306 7.96268
vt 5.33306 7.96268
vt 5.35345 8.02978
vt 5.30392 7.96423
vt 5.28152 8.17659
vt 5.28042 8.35659
vt 5.28088 8.19543
vt 5.28088 8.19543
vt 5.28042 8.35659
vt 5.28152 8.17659
vt 5.29065 8.19550
vt 5.25852 8.31775
vt 5.27175 8.17651
vt 5.27175 8.17651
vt 5.25852 8.31775
vt 5.29065 8.19550
vt 5.28930 8.17948
vt 5.26177 8.29220
vt 5.27310 8.19254
vt 5.27310 8.19254
vt 5.26177 8.29220
vt 5.28930 8.17948
vt 2.59681 -2.16863
vt 2.64709 -2.02170
vt 2.62639 -2.16942
vt 2.62639 -2.16942
vt 2.64709 -2.02170
vt 2.59681 -2.16863
vt 2.62737 -2.16519
vt 2.57375 -1.99539
vt 2.59583 -2.17287
vt 2.59583 -2.17287
vt 2.57375 -1.99539
vt 2.62737 -2.16519
vt 2.59604 -2.17043
vt 2.64892 -2.03020
vt 2.62715 -2.16762
vt 2.62715 -2.16762
vt 2.64892 -2.03020
vt 2.59604 -2.17043
vt 3.37494 7.04017
vt 3.42117 7.15174
vt 3.40213 7.03594
vt 3.40213 7.03594
vt 3.42117 7.15174
vt 3.37494 7.04017
vt 3.37295 7.03655
vt 3.42593 7.16157
vt 3.40412 7.03956
vt 3.40412 7.03956
vt 3.42593 7.16157
vt 3.37295 7.03655
vt 3.38533 7.02812
vt 3.39622 7.22789
vt 3.39174 7.04799
vt 3.39174 7.04799
vt 3.39622 7.22789
vt 3.38533 7.02812
vt -5.73241 -2.36638
vt -5.76344 -2.19483
vt -5.75066 -2.35453
vt -5.75066 -2.35453
vt -5.76344 -2.19483
vt -5.73241 -2.36638
vt -5.72592 -2.35881
vt -5.77902 -2.28397
vt -5.75715 -2.36210
vt -5.75715 -2.36210
vt -5.77902 -2.28397
vt -5.72592 -2.35881
vt -5.72664 -2.35429
vt -5.77728 -2.29822
vt -5.75643 -2.36662
vt -5.75643 -2.36662
vt -5.77728 -2.29822
vt -5.72664 -2.35429
vt -1.64249 6.21370
vt -1.66644 6.31457
vt -1.65658 6.22787
vt -1.65658 6.22787
vt -1.66644 6.31457
vt -1.64249 6.21370
vt -1.66029 6.21168
vt -1.62372 6.35559
vt -1.63878 6.22989
vt -1.63878 6.22989
vt -1.62372 6.35559
vt -1.66029 6.21168
vt -1.65025 6.21117
vt -1.64780 6.40486
vt -1.64881 6.23041
vt -1.64881 6.23041
vt -1.64780 6.40486
vt -1.65025 6.21117
vt 2.64915 -2.03779
vt 2.69402 -1.87585
vt 2.67554 -2.04297
vt 2.67554 -2.04297
vt 2.69402 -1.87585
vt 2.64915 -2.03779
vt 2.65300 -2.04990
vt 2.68477 -1.87991
vt 2.67169 -2.03086
vt 2.67169 -2.03086
vt 2.68477 -1.87991
vt 2.65300 -2.04990
vt 2.67806 -2.03828
vt 2.62463 -1.85129
vt 2.64663 -2.04248
vt 2.64663 -2.04248
vt 2.62463 -1.85129
vt 2.67806 -2.03828
vt -2.91726 5.24540
vt -2.96571 5.32270
vt -2.94576 5.23147
vt -2.94576 5.23147
vt -2.96571 5.32270
vt -2.91726 5.24540
vt -2.91603 5.24345
vt -2.96868 5.30060
vt -2.94700 5.23342
vt -2.94700 5.23342
vt -2.96868 5.30060
vt -2.91603 5.24345
vt -2.91621 5.23911
vt -2.96825 5.43022
vt -2.94682 5.23776
vt -2.94682 5.23776
vt -2.96825 5.43022
vt -2.91621 5.23911
vt 2.29890 -1.96814
vt 2.26079 -1.76311
vt 2.27648 -1.95924
vt 2.27648 -1.95924
vt 2.26079 -1.76311
vt 2.29890 -1.96814
vt 2.29826 -1.96863
vt 2.26233 -1.86703
vt 2.27712 -1.95875
vt 2.27712 -1.95875
vt 2.26233 -1.86703
vt 2.29826 -1.96863
vt 2.27240 -1.96917
vt 2.32439 -1.80199
vt 2.30298 -1.95822
vt 2.30298 -1.95822
vt 2.32439 -1.80199
vt 2.27240 -1.96917
vt 0.10534 5.48897
vt 0.14640 5.59993
vt 0.12949 5.48155
vt 0.12949 5.48155
vt 0.14640 5.59993
vt 0.10534 5.48897
vt 0.11733 5.47575
vt 0.11763 5.68877
vt 0.11750 5.49476
vt 0.11750 5.49476
vt 0.11763 5.68877
vt 0.11733 5.47575
vt 0.12330 5.47763
vt 0.10329 5.62485
vt 0.11153 5.49289
vt 0.11153 5.49289
vt 0.10329 5.62485
vt 0.12330 5.47763
vt 4.62237 -2.34873
vt 4.56909 -2.24938
vt 4.59103 -2.35249
vt 4.59103 -2.35249
vt 4.56909 -2.24938
vt 4.62237 -2.34873
vt 4.60234 -2.36060
vt 4.61715 -2.15897
vt 4.61106 -2.34062
vt 4.61106 -2.34062
vt 4.61715 -2.15897
vt 4.60234 -2.36060
vt 4.61865 -2.34201
vt 4.57801 -2.25314
vt 4.59475 -2.35921
vt 4.59475 -2.35921
vt 4.57801 -2.25314
vt 4.61865 -2.34201
vt -7.66920 -2.74908
vt -7.63086 -2.63807
vt -7.64665 -2.73127
vt -7.64665 -2.73127
vt -7.63086 -2.63807
vt -7.66920 -2.74908
vt -7.67308 -2.74591
vt -7.62155 -2.60027
vt -7.64277 -2.73444
vt -7.64277 -2.73444
vt -7.62155 -2.60027
vt -7.67308 -2.74591
vt -7.67374 -2.74319
vt -7.61998 -2.55359
vt -7.64212 -2.73715
vt -7.64212 -2.73715
vt -7.61998 -2.55359
vt -7.67374 -2.74319
vt 6.96467 8.96459
vt 6.97956 9.12517
vt 6.97343 8.94812
vt 6.97343 8.94812
vt 6.97956 9.12517
vt 6.96467 8.96459
vt 6.97745 8.96607
vt 6.94887 9.10293
vt 6.96064 8.94664
vt 6.96064 8.94664
vt 6.94887 9.10293
vt 6.97745 8.96607
vt 6.95786 8.94741
vt 6.99589 9.16843
vt 6.98023 8.96530
vt 6.98023 8.96530
vt 6.99589 9.16843
vt 6.95786 8.94741
vt 5.74083 8.03134
vt 5.76711 8.09694
vt 5.75628 8.01788
vt 5.75628 8.01788
vt 5.76711 8.09694
vt 5.74083 8.03134
vt 5.73390 8.02525
vt 5.78372 8.12798
vt 5.76321 8.02398
vt 5.76321 8.02398
vt 5.78372 8.12798
vt 5.73390 8.02525
vt 5.74644 8.03359
vt 5.75363 8.10457
vt 5.75067 8.01564
vt 5.75067 8.01564
vt 5.75363 8.10457
vt 5.74644 8.03359
vt 2.08246 7.65774
vt 2.05032 7.79622
vt 2.06355 7.66917
vt 2.06355 7.66917
vt 2.05032 7.79622
vt 2.08246 7.65774
vt 2.06624 7.67067
vt 2.08926 7.81630
vt 2.07978 7.65624
vt 2.07978 7.65624
vt 2.08926 7.81630
vt 2.06624 7.67067
vt 2.05843 7.66421
vt 2.10800 7.80914
vt 2.08759 7.66270
vt 2.08759 7.66270
vt 2.10800 7.80914
vt 2.05843 7.66421
vt 3.35621 -1.87980
vt 3.39082 -1.70788
vt 3.37657 -1.86121
vt 3.37657 -1.86121
vt 3.39082 -1.70788
vt 3.35621 -1.87980
vt 3.36907 -1.87932
vt 3.35997 -1.73353
vt 3.36372 -1.86169
vt 3.36372 -1.86169
vt 3.35997 -1.73353
vt 3.36907 -1.87932
vt 3.38213 -1.86825
vt 3.32861 -1.69818
vt 3.35065 -1.87276
vt 3.35065 -1.87276
vt 3.32861 -1.69818
vt 3.38213 -1.86825
vt 4.44349 0.74400
vt 4.44099 0.90246
vt 4.44202 0.76266
vt 4.44202 0.76266
vt 4.44099 0.90246
vt 4.44349 0.74400
vt 4.45741 0.75982
vt 4.40757 0.91264
vt 4.42809 0.74684
vt 4.42809 0.74684
vt 4.40757 0.91264
vt 4.45741 0.75982
vt 4.43636 0.74337
vt 4.45810 0.95114
vt 4.44915 0.76328
vt 4.44915 0.76328
vt 4.45810 0.95114
vt 4.43636 0.74337
vt 7.42820 6.79052
vt 7.46745 6.86729
vt 7.45129 6.78217
vt 7.45129 6.78217
vt 7.46745 6.86729
vt 7.42820 6.79052
vt 7.44249 6.77755
vt 7.43315 6.93775
vt 7.43700 6.79514
vt 7.43700 6.79514
vt 7.43315 6.93775
vt 7.44249 6.77755
vt 7.42835 6.77749
vt 7.46711 6.94308
vt 7.45115 6.79520
vt 7.45115 6.79520
vt 7.46711 6.94308
vt 7.42835 6.77749
vt -4.06896 0.05823
vt -4.05298 0.17837
vt -4.05956 0.07822
vt -4.05956 0.07822
vt -4.05298 0.17837
vt -4.06896 0.05823
vt -4.04969 0.06745
vt -4.09922 0.26163
vt -4.07882 0.06900
vt -4.07882 0.06900
vt -4.09922 0.26163
vt -4.04969 0.06745
vt -4.04851 0.07053
vt -4.10206 0.21369
vt -4.08001 0.06592
vt -4.08001 0.06592
vt -4.10206 0.21369
vt -4.04851 0.07053
vt 1.64875 4.63592
vt 1.59872 4.73022
vt 1.61932 4.63698
vt 1.61932 4.63698
vt 1.59872 4.73022
vt 1.64875 4.63592
vt 1.63491 4.64610
vt 1.63193 4.75244
vt 1.63316 4.62680
vt 1.63316 4.62680
vt 1.63193 4.75244
vt 1.63491 4.64610
vt 1.64554 4.64526
vt 1.60643 4.77423
vt 1.62253 4.62764
vt 1.62253 4.62764
vt 1.60643 4.77423
vt 1.64554 4.64526
vt -4.95862 0.76699
vt -5.01081 0.82249
vt -4.98932 0.75630
vt -4.98932 0.75630
vt -5.01081 0.82249
vt -4.95862 0.76699
vt -4.98731 0.75388
vt -4.94197 0.91984
vt -4.96064 0.76941
vt -4.96064 0.76941
vt -4.94197 0.91984
vt -4.98731 0.75388
vt -4.98659 0.76484
vt -4.94369 0.86083
vt -4.96135 0.75845
vt -4.96135 0.75845
vt -4.94369 0.86083
vt -4.98659 0.76484
vt -5.34284 6.16843
vt -5.35975 6.36078
vt -5.35279 6.18445
vt -5.35279 6.18445
vt -5.35975 6.36078
vt -5.34284 6.16843
vt -5.33456 6.18426
vt -5.37963 6.24603
vt -5.36107 6.16862
vt -5.36107 6.16862
vt -5.37963 6.24603
vt -5.33456 6.18426
vt -5.35747 6.18202
vt -5.32464 6.25823
vt -5.33816 6.17086
vt -5.33816 6.17086
vt -5.32464 6.25823
vt -5.35747 6.18202
vt 2.62748 5.36385
vt 2.67917 5.46139
vt 2.65789 5.37514
vt 2.65789 5.37514
vt 2.67917 5.46139
vt 2.62748 5.36385
vt 2.65056 5.37930
vt 2.62378 5.50496
vt 2.63481 5.35970
vt 2.63481 5.35970
vt 2.62378 5.50496
vt 2.65056 5.37930
vt 2.62757 5.36927
vt 2.67895 5.49194
vt 2.65780 5.36973
vt 2.65780 5.36973
vt 2.67895 5.49194
vt 2.62757 5.36927
vt -5.85215 -3.00066
vt -5.87325 -2.90114
vt -5.86457 -2.98570
vt -5.86457 -2.98570
vt -5.87325 -2.90114
vt -5.85215 -3.00066
vt -5.85258 -3.00086
vt -5.87222 -2.84710
vt -5.86413 -2.98550
vt -5.86413 -2.98550
vt -5.87222 -2.84710
vt -5.85258 -3.00086
vt -5.84306 -2.99253
vt -5.89506 -2.81560
vt -5.87365 -2.99383
vt -5.87365 -2.99383
vt -5.89506 -2.81560
vt -5.84306 -2.99253
vt 4.95112 -1.12906
vt 4.92299 -1.00166
vt 4.93457 -1.14854
vt 4.93457 -1.14854
vt 4.92299 -1.00166
vt 4.95112 -1.12906
vt 4.94465 -1.14786
vt 4.93852 -1.03867
vt 4.94104 -1.12974
vt 4.94104 -1.12974
vt 4.93852 -1.03867
vt 4.94465 -1.14786
vt 4.93050 -1.13534
vt 4.97247 -1.05148
vt 4.95519 -1.14226
vt 4.95519 -1.14226
vt 4.97247 -1.05148
vt 4.93050 -1.13534
vt 1.97778 -1.83112
vt 1.99223 -1.60270
vt 1.98628 -1.81115
vt 1.98628 -1.81115
vt 1.99223 -1.60270
vt 1.97778 -1.83112
vt 1.98931 -1.82810
vt 1.96458 -1.71818
vt 1.97476 -1.81417
vt 1.97476 -1.81417
vt 1.96458 -1.71818
vt 1.98931 -1.82810
vt 1.98554 -1.82969
vt 1.97362 -1.64255
vt 1.97853 -1.81259
vt 1.97853 -1.81259
vt 1.97362 -1.64255
vt 1.98554 -1.82969
vt 5.74807 4.57356
vt 5.74431 4.68016
vt 5.74586 4.59204
vt 5.74586 4.59204
vt 5.74431 4.68016
vt 5.74807 4.57356
vt 5.73292 4.58435
vt 5.78068 4.68517
vt 5.76101 4.58125
vt 5.76101 4.58125
vt 5.78068 4.68517
vt 5.73292 4.58435
vt 5.76198 4.58878
vt 5.71093 4.73328
vt 5.73195 4.57682
vt 5.73195 4.57682
vt 5.71093 4.73328
vt 5.76198 4.58878
vt 3.95826 7.78678
vt 3.98936 7.91171
vt 3.97656 7.80591
vt 3.97656 7.80591
vt 3.98936 7.91171
vt 3.95826 7.78678
vt 3.96179 7.78635
vt 3.98088 7.97176
vt 3.97302 7.80634
vt 3.97302 7.80634
vt 3.98088 7.97176
vt 3.96179 7.78635
vt 3.95170 7.79211
vt 4.00510 7.97424
vt 3.98311 7.80058
vt 3.98311 7.80058
vt 4.00510 7.97424
vt 3.95170 7.79211
vt 5.53749 4.71555
vt 5.51468 4.75612
vt 5.52407 4.69569
vt 5.52407 4.69569
vt 5.51468 4.75612
vt 5.53749 4.71555
vt 5.54393 4.70298
vt 5.49922 4.85238
vt 5.51763 4.70825
vt 5.51763 4.70825
vt 5.49922 4.85238
vt 5.54393 4.70298
vt 5.53494 4.69730
vt 5.52080 4.82101
vt 5.52662 4.71394
vt 5.52662 4.71394
vt 5.52080 4.82101
vt 5.53494 4.69730
vt 0.29279 7.19215
vt 0.31453 7.30495
vt 0.30558 7.21206
vt 0.30558 7.21206
vt 0.31453 7.30495
vt 0.29279 7.19215
vt 0.29991 7.21173
vt 0.29745 7.31166
vt 0.29846 7.19248
vt 0.29846 7.19248
vt 0.29745 7.31166
vt 0.29991 7.21173
vt 0.30059 7.21184
vt 0.29581 7.31912
vt 0.29778 7.19238
vt 0.29778 7.19238
vt 0.29581 7.31912
vt 0.30059 7.21184
vt 3.44350 7.26890
vt 3.44807 7.39125
vt 3.44619 7.28834
vt 3.44619 7.28834
vt 3.44807 7.39125
vt 3.44350 7.26890
vt 3.43209 7.28167
vt 3.47546 7.42899
vt 3.45760 7.27557
vt 3.45760 7.27557
vt 3.47546 7.42899
vt 3.43209 7.28167
vt 3.45620 7.28749
vt 3.41759 7.35978
vt 3.43349 7.26975
vt 3.43349 7.26975
vt 3.41759 7.35978
vt 3.45620 7.28749
vt -4.98535 -1.48325
vt -4.99142 -1.30097
vt -4.98892 -1.46512
vt -4.98892 -1.46512
vt -4.99142 -1.30097
vt -4.98535 -1.48325
vt -4.99933 -1.47059
vt -4.95787 -1.36556
vt -4.97494 -1.47778
vt -4.97494 -1.47778
vt -4.95787 -1.36556
vt -4.99933 -1.47059
vt -4.98010 -1.48127
vt -5.00403 -1.34633
vt -4.99418 -1.46710
vt -4.99418 -1.46710
vt -5.00403 -1.34633
vt -4.98010 -1.48127
vt 3.96315 0.28467
vt 3.91923 0.43488
vt 3.93732 0.29044
vt 3.93732 0.29044
vt 3.91923 0.43488
vt 3.96315 0.28467
vt 3.94001 0.29275
vt 3.97477 0.44474
vt 3.96046 0.28236
vt 3.96046 0.28236
vt 3.97477 0.44474
vt 3.94001 0.29275
vt 3.96603 0.29023
vt 3.91233 0.40547
vt 3.93444 0.28487
vt 3.93444 0.28487
vt 3.91233 0.40547
vt 3.96603 0.29023
vt -6.56215 -0.49032
vt -6.55537 -0.33424
vt -6.55816 -0.47070
vt -6.55816 -0.47070
vt -6.55537 -0.33424
vt -6.56215 -0.49032
vt -6.54820 -0.48432
vt -6.58885 -0.27954
vt -6.57211 -0.47669
vt -6.57211 -0.47669
vt -6.58885 -0.27954
vt -6.54820 -0.48432
vt -6.56546 -0.47263
vt -6.54743 -0.36002
vt -6.55485 -0.48839
vt -6.55485 -0.48839
vt -6.54743 -0.36002
vt -6.56546 -0.47263
vt 2.41620 -1.24987
vt 2.36255 -1.13900
vt 2.38464 -1.25501
vt 2.38464 -1.25501
vt 2.36255 -1.13900
vt 2.41620 -1.24987
vt 2.41131 -1.25714
vt 2.37428 -1.14131
vt 2.38953 -1.24774
vt 2.38953 -1.24774
vt 2.37428 -1.14131
vt 2.41131 -1.25714
vt 2.41512 -1.25299
vt 2.36513 -1.12991
vt 2.38572 -1.25189
vt 2.38572 -1.25189
vt 2.36513 -1.12991
vt 2.41512 -1.25299
vt 2.63094 -2.58600
vt 2.68306 -2.44460
vt 2.66160 -2.58451
vt 2.66160 -2.58451
vt 2.68306 -2.44460
vt 2.63094 -2.58600
vt 2.63154 -2.58476
vt 2.68164 -2.44300
vt 2.66101 -2.58575
vt 2.66101 -2.58575
vt 2.68164 -2.44300
vt 2.63154 -2.58476
vt 2.63179 -2.58435
vt 2.68103 -2.46264
vt 2.66076 -2.58617
vt 2.66076 -2.58617
vt 2.68103 -2.46264
vt 2.63179 -2.58435
vt 7.66668 6.51004
vt 7.69269 6.63834
vt 7.68198 6.52970
vt 7.68198 6.52970
vt 7.69269 6.63834
vt 7.66668 6.51004
vt 7.66235 6.52366
vt 7.70309 6.61592
vt 7.68631 6.51607
vt 7.68631 6.51607
vt 7.70309 6.61592
vt 7.66235 6.52366
vt 7.67737 6.51117
vt 7.66704 6.68288
vt 7.67129 6.52857
vt 7.67129 6.52857
vt 7.66704 6.68288
vt 7.67737 6.51117
vt 4.50061 -1.51552
vt 4.53988 -1.45041
vt 4.52371 -1.52386
vt 4.52371 -1.52386
vt 4.53988 -1.45041
vt 4.50061 -1.51552
vt 4.51737 -1.50969
vt 4.49966 -1.44944
vt 4.50695 -1.52969
vt 4.50695 -1.52969
vt 4.49966 -1.44944
vt 4.51737 -1.50969
vt 4.49645 -1.52178
vt 4.54987 -1.35322
vt 4.52787 -1.51761
vt 4.52787 -1.51761
vt 4.54987 -1.35322
vt 4.49645 -1.52178
vt 5.27303 7.76836
vt 5.21994 7.90229
vt 5.24180 7.75915
vt 5.24180 7.75915
vt 5.21994 7.90229
vt 5.27303 7.76836
vt 5.25270 7.77186
vt 5.26875 7.84585
vt 5.26214 7.75564
vt 5.26214 7.75564
vt 5.26875 7.84585
vt 5.25270 7.77186
vt 5.24286 7.76455
vt 5.29235 7.86433
vt 5.27197 7.76296
vt 5.27197 7.76296
vt 5.29235 7.86433
vt 5.24286 7.76455
vt -6.69654 -0.26863
vt -6.74152 -0.18391
vt -6.72300 -0.28432
vt -6.72300 -0.28432
vt -6.74152 -0.18391
vt -6.69654 -0.26863
vt -6.72512 -0.27726
vt -6.67294 -0.12692
vt -6.69442 -0.27568
vt -6.69442 -0.27568
vt -6.67294 -0.12692
vt -6.72512 -0.27726
vt -6.71487 -0.28647
vt -6.69753 -0.12988
vt -6.70467 -0.26647
vt -6.70467 -0.26647
vt -6.69753 -0.12988
vt -6.71487 -0.28647
vt 3.88463 5.41941
vt 3.92593 5.58667
vt 3.90892 5.43641
vt 3.90892 5.43641
vt 3.92593 5.58667
vt 3.88463 5.41941
vt 3.90255 5.43790
vt 3.88292 5.47800
vt 3.89100 5.41793
vt 3.89100 5.41793
vt 3.88292 5.47800
vt 3.90255 5.43790
vt 3.88947 5.41804
vt 3.91430 5.64013
vt 3.90408 5.43779
vt 3.90408 5.43779
vt 3.91430 5.64013
vt 3.88947 5.41804
vt -3.43805 6.83022
vt -3.38495 6.91459
vt -3.40682 6.83350
vt -3.40682 6.83350
vt -3.38495 6.91459
vt -3.43805 6.83022
vt -3.43516 6.83495
vt -3.39190 6.95859
vt -3.40971 6.82877
vt -3.40971 6.82877
vt -3.39190 6.95859
vt -3.43516 6.83495
vt -3.40907 6.83960
vt -3.45451 6.89160
vt -3.43580 6.82412
vt -3.43580 6.82412
vt -3.45451 6.89160
vt -3.40907 6.83960
vt -0.18825 8.04605
vt -0.24133 8.19326
vt -0.21948 8.04280
vt -0.21948 8.04280
vt -0.24133 8.19326
vt -0.18825 8.04605
vt -0.19581 8.05420
vt -0.22318 8.13482
vt -0.21191 8.03465
vt -0.21191 8.03465
vt -0.22318 8.13482
vt -0.19581 8.05420
vt -0.19934 8.05442
vt -0.21472 8.19403
vt -0.20839 8.03443
vt -0.20839 8.03443
vt -0.21472 8.19403
vt -0.19934 8.05442
vt -3.99010 -0.97111
vt -3.93706 -0.89765
vt -3.95890 -0.96796
vt -3.95890 -0.96796
vt -3.93706 -0.89765
vt -3.99010 -0.97111
vt -3.97565 -0.96031
vt -3.97173 -0.88525
vt -3.97334 -0.97877
vt -3.97334 -0.97877
vt -3.97173 -0.88525
vt -3.97565 -0.96031
vt -3.96796 -0.95959
vt -3.99019 -0.90187
vt -3.98103 -0.97948
vt -3.98103 -0.97948
vt -3.99019 -0.90187
vt -3.96796 -0.95959
vt 1.98109 5.78847
vt 2.00494 5.85736
vt 1.99512 5.77427
vt 1.99512 5.77427
vt 2.00494 5.85736
vt 1.98109 5.78847
vt 1.97278 5.78063
vt 2.02489 5.97499
vt 2.00343 5.78210
vt 2.00343 5.78210
vt 2.02489 5.97499
vt 1.97278 5.78063
vt 2.00199 5.77961
vt 1.95477 5.86990
vt 1.97421 5.78312
vt 1.97421 5.78312
vt 1.95477 5.86990
vt 2.00199 5.77961
vt 4.60790 6.33568
vt 4.57160 6.39492
vt 4.58655 6.31741
vt 4.58655 6.31741
vt 4.57160 6.39492
vt 4.60790 6.33568
vt 4.60108 6.33652
vt 4.58797 6.37375
vt 4.59337 6.31657
vt 4.59337 6.31657
vt 4.58797 6.37375
vt 4.60108 6.33652
vt 4.58335 6.32832
vt 4.63052 6.41088
vt 4.61110 6.32477
vt 4.61110 6.32477
vt 4.63052 6.41088
vt 4.58335 6.32832
vt 8.69071 9.26068
vt 8.71729 9.36055
vt 8.70634 9.28030
vt 8.70634 9.28030
vt 8.71729 9.36055
vt 8.69071 9.26068
vt 8.68417 9.27160
vt 8.73298 9.41306
vt 8.71288 9.26939
vt 8.71288 9.26939
vt 8.73298 9.41306
vt 8.68417 9.27160
vt 8.68889 9.26104
vt 8.72164 9.40069
vt 8.70816 9.27994
vt 8.70816 9.27994
vt 8.72164 9.40069
vt 8.68889 9.26104
vt -5.10961 -0.47658
vt -5.05628 -0.30312
vt -5.07824 -0.47270
vt -5.07824 -0.47270
vt -5.05628 -0.30312
vt -5.10961 -0.47658
vt -5.10549 -0.48342
vt -5.06617 -0.30453
vt -5.08236 -0.46586
vt -5.08236 -0.46586
vt -5.06617 -0.30453
vt -5.10549 -0.48342
vt -5.10150 -0.46782
vt -5.07575 -0.37906
vt -5.08635 -0.48145
vt -5.08635 -0.48145
vt -5.07575 -0.37906
vt -5.10150 -0.46782
vt -3.20665 0.79294
vt -3.20559 0.90811
vt -3.20603 0.81203
vt -3.20603 0.81203
vt -3.20559 0.90811
vt -3.20665 0.79294
vt -3.22207 0.79838
vt -3.16859 0.98194
vt -3.19061 0.80659
vt -3.19061 0.80659
vt -3.16859 0.98194
vt -3.22207 0.79838
vt -3.22209 0.79848
vt -3.16855 0.88076
vt -3.19059 0.80649
vt -3.19059 0.80649
vt -3.16855 0.88076
vt -3.22209 0.79848
vt -3.65803 6.33427
vt -3.68105 6.47953
vt -3.67157 6.31441
vt -3.67157 6.31441
vt -3.68105 6.47953
vt -3.65803 6.33427
vt -3.67893 6.31726
vt -3.63088 6.48781
vt -3.65067 6.33142
vt -3.65067 6.33142
vt -3.63088 6.48781
vt -3.67893 6.31726
vt -3.67225 6.31448
vt -3.64692 6.53046
vt -3.65735 6.33420
vt -3.65735 6.33420
vt -3.64692 6.53046
vt -3.67225 6.31448
vt 5.76990 0.79669
vt 5.82334 0.98011
vt 5.80134 0.80502
vt 5.80134 0.80502
vt 5.82334 0.98011
vt 5.76990 0.79669
vt 5.79583 0.81014
vt 5.76111 0.96420
vt 5.77540 0.79157
vt 5.77540 0.79157
vt 5.76111 0.96420
vt 5.79583 0.81014
vt 5.77383 0.80482
vt 5.81390 0.87073
vt 5.79740 0.79689
vt 5.79740 0.79689
vt 5.81390 0.87073
vt 5.77383 0.80482
vt 2.54207 4.90441
vt 2.48981 4.99371
vt 2.51133 4.89381
vt 2.51133 4.89381
vt 2.48981 4.99371
vt 2.54207 4.90441
vt 2.54059 4.89735
vt 2.49337 4.98456
vt 2.51281 4.90087
vt 2.51281 4.90087
vt 2.49337 4.98456
vt 2.54059 4.89735
vt 2.53144 4.89101
vt 2.51532 5.09554
vt 2.52196 4.90721
vt 2.52196 4.90721
vt 2.51532 5.09554
vt 2.53144 4.89101
vt -7.25908 -2.60914
vt -7.27250 -2.51298
vt -7.26698 -2.62909
vt -7.26698 -2.62909
vt -7.27250 -2.51298
vt -7.25908 -2.60914
vt -7.27271 -2.62855
vt -7.23978 -2.45176
vt -7.25334 -2.60968
vt -7.25334 -2.60968
vt -7.23978 -2.45176
vt -7.27271 -2.62855
vt -7.25282 -2.60982
vt -7.28752 -2.48651
vt -7.27323 -2.62840
vt -7.27323 -2.62840
vt -7.28752 -2.48651
vt -7.25282 -2.60982
vt -6.48220 -3.22943
vt -6.43005 -3.14511
vt -6.45152 -3.22791
vt -6.45152 -3.22791
vt -6.43005 -3.14511
vt -6.48220 -3.22943
vt -6.45486 -3.23245
vt -6.49565 -3.05863
vt -6.47885 -3.22489
vt -6.47885 -3.22489
vt -6.49565 -3.05863
vt -6.45486 -3.23245
vt -6.46973 -3.21991
vt -6.45997 -3.07956
vt -6.46399 -3.23742
vt -6.46399 -3.23742
vt -6.45997 -3.07956
vt -6.46973 -3.21991
vt 5.06625 4.44998
vt 5.11525 4.63577
vt 5.09507 4.44793
vt 5.09507 4.44793
vt 5.11525 4.63577
vt 5.06625 4.44998
vt 5.09547 4.44860
vt 5.04511 4.63018
vt 5.06585 4.44931
vt 5.06585 4.44931
vt 5.04511 4.63018
vt 5.09547 4.44860
vt 5.06915 4.45316
vt 5.10828 4.53649
vt 5.09217 4.44475
vt 5.09217 4.44475
vt 5.10828 4.53649
vt 5.06915 4.45316
vt 3.47330 5.00659
vt 3.47458 5.14570
vt 3.47405 5.02571
vt 3.47405 5.02571
vt 3.47458 5.14570
vt 3.47330 5.00659
vt 3.48785 5.01478
vt 3.43965 5.08563
vt 3.45950 5.01751
vt 3.45950 5.01751
vt 3.43965 5.08563
vt 3.48785 5.01478
vt 3.47598 5.02599
vt 3.46816 5.09198
vt 3.47138 5.00630
vt 3.47138 5.00630
vt 3.46816 5.09198
vt 3.47598 5.02599
vt -4.17222 0.22974
vt -4.21438 0.29759
vt -4.19702 0.21301
vt -4.19702 0.21301
vt -4.21438 0.29759
vt -4.17222 0.22974
vt -4.17703 0.23122
vt -4.20282 0.33495
vt -4.19220 0.21154
vt -4.19220 0.21154
vt -4.20282 0.33495
vt -4.17703 0.23122
vt -4.16884 0.22519
vt -4.22247 0.35750
vt -4.20039 0.21757
vt -4.20039 0.21757
vt -4.22247 0.35750
vt -4.16884 0.22519
vt 0.86564 6.42365
vt 0.85447 6.59372
vt 0.85907 6.44090
vt 0.85907 6.44090
vt 0.85447 6.59372
vt 0.86564 6.42365
vt 0.87701 6.43876
vt 0.82718 6.53996
vt 0.84770 6.42579
vt 0.84770 6.42579
vt 0.82718 6.53996
vt 0.87701 6.43876
vt 0.87369 6.44116
vt 0.83514 6.54056
vt 0.85102 6.42340
vt 0.85102 6.42340
vt 0.83514 6.54056
vt 0.87369 6.44116
vt -4.64401 10.13446
vt -4.69665 10.21773
vt -4.67497 10.13212
vt -4.67497 10.13212
vt -4.69665 10.21773
vt -4.64401 10.13446
vt -4.66267 10.12336
vt -4.65185 10.31816
vt -4.65630 10.14322
vt -4.65630 10.14322
vt -4.65185 10.31816
vt -4.66267 10.12336
vt -4.66684 10.14022
vt -4.64183 10.24284
vt -4.65213 10.12637
vt -4.65213 10.12637
vt -4.64183 10.24284
vt -4.66684 10.14022
vt 2.51943 -1.48522
vt 2.57094 -1.35750
vt 2.54973 -1.47372
vt 2.54973 -1.47372
vt 2.57094 -1.35750
vt 2.51943 -1.48522
vt 2.54701 -1.47112
vt 2.50476 -1.33378
vt 2.52216 -1.48782
vt 2.52216 -1.48782
vt 2.50476 -1.33378
vt 2.54701 -1.47112
vt 2.54469 -1.47016
vt 2.51032 -1.35727
vt 2.52447 -1.48879
vt 2.52447 -1.48879
vt 2.51032 -1.35727
vt 2.54469 -1.47016
vt -3.76927 9.32025
vt -3.81117 9.42604
vt -3.79392 9.30343
vt -3.79392 9.30343
vt -3.81117 9.42604
vt -3.76927 9.32025
vt -3.78662 9.31983
vt -3.76954 9.42494
vt -3.77657 9.30385
vt -3.77657 9.30385
vt -3.76954 9.42494
vt -3.78662 9.31983
vt -3.79208 9.31684
vt -3.75643 9.48600
vt -3.77111 9.30684
vt -3.77111 9.30684
vt -3.75643 9.48600
vt -3.79208 9.31684
vt -3.97989 1.00616
vt -3.93298 1.20269
vt -3.95229 1.02095
vt -3.95229 1.02095
vt -3.93298 1.20269
vt -3.97989 1.00616
vt -3.97071 1.02170
vt -3.95501 1.09941
vt -3.96147 1.00540
vt -3.96147 1.00540
vt -3.95501 1.09941
vt -3.97071 1.02170
vt -3.95412 1.00975
vt -3.99482 1.18773
vt -3.97806 1.01735
vt -3.97806 1.01735
vt -3.99482 1.18773
vt -3.95412 1.00975
vt -5.12013 -1.79340
vt -5.15916 -1.75023
vt -5.14309 -1.81104
vt -5.14309 -1.81104
vt -5.15916 -1.75023
vt -5.12013 -1.79340
vt -5.11828 -1.79445
vt -5.16358 -1.70815
vt -5.14493 -1.81000
vt -5.14493 -1.81000
vt -5.16358 -1.70815
vt -5.11828 -1.79445
vt -5.11582 -1.79962
vt -5.16949 -1.73437
vt -5.14739 -1.80482
vt -5.14739 -1.80482
vt -5.16949 -1.73437
vt -5.11582 -1.79962
vt 3.20216 -0.72842
vt 3.15456 -0.58186
vt 3.17416 -0.74284
vt 3.17416 -0.74284
vt 3.15456 -0.58186
vt 3.20216 -0.72842
vt 3.20077 -0.72738
vt 3.15790 -0.62262
vt 3.17555 -0.74387
vt 3.17555 -0.74387
vt 3.15790 -0.62262
vt 3.20077 -0.72738
vt 3.18965 -0.72588
vt 3.18457 -0.63125
vt 3.18666 -0.74537
vt 3.18666 -0.74537
vt 3.18457 -0.63125
vt 3.18965 -0.72588
vt 7.16906 4.77522
vt 7.22177 4.86738
vt 7.20006 4.77768
vt 7.20006 4.77768
vt 7.22177 4.86738
vt 7.16906 4.77522
vt 7.17005 4.77731
vt 7.21939 4.87364
vt 7.19908 4.77558
vt 7.19908 4.77558
vt 7.21939 4.87364
vt 7.17005 4.77731
vt 7.17950 4.78442
vt 7.19672 4.93125
vt 7.18963 4.76847
vt 7.18963 4.76847
vt 7.19672 4.93125
vt 7.17950 4.78442
vt -0.17179 7.84484
vt -0.12468 7.90801
vt -0.14408 7.84124
vt -0.14408 7.84124
vt -0.12468 7.90801
vt -0.17179 7.84484
vt -0.14216 7.84550
vt -0.19578 7.95640
vt -0.17370 7.84058
vt -0.17370 7.84058
vt -0.19578 7.95640
vt -0.14216 7.84550
vt -0.17331 7.84218
vt -0.12103 7.93362
vt -0.14256 7.84390
vt -0.14256 7.84390
vt -0.12103 7.93362
vt -0.17331 7.84218
vt 1.12646 5.48282
vt 1.08775 5.67027
vt 1.10369 5.49144
vt 1.10369 5.49144
vt 1.08775 5.67027
vt 1.12646 5.48282
vt 1.11071 5.49537
vt 1.12556 5.55463
vt 1.11945 5.47889
vt 1.11945 5.47889
vt 1.12556 5.55463
vt 1.11071 5.49537
vt 1.12537 5.48199
vt 1.09037 5.59249
vt 1.10479 5.49227
vt 1.10479 5.49227
vt 1.09037 5.59249
vt 1.12537 5.48199
vt 4.40254 -2.00150
vt 4.44445 -1.90424
vt 4.42719 -1.98468
vt 4.42719 -1.98468
vt 4.44445 -1.90424
vt 4.40254 -2.00150
vt 4.42968 -1.99345
vt 4.37932 -1.84566
vt 4.40005 -1.99273
vt 4.40005 -1.99273
vt 4.37932 -1.84566
vt 4.42968 -1.99345
vt 4.40776 -2.00298
vt 4.43192 -1.85517
vt 4.42197 -1.98319
vt 4.42197 -1.98319
vt 4.43192 -1.85517
vt 4.40776 -2.00298
vt 7.98764 9.91412
vt 7.97911 10.04529
vt 7.98262 9.89439
vt 7.98262 9.89439
vt 7.97911 10.04529
vt 7.98764 9.91412
vt 7.99739 9.91270
vt 7.95571 10.02513
vt 7.97287 9.89581
vt 7.97287 9.89581
vt 7.95571 10.02513
vt 7.99739 9.91270
vt 7.97795 9.91127
vt 8.00235 10.03958
vt 7.99231 9.89724
vt 7.99231 9.89724
vt 8.00235 10.03958
vt 7.97795 9.91127
vt -3.37271 -1.21513
vt -3.38559 -1.07074
vt -3.38029 -1.23507
vt -3.38029 -1.23507
vt -3.38559 -1.07074
vt -3.37271 -1.21513
vt -3.38550 -1.23470
vt -3.35490 -1.09542
vt -3.36750 -1.21550
vt -3.36750 -1.21550
vt -3.35490 -1.09542
vt -3.38550 -1.23470
vt -3.36362 -1.22802
vt -3.40742 -1.10466
vt -3.38938 -1.22217
vt -3.38938 -1.22217
vt -3.40742 -1.10466
vt -3.36362 -1.22802
vt 6.67189 7.28453
vt 6.66057 7.46274
vt 6.66523 7.30174
vt 6.66523 7.30174
vt 6.66057 7.46274
vt 6.67189 7.28453
vt 6.68405 7.29434
vt 6.63138 7.44622
vt 6.65307 7.29194
vt 6.65307 7.29194
vt 6.63138 7.44622
vt 6.68405 7.29434
vt 6.66635 7.28330
vt 6.67385 7.39466
vt 6.67076 7.30297
vt 6.67076 7.30297
vt 6.67385 7.39466
vt 6.66635 7.28330
vt 4.69773 7.15075
vt 4.64741 7.30126
vt 4.66813 7.15150
vt 4.66813 7.15150
vt 4.64741 7.30126
vt 4.69773 7.15075
vt 4.69853 7.15580
vt 4.64550 7.28921
vt 4.66734 7.14644
vt 4.66734 7.14644
vt 4.64550 7.28921
vt 4.69853 7.15580
vt 4.68698 7.14276
vt 4.67322 7.32548
vt 4.67888 7.15948
vt 4.67888 7.15948
vt 4.67322 7.32548
vt 4.68698 7.14276
vt -1.41536 9.14588
vt -1.36161 9.30943
vt -1.38374 9.15190
vt -1.38374 9.15190
vt -1.36161 9.30943
vt -1.41536 9.14588
vt -1.39817 9.13971
vt -1.40288 9.30272
vt -1.40094 9.15806
vt -1.40094 9.15806
vt -1.40288 9.30272
vt -1.39817 9.13971
vt -1.39348 9.15886
vt -1.41414 9.20011
vt -1.40563 9.13891
vt -1.40563 9.13891
vt -1.41414 9.20011
vt -1.39348 9.15886
vt -1.18273 8.18302
vt -1.13377 8.33913
vt -1.15393 8.19662
vt -1.15393 8.19662
vt -1.13377 8.33913
vt -1.18273 8.18302
vt -1.16358 8.19982
vt -1.17973 8.32502
vt -1.17308 8.17982
vt -1.17308 8.17982
vt -1.17973 8.32502
vt -1.16358 8.19982
vt -1.16735 8.19949
vt -1.17068 8.34562
vt -1.16931 8.18016
vt -1.16931 8.18016
vt -1.17068 8.34562
vt -1.16735 8.19949
vt 6.51040 5.87614
vt 6.53379 6.07097
vt 6.52416 5.89597
vt 6.52416 5.89597
vt 6.53379 6.07097
vt 6.51040 5.87614
vt 6.51386 5.89463
vt 6.52549 5.96655
vt 6.52070 5.87748
vt 6.52070 5.87748
vt 6.52549 5.96655
vt 6.51386 5.89463
vt 6.50259 5.87961
vt 6.55255 6.06846
vt 6.53197 5.89250
vt 6.53197 5.89250
vt 6.55255 6.06846
vt 6.50259 5.87961
vt 8.43956 8.62082
vt 8.46115 8.81264
vt 8.45226 8.64074
vt 8.45226 8.64074
vt 8.46115 8.81264
vt 8.43956 8.62082
vt 8.45375 8.62411
vt 8.42709 8.77018
vt 8.43807 8.63745
vt 8.43807 8.63745
vt 8.42709 8.77018
vt 8.45375 8.62411
vt 8.43011 8.62801
vt 8.48383 8.80988
vt 8.46171 8.63355
vt 8.46171 8.63355
vt 8.48383 8.80988
vt 8.43011 8.62801
vt -4.66832 5.22199
vt -4.71792 5.32402
vt -4.69749 5.22347
vt -4.69749 5.22347
vt -4.71792 5.32402
vt -4.66832 5.22199
vt -4.66745 5.22783
vt -4.71999 5.30977
vt -4.69836 5.21762
vt -4.69836 5.21762
vt -4.71999 5.30977
vt -4.66745 5.22783
vt -4.69357 5.21359
vt -4.65731 5.36282
vt -4.67224 5.23186
vt -4.67224 5.23186
vt -4.65731 5.36282
vt -4.69357 5.21359
vt 6.42811 5.85646
vt 6.48186 5.96866
vt 6.45973 5.86300
vt 6.45973 5.86300
vt 6.48186 5.96866
vt 6.42811 5.85646
vt 6.44345 5.85015
vt 6.44504 6.04631
vt 6.44439 5.86931
vt 6.44439 5.86931
vt 6.44504 6.04631
vt 6.44345 5.85015
vt 6.45296 5.86932
vt 6.42222 6.00649
vt 6.43488 5.85014
vt 6.43488 5.85014
vt 6.42222 6.00649
vt 6.45296 5.86932
vt 3.48213 -2.11627
vt 3.51748 -2.01779
vt 3.50292 -2.12641
vt 3.50292 -2.12641
vt 3.51748 -2.01779
vt 3.48213 -2.11627
vt 3.47776 -2.12768
vt 3.52796 -2.03236
vt 3.50729 -2.11499
vt 3.50729 -2.11499
vt 3.52796 -2.03236
vt 3.47776 -2.12768
vt 3.49634 -2.11137
vt 3.48338 -2.02601
vt 3.48872 -2.13131
vt 3.48872 -2.13131
vt 3.48338 -2.02601
vt 3.49634 -2.11137
vt -1.89966 6.22268
vt -1.92633 6.36317
vt -1.91535 6.20306
vt -1.91535 6.20306
vt -1.92633 6.36317
vt -1.89966 6.22268
vt -1.91321 6.20288
vt -1.89381 6.39435
vt -1.90180 6.22286
vt -1.90180 6.22286
vt -1.89381 6.39435
vt -1.91321 6.20288
vt -1.92168 6.21423
vt -1.87346 6.28008
vt -1.89332 6.21151
vt -1.89332 6.21151
vt -1.87346 6.28008
vt -1.92168 6.21423
vt 8.43326 8.27970
vt 8.47820 8.35118
vt 8.45970 8.27457
vt 8.45970 8.27457
vt 8.47820 8.35118
vt 8.43326 8.27970
vt 8.44241 8.28549
vt 8.45626 8.34069
vt 8.45055 8.26878
vt 8.45055 8.26878
vt 8.45626 8.34069
vt 8.44241 8.28549
vt 8.43797 8.28343
vt 8.46691 8.41738
vt 8.45499 8.27084
vt 8.45499 8.27084
vt 8.46691 8.41738
vt 8.43797 8.28343
vt -5.29332 5.75931
vt -5.24953 5.83924
vt -5.26756 5.75346
vt -5.26756 5.75346
vt -5.24953 5.83924
vt -5.29332 5.75931
vt -5.29625 5.75300
vt -5.24250 5.92498
vt -5.26464 5.75976
vt -5.26464 5.75976
vt -5.24250 5.92498
vt -5.29625 5.75300
vt -5.26609 5.75527
vt -5.31488 5.94508
vt -5.29479 5.75749
vt -5.29479 5.75749
vt -5.31488 5.94508
vt -5.26609 5.75527
vt -6.49436 -3.11302
vt -6.44437 -2.92363
vt -6.46495 -3.11412
vt -6.46495 -3.11412
vt -6.44437 -2.92363
vt -6.49436 -3.11302
vt -6.48852 -3.10748
vt -6.45838 -2.96187
vt -6.47079 -3.11965
vt -6.47079 -3.11965
vt -6.45838 -2.96187
vt -6.48852 -3.10748
vt -6.46731 -3.11702
vt -6.50929 -3.00423
vt -6.49200 -3.11011
vt -6.49200 -3.11011
vt -6.50929 -3.00423
vt -6.46731 -3.11702
vt -1.30744 5.54348
vt -1.34715 5.74817
vt -1.33080 5.55160
vt -1.33080 5.55160
vt -1.34715 5.74817
vt -1.30744 5.54348
vt -1.31825 5.53824
vt -1.32121 5.68254
vt -1.31999 5.55684
vt -1.31999 5.55684
vt -1.32121 5.68254
vt -1.31825 5.53824
vt -1.30386 5.55306
vt -1.35576 5.61238
vt -1.33438 5.54201
vt -1.33438 5.54201
vt -1.35576 5.61238
vt -1.30386 5.55306
vt -5.56490 6.11407
vt -5.52780 6.29498
vt -5.54307 6.13217
vt -5.54307 6.13217
vt -5.52780 6.29498
vt -5.56490 6.11407
vt -5.56907 6.12295
vt -5.51779 6.25899
vt -5.53890 6.12329
vt -5.53890 6.12329
vt -5.51779 6.25899
vt -5.56907 6.12295
vt -5.54405 6.11772
vt -5.57782 6.30901
vt -5.56392 6.12851
vt -5.56392 6.12851
vt -5.57782 6.30901
vt -5.54405 6.11772
vt -5.97029 -0.69584
vt -5.91678 -0.57428
vt -5.93881 -0.69138
vt -5.93881 -0.69138
vt -5.91678 -0.57428
vt -5.97029 -0.69584
vt -5.93951 -0.69353
vt -5.99065 -0.53824
vt -5.96959 -0.69370
vt -5.96959 -0.69370
vt -5.99065 -0.53824
vt -5.93951 -0.69353
vt -5.95503 -0.70319
vt -5.95340 -0.48810
vt -5.95407 -0.68403
vt -5.95407 -0.68403
vt -5.95340 -0.48810
vt -5.95503 -0.70319
vt 7.11572 0.82579
vt 7.12852 1.03051
vt 7.12325 0.84572
vt 7.12325 0.84572
vt 7.12852 1.03051
vt 7.11572 0.82579
vt 7.12402 0.82757
vt 7.10861 1.00264
vt 7.11495 0.84394
vt 7.11495 0.84394
vt 7.10861 1.00264
vt 7.12402 0.82757
vt 7.11814 0.82603
vt 7.12272 0.99404
vt 7.12083 0.84548
vt 7.12083 0.84548
vt 7.12272 0.99404
vt 7.11814 0.82603
vt 0.90658 7.49206
vt 0.85311 7.58428
vt 0.87513 7.48772
vt 0.87513 7.48772
vt 0.85311 7.58428
vt 0.90658 7.49206
vt 0.87716 7.49190
vt 0.92372 7.64653
vt 0.90455 7.48789
vt 0.90455 7.48789
vt 0.92372 7.64653
vt 0.87716 7.49190
vt 0.89553 7.49989
vt 0.87963 7.54666
vt 0.88618 7.47990
vt 0.88618 7.47990
vt 0.87963 7.54666
vt 0.89553 7.49989
vt 2.46449 4.54890
vt 2.42707 4.74763
vt 2.44248 4.55812
vt 2.44248 4.55812
vt 2.42707 4.74763
vt 2.46449 4.54890
vt 2.46328 4.56292
vt 2.42999 4.64361
vt 2.44370 4.54411
vt 2.44370 4.54411
vt 2.42999 4.64361
vt 2.46328 4.56292
vt 2.44488 4.55975
vt 2.47414 4.65474
vt 2.46209 4.54727
vt 2.46209 4.54727
vt 2.47414 4.65474
vt 2.44488 4.55975
vt 2.71803 -0.36325
vt 2.75966 -0.20651
vt 2.74252 -0.34635
vt 2.74252 -0.34635
vt 2.75966 -0.20651
vt 2.71803 -0.36325
vt 2.71488 -0.36005
vt 2.76721 -0.17250
vt 2.74566 -0.34955
vt 2.74566 -0.34955
vt 2.76721 -0.17250
vt 2.71488 -0.36005
vt 2.74124 -0.34577
vt 2.70396 -0.30519
vt 2.71931 -0.36383
vt 2.71931 -0.36383
vt 2.70396 -0.30519
vt 2.74124 -0.34577
vt -1.93576 9.00871
vt -1.89338 9.18977
vt -1.91083 9.00202
vt -1.91083 9.00202
vt -1.89338 9.18977
vt -1.93576 9.00871
vt -1.93830 9.00536
vt -1.88729 9.09346
vt -1.90829 9.00537
vt -1.90829 9.00537
vt -1.88729 9.09346
vt -1.93830 9.00536
vt -1.92993 8.99542
vt -1.90738 9.21245
vt -1.91666 9.01530
vt -1.91666 9.01530
vt -1.90738 9.21245
vt -1.92993 8.99542
vt -6.77344 -2.34012
vt -6.82696 -2.22412
vt -6.80492 -2.34461
vt -6.80492 -2.34461
vt -6.82696 -2.22412
vt -6.77344 -2.34012
vt -6.77945 -2.33294
vt -6.81254 -2.19393
vt -6.79891 -2.35179
vt -6.79891 -2.35179
vt -6.81254 -2.19393
vt -6.77945 -2.33294
vt -6.78839 -2.33273
vt -6.79107 -2.19160
vt -6.78997 -2.35200
vt -6.78997 -2.35200
vt -6.79107 -2.19160
vt -6.78839 -2.33273
vt -6.75051 -0.43896
vt -6.70043 -0.34441
vt -6.72105 -0.43996
vt -6.72105 -0.43996
vt -6.70043 -0.34441
vt -6.75051 -0.43896
vt -6.73770 -0.44926
vt -6.73118 -0.33549
vt -6.73386 -0.42966
vt -6.73386 -0.42966
vt -6.73118 -0.33549
vt -6.73770 -0.44926
vt -6.72182 -0.44112
vt -6.76929 -0.34559
vt -6.74974 -0.43780
vt -6.74974 -0.43780
vt -6.76929 -0.34559
vt -6.72182 -0.44112
vt 7.37280 6.35987
vt 7.42578 6.55858
vt 7.40396 6.36933
vt 7.40396 6.36933
vt 7.42578 6.55858
vt 7.37280 6.35987
vt 7.39996 6.37338
vt 7.36060 6.42850
vt 7.37680 6.35582
vt 7.37680 6.35582
vt 7.36060 6.42850
vt 7.39996 6.37338
vt 7.40159 6.37245
vt 7.35667 6.48603
vt 7.37517 6.35675
vt 7.37517 6.35675
vt 7.35667 6.48603
vt 7.40159 6.37245
vt 3.22755 -2.79402
vt 3.27130 -2.58506
vt 3.25329 -2.77784
vt 3.25329 -2.77784
vt 3.27130 -2.58506
vt 3.22755 -2.79402
vt 3.23107 -2.79545
vt 3.26287 -2.66824
vt 3.24977 -2.77641
vt 3.24977 -2.77641
vt 3.26287 -2.66824
vt 3.23107 -2.79545
vt 3.22498 -2.79105
vt 3.27749 -2.63668
vt 3.25587 -2.78081
vt 3.25587 -2.78081
vt 3.27749 -2.63668
vt 3.22498 -2.79105
vt -1.09944 8.72022
vt -1.08580 8.84892
vt -1.09142 8.74017
vt -1.09142 8.74017
vt -1.08580 8.84892
vt -1.09944 8.72022
vt -1.10646 8.72119
vt -1.06896 8.85144
vt -1.08440 8.73920
vt -1.08440 8.73920
vt -1.06896 8.85144
vt -1.10646 8.72119
vt -1.08272 8.73838
vt -1.12592 8.85146
vt -1.10814 8.72201
vt -1.10814 8.72201
vt -1.12592 8.85146
vt -1.08272 8.73838
vt -0.26449 7.83516
vt -0.30585 7.93638
vt -0.28882 7.81818
vt -0.28882 7.81818
vt -0.30585 7.93638
vt -0.26449 7.83516
vt -0.28837 7.83069
vt -0.24852 7.89244
vt -0.26493 7.82265
vt -0.26493 7.82265
vt -0.24852 7.89244
vt -0.28837 7.83069
vt -0.27306 7.83663
vt -0.28527 7.97262
vt -0.28024 7.81671
vt -0.28024 7.81671
vt -0.28527 7.97262
vt -0.27306 7.83663
vt 4.80591 -2.95991
vt 4.79046 -2.77928
vt 4.79682 -2.94355
vt 4.79682 -2.94355
vt 4.79046 -2.77928
vt 4.80591 -2.95991
vt 4.78783 -2.94954
vt 4.83386 -2.85704
vt 4.81491 -2.95392
vt 4.81491 -2.95392
vt 4.83386 -2.85704
vt 4.78783 -2.94954
vt 4.80930 -2.94193
vt 4.78233 -2.81523
vt 4.79343 -2.96152
vt 4.79343 -2.96152
vt 4.78233 -2.81523
vt 4.80930 -2.94193
vt 1.52022 6.96608
vt 1.49765 7.09886
vt 1.50694 6.94620
vt 1.50694 6.94620
vt 1.49765 7.09886
vt 1.52022 6.96608
vt 1.51985 6.96610
vt 1.49854 7.00398
vt 1.50731 6.94618
vt 1.50731 6.94618
vt 1.49854 7.00398
vt 1.51985 6.96610
vt 1.51308 6.96552
vt 1.51478 7.07790
vt 1.51408 6.94676
vt 1.51408 6.94676
vt 1.51478 7.07790
vt 1.51308 6.96552
vt -7.98824 -2.15296
vt -7.96859 -2.10651
vt -7.97668 -2.16831
vt -7.97668 -2.16831
vt -7.96859 -2.10651
vt -7.98824 -2.15296
vt -7.99688 -2.16741
vt -7.94785 -1.95286
vt -7.96804 -2.15386
vt -7.96804 -2.15386
vt -7.94785 -1.95286
vt -7.99688 -2.16741
vt -7.97680 -2.16836
vt -7.99604 -2.06422
vt -7.98812 -2.15290
vt -7.98812 -2.15290
vt -7.99604 -2.06422
vt -7.97680 -2.16836
vt 3.86320 5.92701
vt 3.81696 6.04974
vt 3.83600 5.91190
vt 3.83600 5.91190
vt 3.81696 6.04974
vt 3.86320 5.92701
vt 3.83677 5.92243
vt 3.88039 6.01601
vt 3.86243 5.91647
vt 3.86243 5.91647
vt 3.88039 6.01601
vt 3.83677 5.92243
vt 3.85749 5.92925
vt 3.83067 6.03158
vt 3.84171 5.90965
vt 3.84171 5.90965
vt 3.83067 6.03158
vt 3.85749 5.92925
vt 3.47949 -2.28077
vt 3.49093 -2.20382
vt 3.48622 -2.29797
vt 3.48622 -2.29797
vt 3.49093 -2.20382
vt 3.47949 -2.28077
vt 3.49713 -2.29059
vt 3.44858 -2.20942
vt 3.46857 -2.28815
vt 3.46857 -2.28815
vt 3.44858 -2.20942
vt 3.49713 -2.29059
vt 3.47398 -2.28329
vt 3.50415 -2.15963
vt 3.49173 -2.29545
vt 3.49173 -2.29545
vt 3.50415 -2.15963
vt 3.47398 -2.28329
vt 2.30271 -2.43816
vt 2.35214 -2.29422
vt 2.33179 -2.43980
vt 2.33179 -2.43980
vt 2.35214 -2.29422
vt 2.30271 -2.43816
vt 2.31751 -2.44841
vt 2.31661 -2.28060
vt 2.31698 -2.42955
vt 2.31698 -2.42955
vt 2.31661 -2.28060
vt 2.31751 -2.44841
vt 2.33304 -2.43540
vt 2.27934 -2.31262
vt 2.30145 -2.44256
vt 2.30145 -2.44256
vt 2.27934 -2.31262
vt 2.33304 -2.43540
vt 4.41890 -3.21000
vt 4.40038 -3.09192
vt 4.40801 -3.22999
vt 4.40801 -3.22999
vt 4.40038 -3.09192
vt 4.41890 -3.21000
vt 4.42739 -3.22169
vt 4.38000 -3.03586
vt 4.39951 -3.21831
vt 4.39951 -3.21831
vt 4.38000 -3.03586
vt 4.42739 -3.22169
vt 4.40558 -3.22980
vt 4.43234 -3.11195
vt 4.42132 -3.21020
vt 4.42132 -3.21020
vt 4.43234 -3.11195
vt 4.40558 -3.22980
vt -4.03105 0.81093
vt -3.97796 0.96987
vt -3.99982 0.82016
vt -3.99982 0.82016
vt -3.97796 0.96987
vt -4.03105 0.81093
vt -4.02847 0.80757
vt -3.98416 0.93943
vt -4.00240 0.82352
vt -4.00240 0.82352
vt -3.98416 0.93943
vt -4.02847 0.80757
vt -4.01564 0.82499
vt -4.01496 0.90021
vt -4.01524 0.80610
vt -4.01524 0.80610
vt -4.01496 0.90021
vt -4.01564 0.82499
vt 2.00414 6.84145
vt 2.05724 6.97199
vt 2.03537 6.85066
vt 2.03537 6.85066
vt 2.05724 6.97199
vt 2.00414 6.84145
vt 2.00677 6.84887
vt 2.05092 6.90571
vt 2.03274 6.84324
vt 2.03274 6.84324
vt 2.05092 6.90571
vt 2.00677 6.84887
vt 2.00505 6.83963
vt 2.05506 6.93389
vt 2.03447 6.85248
vt 2.03447 6.85248
vt 2.05506 6.93389
vt 2.00505 6.83963
vt 6.70820 7.70303
vt 6.66246 7.81489
vt 6.68129 7.70761
vt 6.68129 7.70761
vt 6.66246 7.81489
vt 6.70820 7.70303
vt 6.70224 7.71517
vt 6.67675 7.75879
vt 6.68725 7.69547
vt 6.68725 7.69547
vt 6.67675 7.75879
vt 6.70224 7.71517
vt 6.67905 7.70105
vt 6.73242 7.79613
vt 6.71044 7.70959
vt 6.71044 7.70959
vt 6.73242 7.79613
vt 6.67905 7.70105
vt -2.12076 5.78237
vt -2.15967 5.92410
vt -2.14365 5.79088
vt -2.14365 5.79088
vt -2.15967 5.92410
vt -2.12076 5.78237
vt -2.11775 5.78566
vt -2.16688 5.86417
vt -2.14665 5.78759
vt -2.14665 5.78759
vt -2.16688 5.86417
vt -2.11775 5.78566
vt -2.12190 5.79588
vt -2.15692 5.87082
vt -2.14250 5.77737
vt -2.14250 5.77737
vt -2.15692 5.87082
vt -2.12190 5.79588
vt -4.41786 -0.98184
vt -4.36805 -0.87107
vt -4.38856 -0.96885
vt -4.38856 -0.96885
vt -4.36805 -0.87107
vt -4.41786 -0.98184
vt -4.41042 -0.98523
vt -4.38590 -0.79596
vt -4.39600 -0.96546
vt -4.39600 -0.96546
vt -4.38590 -0.79596
vt -4.41042 -0.98523
vt -4.38821 -0.97534
vt -4.43922 -0.82576
vt -4.41821 -0.97535
vt -4.41821 -0.97535
vt -4.43922 -0.82576
vt -4.38821 -0.97534
vt 2.48051 -2.96739
vt 2.49885 -2.81427
vt 2.49130 -2.98307
vt 2.49130 -2.98307
vt 2.49885 -2.81427
vt 2.48051 -2.96739
vt 2.47827 -2.96845
vt 2.50423 -2.83846
vt 2.49354 -2.98201
vt 2.49354 -2.98201
vt 2.50423 -2.83846
vt 2.47827 -2.96845
vt 2.49557 -2.96579
vt 2.46272 -2.80776
vt 2.47624 -2.98467
vt 2.47624 -2.98467
vt 2.46272 -2.80776
vt 2.49557 -2.96579
vt -0.23896 6.24603
vt -0.24438 6.38416
vt -0.24215 6.22652
vt -0.24215 6.22652
vt -0.24438 6.38416
vt -0.23896 6.24603
vt -0.24748 6.24342
vt -0.22395 6.38608
vt -0.23364 6.22913
vt -0.23364 6.22913
vt -0.22395 6.38608
vt -0.24748 6.24342
vt -0.23499 6.22851
vt -0.25392 6.38600
vt -0.24613 6.24404
vt -0.24613 6.24404
vt -0.25392 6.38600
vt -0.23499 6.22851
vt -0.18544 4.25576
vt -0.20081 4.44026
vt -0.19448 4.27213
vt -0.19448 4.27213
vt -0.20081 4.44026
vt -0.18544 4.25576
vt -0.19600 4.25397
vt -0.17548 4.46089
vt -0.18393 4.27392
vt -0.18393 4.27392
vt -0.17548 4.46089
vt -0.19600 4.25397
vt -0.17415 4.26707
vt -0.22791 4.44484
vt -0.20577 4.26082
vt -0.20577 4.26082
vt -0.22791 4.44484
vt -0.17415 4.26707
vt -2.63376 0.36131
vt -2.66519 0.47296
vt -2.65225 0.34222
vt -2.65225 0.34222
vt -2.66519 0.47296
vt -2.63376 0.36131
vt -2.62736 0.35626
vt -2.68056 0.43886
vt -2.65865 0.34727
vt -2.65865 0.34727
vt -2.68056 0.43886
vt -2.62736 0.35626
vt -2.65394 0.34273
vt -2.61675 0.45841
vt -2.63207 0.36080
vt -2.63207 0.36080
vt -2.61675 0.45841
vt -2.65394 0.34273
vt 0.96745 -2.60397
vt 0.99841 -2.54994
vt 0.98566 -2.61584
vt 0.98566 -2.61584
vt 0.99841 -2.54994
vt 0.96745 -2.60397
vt 0.98178 -2.61782
vt 0.96402 -2.47595
vt 0.97134 -2.60200
vt 0.97134 -2.60200
vt 0.96402 -2.47595
vt 0.98178 -2.61782
vt 0.99026 -2.60243
vt 0.94369 -2.54887
vt 0.96286 -2.61738
vt 0.96286 -2.61738
vt 0.94369 -2.54887
vt 0.99026 -2.60243
vt 1.92102 5.65603
vt 1.93612 5.69796
vt 1.92990 5.63960
vt 1.92990 5.63960
vt 1.93612 5.69796
vt 1.92102 5.65603
vt 1.90965 5.64458
vt 1.96341 5.82390
vt 1.94127 5.65105
vt 1.94127 5.65105
vt 1.96341 5.82390
vt 1.90965 5.64458
vt 1.91277 5.65094
vt 1.95592 5.81308
vt 1.93815 5.64470
vt 1.93815 5.64470
vt 1.95592 5.81308
vt 1.91277 5.65094
vt 3.20641 -2.84981
vt 3.23797 -2.80250
vt 3.22498 -2.86145
vt 3.22498 -2.86145
vt 3.23797 -2.80250
vt 3.20641 -2.84981
vt 3.23086 -2.85528
vt 3.17930 -2.67779
vt 3.20053 -2.85598
vt 3.20053 -2.85598
vt 3.17930 -2.67779
vt 3.23086 -2.85528
vt 3.21886 -2.86429
vt 3.20811 -2.69059
vt 3.21254 -2.84697
vt 3.21254 -2.84697
vt 3.20811 -2.69059
vt 3.21886 -2.86429
vt 5.62901 6.32816
vt 5.68233 6.46966
vt 5.66037 6.33200
vt 5.66037 6.33200
vt 5.68233 6.46966
vt 5.62901 6.32816
vt 5.63531 6.32057
vt 5.66722 6.48492
vt 5.65408 6.33959
vt 5.65408 6.33959
vt 5.66722 6.48492
vt 5.63531 6.32057
vt 5.65811 6.32774
vt 5.61249 6.42320
vt 5.63128 6.33241
vt 5.63128 6.33241
vt 5.61249 6.42320
vt 5.65811 6.32774
vt -3.41387 -1.03291
vt -3.38911 -0.85159
vt -3.39931 -1.01316
vt -3.39931 -1.01316
vt -3.38911 -0.85159
vt -3.41387 -1.03291
vt -3.39107 -1.01810
vt -3.44382 -0.86029
vt -3.42210 -1.02797
vt -3.42210 -1.02797
vt -3.44382 -0.86029
vt -3.39107 -1.01810
vt -3.41929 -1.03123
vt -3.37610 -0.83220
vt -3.39389 -1.01485
vt -3.39389 -1.01485
vt -3.37610 -0.83220
vt -3.41929 -1.03123
vt 4.69219 7.21464
vt 4.68084 7.31608
vt 4.68552 7.19476
vt 4.68552 7.19476
vt 4.68084 7.31608
vt 4.69219 7.21464
vt 4.70179 7.21274
vt 4.65781 7.25701
vt 4.67592 7.19666
vt 4.67592 7.19666
vt 4.65781 7.25701
vt 4.70179 7.21274
vt 4.70458 7.20881
vt 4.65110 7.37771
vt 4.67312 7.20060
vt 4.67312 7.20060
vt 4.65110 7.37771
vt 4.70458 7.20881
vt 4.44368 4.49943
vt 4.47953 4.62912
vt 4.46477 4.48951
vt 4.46477 4.48951
vt 4.47953 4.62912
vt 4.44368 4.49943
vt 4.45997 4.48678
vt 4.44044 4.69485
vt 4.44848 4.50216
vt 4.44848 4.50216
vt 4.44044 4.69485
vt 4.45997 4.48678
vt 4.44036 4.49626
vt 4.48750 4.61677
vt 4.46809 4.49268
vt 4.46809 4.49268
vt 4.48750 4.61677
vt 4.44036 4.49626
vt 6.67012 7.41179
vt 6.68104 7.51970
vt 6.67654 7.43166
vt 6.67654 7.43166
vt 6.68104 7.51970
vt 6.67012 7.41179
vt 6.68887 7.42659
vt 6.63604 7.51749
vt 6.65780 7.41686
vt 6.65780 7.41686
vt 6.63604 7.51749
vt 6.68887 7.42659
vt 6.66351 7.42720
vt 6.69690 7.50542
vt 6.68315 7.41625
vt 6.68315 7.41625
vt 6.69690 7.50542
vt 6.66351 7.42720
vt -7.19577 -0.78286
vt -7.20101 -0.63384
vt -7.19885 -0.80236
vt -7.19885 -0.80236
vt -7.20101 -0.63384
vt -7.19577 -0.78286
vt -7.19322 -0.80096
vt -7.20713 -0.61418
vt -7.20140 -0.78427
vt -7.20140 -0.78427
vt -7.20713 -0.61418
vt -7.19322 -0.80096
vt -7.20028 -0.78389
vt -7.19018 -0.72829
vt -7.19434 -0.80134
vt -7.19434 -0.80134
vt -7.19018 -0.72829
vt -7.20028 -0.78389
vt 3.54948 -2.36969
vt 3.49586 -2.27686
vt 3.51794 -2.37738
vt 3.51794 -2.37738
vt 3.49586 -2.27686
vt 3.54948 -2.36969
vt 3.54852 -2.37389
vt 3.49815 -2.25326
vt 3.51889 -2.37318
vt 3.51889 -2.37318
vt 3.49815 -2.25326
vt 3.54852 -2.37389
vt 3.52588 -2.38334
vt 3.55249 -2.16898
vt 3.54153 -2.36372
vt 3.54153 -2.36372
vt 3.55249 -2.16898
vt 3.52588 -2.38334
vt -0.51256 7.06809
vt -0.55590 7.17253
vt -0.53805 7.05177
vt -0.53805 7.05177
vt -0.55590 7.17253
vt -0.51256 7.06809
vt -0.53637 7.06450
vt -0.49875 7.19363
vt -0.51424 7.05537
vt -0.51424 7.05537
vt -0.49875 7.19363
vt -0.53637 7.06450
vt -0.50999 7.06535
vt -0.56206 7.12384
vt -0.54062 7.05451
vt -0.54062 7.05451
vt -0.56206 7.12384
vt -0.50999 7.06535
vt -5.69571 6.60954
vt -5.66492 6.83237
vt -5.67760 6.62872
vt -5.67760 6.62872
vt -5.66492 6.83237
vt -5.69571 6.60954
vt -5.69545 6.60949
vt -5.66554 6.80286
vt -5.67786 6.62877
vt -5.67786 6.62877
vt -5.66554 6.80286
vt -5.69545 6.60949
vt -5.68779 6.60944
vt -5.68393 6.80920
vt -5.68552 6.62882
vt -5.68552 6.62882
vt -5.68393 6.80920
vt -5.68779 6.60944
vt -3.33227 5.40548
vt -3.28545 5.59224
vt -3.30473 5.40167
vt -3.30473 5.40167
vt -3.28545 5.59224
vt -3.33227 5.40548
vt -3.32343 5.41160
vt -3.30666 5.55989
vt -3.31357 5.39555
vt -3.31357 5.39555
vt -3.30666 5.55989
vt -3.32343 5.41160
vt -3.32418 5.41129
vt -3.30486 5.50047
vt -3.31282 5.39586
vt -3.31282 5.39586
vt -3.30486 5.50047
vt -3.32418 5.41129
vt -1.06445 6.92347
vt -1.04698 7.03308
vt -1.05417 6.90758
vt -1.05417 6.90758
vt -1.04698 7.03308
vt -1.06445 6.92347
vt -1.04499 6.92240
vt -1.09369 7.03772
vt -1.07364 6.90864
vt -1.07364 6.90864
vt -1.09369 7.03772
vt -1.04499 6.92240
vt -1.04782 6.91131
vt -1.08690 7.04214
vt -1.07081 6.91974
vt -1.07081 6.91974
vt -1.08690 7.04214
vt -1.04782 6.91131
vt -5.56908 -1.54155
vt -5.51576 -1.36400
vt -5.53771 -1.53770
vt -5.53771 -1.53770
vt -5.51576 -1.36400
vt -5.56908 -1.54155
vt -5.56899 -1.54431
vt -5.51597 -1.34633
vt -5.53780 -1.53494
vt -5.53780 -1.53494
vt -5.51597 -1.34633
vt -5.56899 -1.54431
vt -5.53994 -1.54192
vt -5.58567 -1.39567
vt -5.56684 -1.53732
vt -5.56684 -1.53732
vt -5.58567 -1.39567
vt -5.53994 -1.54192
vt -3.64750 5.13632
vt -3.63773 5.19682
vt -3.64175 5.11882
vt -3.64175 5.11882
vt -3.63773 5.19682
vt -3.64750 5.13632
vt -3.65483 5.13278
vt -3.62015 5.30887
vt -3.63443 5.12236
vt -3.63443 5.12236
vt -3.62015 5.30887
vt -3.65483 5.13278
vt -3.64604 5.13674
vt -3.64124 5.20352
vt -3.64322 5.11840
vt -3.64322 5.11840
vt -3.64124 5.20352
vt -3.64604 5.13674
vt 2.10374 -2.45071
vt 2.14310 -2.33903
vt 2.12689 -2.43315
vt 2.12689 -2.43315
vt 2.14310 -2.33903
vt 2.10374 -2.45071
vt 2.12695 -2.44603
vt 2.08741 -2.32044
vt 2.10369 -2.43783
vt 2.10369 -2.43783
vt 2.08741 -2.32044
vt 2.12695 -2.44603
vt 2.11417 -2.43270
vt 2.11808 -2.33954
vt 2.11647 -2.45116
vt 2.11647 -2.45116
vt 2.11808 -2.33954
vt 2.11417 -2.43270
vt -3.29698 5.38857
vt -3.32095 5.52446
vt -3.31108 5.36876
vt -3.31108 5.36876
vt -3.32095 5.52446
vt -3.29698 5.38857
vt -3.31911 5.37281
vt -3.26782 5.53304
vt -3.28894 5.38452
vt -3.28894 5.38452
vt -3.26782 5.53304
vt -3.31911 5.37281
vt -3.31770 5.37117
vt -3.27121 5.53443
vt -3.29036 5.38616
vt -3.29036 5.38616
vt -3.27121 5.53443
vt -3.31770 5.37117
vt 5.09450 7.15518
vt 5.07174 7.19033
vt 5.08111 7.13531
vt 5.08111 7.13531
vt 5.07174 7.19033
vt 5.09450 7.15518
vt 5.09410 7.15521
vt 5.07270 7.19220
vt 5.08151 7.13529
vt 5.08151 7.13529
vt 5.07270 7.19220
vt 5.09410 7.15521
vt 5.08402 7.15370
vt 5.09690 7.24133
vt 5.09159 7.13680
vt 5.09159 7.13680
vt 5.09690 7.24133
vt 5.08402 7.15370
vt 3.28995 7.44665
vt 3.33934 7.56528
vt 3.31900 7.45996
vt 3.31900 7.45996
vt 3.33934 7.56528
vt 3.28995 7.44665
vt 3.31956 7.45917
vt 3.26828 7.56757
vt 3.28939 7.44744
vt 3.28939 7.44744
vt 3.26828 7.56757
vt 3.31956 7.45917
vt 3.29011 7.45440
vt 3.33894 7.61291
vt 3.31884 7.45221
vt 3.31884 7.45221
vt 3.33894 7.61291
vt 3.29011 7.45440
vt -1.02850 7.56847
vt -1.08117 7.67382
vt -1.05948 7.56607
vt -1.05948 7.56607
vt -1.08117 7.67382
vt -1.02850 7.56847
vt -1.03821 7.55960
vt -1.05788 7.66760
vt -1.04978 7.57494
vt -1.04978 7.57494
vt -1.05788 7.66760
vt -1.03821 7.55960
vt -1.03541 7.56102
vt -1.06460 7.74491
vt -1.05258 7.57352
vt -1.05258 7.57352
vt -1.06460 7.74491
vt -1.03541 7.56102
vt 1.82577 6.93137
vt 1.84448 7.03322
vt 1.83677 6.95136
vt 1.83677 6.95136
vt 1.84448 7.03322
vt 1.82577 6.93137
vt 1.81548 6.93777
vt 1.86918 7.06201
vt 1.84707 6.94496
vt 1.84707 6.94496
vt 1.86918 7.06201
vt 1.81548 6.93777
vt 1.81823 6.94412
vt 1.86258 7.00712
vt 1.84432 6.93861
vt 1.84432 6.93861
vt 1.86258 7.00712
vt 1.81823 6.94412
vt 8.22048 8.22519
vt 8.19429 8.35154
vt 8.20508 8.20554
vt 8.20508 8.20554
vt 8.19429 8.35154
vt 8.22048 8.22519
vt 8.22421 8.21110
vt 8.18533 8.40529
vt 8.20134 8.21963
vt 8.20134 8.21963
vt 8.18533 8.40529
vt 8.22421 8.21110
vt 8.22261 8.22476
vt 8.18919 8.34495
vt 8.20295 8.20597
vt 8.20295 8.20597
vt 8.18919 8.34495
vt 8.22261 8.22476
vt -5.38415 8.24855
vt -5.42013 8.32384
vt -5.40531 8.23021
vt -5.40531 8.23021
vt -5.42013 8.32384
vt -5.38415 8.24855
vt -5.41053 8.23651
vt -5.35680 8.43330
vt -5.37893 8.24225
vt -5.37893 8.24225
vt -5.35680 8.43330
vt -5.41053 8.23651
vt -5.40499 8.24455
vt -5.37010 8.37363
vt -5.38447 8.23421
vt -5.38447 8.23421
vt -5.37010 8.37363
vt -5.40499 8.24455
vt 4.76133 -1.35560
vt 4.80561 -1.17603
vt 4.78738 -1.33963
vt 4.78738 -1.33963
vt 4.80561 -1.17603
vt 4.76133 -1.35560
vt 4.77037 -1.35759
vt 4.78392 -1.12912
vt 4.77834 -1.33764
vt 4.77834 -1.33764
vt 4.78392 -1.12912
vt 4.77037 -1.35759
vt 4.77943 -1.33762
vt 4.76216 -1.29746
vt 4.76928 -1.35762
vt 4.76928 -1.35762
vt 4.76216 -1.29746
vt 4.77943 -1.33762
vt 7.38079 8.34906
vt 7.42766 8.54593
vt 7.40836 8.36387
vt 7.40836 8.36387
vt 7.42766 8.54593
vt 7.38079 8.34906
vt 7.40115 8.36641
vt 7.37882 8.48724
vt 7.38801 8.34652
vt 7.38801 8.34652
vt 7.37882 8.48724
vt 7.40115 8.36641
vt 7.40368 8.35052
vt 7.37275 8.44595
vt 7.38548 8.36240
vt 7.38548 8.36240
vt 7.37275 8.44595
vt 7.40368 8.35052
vt 2.14412 6.00064
vt 2.19786 6.09367
vt 2.17573 6.00659
vt 2.17573 6.00659
vt 2.19786 6.09367
vt 2.14412 6.00064
vt 2.14424 6.00170
vt 2.19756 6.18555
vt 2.17560 6.00553
vt 2.17560 6.00553
vt 2.19756 6.18555
vt 2.14424 6.00170
vt 2.14761 6.00710
vt 2.18948 6.14657
vt 2.17224 6.00013
vt 2.17224 6.00013
vt 2.18948 6.14657
vt 2.14761 6.00710
vt 4.06948 7.83198
vt 4.07495 7.97947
vt 4.07270 7.85150
vt 4.07270 7.85150
vt 4.07495 7.97947
vt 4.06948 7.83198
vt 4.06994 7.85097
vt 4.07386 7.93870
vt 4.07225 7.83251
vt 4.07225 7.83251
vt 4.07386 7.93870
vt 4.06994 7.85097
vt 4.05680 7.83483
vt 4.10540 7.94389
vt 4.08539 7.84865
vt 4.08539 7.84865
vt 4.10540 7.94389
vt 4.05680 7.83483
vt -3.67978 8.63676
vt -3.72901 8.79420
vt -3.70874 8.63859
vt -3.70874 8.63859
vt -3.72901 8.79420
vt -3.67978 8.63676
vt -3.68111 8.64557
vt -3.72581 8.81172
vt -3.70740 8.62977
vt -3.70740 8.62977
vt -3.72581 8.81172
vt -3.68111 8.64557
vt -3.70864 8.63873
vt -3.65972 8.81810
vt -3.67987 8.63662
vt -3.67987 8.63662
vt -3.65972 8.81810
vt -3.70864 8.63873
vt -6.60380 0.16511
vt -6.65473 0.22732
vt -6.63376 0.15305
vt -6.63376 0.15305
vt -6.65473 0.22732
vt -6.60380 0.16511
vt -6.60379 0.15905
vt -6.65474 0.34929
vt -6.63376 0.15911
vt -6.63376 0.15911
vt -6.65474 0.34929
vt -6.60379 0.15905
vt -6.60301 0.16149
vt -6.65661 0.23289
vt -6.63454 0.15667
vt -6.63454 0.15667
vt -6.65661 0.23289
vt -6.60301 0.16149
vt -1.78792 8.70015
vt -1.83246 8.75647
vt -1.81412 8.68429
vt -1.81412 8.68429
vt -1.83246 8.75647
vt -1.78792 8.70015
vt -1.81006 8.68263
vt -1.77933 8.80120
vt -1.79198 8.70181
vt -1.79198 8.70181
vt -1.77933 8.80120
vt -1.81006 8.68263
vt -1.80066 8.68281
vt -1.80188 8.83536
vt -1.80138 8.70163
vt -1.80138 8.70163
vt -1.80188 8.83536
vt -1.80066 8.68281
vt 8.05900 7.85367
vt 8.10653 8.00101
vt 8.08696 7.85040
vt 8.08696 7.85040
vt 8.10653 8.00101
vt 8.05900 7.85367
vt 8.06882 7.86036
vt 8.08296 7.95175
vt 8.07714 7.84371
vt 8.07714 7.84371
vt 8.08296 7.95175
vt 8.06882 7.86036
vt 8.06419 7.84239
vt 8.09408 7.98705
vt 8.08177 7.86168
vt 8.08177 7.86168
vt 8.09408 7.98705
vt 8.06419 7.84239
vt -7.66996 -1.65586
vt -7.62407 -1.47710
vt -7.64296 -1.66035
vt -7.64296 -1.66035
vt -7.62407 -1.47710
vt -7.66996 -1.65586
vt -7.64544 -1.64910
vt -7.68292 -1.60270
vt -7.66748 -1.66711
vt -7.66748 -1.66711
vt -7.68292 -1.60270
vt -7.64544 -1.64910
vt -7.64746 -1.64850
vt -7.67807 -1.50794
vt -7.66546 -1.66770
vt -7.66546 -1.66770
vt -7.67807 -1.50794
vt -7.64746 -1.64850
vt -4.39803 -1.08420
vt -4.42704 -0.92857
vt -4.41510 -1.07164
vt -4.41510 -1.07164
vt -4.42704 -0.92857
vt -4.39803 -1.08420
vt -4.42233 -1.08180
vt -4.36873 -0.89343
vt -4.39080 -1.07405
vt -4.39080 -1.07405
vt -4.36873 -0.89343
vt -4.42233 -1.08180
vt -4.39131 -1.07238
vt -4.44318 -0.95223
vt -4.42182 -1.08347
vt -4.42182 -1.08347
vt -4.44318 -0.95223
vt -4.39131 -1.07238
vt 6.39499 6.92001
vt 6.34823 6.97002
vt 6.36748 6.90515
vt 6.36748 6.90515
vt 6.34823 6.97002
vt 6.39499 6.92001
vt 6.36542 6.90937
vt 6.41918 7.07084
vt 6.39705 6.91578
vt 6.39705 6.91578
vt 6.41918 7.07084
vt 6.36542 6.90937
vt 6.37963 6.92169
vt 6.38508 6.98785
vt 6.38284 6.90346
vt 6.38284 6.90346
vt 6.38508 6.98785
vt 6.37963 6.92169
vt 6.65771 7.34308
vt 6.66704 7.43860
vt 6.66320 7.32550
vt 6.66320 7.32550
vt 6.66704 7.43860
vt 6.65771 7.34308
vt 6.65877 7.32452
vt 6.66450 7.48764
vt 6.66214 7.34406
vt 6.66214 7.34406
vt 6.66450 7.48764
vt 6.65877 7.32452
vt 6.66633 7.34427
vt 6.64634 7.44664
vt 6.65457 7.32431
vt 6.65457 7.32431
vt 6.64634 7.44664
vt 6.66633 7.34427
vt 2.35685 6.08565
vt 2.39761 6.20563
vt 2.38083 6.07807
vt 2.38083 6.07807
vt 2.39761 6.20563
vt 2.35685 6.08565
vt 2.36350 6.08972
vt 2.38165 6.16454
vt 2.37418 6.07400
vt 2.37418 6.07400
vt 2.38165 6.16454
vt 2.36350 6.08972
vt 2.37980 6.07722
vt 2.34253 6.26126
vt 2.35788 6.08651
vt 2.35788 6.08651
vt 2.34253 6.26126
vt 2.37980 6.07722
vt -1.13425 5.53999
vt -1.17696 5.64130
vt -1.15937 5.54649
vt -1.15937 5.54649
vt -1.17696 5.64130
vt -1.13425 5.53999
vt -1.13101 5.54606
vt -1.18473 5.64326
vt -1.16261 5.54042
vt -1.16261 5.54042
vt -1.18473 5.64326
vt -1.13101 5.54606
vt -1.16243 5.53865
vt -1.10932 5.74417
vt -1.13119 5.54783
vt -1.13119 5.54783
vt -1.10932 5.74417
vt -1.16243 5.53865
vt 8.85551 9.42245
vt 8.90859 9.54328
vt 8.88674 9.42568
vt 8.88674 9.42568
vt 8.90859 9.54328
vt 8.85551 9.42245
vt 8.88232 9.43300
vt 8.84425 9.54648
vt 8.85993 9.41513
vt 8.85993 9.41513
vt 8.84425 9.54648
vt 8.88232 9.43300
vt 8.87370 9.41522
vt 8.86494 9.53220
vt 8.86855 9.43291
vt 8.86855 9.43291
vt 8.86494 9.53220
vt 8.87370 9.41522
vt -5.81638 -1.80875
vt -5.81671 -1.66823
vt -5.81657 -1.78981
vt -5.81657 -1.78981
vt -5.81671 -1.66823
vt -5.81638 -1.80875
vt -5.81355 -1.80802
vt -5.82351 -1.63297
vt -5.81941 -1.79054
vt -5.81941 -1.79054
vt -5.82351 -1.63297
vt -5.81355 -1.80802
vt -5.82213 -1.80927
vt -5.80292 -1.68131
vt -5.81083 -1.78929
vt -5.81083 -1.78929
vt -5.80292 -1.68131
vt -5.82213 -1.80927
vt -2.36734 6.57997
vt -2.40112 6.72816
vt -2.38721 6.59076
vt -2.38721 6.59076
vt -2.40112 6.72816
vt -2.36734 6.57997
vt -2.38038 6.57544
vt -2.36982 6.71317
vt -2.37417 6.59529
vt -2.37417 6.59529
vt -2.36982 6.71317
vt -2.38038 6.57544
vt -2.36572 6.59415
vt -2.40501 6.66632
vt -2.38883 6.57658
vt -2.38883 6.57658
vt -2.40501 6.66632
vt -2.36572 6.59415
vt 4.05622 0.13185
vt 4.07614 0.24071
vt 4.06794 0.11658
vt 4.06794 0.11658
vt 4.07614 0.24071
vt 4.05622 0.13185
vt 4.04703 0.12412
vt 4.09819 0.31205
vt 4.07712 0.12431
vt 4.07712 0.12431
vt 4.09819 0.31205
vt 4.04703 0.12412
vt 4.05318 0.13028
vt 4.08342 0.27785
vt 4.07097 0.11815
vt 4.07097 0.11815
vt 4.08342 0.27785
vt 4.05318 0.13028
vt -0.50227 4.95704
vt -0.53870 4.99232
vt -0.52370 4.93880
vt -0.52370 4.93880
vt -0.53870 4.99232
vt -0.50227 4.95704
vt -0.51582 4.95669
vt -0.50616 5.11562
vt -0.51014 4.93916
vt -0.51014 4.93916
vt -0.50616 5.11562
vt -0.51582 4.95669
vt -0.49721 4.95044
vt -0.55084 5.09687
vt -0.52876 4.94541
vt -0.52876 4.94541
vt -0.55084 5.09687
vt -0.49721 4.95044
vt 6.01203 -1.49248
vt 5.97702 -1.38566
vt 5.99143 -1.48221
vt 5.99143 -1.48221
vt 5.97702 -1.38566
vt 6.01203 -1.49248
vt 5.99544 -1.47990
vt 6.01684 -1.34569
vt 6.00803 -1.49479
vt 6.00803 -1.49479
vt 6.01684 -1.34569
vt 5.99544 -1.47990
vt 6.00856 -1.47742
vt 5.98534 -1.32582
vt 5.99490 -1.49727
vt 5.99490 -1.49727
vt 5.98534 -1.32582
vt 6.00856 -1.47742
vt -2.47785 8.29808
vt -2.46915 8.41329
vt -2.47273 8.28038
vt -2.47273 8.28038
vt -2.46915 8.41329
vt -2.47785 8.29808
vt -2.47393 8.29895
vt -2.47858 8.38273
vt -2.47666 8.27950
vt -2.47666 8.27950
vt -2.47858 8.38273
vt -2.47393 8.29895
vt -2.48325 8.27944
vt -2.45620 8.40199
vt -2.46734 8.29902
vt -2.46734 8.29902
vt -2.45620 8.40199
vt -2.48325 8.27944
vt -1.14594 6.20292
vt -1.16213 6.32835
vt -1.15546 6.18292
vt -1.15546 6.18292
vt -1.16213 6.32835
vt -1.14594 6.20292
vt -1.13590 6.19254
vt -1.18623 6.28379
vt -1.16551 6.19329
vt -1.16551 6.19329
vt -1.18623 6.28379
vt -1.13590 6.19254
vt -1.16154 6.19766
vt -1.12469 6.32586
vt -1.13987 6.18818
vt -1.13987 6.18818
vt -1.12469 6.32586
vt -1.16154 6.19766
vt 7.76141 8.84383
vt 7.80467 8.97378
vt 7.78685 8.86018
vt 7.78685 8.86018
vt 7.80467 8.97378
vt 7.76141 8.84383
vt 7.78219 8.84545
vt 7.75478 8.93874
vt 7.76607 8.85855
vt 7.76607 8.85855
vt 7.75478 8.93874
vt 7.78219 8.84545
vt 7.77352 8.86136
vt 7.77560 8.91950
vt 7.77474 8.84265
vt 7.77474 8.84265
vt 7.77560 8.91950
vt 7.77352 8.86136
vt -4.14125 0.43507
vt -4.18871 0.63215
vt -4.16917 0.43840
vt -4.16917 0.43840
vt -4.18871 0.63215
vt -4.14125 0.43507
vt -4.14830 0.42958
vt -4.17180 0.56372
vt -4.16212 0.44388
vt -4.16212 0.44388
vt -4.17180 0.56372
vt -4.14830 0.42958
vt -4.14696 0.43029
vt -4.17500 0.55537
vt -4.16345 0.44318
vt -4.16345 0.44318
vt -4.17500 0.55537
vt -4.14696 0.43029
vt 6.47639 7.55806
vt 6.50769 7.78057
vt 6.49480 7.57717
vt 6.49480 7.57717
vt 6.50769 7.78057
vt 6.47639 7.55806
vt 6.47062 7.56157
vt 6.52152 7.74433
vt 6.50056 7.57366
vt 6.50056 7.57366
vt 6.52152 7.74433
vt 6.47062 7.56157
vt 6.47527 7.55836
vt 6.51038 7.70359
vt 6.49592 7.57686
vt 6.49592 7.57686
vt 6.51038 7.70359
vt 6.47527 7.55836
vt -3.22112 9.69179
vt -3.26842 9.77086
vt -3.24894 9.69525
vt -3.24894 9.69525
vt -3.26842 9.77086
vt -3.22112 9.69179
vt -3.22506 9.70288
vt -3.25895 9.82302
vt -3.24500 9.68416
vt -3.24500 9.68416
vt -3.25895 9.82302
vt -3.22506 9.70288
vt -3.21945 9.69826
vt -3.27242 9.75851
vt -3.25061 9.68878
vt -3.25061 9.68878
vt -3.27242 9.75851
vt -3.21945 9.69826
vt 3.65653 8.06073
vt 3.70103 8.21971
vt 3.68270 8.05533
vt 3.68270 8.05533
vt 3.70103 8.21971
vt 3.65653 8.06073
vt 3.67754 8.06783
vt 3.65060 8.19176
vt 3.66169 8.04824
vt 3.66169 8.04824
vt 3.65060 8.19176
vt 3.67754 8.06783
vt 3.65485 8.05848
vt 3.70505 8.24351
vt 3.68438 8.05758
vt 3.68438 8.05758
vt 3.70505 8.24351
vt 3.65485 8.05848
vt 2.13179 -0.92242
vt 2.14556 -0.73536
vt 2.13989 -0.90246
vt 2.13989 -0.90246
vt 2.14556 -0.73536
vt 2.13179 -0.92242
vt 2.12108 -0.91199
vt 2.17126 -0.76553
vt 2.15060 -0.91289
vt 2.15060 -0.91289
vt 2.17126 -0.76553
vt 2.12108 -0.91199
vt 2.13419 -0.90333
vt 2.13980 -0.81722
vt 2.13749 -0.92154
vt 2.13749 -0.92154
vt 2.13980 -0.81722
vt 2.13419 -0.90333
vt 2.65673 -2.13355
vt 2.62830 -2.01777
vt 2.64000 -2.15300
vt 2.64000 -2.15300
vt 2.62830 -2.01777
vt 2.65673 -2.13355
vt 2.65198 -2.15179
vt 2.63970 -1.98237
vt 2.64476 -2.13476
vt 2.64476 -2.13476
vt 2.63970 -1.98237
vt 2.65198 -2.15179
vt 2.64820 -2.15280
vt 2.64875 -1.99973
vt 2.64853 -2.13376
vt 2.64853 -2.13376
vt 2.64875 -1.99973
vt 2.64820 -2.15280
vt 5.25939 8.35286
vt 5.28883 8.47754
vt 5.27671 8.37219
vt 5.27671 8.37219
vt 5.28883 8.47754
vt 5.25939 8.35286
vt 5.25721 8.35345
vt 5.29405 8.55325
vt 5.27888 8.37160
vt 5.27888 8.37160
vt 5.29405 8.55325
vt 5.25721 8.35345
vt 5.25798 8.36783
vt 5.29221 8.43577
vt 5.27812 8.35722
vt 5.27812 8.35722
vt 5.29221 8.43577
vt 5.25798 8.36783
vt 3.21228 -3.21585
vt 3.21147 -3.11389
vt 3.21180 -3.23492
vt 3.21180 -3.23492
vt 3.21147 -3.11389
vt 3.21228 -3.21585
vt 3.22460 -3.21711
vt 3.18189 -3.12339
vt 3.19948 -3.23366
vt 3.19948 -3.23366
vt 3.18189 -3.12339
vt 3.22460 -3.21711
vt 3.22538 -3.22781
vt 3.18003 -3.06588
vt 3.19870 -3.22295
vt 3.19870 -3.22295
vt 3.18003 -3.06588
vt 3.22538 -3.22781
vt -3.80509 -1.63522
vt -3.79423 -1.59189
vt -3.79870 -1.65253
vt -3.79870 -1.65253
vt -3.79423 -1.59189
vt -3.80509 -1.63522
vt -3.81765 -1.64788
vt -3.76411 -1.47043
vt -3.78615 -1.63986
vt -3.78615 -1.63986
vt -3.76411 -1.47043
vt -3.81765 -1.64788
vt -3.79689 -1.63387
vt -3.81393 -1.51340
vt -3.80691 -1.65387
vt -3.80691 -1.65387
vt -3.81393 -1.51340
vt -3.79689 -1.63387
vt -3.55474 1.17166
vt -3.60766 1.25629
vt -3.58587 1.16209
vt -3.58587 1.16209
vt -3.60766 1.25629
vt -3.55474 1.17166
vt -3.57982 1.17255
vt -3.54748 1.22319
vt -3.56080 1.16120
vt -3.56080 1.16120
vt -3.54748 1.22319
vt -3.57982 1.17255
vt -3.56101 1.17641
vt -3.59262 1.24720
vt -3.57960 1.15734
vt -3.57960 1.15734
vt -3.59262 1.24720
vt -3.56101 1.17641
vt 5.49784 8.68071
vt 5.44685 8.76374
vt 5.46784 8.66870
vt 5.46784 8.66870
vt 5.44685 8.76374
vt 5.49784 8.68071
vt 5.49856 8.67885
vt 5.44510 8.76397
vt 5.46711 8.67057
vt 5.46711 8.67057
vt 5.44510 8.76397
vt 5.49856 8.67885
vt 5.48800 8.68471
vt 5.47047 8.79527
vt 5.47768 8.66471
vt 5.47768 8.66471
vt 5.47047 8.79527
vt 5.48800 8.68471
vt 1.93047 -1.08828
vt 1.88379 -1.03458
vt 1.90301 -1.10318
vt 1.90301 -1.10318
vt 1.88379 -1.03458
vt 1.93047 -1.08828
vt 1.92121 -1.10394
vt 1.90600 -0.96529
vt 1.91226 -1.08753
vt 1.91226 -1.08753
vt 1.90600 -0.96529
vt 1.92121 -1.10394
vt 1.90405 -1.10393
vt 1.94718 -0.89231
vt 1.92942 -1.08753
vt 1.92942 -1.08753
vt 1.94718 -0.89231
vt 1.90405 -1.10393
vt 0.00850 6.37862
vt -0.03717 6.56748
vt -0.01837 6.38326
vt -0.01837 6.38326
vt -0.03717 6.56748
vt 0.00850 6.37862
vt 0.00867 6.38849
vt -0.03760 6.43541
vt -0.01854 6.37339
vt -0.01854 6.37339
vt -0.03760 6.43541
vt 0.00867 6.38849
vt -0.00059 6.37269
vt -0.01536 6.49916
vt -0.00928 6.38919
vt -0.00928 6.38919
vt -0.01536 6.49916
vt -0.00059 6.37269
vt 4.12784 -3.26346
vt 4.11374 -3.06158
vt 4.11954 -3.24681
vt 4.11954 -3.24681
vt 4.11374 -3.06158
vt 4.12784 -3.26346
vt 4.11104 -3.25197
vt 4.15405 -3.19199
vt 4.13634 -3.25830
vt 4.13634 -3.25830
vt 4.15405 -3.19199
vt 4.11104 -3.25197
vt 4.13483 -3.24617
vt 4.09697 -3.08377
vt 4.11256 -3.26410
vt 4.11256 -3.26410
vt 4.09697 -3.08377
vt 4.13483 -3.24617
vt 6.28630 5.61449
vt 6.24125 5.80508
vt 6.25980 5.61954
vt 6.25980 5.61954
vt 6.24125 5.80508
vt 6.28630 5.61449
vt 6.27276 5.60747
vt 6.27376 5.83461
vt 6.27335 5.62656
vt 6.27335 5.62656
vt 6.27376 5.83461
vt 6.27276 5.60747
vt 6.28534 5.62544
vt 6.24356 5.75460
vt 6.26077 5.60859
vt 6.26077 5.60859
vt 6.24356 5.75460
vt 6.28534 5.62544
vt -4.81595 0.57098
vt -4.80736 0.70536
vt -4.81090 0.59072
vt -4.81090 0.59072
vt -4.80736 0.70536
vt -4.81595 0.57098
vt -4.81869 0.58874
vt -4.80078 0.63579
vt -4.80815 0.57295
vt -4.80815 0.57295
vt -4.80078 0.63579
vt -4.81869 0.58874
vt -4.81745 0.58922
vt -4.80377 0.67280
vt -4.80940 0.57248
vt -4.80940 0.57248
vt -4.80377 0.67280
vt -4.81745 0.58922
vt 2.68533 -0.58882
vt 2.63353 -0.43851
vt 2.65486 -0.59999
vt 2.65486 -0.59999
vt 2.63353 -0.43851
vt 2.68533 -0.58882
vt 2.66045 -0.60385
vt 2.69324 -0.43118
vt 2.67974 -0.58496
vt 2.67974 -0.58496
vt 2.69324 -0.43118
vt 2.66045 -0.60385
vt 2.67844 -0.60080
vt 2.65007 -0.48592
vt 2.66175 -0.58802
vt 2.66175 -0.58802
vt 2.65007 -0.48592
vt 2.67844 -0.60080
vt 6.34722 7.85028
vt 6.40089 7.95230
vt 6.37879 7.85553
vt 6.37879 7.85553
vt 6.40089 7.95230
vt 6.34722 7.85028
vt 6.35961 7.86150
vt 6.37114 7.98063
vt 6.36639 7.84432
vt 6.36639 7.84432
vt 6.37114 7.98063
vt 6.35961 7.86150
vt 6.36228 7.86224
vt 6.36474 7.94088
vt 6.36373 7.84358
vt 6.36373 7.84358
vt 6.36474 7.94088
vt 6.36228 7.86224
vt 3.82639 -1.66479
vt 3.82709 -1.50771
vt 3.82681 -1.68368
vt 3.82681 -1.68368
vt 3.82709 -1.50771
vt 3.82639 -1.66479
vt 3.81175 -1.67395
vt 3.86223 -1.48164
vt 3.84145 -1.67453
vt 3.84145 -1.67453
vt 3.86223 -1.48164
vt 3.81175 -1.67395
vt 3.81564 -1.66959
vt 3.85291 -1.59056
vt 3.83756 -1.67888
vt 3.83756 -1.67888
vt 3.85291 -1.59056
vt 3.81564 -1.66959
vt 2.99601 6.22065
vt 3.04940 6.40359
vt 3.02741 6.22470
vt 3.02741 6.22470
vt 3.04940 6.40359
vt 2.99601 6.22065
vt 2.99742 6.21576
vt 3.04600 6.40795
vt 3.02600 6.22960
vt 3.02600 6.22960
vt 3.04600 6.40795
vt 2.99742 6.21576
vt 2.99591 6.21984
vt 3.04964 6.41497
vt 3.02751 6.22551
vt 3.02751 6.22551
vt 3.04964 6.41497
vt 2.99591 6.21984
vt 1.95792 -1.81291
vt 2.01114 -1.71432
vt 1.98922 -1.80396
vt 1.98922 -1.80396
vt 2.01114 -1.71432
vt 1.95792 -1.81291
vt 1.98599 -1.80008
vt 1.94376 -1.68135
vt 1.96115 -1.81679
vt 1.96115 -1.81679
vt 1.94376 -1.68135
vt 1.98599 -1.80008
vt 1.97012 -1.81838
vt 1.98185 -1.67272
vt 1.97702 -1.79849
vt 1.97702 -1.79849
vt 1.98185 -1.67272
vt 1.97012 -1.81838
vt 6.72478 0.35543
vt 6.69719 0.44527
vt 6.70855 0.33590
vt 6.70855 0.33590
vt 6.69719 0.44527
vt 6.72478 0.35543
vt 6.70966 0.33576
vt 6.73347 0.46372
vt 6.72367 0.35557
vt 6.72367 0.35557
vt 6.73347 0.46372
vt 6.70966 0.33576
vt 6.73245 0.34934
vt 6.67877 0.42727
vt 6.70088 0.34200
vt 6.70088 0.34200
vt 6.67877 0.42727
vt 6.73245 0.34934
vt 5.68688 0.41730
vt 5.72221 0.54730
vt 5.70766 0.43575
vt 5.70766 0.43575
vt 5.72221 0.54730
vt 5.68688 0.41730
vt 5.68781 0.43223
vt 5.71998 0.50330
vt 5.70673 0.42082
vt 5.70673 0.42082
vt 5.71998 0.50330
vt 5.68781 0.43223
vt 5.70258 0.43652
vt 5.68453 0.48019
vt 5.69196 0.41653
vt 5.69196 0.41653
vt 5.68453 0.48019
vt 5.70258 0.43652
vt -4.76124 9.65624
vt -4.79337 9.76752
vt -4.78014 9.63725
vt -4.78014 9.63725
vt -4.79337 9.76752
vt -4.76124 9.65624
vt -4.78328 9.64997
vt -4.74048 9.73072
vt -4.75810 9.64352
vt -4.75810 9.64352
vt -4.74048 9.73072
vt -4.78328 9.64997
vt -4.75512 9.64823
vt -4.80807 9.75657
vt -4.78627 9.64526
vt -4.78627 9.64526
vt -4.80807 9.75657
vt -4.75512 9.64823
vt -1.99823 5.71002
vt -2.03034 5.81548
vt -2.01712 5.69102
vt -2.01712 5.69102
vt -2.03034 5.81548
vt -1.99823 5.71002
vt -1.99755 5.69526
vt -2.03199 5.81425
vt -2.01781 5.70578
vt -2.01781 5.70578
vt -2.03199 5.81425
vt -1.99755 5.69526
vt -2.00771 5.69103
vt -2.00761 5.90706
vt -2.00765 5.71001
vt -2.00765 5.71001
vt -2.00761 5.90706
vt -2.00771 5.69103
vt -2.81712 8.66755
vt -2.86954 8.75039
vt -2.84796 8.66558
vt -2.84796 8.66558
vt -2.86954 8.75039
vt -2.81712 8.66755
vt -2.82397 8.66031
vt -2.85311 8.85081
vt -2.84111 8.67282
vt -2.84111 8.67282
vt -2.85311 8.85081
vt -2.82397 8.66031
vt -2.82095 8.66243
vt -2.86035 8.83749
vt -2.84413 8.67070
vt -2.84413 8.67070
vt -2.86035 8.83749
vt -2.82095 8.66243
vt 3.75042 0.12732
vt 3.80352 0.24757
vt 3.78165 0.13654
vt 3.78165 0.13654
vt 3.80352 0.24757
vt 3.75042 0.12732
vt 3.77269 0.12465
vt 3.75007 0.28001
vt 3.75939 0.13921
vt 3.75939 0.13921
vt 3.75007 0.28001
vt 3.77269 0.12465
vt 3.75660 0.13766
vt 3.78869 0.20361
vt 3.77548 0.12621
vt 3.77548 0.12621
vt 3.78869 0.20361
vt 3.75660 0.13766
vt 5.85272 -1.82215
vt 5.89355 -1.69356
vt 5.87674 -1.82969
vt 5.87674 -1.82969
vt 5.89355 -1.69356
vt 5.85272 -1.82215
vt 5.85207 -1.82277
vt 5.89512 -1.75407
vt 5.87739 -1.82907
vt 5.87739 -1.82907
vt 5.89512 -1.75407
vt 5.85207 -1.82277
vt 5.86413 -1.81656
vt 5.86617 -1.67621
vt 5.86533 -1.83528
vt 5.86533 -1.83528
vt 5.86617 -1.67621
vt 5.86413 -1.81656
vt -4.41436 0.66236
vt -4.36066 0.76715
vt -4.38277 0.66956
vt -4.38277 0.66956
vt -4.36066 0.76715
vt -4.41436 0.66236
vt -4.39465 0.67593
vt -4.40796 0.82057
vt -4.40248 0.65598
vt -4.40248 0.65598
vt -4.40796 0.82057
vt -4.39465 0.67593
vt -4.40787 0.65643
vt -4.37622 0.83995
vt -4.38925 0.67549
vt -4.38925 0.67549
vt -4.37622 0.83995
vt -4.40787 0.65643
vt 2.29680 6.72452
vt 2.28305 6.91913
vt 2.28871 6.74124
vt 2.28871 6.74124
vt 2.28305 6.91913
vt 2.29680 6.72452
vt 2.28631 6.72293
vt 2.30823 6.91946
vt 2.29920 6.74283
vt 2.29920 6.74283
vt 2.30823 6.91946
vt 2.28631 6.72293
vt 2.29563 6.74278
vt 2.28584 6.83033
vt 2.28987 6.72298
vt 2.28987 6.72298
vt 2.28584 6.83033
vt 2.29563 6.74278
vt -3.46244 7.45320
vt -3.40872 7.64165
vt -3.43084 7.46026
vt -3.43084 7.46026
vt -3.40872 7.64165
vt -3.46244 7.45320
vt -3.44134 7.44885
vt -3.45937 7.59305
vt -3.45195 7.46460
vt -3.45195 7.46460
vt -3.45937 7.59305
vt -3.44134 7.44885
vt -3.43221 7.46349
vt -3.48127 7.59264
vt -3.46107 7.44996
vt -3.46107 7.44996
vt -3.48127 7.59264
vt -3.43221 7.46349
vt -4.48572 8.78998
vt -4.53852 8.93947
vt -4.51678 8.78733
vt -4.51678 8.78733
vt -4.53852 8.93947
vt -4.48572 8.78998
vt -4.51644 8.78824
vt -4.46478 8.96139
vt -4.48605 8.78907
vt -4.48605 8.78907
vt -4.46478 8.96139
vt -4.51644 8.78824
vt -4.50630 8.77865
vt -4.48913 8.95308
vt -4.49620 8.79865
vt -4.49620 8.79865
vt -4.48913 8.95308
vt -4.50630 8.77865
vt 1.01087 6.24032
vt 1.01524 6.28364
vt 1.01344 6.22192
vt 1.01344 6.22192
vt 1.01524 6.28364
vt 1.01087 6.24032
vt 0.99657 6.22640
vt 1.04955 6.32055
vt 1.02774 6.23584
vt 1.02774 6.23584
vt 1.04955 6.32055
vt 0.99657 6.22640
vt 1.00046 6.22240
vt 1.04023 6.44703
vt 1.02385 6.23984
vt 1.02385 6.23984
vt 1.04023 6.44703
vt 1.00046 6.22240
vt 7.06028 9.22812
vt 7.03675 9.29786
vt 7.04644 9.20829
vt 7.04644 9.20829
vt 7.03675 9.29786
vt 7.06028 9.22812
vt 7.04018 9.22081
vt 7.08499 9.38397
vt 7.06654 9.21560
vt 7.06654 9.21560
vt 7.08499 9.38397
vt 7.04018 9.22081
vt 7.05100 9.20836
vt 7.05901 9.32254
vt 7.05571 9.22806
vt 7.05571 9.22806
vt 7.05901 9.32254
vt 7.05100 9.20836
vt 3.77805 -3.14552
vt 3.75768 -2.98616
vt 3.76607 -3.16547
vt 3.76607 -3.16547
vt 3.75768 -2.98616
vt 3.77805 -3.14552
vt 3.78569 -3.15758
vt 3.73935 -2.98425
vt 3.75843 -3.15341
vt 3.75843 -3.15341
vt 3.73935 -2.98425
vt 3.78569 -3.15758
vt 3.75959 -3.15216
vt 3.80199 -3.03819
vt 3.78453 -3.15883
vt 3.78453 -3.15883
vt 3.80199 -3.03819
vt 3.75959 -3.15216
vt -1.86406 8.86934
vt -1.84651 8.99888
vt -1.85374 8.88934
vt -1.85374 8.88934
vt -1.84651 8.99888
vt -1.86406 8.86934
vt -1.84566 8.88718
vt -1.89067 9.02961
vt -1.87214 8.87151
vt -1.87214 8.87151
vt -1.89067 9.02961
vt -1.84566 8.88718
vt -1.85159 8.87239
vt -1.87643 9.01958
vt -1.86620 8.88630
vt -1.86620 8.88630
vt -1.87643 9.01958
vt -1.85159 8.87239
vt 2.66068 5.42045
vt 2.71147 5.54112
vt 2.69056 5.43265
vt 2.69056 5.43265
vt 2.71147 5.54112
vt 2.66068 5.42045
vt 2.66746 5.41679
vt 2.69521 5.54486
vt 2.68378 5.43631
vt 2.68378 5.43631
vt 2.69521 5.54486
vt 2.66746 5.41679
vt 2.66049 5.42629
vt 2.71192 5.53589
vt 2.69075 5.42681
vt 2.69075 5.42681
vt 2.71192 5.53589
vt 2.66049 5.42629
vt 4.22188 -2.21232
vt 4.17066 -2.10310
vt 4.19175 -2.22411
vt 4.19175 -2.22411
vt 4.17066 -2.10310
vt 4.22188 -2.21232
vt 4.19226 -2.21742
vt 4.24174 -2.04117
vt 4.22137 -2.21901
vt 4.22137 -2.21901
vt 4.24174 -2.04117
vt 4.19226 -2.21742
vt 4.19934 -2.21136
vt 4.22477 -2.16469
vt 4.21430 -2.22508
vt 4.21430 -2.22508
vt 4.22477 -2.16469
vt 4.19934 -2.21136
vt 4.07589 -2.61523
vt 4.03273 -2.45023
vt 4.05050 -2.63162
vt 4.05050 -2.63162
vt 4.03273 -2.45023
vt 4.07589 -2.61523
vt 4.06550 -2.61358
vt 4.05766 -2.56088
vt 4.06089 -2.63328
vt 4.06089 -2.63328
vt 4.05766 -2.56088
vt 4.06550 -2.61358
vt 4.06673 -2.61348
vt 4.05471 -2.49621
vt 4.05966 -2.63338
vt 4.05966 -2.63338
vt 4.05471 -2.49621
vt 4.06673 -2.61348
vt 5.85075 0.57993
vt 5.87034 0.70785
vt 5.86228 0.56457
vt 5.86228 0.56457
vt 5.87034 0.70785
vt 5.85075 0.57993
vt 5.84147 0.56633
vt 5.89262 0.71348
vt 5.87156 0.57818
vt 5.87156 0.57818
vt 5.89262 0.71348
vt 5.84147 0.56633
vt 5.84183 0.57283
vt 5.89176 0.64732
vt 5.87120 0.57168
vt 5.87120 0.57168
vt 5.89176 0.64732
vt 5.84183 0.57283
vt 2.50495 6.25102
vt 2.54463 6.45124
vt 2.52829 6.26849
vt 2.52829 6.26849
vt 2.54463 6.45124
vt 2.50495 6.25102
vt 2.53221 6.26446
vt 2.47921 6.31695
vt 2.50103 6.25504
vt 2.50103 6.25504
vt 2.47921 6.31695
vt 2.53221 6.26446
vt 2.50461 6.25118
vt 2.54543 6.44664
vt 2.52862 6.26833
vt 2.52862 6.26833
vt 2.54543 6.44664
vt 2.50461 6.25118
vt 5.41001 -1.39583
vt 5.35859 -1.33000
vt 5.37976 -1.40742
vt 5.37976 -1.40742
vt 5.35859 -1.33000
vt 5.41001 -1.39583
vt 5.40975 -1.39542
vt 5.35921 -1.23022
vt 5.38002 -1.40784
vt 5.38002 -1.40784
vt 5.35921 -1.23022
vt 5.40975 -1.39542
vt 5.37929 -1.40320
vt 5.43232 -1.30154
vt 5.41048 -1.40006
vt 5.41048 -1.40006
vt 5.43232 -1.30154
vt 5.37929 -1.40320
vt 5.51713 -1.34921
vt 5.54483 -1.21034
vt 5.53343 -1.32969
vt 5.53343 -1.32969
vt 5.54483 -1.21034
vt 5.51713 -1.34921
vt 5.51474 -1.33449
vt 5.55058 -1.24291
vt 5.53582 -1.34441
vt 5.53582 -1.34441
vt 5.55058 -1.24291
vt 5.51474 -1.33449
vt 5.54077 -1.33825
vt 5.48810 -1.26826
vt 5.50979 -1.34065
vt 5.50979 -1.34065
vt 5.48810 -1.26826
vt 5.54077 -1.33825
vt 3.31606 8.00496
vt 3.26279 8.08100
vt 3.28473 8.00124
vt 3.28473 8.00124
vt 3.26279 8.08100
vt 3.31606 8.00496
vt 3.31469 8.00190
vt 3.26609 8.12972
vt 3.28610 8.00430
vt 3.28610 8.00430
vt 3.26609 8.12972
vt 3.31469 8.00190
vt 3.30798 7.99629
vt 3.28219 8.16334
vt 3.29281 8.00991
vt 3.29281 8.00991
vt 3.28219 8.16334
vt 3.30798 7.99629
vt -6.09581 5.53592
vt -6.14444 5.66025
vt -6.12442 5.53828
vt -6.12442 5.53828
vt -6.14444 5.66025
vt -6.09581 5.53592
vt -6.09536 5.54346
vt -6.14553 5.67822
vt -6.12487 5.53074
vt -6.12487 5.53074
vt -6.14553 5.67822
vt -6.09536 5.54346
vt -6.09827 5.53318
vt -6.13853 5.67175
vt -6.12196 5.54102
vt -6.12196 5.54102
vt -6.13853 5.67175
vt -6.09827 5.53318
vt 6.89391 5.84403
vt 6.94687 6.00600
vt 6.92506 5.85352
vt 6.92506 5.85352
vt 6.94687 6.00600
vt 6.89391 5.84403
vt 6.89370 5.84614
vt 6.94738 5.94565
vt 6.92528 5.85141
vt 6.92528 5.85141
vt 6.94738 5.94565
vt 6.89370 5.84614
vt 6.91302 5.85873
vt 6.90102 5.93681
vt 6.90596 5.83882
vt 6.90596 5.83882
vt 6.90102 5.93681
vt 6.91302 5.85873
vt 3.59035 8.21240
vt 3.60785 8.38109
vt 3.60064 8.23240
vt 3.60064 8.23240
vt 3.60785 8.38109
vt 3.59035 8.21240
vt 3.59991 8.23239
vt 3.58491 8.38837
vt 3.59109 8.21240
vt 3.59109 8.21240
vt 3.58491 8.38837
vt 3.59991 8.23239
vt 3.59736 8.21335
vt 3.59103 8.37528
vt 3.59364 8.23145
vt 3.59364 8.23145
vt 3.59103 8.37528
vt 3.59736 8.21335
vt -3.24380 7.15140
vt -3.21308 7.28476
vt -3.22573 7.17058
vt -3.22573 7.17058
vt -3.21308 7.28476
vt -3.24380 7.15140
vt -3.24626 7.15218
vt -3.20715 7.36035
vt -3.22326 7.16980
vt -3.22326 7.16980
vt -3.20715 7.36035
vt -3.24626 7.15218
vt -3.23947 7.15099
vt -3.22347 7.36004
vt -3.23005 7.17099
vt -3.23005 7.17099
vt -3.22347 7.36004
vt -3.23947 7.15099
vt 5.12981 0.92411
vt 5.16759 1.10298
vt 5.15203 0.94206
vt 5.15203 0.94206
vt 5.16759 1.10298
vt 5.12981 0.92411
vt 5.13967 0.92338
vt 5.14393 1.02928
vt 5.14217 0.94279
vt 5.14217 0.94279
vt 5.14393 1.02928
vt 5.13967 0.92338
vt 5.13769 0.92315
vt 5.14866 1.03223
vt 5.14415 0.94302
vt 5.14415 0.94302
vt 5.14866 1.03223
vt 5.13769 0.92315
vt 0.92244 6.13624
vt 0.97420 6.26087
vt 0.95289 6.14746
vt 0.95289 6.14746
vt 0.97420 6.26087
vt 0.92244 6.13624
vt 0.93928 6.13274
vt 0.93378 6.24075
vt 0.93605 6.15096
vt 0.93605 6.15096
vt 0.93378 6.24075
vt 0.93928 6.13274
vt 0.94706 6.13610
vt 0.91510 6.28086
vt 0.92826 6.14760
vt 0.92826 6.14760
vt 0.91510 6.28086
vt 0.94706 6.13610
vt -0.75760 7.71969
vt -0.71511 7.90156
vt -0.73261 7.73631
vt -0.73261 7.73631
vt -0.71511 7.90156
vt -0.75760 7.71969
vt -0.73041 7.72743
vt -0.78035 7.81423
vt -0.75979 7.72858
vt -0.75979 7.72858
vt -0.78035 7.81423
vt -0.73041 7.72743
vt -0.72947 7.73254
vt -0.78263 7.88522
vt -0.76074 7.72347
vt -0.76074 7.72347
vt -0.78263 7.88522
vt -0.72947 7.73254
vt -5.34290 0.49989
vt -5.37946 0.61909
vt -5.36440 0.48167
vt -5.36440 0.48167
vt -5.37946 0.61909
vt -5.34290 0.49989
vt -5.34909 0.50077
vt -5.36459 0.57286
vt -5.35821 0.48078
vt -5.35821 0.48078
vt -5.36459 0.57286
vt -5.34909 0.50077
vt -5.34368 0.48541
vt -5.37759 0.69642
vt -5.36363 0.49615
vt -5.36363 0.49615
vt -5.37759 0.69642
vt -5.34368 0.48541
vt -2.99019 6.90193
vt -3.01204 7.05020
vt -3.00304 6.88203
vt -3.00304 6.88203
vt -3.01204 7.05020
vt -2.99019 6.90193
vt -3.00174 6.89993
vt -2.98431 7.05426
vt -2.99149 6.88403
vt -2.99149 6.88403
vt -2.98431 7.05426
vt -3.00174 6.89993
vt -2.98574 6.88727
vt -3.02271 7.03220
vt -3.00749 6.89669
vt -3.00749 6.89669
vt -3.02271 7.03220
vt -2.98574 6.88727
vt 0.90504 7.89247
vt 0.85176 7.99622
vt 0.87370 7.88873
vt 0.87370 7.88873
vt 0.85176 7.99622
vt 0.90504 7.89247
vt 0.87366 7.88855
vt 0.92706 8.03523
vt 0.90507 7.89265
vt 0.90507 7.89265
vt 0.92706 8.03523
vt 0.87366 7.88855
vt 0.90343 7.88908
vt 0.85562 8.03132
vt 0.87531 7.89213
vt 0.87531 7.89213
vt 0.85562 8.03132
vt 0.90343 7.88908
vt 6.74652 6.95272
vt 6.79930 7.15051
vt 6.77757 6.96255
vt 6.77757 6.96255
vt 6.79930 7.15051
vt 6.74652 6.95272
vt 6.74956 6.96096
vt 6.79201 7.12385
vt 6.77453 6.95431
vt 6.77453 6.95431
vt 6.79201 7.12385
vt 6.74956 6.96096
vt 6.74625 6.95411
vt 6.79996 7.03798
vt 6.77785 6.96116
vt 6.77785 6.96116
vt 6.79996 7.03798
vt 6.74625 6.95411
vt 4.18707 -1.68997
vt 4.18895 -1.52553
vt 4.18818 -1.67079
vt 4.18818 -1.67079
vt 4.18895 -1.52553
vt 4.18707 -1.68997
vt 4.17227 -1.68119
vt 4.22448 -1.60250
vt 4.20298 -1.67957
vt 4.20298 -1.67957
vt 4.22448 -1.60250
vt 4.17227 -1.68119
vt 4.20175 -1.68181
vt 4.15371 -1.53953
vt 4.17349 -1.67895
vt 4.17349 -1.67895
vt 4.15371 -1.53953
vt 4.20175 -1.68181
vt 4.11737 -2.52691
vt 4.06995 -2.39472
vt 4.08948 -2.54144
vt 4.08948 -2.54144
vt 4.06995 -2.39472
vt 4.11737 -2.52691
vt 4.09146 -2.54277
vt 4.13214 -2.38916
vt 4.11539 -2.52558
vt 4.11539 -2.52558
vt 4.13214 -2.38916
vt 4.09146 -2.54277
vt 4.10507 -2.54328
vt 4.09947 -2.43835
vt 4.10178 -2.52507
vt 4.10178 -2.52507
vt 4.09947 -2.43835
vt 4.10507 -2.54328
vt 6.92842 8.08399
vt 6.94583 8.24211
vt 6.93866 8.06809
vt 6.93866 8.06809
vt 6.94583 8.24211
vt 6.92842 8.08399
vt 6.94920 8.08051
vt 6.89597 8.18415
vt 6.91789 8.07158
vt 6.91789 8.07158
vt 6.89597 8.18415
vt 6.94920 8.08051
vt 6.92971 8.06607
vt 6.94275 8.23291
vt 6.93738 8.08601
vt 6.93738 8.08601
vt 6.94275 8.23291
vt 6.92971 8.06607
vt -2.41875 4.31396
vt -2.37968 4.39342
vt -2.39576 4.30552
vt -2.39576 4.30552
vt -2.37968 4.39342
vt -2.41875 4.31396
vt -2.39314 4.30829
vt -2.44113 4.50413
vt -2.42137 4.31119
vt -2.42137 4.31119
vt -2.44113 4.50413
vt -2.39314 4.30829
vt -2.41634 4.30016
vt -2.38545 4.49094
vt -2.39817 4.31932
vt -2.39817 4.31932
vt -2.38545 4.49094
vt -2.41634 4.30016
vt -3.03415 -0.75594
vt -3.08527 -0.62201
vt -3.06422 -0.76782
vt -3.06422 -0.76782
vt -3.08527 -0.62201
vt -3.03415 -0.75594
vt -3.06469 -0.76685
vt -3.01198 -0.61410
vt -3.03368 -0.75691
vt -3.03368 -0.75691
vt -3.01198 -0.61410
vt -3.06469 -0.76685
vt -3.03340 -0.75926
vt -3.08707 -0.66921
vt -3.06497 -0.76450
vt -3.06497 -0.76450
vt -3.08707 -0.66921
vt -3.03340 -0.75926
vt -2.58755 7.02704
vt -2.54539 7.14980
vt -2.56275 7.02022
vt -2.56275 7.02022
vt -2.54539 7.14980
vt -2.58755 7.02704
vt -2.58642 7.01472
vt -2.54812 7.22717
vt -2.56389 7.03254
vt -2.56389 7.03254
vt -2.54812 7.22717
vt -2.58642 7.01472
vt -2.57531 7.01411
vt -2.57477 7.15454
vt -2.57499 7.03315
vt -2.57499 7.03315
vt -2.57477 7.15454
vt -2.57531 7.01411
vt -1.10746 7.84643
vt -1.07935 8.05821
vt -1.09093 7.86591
vt -1.09093 7.86591
vt -1.07935 8.05821
vt -1.10746 7.84643
vt -1.11322 7.84899
vt -1.06553 8.01102
vt -1.08517 7.86336
vt -1.08517 7.86336
vt -1.06553 8.01102
vt -1.11322 7.84899
vt -1.11229 7.85887
vt -1.06778 8.01540
vt -1.08610 7.85347
vt -1.08610 7.85347
vt -1.06778 8.01540
vt -1.11229 7.85887
vt 4.78754 -2.41362
vt 4.79391 -2.35753
vt 4.79129 -2.43171
vt 4.79129 -2.43171
vt 4.79391 -2.35753
vt 4.78754 -2.41362
vt 4.79797 -2.42894
vt 4.76889 -2.28548
vt 4.78086 -2.41640
vt 4.78086 -2.41640
vt 4.76889 -2.28548
vt 4.79797 -2.42894
vt 4.79353 -2.43100
vt 4.77953 -2.22805
vt 4.78530 -2.41433
vt 4.78530 -2.41433
vt 4.77953 -2.22805
vt 4.79353 -2.43100
vt -6.81850 -1.45570
vt -6.84540 -1.29634
vt -6.83433 -1.44244
vt -6.83433 -1.44244
vt -6.84540 -1.29634
vt -6.81850 -1.45570
vt -6.81912 -1.43920
vt -6.84393 -1.30285
vt -6.83371 -1.45895
vt -6.83371 -1.45895
vt -6.84393 -1.30285
vt -6.81912 -1.43920
vt -6.83951 -1.45701
vt -6.79499 -1.35425
vt -6.81332 -1.44114
vt -6.81332 -1.44114
vt -6.79499 -1.35425
vt -6.83951 -1.45701
vt -5.48760 1.48350
vt -5.43610 1.66515
vt -5.45731 1.48412
vt -5.45731 1.48412
vt -5.43610 1.66515
vt -5.48760 1.48350
vt -5.45863 1.49117
vt -5.50565 1.59128
vt -5.48629 1.47644
vt -5.48629 1.47644
vt -5.50565 1.59128
vt -5.45863 1.49117
vt -5.48715 1.47737
vt -5.43719 1.60158
vt -5.45776 1.49025
vt -5.45776 1.49025
vt -5.43719 1.60158
vt -5.48715 1.47737
vt -3.39564 9.65469
vt -3.44460 9.74972
vt -3.42444 9.64110
vt -3.42444 9.64110
vt -3.44460 9.74972
vt -3.39564 9.65469
vt -3.41272 9.63801
vt -3.40360 9.80155
vt -3.40736 9.65778
vt -3.40736 9.65778
vt -3.40360 9.80155
vt -3.41272 9.63801
vt -3.41093 9.65719
vt -3.40791 9.80081
vt -3.40915 9.63860
vt -3.40915 9.63860
vt -3.40791 9.80081
vt -3.41093 9.65719
vt 4.10222 6.03207
vt 4.12958 6.10202
vt 4.11831 6.01895
vt 4.11831 6.01895
vt 4.12958 6.10202
vt 4.10222 6.03207
vt 4.12052 6.02034
vt 4.08567 6.15100
vt 4.10002 6.03069
vt 4.10002 6.03069
vt 4.08567 6.15100
vt 4.12052 6.02034
vt 4.09819 6.02922
vt 4.13926 6.17256
vt 4.12235 6.02181
vt 4.12235 6.02181
vt 4.13926 6.17256
vt 4.09819 6.02922
vt -3.73262 6.44293
vt -3.70505 6.60689
vt -3.71641 6.42988
vt -3.71641 6.42988
vt -3.70505 6.60689
vt -3.73262 6.44293
vt -3.70934 6.44210
vt -3.76094 6.59414
vt -3.73969 6.43071
vt -3.73969 6.43071
vt -3.76094 6.59414
vt -3.70934 6.44210
vt -3.73938 6.43667
vt -3.68885 6.57250
vt -3.70965 6.43614
vt -3.70965 6.43614
vt -3.68885 6.57250
vt -3.73938 6.43667
vt -2.27573 7.61657
vt -2.31266 7.74027
vt -2.29745 7.62601
vt -2.29745 7.62601
vt -2.31266 7.74027
vt -2.27573 7.61657
vt -2.30094 7.61444
vt -2.25214 7.71199
vt -2.27224 7.62814
vt -2.27224 7.62814
vt -2.25214 7.71199
vt -2.30094 7.61444
vt -2.29230 7.61130
vt -2.27287 7.76636
vt -2.28087 7.63128
vt -2.28087 7.63128
vt -2.27287 7.76636
vt -2.29230 7.61130
vt 4.55511 5.63900
vt 4.50151 5.71127
vt 4.52358 5.63124
vt 4.52358 5.63124
vt 4.50151 5.71127
vt 4.55511 5.63900
vt 4.52481 5.62849
vt 4.57424 5.76833
vt 4.55389 5.64176
vt 4.55389 5.64176
vt 4.57424 5.76833
vt 4.52481 5.62849
vt 4.52637 5.62711
vt 4.57049 5.81924
vt 4.55232 5.64314
vt 4.55232 5.64314
vt 4.57049 5.81924
vt 4.52637 5.62711
vt -4.05987 -0.70702
vt -4.10473 -0.62315
vt -4.08626 -0.72275
vt -4.08626 -0.72275
vt -4.10473 -0.62315
vt -4.05987 -0.70702
vt -4.07280 -0.72432
vt -4.07370 -0.51882
vt -4.07333 -0.70545
vt -4.07333 -0.70545
vt -4.07370 -0.51882
vt -4.07280 -0.72432
vt -4.08634 -0.71239
vt -4.04119 -0.56162
vt -4.05978 -0.71738
vt -4.05978 -0.71738
vt -4.04119 -0.56162
vt -4.08634 -0.71239
vt 4.68813 7.13843
vt 4.64498 7.21840
vt 4.66275 7.12204
vt 4.66275 7.12204
vt 4.64498 7.21840
vt 4.68813 7.13843
vt 4.67567 7.12079
vt 4.67488 7.22402
vt 4.67520 7.13967
vt 4.67520 7.13967
vt 4.67488 7.22402
vt 4.67567 7.12079
vt 4.67460 7.12059
vt 4.67745 7.30194
vt 4.67628 7.13987
vt 4.67628 7.13987
vt 4.67745 7.30194
vt 4.67460 7.12059
vt 1.87868 -1.52244
vt 1.82565 -1.39821
vt 1.84749 -1.53178
vt 1.84749 -1.53178
vt 1.82565 -1.39821
vt 1.87868 -1.52244
vt 1.85081 -1.52359
vt 1.89255 -1.38329
vt 1.87536 -1.53063
vt 1.87536 -1.53063
vt 1.89255 -1.38329
vt 1.85081 -1.52359
vt 1.86257 -1.51773
vt 1.86432 -1.36447
vt 1.86360 -1.53649
vt 1.86360 -1.53649
vt 1.86432 -1.36447
vt 1.86257 -1.51773
vt 8.42872 9.70835
vt 8.40077 9.84345
vt 8.41228 9.72127
vt 8.41228 9.72127
vt 8.40077 9.84345
vt 8.42872 9.70835
vt 8.42445 9.70642
vt 8.41102 9.84150
vt 8.41655 9.72321
vt 8.41655 9.72321
vt 8.41102 9.84150
vt 8.42445 9.70642
vt 8.40473 9.71234
vt 8.45835 9.84790
vt 8.43627 9.71729
vt 8.43627 9.71729
vt 8.45835 9.84790
vt 8.40473 9.71234
vt -2.20015 6.58302
vt -2.25363 6.72432
vt -2.23161 6.57480
vt -2.23161 6.57480
vt -2.25363 6.72432
vt -2.20015 6.58302
vt -2.21023 6.57118
vt -2.22946 6.70462
vt -2.22154 6.58664
vt -2.22154 6.58664
vt -2.22946 6.70462
vt -2.21023 6.57118
vt -2.22403 6.58541
vt -2.19632 6.68522
vt -2.20773 6.57241
vt -2.20773 6.57241
vt -2.19632 6.68522
vt -2.22403 6.58541
vt 3.87669 -2.44902
vt 3.92282 -2.32029
vt 3.90383 -2.43385
vt 3.90383 -2.43385
vt 3.92282 -2.32029
vt 3.87669 -2.44902
vt 3.87790 -2.44982
vt 3.91993 -2.25790
vt 3.90262 -2.43305
vt 3.90262 -2.43305
vt 3.91993 -2.25790
vt 3.87790 -2.44982
vt 3.89092 -2.43182
vt 3.88867 -2.37236
vt 3.88960 -2.45104
vt 3.88960 -2.45104
vt 3.88867 -2.37236
vt 3.89092 -2.43182
vt -8.59254 -3.30184
vt -8.64518 -3.17956
vt -8.62350 -3.30418
vt -8.62350 -3.30418
vt -8.64518 -3.17956
vt -8.59254 -3.30184
vt -8.61204 -3.29464
vt -8.59837 -3.25012
vt -8.60400 -3.31138
vt -8.60400 -3.31138
vt -8.59837 -3.25012
vt -8.61204 -3.29464
vt -8.62205 -3.30144
vt -8.57435 -3.14126
vt -8.59399 -3.30458
vt -8.59399 -3.30458
vt -8.57435 -3.14126
vt -8.62205 -3.30144
vt 2.33217 -2.56400
vt 2.38576 -2.43097
vt 2.36370 -2.55619
vt 2.36370 -2.55619
vt 2.38576 -2.43097
vt 2.33217 -2.56400
vt 2.33231 -2.56468
vt 2.38543 -2.39169
vt 2.36356 -2.55552
vt 2.36356 -2.55552
vt 2.38543 -2.39169
vt 2.33231 -2.56468
vt 2.33346 -2.55918
vt 2.38268 -2.47436
vt 2.36241 -2.56101
vt 2.36241 -2.56101
vt 2.38268 -2.47436
vt 2.33346 -2.55918
vt -0.97076 6.75386
vt -1.01895 6.93581
vt -0.99911 6.75661
vt -0.99911 6.75661
vt -1.01895 6.93581
vt -0.97076 6.75386
vt -0.97133 6.75313
vt -1.01760 6.84754
vt -0.99854 6.75734
vt -0.99854 6.75734
vt -1.01760 6.84754
vt -0.97133 6.75313
vt -1.00057 6.75350
vt -0.94740 6.95145
vt -0.96929 6.75697
vt -0.96929 6.75697
vt -0.94740 6.95145
vt -1.00057 6.75350
vt -6.79861 -0.67933
vt -6.78509 -0.53762
vt -6.79066 -0.69610
vt -6.79066 -0.69610
vt -6.78509 -0.53762
vt -6.79861 -0.67933
vt -6.79209 -0.69657
vt -6.80073 -0.58538
vt -6.79717 -0.67886
vt -6.79717 -0.67886
vt -6.80073 -0.58538
vt -6.79209 -0.69657
vt -6.78111 -0.68009
vt -6.82708 -0.61628
vt -6.80815 -0.69534
vt -6.80815 -0.69534
vt -6.82708 -0.61628
vt -6.78111 -0.68009
vt 0.32113 5.51629
vt 0.34526 5.71310
vt 0.33533 5.53608
vt 0.33533 5.53608
vt 0.34526 5.71310
vt 0.32113 5.51629
vt 0.34238 5.52478
vt 0.29428 5.68567
vt 0.31408 5.52759
vt 0.31408 5.52759
vt 0.29428 5.68567
vt 0.34238 5.52478
vt 0.31517 5.51822
vt 0.35957 5.61267
vt 0.34129 5.53414
vt 0.34129 5.53414
vt 0.35957 5.61267
vt 0.31517 5.51822
vt -2.90434 9.50041
vt -2.95793 9.59006
vt -2.93586 9.49559
vt -2.93586 9.49559
vt -2.95793 9.59006
vt -2.90434 9.50041
vt -2.93466 9.49878
vt -2.88515 9.67476
vt -2.90554 9.49722
vt -2.90554 9.49722
vt -2.88515 9.67476
vt -2.93466 9.49878
vt -2.90672 9.50573
vt -2.95222 9.65056
vt -2.93348 9.49027
vt -2.93348 9.49027
vt -2.95222 9.65056
vt -2.90672 9.50573
vt -2.87309 8.79403
vt -2.91610 8.84399
vt -2.89839 8.77759
vt -2.89839 8.77759
vt -2.91610 8.84399
vt -2.87309 8.79403
vt -2.88174 8.79579
vt -2.89536 8.85160
vt -2.88975 8.77583
vt -2.88975 8.77583
vt -2.89536 8.85160
vt -2.88174 8.79579
vt -2.88779 8.77599
vt -2.88082 8.96904
vt -2.88369 8.79562
vt -2.88369 8.79562
vt -2.88082 8.96904
vt -2.88779 8.77599
vt -4.74688 0.00599
vt -4.71901 0.21368
vt -4.73048 0.02550
vt -4.73048 0.02550
vt -4.71901 0.21368
vt -4.74688 0.00599
vt -4.72733 0.02462
vt -4.76593 0.12612
vt -4.75003 0.00687
vt -4.75003 0.00687
vt -4.76593 0.12612
vt -4.72733 0.02462
vt -4.72805 0.02489
vt -4.76420 0.12882
vt -4.74931 0.00660
vt -4.74931 0.00660
vt -4.76420 0.12882
vt -4.72805 0.02489
vt -3.02050 5.23879
vt -2.97327 5.41977
vt -2.99272 5.23528
vt -2.99272 5.23528
vt -2.97327 5.41977
vt -3.02050 5.23879
vt -2.99336 5.24486
vt -3.03840 5.40787
vt -3.01985 5.22921
vt -3.01985 5.22921
vt -3.03840 5.40787
vt -2.99336 5.24486
vt -2.99094 5.24145
vt -3.04421 5.34968
vt -3.02227 5.23262
vt -3.02227 5.23262
vt -3.04421 5.34968
vt -2.99094 5.24145
vt -0.29481 4.99708
vt -0.29038 5.12570
vt -0.29220 4.97869
vt -0.29220 4.97869
vt -0.29038 5.12570
vt -0.29481 4.99708
vt -0.30914 4.98333
vt -0.25599 5.17864
vt -0.27787 4.99244
vt -0.27787 4.99244
vt -0.25599 5.17864
vt -0.30914 4.98333
vt -0.29507 4.99701
vt -0.28975 5.07334
vt -0.29194 4.97876
vt -0.29194 4.97876
vt -0.28975 5.07334
vt -0.29507 4.99701
vt 3.54248 0.93381
vt 3.48916 1.03960
vt 3.51112 0.92996
vt 3.51112 0.92996
vt 3.48916 1.03960
vt 3.54248 0.93381
vt 3.53766 0.92716
vt 3.50073 1.11179
vt 3.51594 0.93661
vt 3.51594 0.93661
vt 3.50073 1.11179
vt 3.53766 0.92716
vt 3.53912 0.92841
vt 3.49722 1.12923
vt 3.51448 0.93536
vt 3.51448 0.93536
vt 3.49722 1.12923
vt 3.53912 0.92841
vt -4.99346 -2.14742
vt -4.98474 -1.95520
vt -4.98833 -2.12767
vt -4.98833 -2.12767
vt -4.98474 -1.95520
vt -4.99346 -2.14742
vt -4.99448 -2.12902
vt -4.98229 -1.98820
vt -4.98731 -2.14607
vt -4.98731 -2.14607
vt -4.98229 -1.98820
vt -4.99448 -2.12902
vt -4.97574 -2.13181
vt -5.02727 -2.00401
vt -5.00605 -2.14328
vt -5.00605 -2.14328
vt -5.02727 -2.00401
vt -4.97574 -2.13181
vt -1.13273 6.53381
vt -1.08773 6.68663
vt -1.10626 6.54948
vt -1.10626 6.54948
vt -1.08773 6.68663
vt -1.13273 6.53381
vt -1.12465 6.54958
vt -1.10712 6.59133
vt -1.11434 6.53371
vt -1.11434 6.53371
vt -1.10712 6.59133
vt -1.12465 6.54958
vt -1.10435 6.54741
vt -1.15583 6.67401
vt -1.13464 6.53588
vt -1.13464 6.53588
vt -1.15583 6.67401
vt -1.10435 6.54741
vt 6.01098 -0.54156
vt 6.04261 -0.32514
vt 6.02959 -0.52249
vt 6.02959 -0.52249
vt 6.04261 -0.32514
vt 6.01098 -0.54156
vt 6.00605 -0.53074
vt 6.05444 -0.39275
vt 6.03452 -0.53331
vt 6.03452 -0.53331
vt 6.05444 -0.39275
vt 6.00605 -0.53074
vt 6.01209 -0.54177
vt 6.03996 -0.39002
vt 6.02849 -0.52227
vt 6.02849 -0.52227
vt 6.03996 -0.39002
vt 6.01209 -0.54177
vt -3.29736 -1.16880
vt -3.31524 -1.01703
vt -3.30788 -1.15301
vt -3.30788 -1.15301
vt -3.31524 -1.01703
vt -3.29736 -1.16880
vt -3.31200 -1.17042
vt -3.28010 -0.97391
vt -3.29324 -1.15139
vt -3.29324 -1.15139
vt -3.28010 -0.97391
vt -3.31200 -1.17042
vt -3.31401 -1.16976
vt -3.27528 -0.95641
vt -3.29123 -1.15205
vt -3.29123 -1.15205
vt -3.27528 -0.95641
vt -3.31401 -1.16976
vt -1.44078 8.20057
vt -1.44111 8.25025
vt -1.44097 8.18156
vt -1.44097 8.18156
vt -1.44111 8.25025
vt -1.44078 8.20057
vt -1.42594 8.19095
vt -1.47674 8.27461
vt -1.45582 8.19118
vt -1.45582 8.19118
vt -1.47674 8.27461
vt -1.42594 8.19095
vt -1.45237 8.19528
vt -1.41329 8.26208
vt -1.42938 8.18685
vt -1.42938 8.18685
vt -1.41329 8.26208
vt -1.45237 8.19528
vt 5.83927 7.98152
vt 5.78954 8.09527
vt 5.81002 7.98288
vt 5.81002 7.98288
vt 5.78954 8.09527
vt 5.83927 7.98152
vt 5.82145 7.97227
vt 5.83231 8.16767
vt 5.82784 7.99213
vt 5.82784 7.99213
vt 5.83231 8.16767
vt 5.82145 7.97227
vt 5.80891 7.98001
vt 5.86240 8.10425
vt 5.84038 7.98439
vt 5.84038 7.98439
vt 5.86240 8.10425
vt 5.80891 7.98001
vt 3.81753 0.86897
vt 3.87112 0.98391
vt 3.84906 0.87376
vt 3.84906 0.87376
vt 3.87112 0.98391
vt 3.81753 0.86897
vt 3.81833 0.86531
vt 3.86921 1.03094
vt 3.84826 0.87742
vt 3.84826 0.87742
vt 3.86921 1.03094
vt 3.81833 0.86531
vt 3.82161 0.87542
vt 3.86133 0.98063
vt 3.84497 0.86731
vt 3.84497 0.86731
vt 3.86133 0.98063
vt 3.82161 0.87542
vt -2.65543 9.64085
vt -2.60923 9.71635
vt -2.62825 9.63659
vt -2.62825 9.63659
vt -2.60923 9.71635
vt -2.65543 9.64085
vt -2.65064 9.62908
vt -2.62073 9.81320
vt -2.63304 9.64836
vt -2.63304 9.64836
vt -2.62073 9.81320
vt -2.65064 9.62908
vt -2.63225 9.64818
vt -2.66487 9.74001
vt -2.65144 9.62926
vt -2.65144 9.62926
vt -2.66487 9.74001
vt -2.63225 9.64818
vt -4.94506 0.37576
vt -4.89738 0.48901
vt -4.91701 0.39013
vt -4.91701 0.39013
vt -4.89738 0.48901
vt -4.94506 0.37576
vt -4.92500 0.39292
vt -4.94554 0.43341
vt -4.93708 0.37297
vt -4.93708 0.37297
vt -4.94554 0.43341
vt -4.92500 0.39292
vt -4.92737 0.39291
vt -4.93985 0.51483
vt -4.93471 0.37298
vt -4.93471 0.37298
vt -4.93985 0.51483
vt -4.92737 0.39291
vt 2.78634 -0.71097
vt 2.75436 -0.64393
vt 2.76753 -0.72999
vt 2.76753 -0.72999
vt 2.75436 -0.64393
vt 2.78634 -0.71097
vt 2.77835 -0.72965
vt 2.77354 -0.52664
vt 2.77552 -0.71131
vt 2.77552 -0.71131
vt 2.77354 -0.52664
vt 2.77835 -0.72965
vt 2.78089 -0.71050
vt 2.76744 -0.55187
vt 2.77298 -0.73046
vt 2.77298 -0.73046
vt 2.76744 -0.55187
vt 2.78089 -0.71050
vt 1.14129 -3.17279
vt 1.10141 -3.11603
vt 1.11783 -3.19020
vt 1.11783 -3.19020
vt 1.10141 -3.11603
vt 1.14129 -3.17279
vt 1.13822 -3.17183
vt 1.10878 -3.05682
vt 1.12090 -3.19116
vt 1.12090 -3.19116
vt 1.10878 -3.05682
vt 1.13822 -3.17183
vt 1.13952 -3.17213
vt 1.10567 -3.00901
vt 1.11961 -3.19086
vt 1.11961 -3.19086
vt 1.10567 -3.00901
vt 1.13952 -3.17213
vt -8.56303 -3.15699
vt -8.55894 -3.04199
vt -8.56062 -3.17543
vt -8.56062 -3.17543
vt -8.55894 -3.04199
vt -8.56303 -3.15699
vt -8.54953 -3.15778
vt -8.59134 -3.02902
vt -8.57412 -3.17463
vt -8.57412 -3.17463
vt -8.59134 -3.02902
vt -8.54953 -3.15778
vt -8.55736 -3.17442
vt -8.57255 -3.05118
vt -8.56629 -3.15800
vt -8.56629 -3.15800
vt -8.57255 -3.05118
vt -8.55736 -3.17442
vt 2.00694 -2.87081
vt 1.96243 -2.72455
vt 1.98076 -2.88668
vt 1.98076 -2.88668
vt 1.96243 -2.72455
vt 2.00694 -2.87081
vt 1.99418 -2.86919
vt 1.99305 -2.77936
vt 1.99351 -2.88830
vt 1.99351 -2.88830
vt 1.99305 -2.77936
vt 1.99418 -2.86919
vt 1.98150 -2.88714
vt 2.02347 -2.69949
vt 2.00619 -2.87035
vt 2.00619 -2.87035
vt 2.02347 -2.69949
vt 1.98150 -2.88714
vt 6.82787 8.59705
vt 6.84766 8.72147
vt 6.83951 8.61702
vt 6.83951 8.61702
vt 6.84766 8.72147
vt 6.82787 8.59705
vt 6.84906 8.61234
vt 6.79681 8.66674
vt 6.81832 8.60172
vt 6.81832 8.60172
vt 6.79681 8.66674
vt 6.84906 8.61234
vt 6.84921 8.60831
vt 6.79645 8.73779
vt 6.81817 8.60575
vt 6.81817 8.60575
vt 6.79645 8.73779
vt 6.84921 8.60831
vt -5.08054 -2.33749
vt -5.04293 -2.22379
vt -5.05842 -2.34663
vt -5.05842 -2.34663
vt -5.04293 -2.22379
vt -5.08054 -2.33749
vt -5.08324 -2.34014
vt -5.03646 -2.21568
vt -5.05572 -2.34398
vt -5.05572 -2.34398
vt -5.03646 -2.21568
vt -5.08324 -2.34014
vt -5.08483 -2.34741
vt -5.03265 -2.20764
vt -5.05413 -2.33671
vt -5.05413 -2.33671
vt -5.03265 -2.20764
vt -5.08483 -2.34741
vt -6.61619 -0.34136
vt -6.56863 -0.20798
vt -6.58822 -0.32692
vt -6.58822 -0.32692
vt -6.56863 -0.20798
vt -6.61619 -0.34136
vt -6.60778 -0.34413
vt -6.58883 -0.19447
vt -6.59663 -0.32414
vt -6.59663 -0.32414
vt -6.58883 -0.19447
vt -6.60778 -0.34413
vt -6.59056 -0.33823
vt -6.63015 -0.20340
vt -6.61385 -0.33005
vt -6.61385 -0.33005
vt -6.63015 -0.20340
vt -6.59056 -0.33823
vt -4.67275 -0.46991
vt -4.70719 -0.32217
vt -4.69301 -0.45939
vt -4.69301 -0.45939
vt -4.70719 -0.32217
vt -4.67275 -0.46991
vt -4.69609 -0.47250
vt -4.65118 -0.33995
vt -4.66967 -0.45679
vt -4.66967 -0.45679
vt -4.65118 -0.33995
vt -4.69609 -0.47250
vt -4.68374 -0.47429
vt -4.68082 -0.24784
vt -4.68202 -0.45500
vt -4.68202 -0.45500
vt -4.68082 -0.24784
vt -4.68374 -0.47429
vt -5.34557 0.91879
vt -5.39055 1.08165
vt -5.37203 0.90310
vt -5.37203 0.90310
vt -5.39055 1.08165
vt -5.34557 0.91879
vt -5.37319 0.90414
vt -5.32426 1.03385
vt -5.34441 0.91775
vt -5.34441 0.91775
vt -5.32426 1.03385
vt -5.37319 0.90414
vt -5.37156 0.90279
vt -5.32819 1.09154
vt -5.34605 0.91910
vt -5.34605 0.91910
vt -5.32819 1.09154
vt -5.37156 0.90279
vt -4.82363 9.75935
vt -4.79142 9.93322
vt -4.80468 9.74795
vt -4.80468 9.74795
vt -4.79142 9.93322
vt -4.82363 9.75935
vt -4.79838 9.75743
vt -4.85202 9.84512
vt -4.82993 9.74987
vt -4.82993 9.74987
vt -4.85202 9.84512
vt -4.79838 9.75743
vt -4.82297 9.74401
vt -4.79301 9.86866
vt -4.80534 9.76329
vt -4.80534 9.76329
vt -4.79301 9.86866
vt -4.82297 9.74401
vt -5.45819 -2.43976
vt -5.46659 -2.31867
vt -5.46313 -2.45949
vt -5.46313 -2.45949
vt -5.46659 -2.31867
vt -5.45819 -2.43976
vt -5.44515 -2.44838
vt -5.49787 -2.28474
vt -5.47617 -2.45087
vt -5.47617 -2.45087
vt -5.49787 -2.28474
vt -5.44515 -2.44838
vt -5.44568 -2.44966
vt -5.49661 -2.34959
vt -5.47564 -2.44959
vt -5.47564 -2.44959
vt -5.49661 -2.34959
vt -5.44568 -2.44966
vt 1.03511 7.99234
vt 1.01442 8.07554
vt 1.02294 7.97239
vt 1.02294 7.97239
vt 1.01442 8.07554
vt 1.03511 7.99234
vt 1.04483 7.98576
vt 0.99109 8.12048
vt 1.01322 7.97897
vt 1.01322 7.97897
vt 0.99109 8.12048
vt 1.04483 7.98576
vt 1.01576 7.97455
vt 1.06087 8.12772
vt 1.04230 7.99018
vt 1.04230 7.99018
vt 1.06087 8.12772
vt 1.01576 7.97455
vt 4.27666 4.38615
vt 4.28463 4.52782
vt 4.28135 4.40585
vt 4.28135 4.40585
vt 4.28463 4.52782
vt 4.27666 4.38615
vt 4.28615 4.38897
vt 4.26185 4.57913
vt 4.27186 4.40303
vt 4.27186 4.40303
vt 4.26185 4.57913
vt 4.28615 4.38897
vt 4.29132 4.39252
vt 4.24943 4.58583
vt 4.26668 4.39948
vt 4.26668 4.39948
vt 4.24943 4.58583
vt 4.29132 4.39252
vt -1.29667 8.58738
vt -1.26718 8.67058
vt -1.27932 8.57499
vt -1.27932 8.57499
vt -1.26718 8.67058
vt -1.29667 8.58738
vt -1.27907 8.57514
vt -1.30942 8.67104
vt -1.29692 8.58723
vt -1.29692 8.58723
vt -1.30942 8.67104
vt -1.27907 8.57514
vt -1.29519 8.58819
vt -1.27073 8.75392
vt -1.28080 8.57418
vt -1.28080 8.57418
vt -1.27073 8.75392
vt -1.29519 8.58819
vt -6.28756 -1.19752
vt -6.25263 -1.07146
vt -6.26702 -1.20784
vt -6.26702 -1.20784
vt -6.25263 -1.07146
vt -6.28756 -1.19752
vt -6.26571 -1.20683
vt -6.30507 -1.08100
vt -6.28887 -1.19853
vt -6.28887 -1.19853
vt -6.30507 -1.08100
vt -6.26571 -1.20683
vt -6.29299 -1.20695
vt -6.23961 -1.06745
vt -6.26159 -1.19841
vt -6.26159 -1.19841
vt -6.23961 -1.06745
vt -6.29299 -1.20695
vt 2.16744 7.01944
vt 2.22118 7.17706
vt 2.19905 7.02619
vt 2.19905 7.02619
vt 2.22118 7.17706
vt 2.16744 7.01944
vt 2.17052 7.01463
vt 2.21377 7.17202
vt 2.19596 7.03099
vt 2.19596 7.03099
vt 2.21377 7.17202
vt 2.17052 7.01463
vt 2.16995 7.02529
vt 2.21516 7.19819
vt 2.19654 7.02034
vt 2.19654 7.02034
vt 2.21516 7.19819
vt 2.16995 7.02529
vt -1.09351 8.36314
vt -1.05617 8.43634
vt -1.07155 8.35389
vt -1.07155 8.35389
vt -1.05617 8.43634
vt -1.09351 8.36314
vt -1.07100 8.36731
vt -1.11020 8.52341
vt -1.09406 8.34971
vt -1.09406 8.34971
vt -1.11020 8.52341
vt -1.07100 8.36731
vt -1.08856 8.34854
vt -1.06805 8.45120
vt -1.07650 8.36849
vt -1.07650 8.36849
vt -1.06805 8.45120
vt -1.08856 8.34854
vt 3.21081 6.30298
vt 3.20241 6.35477
vt 3.20587 6.28325
vt 3.20587 6.28325
vt 3.20241 6.35477
vt 3.21081 6.30298
vt 3.22077 6.28973
vt 3.17851 6.39549
vt 3.19591 6.29649
vt 3.19591 6.29649
vt 3.17851 6.39549
vt 3.22077 6.28973
vt 3.21877 6.30233
vt 3.18330 6.45438
vt 3.19791 6.28390
vt 3.19791 6.28390
vt 3.18330 6.45438
vt 3.21877 6.30233
vt 2.94181 -2.46052
vt 2.99538 -2.32815
vt 2.97332 -2.45580
vt 2.97332 -2.45580
vt 2.99538 -2.32815
vt 2.94181 -2.46052
vt 2.96339 -2.46581
vt 2.94358 -2.34143
vt 2.95174 -2.45050
vt 2.95174 -2.45050
vt 2.94358 -2.34143
vt 2.96339 -2.46581
vt 2.94906 -2.46785
vt 2.97798 -2.26043
vt 2.96607 -2.44846
vt 2.96607 -2.44846
vt 2.97798 -2.26043
vt 2.94906 -2.46785
vt -4.44532 6.95369
vt -4.46858 7.01513
vt -4.45900 6.93385
vt -4.45900 6.93385
vt -4.46858 7.01513
vt -4.44532 6.95369
vt -4.44215 6.95312
vt -4.47618 7.11259
vt -4.46217 6.93443
vt -4.46217 6.93443
vt -4.47618 7.11259
vt -4.44215 6.95312
vt -4.44629 6.95375
vt -4.46625 7.10203
vt -4.45803 6.93379
vt -4.45803 6.93379
vt -4.46625 7.10203
vt -4.44629 6.95375
vt 1.99506 5.08227
vt 1.94560 5.21009
vt 1.96597 5.08389
vt 1.96597 5.08389
vt 1.94560 5.21009
vt 1.99506 5.08227
vt 1.97799 5.07321
vt 1.98657 5.24391
vt 1.98304 5.09295
vt 1.98304 5.09295
vt 1.98657 5.24391
vt 1.97799 5.07321
vt 1.99107 5.09226
vt 1.95517 5.22119
vt 1.96995 5.07391
vt 1.96995 5.07391
vt 1.95517 5.22119
vt 1.99107 5.09226
vt -3.22166 9.56515
vt -3.25881 9.67807
vt -3.24351 9.54707
vt -3.24351 9.54707
vt -3.25881 9.67807
vt -3.22166 9.56515
vt -3.24499 9.54774
vt -3.20282 9.64388
vt -3.22018 9.56447
vt -3.22018 9.56447
vt -3.20282 9.64388
vt -3.24499 9.54774
vt -3.23572 9.54618
vt -3.22506 9.74255
vt -3.22945 9.56603
vt -3.22945 9.56603
vt -3.22506 9.74255
vt -3.23572 9.54618
vt -2.27609 4.70395
vt -2.30159 4.74333
vt -2.29109 4.68425
vt -2.29109 4.68425
vt -2.30159 4.74333
vt -2.27609 4.70395
vt -2.28892 4.70196
vt -2.27079 4.80745
vt -2.27826 4.68623
vt -2.27826 4.68623
vt -2.27079 4.80745
vt -2.28892 4.70196
vt -2.26779 4.69761
vt -2.32151 4.81987
vt -2.29939 4.69058
vt -2.29939 4.69058
vt -2.32151 4.81987
vt -2.26779 4.69761
vt 5.40839 5.15837
vt 5.37173 5.27458
vt 5.38683 5.16793
vt 5.38683 5.16793
vt 5.37173 5.27458
vt 5.40839 5.15837
vt 5.40193 5.15489
vt 5.38724 5.35984
vt 5.39329 5.17141
vt 5.39329 5.17141
vt 5.38724 5.35984
vt 5.40193 5.15489
vt 5.39013 5.17001
vt 5.41557 5.32357
vt 5.40509 5.15629
vt 5.40509 5.15629
vt 5.41557 5.32357
vt 5.39013 5.17001
vt 0.42642 6.86838
vt 0.37323 6.94563
vt 0.39513 6.85936
vt 0.39513 6.85936
vt 0.37323 6.94563
vt 0.42642 6.86838
vt 0.41650 6.87386
vt 0.39703 6.98779
vt 0.40505 6.85388
vt 0.40505 6.85388
vt 0.39703 6.98779
vt 0.41650 6.87386
vt 0.40734 6.85392
vt 0.41900 6.98653
vt 0.41420 6.87382
vt 0.41420 6.87382
vt 0.41900 6.98653
vt 0.40734 6.85392
vt 2.35883 7.13440
vt 2.41193 7.24786
vt 2.39007 7.13768
vt 2.39007 7.13768
vt 2.41193 7.24786
vt 2.35883 7.13440
vt 2.36517 7.14187
vt 2.39672 7.22578
vt 2.38373 7.13022
vt 2.38373 7.13022
vt 2.39672 7.22578
vt 2.36517 7.14187
vt 2.36874 7.12605
vt 2.38814 7.25490
vt 2.38015 7.14603
vt 2.38015 7.14603
vt 2.38814 7.25490
vt 2.36874 7.12605
vt 0.13451 5.77779
vt 0.09226 5.83429
vt 0.10966 5.76109
vt 0.10966 5.76109
vt 0.09226 5.83429
vt 0.13451 5.77779
vt 0.11571 5.77685
vt 0.13737 5.82673
vt 0.12845 5.76203
vt 0.12845 5.76203
vt 0.13737 5.82673
vt 0.11571 5.77685
vt 0.13529 5.77730
vt 0.09038 5.82902
vt 0.10887 5.76158
vt 0.10887 5.76158
vt 0.09038 5.82902
vt 0.13529 5.77730
vt 2.65700 5.83630
vt 2.65701 6.05300
vt 2.65701 5.85527
vt 2.65701 5.85527
vt 2.65701 6.05300
vt 2.65700 5.83630
vt 2.64876 5.85224
vt 2.67678 5.92678
vt 2.66525 5.83934
vt 2.66525 5.83934
vt 2.67678 5.92678
vt 2.64876 5.85224
vt 2.64264 5.84689
vt 2.69147 5.98117
vt 2.67136 5.84469
vt 2.67136 5.84469
vt 2.69147 5.98117
vt 2.64264 5.84689
vt -5.40817 5.93412
vt -5.40092 6.15679
vt -5.40391 5.95378
vt -5.40391 5.95378
vt -5.40092 6.15679
vt -5.40817 5.93412
vt -5.40669 5.93434
vt -5.40447 6.13524
vt -5.40539 5.95356
vt -5.40539 5.95356
vt -5.40447 6.13524
vt -5.40669 5.93434
vt -5.39029 5.94792
vt -5.44385 6.09238
vt -5.42179 5.93998
vt -5.42179 5.93998
vt -5.44385 6.09238
vt -5.39029 5.94792
vt 3.41797 7.94200
vt 3.46456 8.12345
vt 3.44538 7.93801
vt 3.44538 7.93801
vt 3.46456 8.12345
vt 3.41797 7.94200
vt 3.44116 7.94949
vt 3.40893 8.09621
vt 3.42220 7.93052
vt 3.42220 7.93052
vt 3.40893 8.09621
vt 3.44116 7.94949
vt 3.42096 7.94484
vt 3.45739 8.10921
vt 3.44239 7.93517
vt 3.44239 7.93517
vt 3.45739 8.10921
vt 3.42096 7.94484
vt 5.25139 6.58744
vt 5.24743 6.75260
vt 5.24906 6.60589
vt 5.24906 6.60589
vt 5.24743 6.75260
vt 5.25139 6.58744
vt 5.24584 6.60491
vt 5.26074 6.69643
vt 5.25461 6.58843
vt 5.25461 6.58843
vt 5.26074 6.69643
vt 5.24584 6.60491
vt 5.25798 6.58995
vt 5.23162 6.75921
vt 5.24247 6.60338
vt 5.24247 6.60338
vt 5.23162 6.75921
vt 5.25798 6.58995
vt -3.70692 -1.06182
vt -3.66887 -0.91881
vt -3.68454 -1.07075
vt -3.68454 -1.07075
vt -3.66887 -0.91881
vt -3.70692 -1.06182
vt -3.70869 -1.06344
vt -3.66463 -1.00195
vt -3.68277 -1.06913
vt -3.68277 -1.06913
vt -3.66463 -1.00195
vt -3.70869 -1.06344
vt -3.69048 -1.05628
vt -3.70832 -0.92573
vt -3.70097 -1.07628
vt -3.70097 -1.07628
vt -3.70832 -0.92573
vt -3.69048 -1.05628
vt -1.34025 9.01420
vt -1.29132 9.18561
vt -1.31147 9.01210
vt -1.31147 9.01210
vt -1.29132 9.18561
vt -1.34025 9.01420
vt -1.33416 9.00341
vt -1.30596 9.12961
vt -1.31757 9.02289
vt -1.31757 9.02289
vt -1.30596 9.12961
vt -1.33416 9.00341
vt -1.31197 9.02046
vt -1.35920 9.12640
vt -1.33975 9.00584
vt -1.33975 9.00584
vt -1.35920 9.12640
vt -1.31197 9.02046
vt -4.31774 0.79476
vt -4.36273 0.87367
vt -4.34421 0.77908
vt -4.34421 0.77908
vt -4.36273 0.87367
vt -4.31774 0.79476
vt -4.33426 0.79554
vt -4.32309 0.84122
vt -4.32769 0.77830
vt -4.32769 0.77830
vt -4.32309 0.84122
vt -4.33426 0.79554
vt -4.33881 0.79359
vt -4.31217 0.92902
vt -4.32314 0.78025
vt -4.32314 0.78025
vt -4.31217 0.92902
vt -4.33881 0.79359
vt -6.84081 -1.22455
vt -6.82643 -1.11912
vt -6.83235 -1.20457
vt -6.83235 -1.20457
vt -6.82643 -1.11912
vt -6.84081 -1.22455
vt -6.82206 -1.21540
vt -6.87144 -1.09999
vt -6.85111 -1.21372
vt -6.85111 -1.21372
vt -6.87144 -1.09999
vt -6.82206 -1.21540
vt -6.83710 -1.22415
vt -6.83534 -1.01971
vt -6.83606 -1.20498
vt -6.83606 -1.20498
vt -6.83534 -1.01971
vt -6.83710 -1.22415
vt -4.81396 -0.89903
vt -4.76452 -0.72100
vt -4.78488 -0.90067
vt -4.78488 -0.90067
vt -4.76452 -0.72100
vt -4.81396 -0.89903
vt -4.80687 -0.89297
vt -4.78154 -0.78094
vt -4.79197 -0.90673
vt -4.79197 -0.90673
vt -4.78154 -0.78094
vt -4.80687 -0.89297
vt -4.79651 -0.88994
vt -4.80639 -0.73160
vt -4.80232 -0.90976
vt -4.80232 -0.90976
vt -4.80639 -0.73160
vt -4.79651 -0.88994
vt -3.42593 9.33192
vt -3.47802 9.51909
vt -3.45657 9.33048
vt -3.45657 9.33048
vt -3.47802 9.51909
vt -3.42593 9.33192
vt -3.44365 9.32134
vt -3.43550 9.46906
vt -3.43885 9.34106
vt -3.43885 9.34106
vt -3.43550 9.46906
vt -3.44365 9.32134
vt -3.42637 9.33098
vt -3.47698 9.42214
vt -3.45614 9.33142
vt -3.45614 9.33142
vt -3.47698 9.42214
vt -3.42637 9.33098
vt -5.29599 6.59198
vt -5.30487 6.69975
vt -5.30121 6.57222
vt -5.30121 6.57222
vt -5.30487 6.69975
vt -5.29599 6.59198
vt -5.31421 6.57747
vt -5.26114 6.68849
vt -5.28299 6.58674
vt -5.28299 6.58674
vt -5.26114 6.68849
vt -5.31421 6.57747
vt -5.28935 6.57626
vt -5.32080 6.74911
vt -5.30785 6.58795
vt -5.30785 6.58795
vt -5.32080 6.74911
vt -5.28935 6.57626
vt -2.39034 6.03614
vt -2.38584 6.23128
vt -2.38769 6.05558
vt -2.38769 6.05558
vt -2.38584 6.23128
vt -2.39034 6.03614
vt -2.39432 6.03586
vt -2.37628 6.15307
vt -2.38371 6.05586
vt -2.38371 6.05586
vt -2.37628 6.15307
vt -2.39432 6.03586
vt -2.39169 6.05468
vt -2.38260 6.13746
vt -2.38634 6.03704
vt -2.38634 6.03704
vt -2.38260 6.13746
vt -2.39169 6.05468
vt -4.66572 10.05648
vt -4.65710 10.18721
vt -4.66065 10.03877
vt -4.66065 10.03877
vt -4.65710 10.18721
vt -4.66572 10.05648
vt -4.67299 10.03822
vt -4.63965 10.17735
vt -4.65338 10.05703
vt -4.65338 10.05703
vt -4.63965 10.17735
vt -4.67299 10.03822
vt -4.64862 10.04685
vt -4.69815 10.19519
vt -4.67775 10.04840
vt -4.67775 10.04840
vt -4.69815 10.19519
vt -4.64862 10.04685
vt -1.95862 7.86751
vt -1.91857 7.92245
vt -1.93506 7.85956
vt -1.93506 7.85956
vt -1.91857 7.92245
vt -1.95862 7.86751
vt -1.95829 7.85470
vt -1.91935 8.02696
vt -1.93539 7.87237
vt -1.93539 7.87237
vt -1.91935 8.02696
vt -1.95829 7.85470
vt -1.93141 7.86868
vt -1.98388 7.92397
vt -1.96227 7.85839
vt -1.96227 7.85839
vt -1.98388 7.92397
vt -1.93141 7.86868
vt -0.08957 5.98373
vt -0.11557 6.10848
vt -0.10486 5.96406
vt -0.10486 5.96406
vt -0.11557 6.10848
vt -0.08957 5.98373
vt -0.11202 5.97426
vt -0.06167 6.09105
vt -0.08240 5.97353
vt -0.08240 5.97353
vt -0.06167 6.09105
vt -0.11202 5.97426
vt -0.08780 5.98340
vt -0.11981 6.06126
vt -0.10663 5.96439
vt -0.10663 5.96439
vt -0.11981 6.06126
vt -0.08780 5.98340
vt 0.74441 4.90305
vt 0.69514 5.05847
vt 0.71543 4.88967
vt 0.71543 4.88967
vt 0.69514 5.05847
vt 0.74441 4.90305
vt 0.71731 4.89956
vt 0.76019 4.95783
vt 0.74254 4.89316
vt 0.74254 4.89316
vt 0.76019 4.95783
vt 0.71731 4.89956
vt 0.74234 4.89297
vt 0.70013 5.09872
vt 0.71751 4.89975
vt 0.71751 4.89975
vt 0.70013 5.09872
vt 0.74234 4.89297
vt -4.70653 -1.27963
vt -4.73390 -1.06415
vt -4.72263 -1.26652
vt -4.72263 -1.26652
vt -4.73390 -1.06415
vt -4.70653 -1.27963
vt -4.73021 -1.27476
vt -4.67707 -1.17794
vt -4.69895 -1.27140
vt -4.69895 -1.27140
vt -4.67707 -1.17794
vt -4.73021 -1.27476
vt -4.69936 -1.27261
vt -4.75110 -1.17992
vt -4.72979 -1.27354
vt -4.72979 -1.27354
vt -4.75110 -1.17992
vt -4.69936 -1.27261
vt 3.63017 5.58613
vt 3.66227 5.69754
vt 3.64905 5.60513
vt 3.64905 5.60513
vt 3.66227 5.69754
vt 3.63017 5.58613
vt 3.62380 5.59230
vt 3.67755 5.78172
vt 3.65542 5.59896
vt 3.65542 5.59896
vt 3.67755 5.78172
vt 3.62380 5.59230
vt 3.63165 5.58584
vt 3.65871 5.74768
vt 3.64757 5.60542
vt 3.64757 5.60542
vt 3.65871 5.74768
vt 3.63165 5.58584
vt 5.52737 6.21388
vt 5.49413 6.31265
vt 5.50781 6.19506
vt 5.50781 6.19506
vt 5.49413 6.31265
vt 5.52737 6.21388
vt 5.53314 6.20585
vt 5.48028 6.37481
vt 5.50205 6.20309
vt 5.50205 6.20309
vt 5.48028 6.37481
vt 5.53314 6.20585
vt 5.52290 6.21447
vt 5.50485 6.27210
vt 5.51228 6.19447
vt 5.51228 6.19447
vt 5.50485 6.27210
vt 5.52290 6.21447
vt -6.28251 0.06714
vt -6.23053 0.15919
vt -6.25193 0.06842
vt -6.25193 0.06842
vt -6.23053 0.15919
vt -6.28251 0.06714
vt -6.26358 0.05928
vt -6.27597 0.17670
vt -6.27086 0.07629
vt -6.27086 0.07629
vt -6.27597 0.17670
vt -6.26358 0.05928
vt -6.27557 0.05806
vt -6.24718 0.19215
vt -6.25887 0.07751
vt -6.25887 0.07751
vt -6.24718 0.19215
vt -6.27557 0.05806
vt 5.86638 -1.58200
vt 5.81331 -1.49695
vt 5.83516 -1.58522
vt 5.83516 -1.58522
vt 5.81331 -1.49695
vt 5.86638 -1.58200
vt 5.86645 -1.57927
vt 5.81313 -1.44934
vt 5.83508 -1.58795
vt 5.83508 -1.58795
vt 5.81313 -1.44934
vt 5.86645 -1.57927
vt 5.86638 -1.57898
vt 5.81330 -1.51530
vt 5.83516 -1.58824
vt 5.83516 -1.58824
vt 5.81330 -1.51530
vt 5.86638 -1.57898
vt 5.99421 5.77406
vt 5.94320 5.92237
vt 5.96420 5.76206
vt 5.96420 5.76206
vt 5.94320 5.92237
vt 5.99421 5.77406
vt 5.98063 5.75890
vt 5.97578 5.97274
vt 5.97778 5.77722
vt 5.97778 5.77722
vt 5.97578 5.97274
vt 5.98063 5.75890
vt 5.96816 5.77264
vt 6.00571 5.84006
vt 5.99025 5.76348
vt 5.99025 5.76348
vt 6.00571 5.84006
vt 5.96816 5.77264
vt -5.24596 -2.84898
vt -5.20007 -2.67950
vt -5.21896 -2.83369
vt -5.21896 -2.83369
vt -5.20007 -2.67950
vt -5.24596 -2.84898
vt -5.22888 -2.83138
vt -5.24105 -2.77058
vt -5.23604 -2.85129
vt -5.23604 -2.85129
vt -5.24105 -2.77058
vt -5.22888 -2.83138
vt -5.22347 -2.84734
vt -5.25402 -2.65223
vt -5.24144 -2.83533
vt -5.24144 -2.83533
vt -5.25402 -2.65223
vt -5.22347 -2.84734
vt 4.81024 -3.00908
vt 4.84331 -2.90480
vt 4.82969 -3.02015
vt 4.82969 -3.02015
vt 4.84331 -2.90480
vt 4.81024 -3.00908
vt 4.81037 -3.02407
vt 4.84300 -2.92416
vt 4.82956 -3.00515
vt 4.82956 -3.00515
vt 4.84300 -2.92416
vt 4.81037 -3.02407
vt 4.83124 -3.00571
vt 4.79290 -2.84579
vt 4.80869 -3.02352
vt 4.80869 -3.02352
vt 4.79290 -2.84579
vt 4.83124 -3.00571
vt 2.95997 4.80426
vt 2.92162 4.90035
vt 2.93741 4.78645
vt 2.93741 4.78645
vt 2.92162 4.90035
vt 2.95997 4.80426
vt 2.93568 4.79814
vt 2.97993 4.98198
vt 2.96171 4.79257
vt 2.96171 4.79257
vt 2.97993 4.98198
vt 2.93568 4.79814
vt 2.93298 4.79114
vt 2.98640 4.99168
vt 2.96440 4.79958
vt 2.96440 4.79958
vt 2.98640 4.99168
vt 2.93298 4.79114
vt -6.93329 -1.96275
vt -6.97069 -1.80741
vt -6.95529 -1.98078
vt -6.95529 -1.98078
vt -6.97069 -1.80741
vt -6.93329 -1.96275
vt -6.95496 -1.98090
vt -6.91870 -1.77391
vt -6.93363 -1.96263
vt -6.93363 -1.96263
vt -6.91870 -1.77391
vt -6.95496 -1.98090
vt -6.94923 -1.96374
vt -6.93244 -1.87148
vt -6.93935 -1.97979
vt -6.93935 -1.97979
vt -6.93244 -1.87148
vt -6.94923 -1.96374
vt 2.99897 5.47267
vt 2.94524 5.58972
vt 2.96736 5.46568
vt 2.96736 5.46568
vt 2.94524 5.58972
vt 2.99897 5.47267
vt 2.99487 5.47790
vt 2.95507 5.55360
vt 2.97146 5.46046
vt 2.97146 5.46046
vt 2.95507 5.55360
vt 2.99487 5.47790
vt 2.97827 5.45918
vt 2.99491 5.67724
vt 2.98806 5.47918
vt 2.98806 5.47918
vt 2.99491 5.67724
vt 2.97827 5.45918
vt -4.87397 -0.01148
vt -4.88927 0.15452
vt -4.88297 0.00491
vt -4.88297 0.00491
vt -4.88927 0.15452
vt -4.87397 -0.01148
vt -4.87629 0.00655
vt -4.88371 0.09717
vt -4.88065 -0.01312
vt -4.88065 -0.01312
vt -4.88371 0.09717
vt -4.87629 0.00655
vt -4.88262 0.00504
vt -4.86850 0.04953
vt -4.87432 -0.01161
vt -4.87432 -0.01161
vt -4.86850 0.04953
vt -4.88262 0.00504
vt 1.82107 -2.01202
vt 1.86784 -1.80847
vt 1.84858 -1.99717
vt 1.84858 -1.99717
vt 1.86784 -1.80847
vt 1.82107 -2.01202
vt 1.83299 -1.99554
vt 1.83923 -1.88829
vt 1.83666 -2.01365
vt 1.83666 -2.01365
vt 1.83923 -1.88829
vt 1.83299 -1.99554
vt 1.85052 -2.00259
vt 1.79715 -1.84842
vt 1.81913 -2.00660
vt 1.81913 -2.00660
vt 1.79715 -1.84842
vt 1.85052 -2.00259
vt -4.36615 6.62888
vt -4.34093 6.68022
vt -4.35132 6.61509
vt -4.35132 6.61509
vt -4.34093 6.68022
vt -4.36615 6.62888
vt -4.34412 6.62129
vt -4.39381 6.75033
vt -4.37335 6.62268
vt -4.37335 6.62268
vt -4.39381 6.75033
vt -4.34412 6.62129
vt -4.34438 6.62088
vt -4.39319 6.73804
vt -4.37309 6.62309
vt -4.37309 6.62309
vt -4.39319 6.73804
vt -4.34438 6.62088
vt -0.19463 4.18437
vt -0.24592 4.23470
vt -0.22480 4.17264
vt -0.22480 4.17264
vt -0.24592 4.23470
vt -0.19463 4.18437
vt -0.21568 4.18610
vt -0.19540 4.33302
vt -0.20375 4.17091
vt -0.20375 4.17091
vt -0.19540 4.33302
vt -0.21568 4.18610
vt -0.19550 4.18550
vt -0.24383 4.28847
vt -0.22393 4.17151
vt -0.22393 4.17151
vt -0.24383 4.28847
vt -0.19550 4.18550
vt -2.16407 7.85008
vt -2.21172 7.97868
vt -2.19210 7.85326
vt -2.19210 7.85326
vt -2.21172 7.97868
vt -2.16407 7.85008
vt -2.18182 7.84170
vt -2.16913 7.94938
vt -2.17436 7.86164
vt -2.17436 7.86164
vt -2.16913 7.94938
vt -2.18182 7.84170
vt -2.16311 7.85164
vt -2.21405 7.94457
vt -2.19307 7.85170
vt -2.19307 7.85170
vt -2.21405 7.94457
vt -2.16311 7.85164
vt -3.66386 9.97448
vt -3.71670 10.14501
vt -3.69494 9.97175
vt -3.69494 9.97175
vt -3.71670 10.14501
vt -3.66386 9.97448
vt -3.66769 9.98183
vt -3.70751 10.05084
vt -3.69111 9.96440
vt -3.69111 9.96440
vt -3.70751 10.05084
vt -3.66769 9.98183
vt -3.66364 9.97701
vt -3.71723 10.10419
vt -3.69516 9.96921
vt -3.69516 9.96921
vt -3.71723 10.10419
vt -3.66364 9.97701
vt -5.41503 -2.84082
vt -5.36129 -2.75118
vt -5.38342 -2.83496
vt -5.38342 -2.83496
vt -5.36129 -2.75118
vt -5.41503 -2.84082
vt -5.39065 -2.84414
vt -5.41980 -2.73681
vt -5.40780 -2.83163
vt -5.40780 -2.83163
vt -5.41980 -2.73681
vt -5.39065 -2.84414
vt -5.38491 -2.83100
vt -5.43358 -2.69846
vt -5.41354 -2.84478
vt -5.41354 -2.84478
vt -5.43358 -2.69846
vt -5.38491 -2.83100
vt -2.54979 7.53475
vt -2.60017 7.63231
vt -2.57942 7.53545
vt -2.57942 7.53545
vt -2.60017 7.63231
vt -2.54979 7.53475
vt -2.56292 7.54487
vt -2.56866 7.67409
vt -2.56630 7.52533
vt -2.56630 7.52533
vt -2.56866 7.67409
vt -2.56292 7.54487
vt -2.56171 7.52636
vt -2.57157 7.66902
vt -2.56751 7.54385
vt -2.56751 7.54385
vt -2.57157 7.66902
vt -2.56171 7.52636
vt -6.02766 5.66538
vt -6.01654 5.76803
vt -6.02112 5.64813
vt -6.02112 5.64813
vt -6.01654 5.76803
vt -6.02766 5.66538
vt -6.03297 5.64707
vt -6.00381 5.76343
vt -6.01582 5.66644
vt -6.01582 5.66644
vt -6.00381 5.76343
vt -6.03297 5.64707
vt -6.01111 5.65427
vt -6.05627 5.77694
vt -6.03768 5.65924
vt -6.03768 5.65924
vt -6.05627 5.77694
vt -6.01111 5.65427
vt 5.24611 -1.58798
vt 5.21253 -1.48596
vt 5.22636 -1.60675
vt 5.22636 -1.60675
vt 5.21253 -1.48596
vt 5.24611 -1.58798
vt 5.22587 -1.59227
vt 5.26111 -1.44493
vt 5.24660 -1.60246
vt 5.24660 -1.60246
vt 5.26111 -1.44493
vt 5.22587 -1.59227
vt 5.22130 -1.60347
vt 5.27208 -1.40005
vt 5.25117 -1.59126
vt 5.25117 -1.59126
vt 5.27208 -1.40005
vt 5.22130 -1.60347
vt 5.97198 -0.62842
vt 6.01467 -0.44518
vt 5.99709 -0.63493
vt 5.99709 -0.63493
vt 6.01467 -0.44518
vt 5.97198 -0.62842
vt 5.97172 -0.62868
vt 6.01530 -0.49310
vt 5.99735 -0.63467
vt 5.99735 -0.63467
vt 6.01530 -0.49310
vt 5.97172 -0.62868
vt 5.97734 -0.64156
vt 6.00181 -0.42924
vt 5.99173 -0.62179
vt 5.99173 -0.62179
vt 6.00181 -0.42924
vt 5.97734 -0.64156
vt -4.42355 6.97758
vt -4.39161 7.12198
vt -4.40476 6.99660
vt -4.40476 6.99660
vt -4.39161 7.12198
vt -4.42355 6.97758
vt -4.42864 6.98039
vt -4.37939 7.16328
vt -4.39967 6.99379
vt -4.39967 6.99379
vt -4.37939 7.16328
vt -4.42864 6.98039
vt -4.42578 6.99119
vt -4.38625 7.16197
vt -4.40253 6.98299
vt -4.40253 6.98299
vt -4.38625 7.16197
vt -4.42578 6.99119
vt 5.00026 -1.05599
vt 4.96299 -0.97864
vt 4.97834 -1.07405
vt 4.97834 -1.07405
vt 4.96299 -0.97864
vt 5.00026 -1.05599
vt 4.99995 -1.06990
vt 4.96372 -0.95019
vt 4.97864 -1.06015
vt 4.97864 -1.06015
vt 4.96372 -0.95019
vt 4.99995 -1.06990
vt 4.99302 -1.05506
vt 4.98036 -0.98903
vt 4.98557 -1.07499
vt 4.98557 -1.07499
vt 4.98036 -0.98903
vt 4.99302 -1.05506
vt -5.72027 -2.58993
vt -5.67223 -2.50697
vt -5.69201 -2.59280
vt -5.69201 -2.59280
vt -5.67223 -2.50697
vt -5.72027 -2.58993
vt -5.69045 -2.58943
vt -5.74378 -2.50776
vt -5.72182 -2.59330
vt -5.72182 -2.59330
vt -5.74378 -2.50776
vt -5.69045 -2.58943
vt -5.71427 -2.58485
vt -5.68663 -2.46786
vt -5.69801 -2.59788
vt -5.69801 -2.59788
vt -5.68663 -2.46786
vt -5.71427 -2.58485
vt 4.07667 6.38817
vt 4.09609 6.45554
vt 4.08809 6.37276
vt 4.08809 6.37276
vt 4.09609 6.45554
vt 4.07667 6.38817
vt 4.07689 6.37047
vt 4.09555 6.49450
vt 4.08787 6.39046
vt 4.08787 6.39046
vt 4.09555 6.49450
vt 4.07689 6.37047
vt 4.07928 6.37054
vt 4.08982 6.53613
vt 4.08548 6.39039
vt 4.08548 6.39039
vt 4.08982 6.53613
vt 4.07928 6.37054
vt 4.05156 -2.22944
vt 4.03992 -2.14116
vt 4.04471 -2.24933
vt 4.04471 -2.24933
vt 4.03992 -2.14116
vt 4.05156 -2.22944
vt 4.03279 -2.24017
vt 4.08497 -2.07702
vt 4.06348 -2.23860
vt 4.06348 -2.23860
vt 4.08497 -2.07702
vt 4.03279 -2.24017
vt 4.03431 -2.24676
vt 4.08131 -2.10100
vt 4.06196 -2.23201
vt 4.06196 -2.23201
vt 4.08131 -2.10100
vt 4.03431 -2.24676
vt 2.81464 -3.20829
vt 2.84850 -3.08481
vt 2.83456 -3.21904
vt 2.83456 -3.21904
vt 2.84850 -3.08481
vt 2.81464 -3.20829
vt 2.81273 -3.20977
vt 2.85308 -3.08221
vt 2.83647 -3.21756
vt 2.83647 -3.21756
vt 2.85308 -3.08221
vt 2.81273 -3.20977
vt 2.81965 -3.22366
vt 2.83647 -3.02045
vt 2.82954 -3.20366
vt 2.82954 -3.20366
vt 2.83647 -3.02045
vt 2.81965 -3.22366
vt -0.02697 4.50944
vt 0.00317 4.68481
vt -0.00924 4.52870
vt -0.00924 4.52870
vt 0.00317 4.68481
vt -0.02697 4.50944
vt -0.00415 4.51740
vt -0.05159 4.69360
vt -0.03206 4.52074
vt -0.03206 4.52074
vt -0.05159 4.69360
vt -0.00415 4.51740
vt -0.02375 4.52680
vt -0.00456 4.61721
vt -0.01246 4.51134
vt -0.01246 4.51134
vt -0.00456 4.61721
vt -0.02375 4.52680
vt 5.32010 6.17894
vt 5.29136 6.32538
vt 5.30320 6.19159
vt 5.30320 6.19159
vt 5.29136 6.32538
vt 5.32010 6.17894
vt 5.32295 6.18089
vt 5.28453 6.30791
vt 5.30035 6.18964
vt 5.30035 6.18964
vt 5.28453 6.30791
vt 5.32295 6.18089
vt 5.29974 6.17664
vt 5.34024 6.35351
vt 5.32356 6.19388
vt 5.32356 6.19388
vt 5.34024 6.35351
vt 5.29974 6.17664
vt -6.87391 -1.68436
vt -6.91295 -1.56173
vt -6.89688 -1.67591
vt -6.89688 -1.67591
vt -6.91295 -1.56173
vt -6.87391 -1.68436
vt -6.87017 -1.67452
vt -6.92192 -1.57282
vt -6.90061 -1.68575
vt -6.90061 -1.68575
vt -6.92192 -1.57282
vt -6.87017 -1.67452
vt -6.90120 -1.68303
vt -6.84746 -1.59565
vt -6.86959 -1.67724
vt -6.86959 -1.67724
vt -6.84746 -1.59565
vt -6.90120 -1.68303
vt 5.01416 -0.83160
vt 4.99764 -0.70563
vt 5.00444 -0.85160
vt 5.00444 -0.85160
vt 4.99764 -0.70563
vt 5.01416 -0.83160
vt 4.99884 -0.85081
vt 5.03440 -0.62528
vt 5.01976 -0.83240
vt 5.01976 -0.83240
vt 5.03440 -0.62528
vt 4.99884 -0.85081
vt 5.01497 -0.83161
vt 4.99569 -0.74615
vt 5.00363 -0.85159
vt 5.00363 -0.85159
vt 4.99569 -0.74615
vt 5.01497 -0.83161
vt 3.69845 5.69864
vt 3.74902 5.86466
vt 3.72820 5.71103
vt 3.72820 5.71103
vt 3.74902 5.86466
vt 3.69845 5.69864
vt 3.72747 5.71190
vt 3.67937 5.82250
vt 3.69918 5.69776
vt 3.69918 5.69776
vt 3.67937 5.82250
vt 3.72747 5.71190
vt 3.72603 5.70173
vt 3.68283 5.78467
vt 3.70062 5.70794
vt 3.70062 5.70794
vt 3.68283 5.78467
vt 3.72603 5.70173
vt 6.11670 5.59333
vt 6.15695 5.78685
vt 6.14038 5.61065
vt 6.14038 5.61065
vt 6.15695 5.78685
vt 6.11670 5.59333
vt 6.13026 5.61176
vt 6.12440 5.64581
vt 6.12682 5.59222
vt 6.12682 5.59222
vt 6.12440 5.64581
vt 6.13026 5.61176
vt 6.14142 5.61007
vt 6.09762 5.70219
vt 6.11566 5.59391
vt 6.11566 5.59391
vt 6.09762 5.70219
vt 6.14142 5.61007
vt 1.54887 -2.51635
vt 1.49900 -2.35242
vt 1.51953 -2.52931
vt 1.51953 -2.52931
vt 1.49900 -2.35242
vt 1.54887 -2.51635
vt 1.54992 -2.52068
vt 1.49646 -2.39096
vt 1.51848 -2.52498
vt 1.51848 -2.52498
vt 1.49646 -2.39096
vt 1.54992 -2.52068
vt 1.53771 -2.51288
vt 1.52578 -2.38300
vt 1.53069 -2.53278
vt 1.53069 -2.53278
vt 1.52578 -2.38300
vt 1.53771 -2.51288
vt 6.02056 -0.28592
vt 6.01354 -0.14707
vt 6.01643 -0.26794
vt 6.01643 -0.26794
vt 6.01354 -0.14707
vt 6.02056 -0.28592
vt 6.00305 -0.27801
vt 6.05558 -0.15251
vt 6.03395 -0.27586
vt 6.03395 -0.27586
vt 6.05558 -0.15251
vt 6.00305 -0.27801
vt 6.00342 -0.27709
vt 6.05469 -0.16729
vt 6.03358 -0.27677
vt 6.03358 -0.27677
vt 6.05469 -0.16729
vt 6.00342 -0.27709
vt 6.69768 9.28343
vt 6.68405 9.44090
vt 6.68966 9.26347
vt 6.68966 9.26347
vt 6.68405 9.44090
vt 6.69768 9.28343
vt 6.70494 9.28236
vt 6.66661 9.42917
vt 6.68240 9.26454
vt 6.68240 9.26454
vt 6.66661 9.42917
vt 6.70494 9.28236
vt 6.67842 9.27291
vt 6.73026 9.37939
vt 6.70891 9.27398
vt 6.70891 9.27398
vt 6.73026 9.37939
vt 6.67842 9.27291
vt 0.64196 6.50666
vt 0.64375 6.62653
vt 0.64301 6.48791
vt 0.64301 6.48791
vt 0.64375 6.62653
vt 0.64196 6.50666
vt 0.64328 6.48797
vt 0.64057 6.69785
vt 0.64169 6.50660
vt 0.64169 6.50660
vt 0.64057 6.69785
vt 0.64328 6.48797
vt 0.65454 6.49355
vt 0.61356 6.63956
vt 0.63043 6.50101
vt 0.63043 6.50101
vt 0.61356 6.63956
vt 0.65454 6.49355
vt -3.29464 6.41656
vt -3.29361 6.53668
vt -3.29404 6.43565
vt -3.29404 6.43565
vt -3.29361 6.53668
vt -3.29464 6.41656
vt -3.27855 6.42975
vt -3.33224 6.58784
vt -3.31013 6.42246
vt -3.31013 6.42246
vt -3.33224 6.58784
vt -3.27855 6.42975
vt -3.28134 6.42331
vt -3.32555 6.51508
vt -3.30735 6.42890
vt -3.30735 6.42890
vt -3.32555 6.51508
vt -3.28134 6.42331
vt 6.57503 0.16038
vt 6.62856 0.34429
vt 6.60652 0.16843
vt 6.60652 0.16843
vt 6.62856 0.34429
vt 6.57503 0.16038
vt 6.60050 0.15886
vt 6.56745 0.32046
vt 6.58106 0.16994
vt 6.58106 0.16994
vt 6.56745 0.32046
vt 6.60050 0.15886
vt 6.57604 0.16490
vt 6.62614 0.35346
vt 6.60551 0.16391
vt 6.60551 0.16391
vt 6.62614 0.35346
vt 6.57604 0.16490
vt -5.88920 -1.06328
vt -5.87540 -0.96682
vt -5.88109 -1.07999
vt -5.88109 -1.07999
vt -5.87540 -0.96682
vt -5.88920 -1.06328
vt -5.89347 -1.08137
vt -5.86517 -0.88616
vt -5.87682 -1.06191
vt -5.87682 -1.06191
vt -5.86517 -0.88616
vt -5.89347 -1.08137
vt -5.87611 -1.07762
vt -5.90682 -0.93160
vt -5.89418 -1.06566
vt -5.89418 -1.06566
vt -5.90682 -0.93160
vt -5.87611 -1.07762
vt -7.61356 -2.05879
vt -7.66716 -1.88428
vt -7.64509 -2.06363
vt -7.64509 -2.06363
vt -7.66716 -1.88428
vt -7.61356 -2.05879
vt -7.64354 -2.06820
vt -7.59520 -1.88889
vt -7.61510 -2.05422
vt -7.61510 -2.05422
vt -7.59520 -1.88889
vt -7.64354 -2.06820
vt -7.64377 -2.06024
vt -7.59466 -1.95137
vt -7.61488 -2.06218
vt -7.61488 -2.06218
vt -7.59466 -1.95137
vt -7.64377 -2.06024
vt -4.53474 4.96222
vt -4.56128 5.10801
vt -4.55035 4.97560
vt -4.55035 4.97560
vt -4.56128 5.10801
vt -4.53474 4.96222
vt -4.54465 4.97789
vt -4.53749 5.02517
vt -4.54044 4.95993
vt -4.54044 4.95993
vt -4.53749 5.02517
vt -4.54465 4.97789
vt -4.52710 4.97403
vt -4.57962 5.12716
vt -4.55799 4.96379
vt -4.55799 4.96379
vt -4.57962 5.12716
vt -4.52710 4.97403
vt -4.05449 8.87583
vt -4.03913 9.01606
vt -4.04545 8.85945
vt -4.04545 8.85945
vt -4.03913 9.01606
vt -4.05449 8.87583
vt -4.03989 8.86235
vt -4.07419 8.97015
vt -4.06006 8.87293
vt -4.06006 8.87293
vt -4.07419 8.97015
vt -4.03989 8.86235
vt -4.03643 8.87524
vt -4.08248 9.03869
vt -4.06352 8.86004
vt -4.06352 8.86004
vt -4.08248 9.03869
vt -4.03643 8.87524
vt -4.13301 9.26434
vt -4.12467 9.41915
vt -4.12810 9.24657
vt -4.12810 9.24657
vt -4.12467 9.41915
vt -4.13301 9.26434
vt -4.12147 9.26504
vt -4.15237 9.34344
vt -4.13965 9.24588
vt -4.13965 9.24588
vt -4.15237 9.34344
vt -4.12147 9.26504
vt -4.13880 9.24571
vt -4.11078 9.38315
vt -4.12232 9.26520
vt -4.12232 9.26520
vt -4.11078 9.38315
vt -4.13880 9.24571
vt -6.78668 -1.30501
vt -6.82172 -1.13349
vt -6.80729 -1.29474
vt -6.80729 -1.29474
vt -6.82172 -1.13349
vt -6.78668 -1.30501
vt -6.78733 -1.29043
vt -6.82016 -1.22115
vt -6.80664 -1.30932
vt -6.80664 -1.30932
vt -6.82016 -1.22115
vt -6.78733 -1.29043
vt -6.80404 -1.29280
vt -6.78005 -1.21695
vt -6.78993 -1.30696
vt -6.78993 -1.30696
vt -6.78005 -1.21695
vt -6.80404 -1.29280
vt 7.05365 6.28145
vt 7.00095 6.42627
vt 7.02265 6.27899
vt 7.02265 6.27899
vt 7.00095 6.42627
vt 7.05365 6.28145
vt 7.04217 6.29020
vt 7.02851 6.35115
vt 7.03413 6.27024
vt 7.03413 6.27024
vt 7.02851 6.35115
vt 7.04217 6.29020
vt 7.02350 6.28086
vt 7.07330 6.34825
vt 7.05280 6.27957
vt 7.05280 6.27957
vt 7.07330 6.34825
vt 7.02350 6.28086
vt -0.92860 6.95584
vt -0.98236 7.02878
vt -0.96022 6.94952
vt -0.96022 6.94952
vt -0.98236 7.02878
vt -0.92860 6.95584
vt -0.95516 6.94357
vt -0.91862 7.15724
vt -0.93367 6.96179
vt -0.93367 6.96179
vt -0.91862 7.15724
vt -0.95516 6.94357
vt -0.95580 6.94382
vt -0.91708 7.13300
vt -0.93302 6.96154
vt -0.93302 6.96154
vt -0.91708 7.13300
vt -0.95580 6.94382
vt 1.35734 4.13272
vt 1.40974 4.23603
vt 1.38816 4.13464
vt 1.38816 4.13464
vt 1.40974 4.23603
vt 1.35734 4.13272
vt 1.38481 4.14223
vt 1.34382 4.27218
vt 1.36070 4.12513
vt 1.36070 4.12513
vt 1.34382 4.27218
vt 1.38481 4.14223
vt 1.37084 4.12388
vt 1.37734 4.24277
vt 1.37466 4.14348
vt 1.37466 4.14348
vt 1.37734 4.24277
vt 1.37084 4.12388
vt 3.37602 6.61887
vt 3.42565 6.70824
vt 3.40521 6.63200
vt 3.40521 6.63200
vt 3.42565 6.70824
vt 3.37602 6.61887
vt 3.37882 6.62939
vt 3.41892 6.74708
vt 3.40241 6.62147
vt 3.40241 6.62147
vt 3.41892 6.74708
vt 3.37882 6.62939
vt 3.38238 6.63188
vt 3.41038 6.74547
vt 3.39885 6.61898
vt 3.39885 6.61898
vt 3.41038 6.74547
vt 3.38238 6.63188
vt -1.52898 5.07387
vt -1.57632 5.13842
vt -1.55683 5.05931
vt -1.55683 5.05931
vt -1.57632 5.13842
vt -1.52898 5.07387
vt -1.53948 5.05801
vt -1.55113 5.27812
vt -1.54633 5.07517
vt -1.54633 5.07517
vt -1.55113 5.27812
vt -1.53948 5.05801
vt -1.52799 5.06643
vt -1.57870 5.16785
vt -1.55782 5.06675
vt -1.55782 5.06675
vt -1.57870 5.16785
vt -1.52799 5.06643
vt 1.17395 7.93118
vt 1.22451 8.06449
vt 1.20369 7.93069
vt 1.20369 7.93069
vt 1.22451 8.06449
vt 1.17395 7.93118
vt 1.17420 7.93162
vt 1.22391 8.02250
vt 1.20344 7.93025
vt 1.20344 7.93025
vt 1.22391 8.02250
vt 1.17420 7.93162
vt 1.18866 7.94039
vt 1.18921 7.99199
vt 1.18898 7.92148
vt 1.18898 7.92148
vt 1.18921 7.99199
vt 1.18866 7.94039
vt -1.18848 6.52927
vt -1.23806 6.57339
vt -1.21765 6.51610
vt -1.21765 6.51610
vt -1.23806 6.57339
vt -1.18848 6.52927
vt -1.18825 6.52233
vt -1.23862 6.65152
vt -1.21788 6.52304
vt -1.21788 6.52304
vt -1.23862 6.65152
vt -1.18825 6.52233
vt -1.21015 6.51279
vt -1.18607 6.64451
vt -1.19598 6.53259
vt -1.19598 6.53259
vt -1.18607 6.64451
vt -1.21015 6.51279
vt 5.24337 0.55892
vt 5.29701 0.70550
vt 5.27492 0.56397
vt 5.27492 0.56397
vt 5.29701 0.70550
vt 5.24337 0.55892
vt 5.26154 0.57130
vt 5.25340 0.70860
vt 5.25675 0.55159
vt 5.25675 0.55159
vt 5.25340 0.70860
vt 5.26154 0.57130
vt 5.25830 0.57075
vt 5.26116 0.61250
vt 5.25999 0.55214
vt 5.25999 0.55214
vt 5.26116 0.61250
vt 5.25830 0.57075
vt 3.92000 7.30664
vt 3.90547 7.45238
vt 3.91146 7.32320
vt 3.91146 7.32320
vt 3.90547 7.45238
vt 3.92000 7.30664
vt 3.92544 7.32435
vt 3.89243 7.35908
vt 3.90602 7.30549
vt 3.90602 7.30549
vt 3.89243 7.35908
vt 3.92544 7.32435
vt 3.92718 7.32375
vt 3.88825 7.45270
vt 3.90428 7.30608
vt 3.90428 7.30608
vt 3.88825 7.45270
vt 3.92718 7.32375
vt -1.13899 6.33064
vt -1.13462 6.44335
vt -1.13642 6.35006
vt -1.13642 6.35006
vt -1.13462 6.44335
vt -1.13899 6.33064
vt -1.15295 6.33477
vt -1.10114 6.49728
vt -1.12247 6.34593
vt -1.12247 6.34593
vt -1.10114 6.49728
vt -1.15295 6.33477
vt -1.12212 6.34504
vt -1.17513 6.52064
vt -1.15330 6.33566
vt -1.15330 6.33566
vt -1.17513 6.52064
vt -1.12212 6.34504
vt 3.83523 6.98158
vt 3.88647 7.10541
vt 3.86537 6.98187
vt 3.86537 6.98187
vt 3.88647 7.10541
vt 3.83523 6.98158
vt 3.84125 6.98769
vt 3.87201 7.14855
vt 3.85935 6.97575
vt 3.85935 6.97575
vt 3.87201 7.14855
vt 3.84125 6.98769
vt 3.83469 6.97710
vt 3.88777 7.07933
vt 3.86591 6.98634
vt 3.86591 6.98634
vt 3.88777 7.07933
vt 3.83469 6.97710
vt -0.43960 6.14257
vt -0.47531 6.23970
vt -0.46061 6.12418
vt -0.46061 6.12418
vt -0.47531 6.23970
vt -0.43960 6.14257
vt -0.45446 6.12339
vt -0.43966 6.34668
vt -0.44575 6.14337
vt -0.44575 6.14337
vt -0.43966 6.34668
vt -0.45446 6.12339
vt -0.43535 6.13292
vt -0.48551 6.21028
vt -0.46486 6.13384
vt -0.46486 6.13384
vt -0.48551 6.21028
vt -0.43535 6.13292
vt 3.99971 5.34461
vt 4.01469 5.51940
vt 4.00852 5.36459
vt 4.00852 5.36459
vt 4.01469 5.51940
vt 3.99971 5.34461
vt 4.01992 5.35812
vt 3.96620 5.51171
vt 3.98832 5.35108
vt 3.98832 5.35108
vt 3.96620 5.51171
vt 4.01992 5.35812
vt 3.99290 5.34567
vt 4.03104 5.52106
vt 4.01533 5.36353
vt 4.01533 5.36353
vt 4.03104 5.52106
vt 3.99290 5.34567
vt 4.66533 6.00825
vt 4.61474 6.09380
vt 4.63557 5.99587
vt 4.63557 5.99587
vt 4.61474 6.09380
vt 4.66533 6.00825
vt 4.63481 6.00032
vt 4.68799 6.15118
vt 4.66609 6.00380
vt 4.66609 6.00380
vt 4.68799 6.15118
vt 4.63481 6.00032
vt 4.66076 6.01131
vt 4.62569 6.11828
vt 4.64013 5.99281
vt 4.64013 5.99281
vt 4.62569 6.11828
vt 4.66076 6.01131
vt -1.14469 6.37212
vt -1.09182 6.56460
vt -1.11359 6.37491
vt -1.11359 6.37491
vt -1.09182 6.56460
vt -1.14469 6.37212
vt -1.14495 6.37046
vt -1.09120 6.56359
vt -1.11333 6.37658
vt -1.11333 6.37658
vt -1.09120 6.56359
vt -1.14495 6.37046
vt -1.11989 6.36768
vt -1.15135 6.54700
vt -1.13839 6.37936
vt -1.13839 6.37936
vt -1.15135 6.54700
vt -1.11989 6.36768
vt -5.92621 0.63800
vt -5.89111 0.82920
vt -5.90556 0.65650
vt -5.90556 0.65650
vt -5.89111 0.82920
vt -5.92621 0.63800
vt -5.91497 0.65690
vt -5.91809 0.74810
vt -5.91681 0.63759
vt -5.91681 0.63759
vt -5.91809 0.74810
vt -5.91497 0.65690
vt -5.90015 0.64946
vt -5.95365 0.79741
vt -5.93162 0.64503
vt -5.93162 0.64503
vt -5.95365 0.79741
vt -5.90015 0.64946
vt -3.04690 5.15083
vt -3.03062 5.24207
vt -3.03732 5.13466
vt -3.03732 5.13466
vt -3.03062 5.24207
vt -3.04690 5.15083
vt -3.04380 5.15184
vt -3.03807 5.22188
vt -3.04043 5.13365
vt -3.04043 5.13365
vt -3.03807 5.22188
vt -3.04380 5.15184
vt -3.05612 5.13554
vt -3.00850 5.32519
vt -3.02811 5.14995
vt -3.02811 5.14995
vt -3.00850 5.32519
vt -3.05612 5.13554
vt -1.41626 6.11642
vt -1.41488 6.17488
vt -1.41545 6.09761
vt -1.41545 6.09761
vt -1.41488 6.17488
vt -1.41626 6.11642
vt -1.43125 6.10177
vt -1.37891 6.21673
vt -1.40046 6.11226
vt -1.40046 6.11226
vt -1.37891 6.21673
vt -1.43125 6.10177
vt -1.42391 6.09724
vt -1.39651 6.19871
vt -1.40779 6.11679
vt -1.40779 6.11679
vt -1.39651 6.19871
vt -1.42391 6.09724
vt -5.05832 0.23798
vt -5.09885 0.35649
vt -5.08216 0.24569
vt -5.08216 0.24569
vt -5.09885 0.35649
vt -5.05832 0.23798
vt -5.08273 0.24515
vt -5.04026 0.32212
vt -5.05775 0.23852
vt -5.05775 0.23852
vt -5.04026 0.32212
vt -5.08273 0.24515
vt -5.05474 0.24307
vt -5.10745 0.38047
vt -5.08575 0.24060
vt -5.08575 0.24060
vt -5.10745 0.38047
vt -5.05474 0.24307
vt -4.37747 8.99977
vt -4.32425 9.08471
vt -4.34617 9.00871
vt -4.34617 9.00871
vt -4.32425 9.08471
vt -4.37747 8.99977
vt -4.36105 9.01387
vt -4.36366 9.09748
vt -4.36259 8.99461
vt -4.36259 8.99461
vt -4.36366 9.09748
vt -4.36105 9.01387
vt -4.34604 9.00682
vt -4.39970 9.13276
vt -4.37760 9.00167
vt -4.37760 9.00167
vt -4.39970 9.13276
vt -4.34604 9.00682
vt 5.09142 7.54166
vt 5.06625 7.62277
vt 5.07661 7.52193
vt 5.07661 7.52193
vt 5.06625 7.62277
vt 5.09142 7.54166
vt 5.07545 7.53806
vt 5.10457 7.66736
vt 5.09258 7.52554
vt 5.09258 7.52554
vt 5.10457 7.66736
vt 5.07545 7.53806
vt 5.07311 7.53649
vt 5.11018 7.59227
vt 5.09492 7.52711
vt 5.09492 7.52711
vt 5.11018 7.59227
vt 5.07311 7.53649
vt -5.16745 0.48960
vt -5.21336 0.58397
vt -5.19446 0.47432
vt -5.19446 0.47432
vt -5.21336 0.58397
vt -5.16745 0.48960
vt -5.16591 0.48205
vt -5.21706 0.55325
vt -5.19600 0.48187
vt -5.19600 0.48187
vt -5.21706 0.55325
vt -5.16591 0.48205
vt -5.19569 0.48246
vt -5.14560 0.65347
vt -5.16622 0.48146
vt -5.16622 0.48146
vt -5.14560 0.65347
vt -5.19569 0.48246
vt 4.28692 -2.47868
vt 4.27261 -2.35695
vt 4.27850 -2.49865
vt 4.27850 -2.49865
vt 4.27261 -2.35695
vt 4.28692 -2.47868
vt 4.29224 -2.49433
vt 4.25985 -2.33976
vt 4.27319 -2.48300
vt 4.27319 -2.48300
vt 4.25985 -2.33976
vt 4.29224 -2.49433
vt 4.27376 -2.49828
vt 4.30420 -2.28974
vt 4.29166 -2.47906
vt 4.29166 -2.47906
vt 4.30420 -2.28974
vt 4.27376 -2.49828
vt 3.61938 -0.19579
vt 3.63580 -0.04361
vt 3.62904 -0.17579
vt 3.62904 -0.17579
vt 3.63580 -0.04361
vt 3.61938 -0.19579
vt 3.60858 -0.19034
vt 3.66173 0.01889
vt 3.63984 -0.18125
vt 3.63984 -0.18125
vt 3.66173 0.01889
vt 3.60858 -0.19034
vt 3.63096 -0.17586
vt 3.60801 -0.11532
vt 3.61746 -0.19572
vt 3.61746 -0.19572
vt 3.60801 -0.11532
vt 3.63096 -0.17586
vt 3.80834 -2.96418
vt 3.77532 -2.86944
vt 3.78891 -2.98303
vt 3.78891 -2.98303
vt 3.77532 -2.86944
vt 3.80834 -2.96418
vt 3.80494 -2.96364
vt 3.78347 -2.86768
vt 3.79231 -2.98357
vt 3.79231 -2.98357
vt 3.78347 -2.86768
vt 3.80494 -2.96364
vt 3.78889 -2.98303
vt 3.82201 -2.79262
vt 3.80837 -2.96418
vt 3.80837 -2.96418
vt 3.82201 -2.79262
vt 3.78889 -2.98303
vt -7.17176 -1.68861
vt -7.18076 -1.62682
vt -7.17706 -1.70837
vt -7.17706 -1.70837
vt -7.18076 -1.62682
vt -7.17176 -1.68861
vt -7.17181 -1.68861
vt -7.18063 -1.63847
vt -7.17700 -1.70837
vt -7.17700 -1.70837
vt -7.18063 -1.63847
vt -7.17181 -1.68861
vt -7.17012 -1.70676
vt -7.18470 -1.57661
vt -7.17870 -1.69022
vt -7.17870 -1.69022
vt -7.18470 -1.57661
vt -7.17012 -1.70676
vt 2.61373 -3.13487
vt 2.56990 -3.04547
vt 2.58795 -3.15101
vt 2.58795 -3.15101
vt 2.56990 -3.04547
vt 2.61373 -3.13487
vt 2.59949 -3.13376
vt 2.60410 -3.02855
vt 2.60220 -3.15212
vt 2.60220 -3.15212
vt 2.60410 -3.02855
vt 2.59949 -3.13376
vt 2.61654 -3.14095
vt 2.56317 -3.03147
vt 2.58515 -3.14494
vt 2.58515 -3.14494
vt 2.56317 -3.03147
vt 2.61654 -3.14095
vt 5.18663 5.77625
vt 5.13346 5.84305
vt 5.15535 5.76720
vt 5.15535 5.76720
vt 5.13346 5.84305
vt 5.18663 5.77625
vt 5.18580 5.77801
vt 5.13544 5.87042
vt 5.15618 5.76544
vt 5.15618 5.76544
vt 5.13544 5.87042
vt 5.18580 5.77801
vt 5.16102 5.76237
vt 5.19492 5.94476
vt 5.18096 5.78108
vt 5.18096 5.78108
vt 5.19492 5.94476
vt 5.16102 5.76237
vt 3.37136 8.16848
vt 3.35070 8.28716
vt 3.35921 8.14853
vt 3.35921 8.14853
vt 3.35070 8.28716
vt 3.37136 8.16848
vt 3.37858 8.16630
vt 3.33338 8.26587
vt 3.35199 8.15071
vt 3.35199 8.15071
vt 3.33338 8.26587
vt 3.37858 8.16630
vt 3.37399 8.15233
vt 3.34438 8.28358
vt 3.35657 8.16468
vt 3.35657 8.16468
vt 3.34438 8.28358
vt 3.37399 8.15233
vt -5.47891 -3.18471
vt -5.42677 -2.98869
vt -5.44824 -3.18319
vt -5.44824 -3.18319
vt -5.42677 -2.98869
vt -5.47891 -3.18471
vt -5.47470 -3.17943
vt -5.43688 -3.10399
vt -5.45245 -3.18847
vt -5.45245 -3.18847
vt -5.43688 -3.10399
vt -5.47470 -3.17943
vt -5.47581 -3.18039
vt -5.43421 -3.07094
vt -5.45134 -3.18751
vt -5.45134 -3.18751
vt -5.43421 -3.07094
vt -5.47581 -3.18039
vt 4.12762 -1.04275
vt 4.14140 -0.86887
vt 4.13573 -1.02279
vt 4.13573 -1.02279
vt 4.14140 -0.86887
vt 4.12762 -1.04275
vt 4.11743 -1.03974
vt 4.16586 -0.91969
vt 4.14592 -1.02580
vt 4.14592 -1.02580
vt 4.16586 -0.91969
vt 4.11743 -1.03974
vt 4.13516 -1.02282
vt 4.12330 -0.98416
vt 4.12818 -1.04272
vt 4.12818 -1.04272
vt 4.12330 -0.98416
vt 4.13516 -1.02282
vt 2.19381 -2.35667
vt 2.20081 -2.22094
vt 2.19793 -2.33704
vt 2.19793 -2.33704
vt 2.20081 -2.22094
vt 2.19381 -2.35667
vt 2.19011 -2.33917
vt 2.20970 -2.23464
vt 2.20163 -2.35454
vt 2.20163 -2.35454
vt 2.20970 -2.23464
vt 2.19011 -2.33917
vt 2.21012 -2.34812
vt 2.16167 -2.15410
vt 2.18162 -2.34560
vt 2.18162 -2.34560
vt 2.16167 -2.15410
vt 2.21012 -2.34812
vt 3.61310 -2.89517
vt 3.60257 -2.81992
vt 3.60690 -2.91501
vt 3.60690 -2.91501
vt 3.60257 -2.81992
vt 3.61310 -2.89517
vt 3.61104 -2.91435
vt 3.60752 -2.71810
vt 3.60897 -2.89583
vt 3.60897 -2.89583
vt 3.60752 -2.71810
vt 3.61104 -2.91435
vt 3.62191 -2.89647
vt 3.58142 -2.85757
vt 3.59809 -2.91371
vt 3.59809 -2.91371
vt 3.58142 -2.85757
vt 3.62191 -2.89647
vt -2.72655 4.81121
vt -2.77143 5.00969
vt -2.75295 4.81637
vt -2.75295 4.81637
vt -2.77143 5.00969
vt -2.72655 4.81121
vt -2.74781 4.82034
vt -2.72042 4.95870
vt -2.73170 4.80724
vt -2.73170 4.80724
vt -2.72042 4.95870
vt -2.74781 4.82034
vt -2.72581 4.81210
vt -2.77321 4.97698
vt -2.75369 4.81548
vt -2.75369 4.81548
vt -2.77321 4.97698
vt -2.72581 4.81210
vt -5.19013 -1.39456
vt -5.13811 -1.23706
vt -5.15953 -1.38364
vt -5.15953 -1.38364
vt -5.13811 -1.23706
vt -5.19013 -1.39456
vt -5.16559 -1.39495
vt -5.19702 -1.20145
vt -5.18407 -1.38325
vt -5.18407 -1.38325
vt -5.19702 -1.20145
vt -5.16559 -1.39495
vt -5.18821 -1.38672
vt -5.14273 -1.28177
vt -5.16145 -1.39148
vt -5.16145 -1.39148
vt -5.14273 -1.28177
vt -5.18821 -1.38672
vt 8.27297 7.85353
vt 8.22260 7.95414
vt 8.24334 7.84097
vt 8.24334 7.84097
vt 8.22260 7.95414
vt 8.27297 7.85353
vt 8.27144 7.85505
vt 8.22627 7.98714
vt 8.24487 7.83945
vt 8.24487 7.83945
vt 8.22627 7.98714
vt 8.27144 7.85505
vt 8.25471 7.85582
vt 8.26642 7.92730
vt 8.26160 7.83868
vt 8.26160 7.83868
vt 8.26642 7.92730
vt 8.25471 7.85582
vt 5.18156 7.41605
vt 5.19917 7.48338
vt 5.19192 7.40020
vt 5.19192 7.40020
vt 5.19917 7.48338
vt 5.18156 7.41605
vt 5.17279 7.40087
vt 5.22023 7.57260
vt 5.20070 7.41538
vt 5.20070 7.41538
vt 5.22023 7.57260
vt 5.17279 7.40087
vt 5.17109 7.40634
vt 5.22431 7.52639
vt 5.20240 7.40991
vt 5.20240 7.40991
vt 5.22431 7.52639
vt 5.17109 7.40634
vt -0.11061 7.51808
vt -0.13523 7.62568
vt -0.12509 7.49831
vt -0.12509 7.49831
vt -0.13523 7.62568
vt -0.11061 7.51808
vt -0.13031 7.51155
vt -0.08795 7.68638
vt -0.10539 7.50485
vt -0.10539 7.50485
vt -0.08795 7.68638
vt -0.13031 7.51155
vt -0.13025 7.51160
vt -0.08808 7.59567
vt -0.10545 7.50479
vt -0.10545 7.50479
vt -0.08808 7.59567
vt -0.13025 7.51160
vt 4.66485 -1.79543
vt 4.71848 -1.71876
vt 4.69640 -1.79044
vt 4.69640 -1.79044
vt 4.71848 -1.71876
vt 4.66485 -1.79543
vt 4.68542 -1.78294
vt 4.66910 -1.70168
vt 4.67582 -1.80294
vt 4.67582 -1.80294
vt 4.66910 -1.70168
vt 4.68542 -1.78294
vt 4.69401 -1.78521
vt 4.64849 -1.68241
vt 4.66723 -1.80066
vt 4.66723 -1.80066
vt 4.64849 -1.68241
vt 4.69401 -1.78521
vt 5.64129 6.53868
vt 5.67932 6.68374
vt 5.66366 6.52974
vt 5.66366 6.52974
vt 5.67932 6.68374
vt 5.64129 6.53868
vt 5.65516 6.54409
vt 5.64604 6.64333
vt 5.64979 6.52432
vt 5.64979 6.52432
vt 5.64604 6.64333
vt 5.65516 6.54409
vt 5.66735 6.54040
vt 5.61678 6.70059
vt 5.63760 6.52801
vt 5.63760 6.52801
vt 5.61678 6.70059
vt 5.66735 6.54040
vt 3.03086 5.60943
vt 3.08335 5.78106
vt 3.06174 5.61969
vt 3.06174 5.61969
vt 3.08335 5.78106
vt 3.03086 5.60943
vt 3.03093 5.61372
vt 3.08318 5.71864
vt 3.06166 5.61540
vt 3.06166 5.61540
vt 3.08318 5.71864
vt 3.03093 5.61372
vt 3.05575 5.62406
vt 3.02361 5.70716
vt 3.03684 5.60507
vt 3.03684 5.60507
vt 3.02361 5.70716
vt 3.05575 5.62406
vt 6.54884 7.76730
vt 6.50705 7.82494
vt 6.52426 7.75045
vt 6.52426 7.75045
vt 6.50705 7.82494
vt 6.54884 7.76730
vt 6.54301 7.76883
vt 6.52106 7.87918
vt 6.53010 7.74893
vt 6.53010 7.74893
vt 6.52106 7.87918
vt 6.54301 7.76883
vt 6.54657 7.75354
vt 6.51251 7.96568
vt 6.52653 7.76422
vt 6.52653 7.76422
vt 6.51251 7.96568
vt 6.54657 7.75354
vt 3.99260 -1.92952
vt 4.01681 -1.77018
vt 4.00684 -1.94361
vt 4.00684 -1.94361
vt 4.01681 -1.77018
vt 3.99260 -1.92952
vt 3.98865 -1.94555
vt 4.02628 -1.72268
vt 4.01079 -1.92758
vt 4.01079 -1.92758
vt 4.02628 -1.72268
vt 3.98865 -1.94555
vt 3.99994 -1.92704
vt 3.99919 -1.77843
vt 3.99950 -1.94610
vt 3.99950 -1.94610
vt 3.99919 -1.77843
vt 3.99994 -1.92704
vt -5.50132 -2.55977
vt -5.46308 -2.38998
vt -5.47883 -2.54194
vt -5.47883 -2.54194
vt -5.46308 -2.38998
vt -5.50132 -2.55977
vt -5.50525 -2.55656
vt -5.45367 -2.39307
vt -5.47491 -2.54514
vt -5.47491 -2.54514
vt -5.45367 -2.39307
vt -5.50525 -2.55656
vt -5.50432 -2.55782
vt -5.45590 -2.45685
vt -5.47584 -2.54388
vt -5.47584 -2.54388
vt -5.45590 -2.45685
vt -5.50432 -2.55782
vt -2.00556 6.85155
vt -1.98954 6.95732
vt -1.99614 6.87154
vt -1.99614 6.87154
vt -1.98954 6.95732
vt -2.00556 6.85155
vt -2.01558 6.85516
vt -1.96549 6.94442
vt -1.98611 6.86793
vt -1.98611 6.86793
vt -1.96549 6.94442
vt -2.01558 6.85516
vt -2.01660 6.85757
vt -1.96305 6.96953
vt -1.98510 6.86552
vt -1.98510 6.86552
vt -1.96305 6.96953
vt -2.01660 6.85757
vt 3.94631 -0.80240
vt 3.97381 -0.62030
vt 3.96248 -0.78286
vt 3.96248 -0.78286
vt 3.97381 -0.62030
vt 3.94631 -0.80240
vt 3.94251 -0.80127
vt 3.98291 -0.68065
vt 3.96628 -0.78400
vt 3.96628 -0.78400
vt 3.98291 -0.68065
vt 3.94251 -0.80127
vt 3.93924 -0.79296
vt 3.99077 -0.71147
vt 3.96955 -0.79230
vt 3.96955 -0.79230
vt 3.99077 -0.71147
vt 3.93924 -0.79296
vt -1.50247 7.36963
vt -1.50766 7.40861
vt -1.50552 7.35013
vt -1.50552 7.35013
vt -1.50766 7.40861
vt -1.50247 7.36963
vt -1.51977 7.35733
vt -1.46613 7.54061
vt -1.48822 7.36243
vt -1.48822 7.36243
vt -1.46613 7.54061
vt -1.51977 7.35733
vt -1.51963 7.35536
vt -1.46646 7.56552
vt -1.48836 7.36441
vt -1.48836 7.36441
vt -1.46646 7.56552
vt -1.51963 7.35536
vt -1.58195 8.62246
vt -1.59250 8.67194
vt -1.58816 8.60261
vt -1.58816 8.60261
vt -1.59250 8.67194
vt -1.58195 8.62246
vt -1.59957 8.61340
vt -1.55022 8.72180
vt -1.57054 8.61167
vt -1.57054 8.61167
vt -1.55022 8.72180
vt -1.59957 8.61340
vt -1.59741 8.60415
vt -1.55540 8.79165
vt -1.57270 8.62093
vt -1.57270 8.62093
vt -1.55540 8.79165
vt -1.59741 8.60415
vt 1.97190 4.58857
vt 2.01472 4.73220
vt 1.99709 4.60508
vt 1.99709 4.60508
vt 2.01472 4.73220
vt 1.97190 4.58857
vt 1.99906 4.60342
vt 1.94952 4.74032
vt 1.96992 4.59022
vt 1.96992 4.59022
vt 1.94952 4.74032
vt 1.99906 4.60342
vt 1.98690 4.60668
vt 1.97871 4.76752
vt 1.98208 4.58696
vt 1.98208 4.58696
vt 1.97871 4.76752
vt 1.98690 4.60668
vt 2.04237 -1.53740
vt 1.99537 -1.41772
vt 2.01472 -1.53372
vt 2.01472 -1.53372
vt 1.99537 -1.41772
vt 2.04237 -1.53740
vt 2.04298 -1.53655
vt 1.99391 -1.43670
vt 2.01411 -1.53457
vt 2.01411 -1.53457
vt 1.99391 -1.43670
vt 2.04298 -1.53655
vt 2.02164 -1.54548
vt 2.04512 -1.40887
vt 2.03545 -1.52565
vt 2.03545 -1.52565
vt 2.04512 -1.40887
vt 2.02164 -1.54548
vt 5.86234 5.41162
vt 5.88734 5.54379
vt 5.87705 5.39777
vt 5.87705 5.39777
vt 5.88734 5.54379
vt 5.86234 5.41162
vt 5.87597 5.39724
vt 5.85462 5.60726
vt 5.86341 5.41215
vt 5.86341 5.41215
vt 5.85462 5.60726
vt 5.87597 5.39724
vt 5.85451 5.39901
vt 5.90612 5.58559
vt 5.88487 5.41039
vt 5.88487 5.41039
vt 5.90612 5.58559
vt 5.85451 5.39901
vt 2.80521 7.32045
vt 2.77517 7.47111
vt 2.78754 7.33265
vt 2.78754 7.33265
vt 2.77517 7.47111
vt 2.80521 7.32045
vt 2.80594 7.33602
vt 2.77342 7.37857
vt 2.78681 7.31708
vt 2.78681 7.31708
vt 2.77342 7.37857
vt 2.80594 7.33602
vt 2.80813 7.32256
vt 2.76815 7.42255
vt 2.78461 7.33054
vt 2.78461 7.33054
vt 2.76815 7.42255
vt 2.80813 7.32256
vt 6.45104 0.75070
vt 6.48855 0.90428
vt 6.47310 0.76870
vt 6.47310 0.76870
vt 6.48855 0.90428
vt 6.45104 0.75070
vt 6.47663 0.76631
vt 6.42713 0.91076
vt 6.44751 0.75309
vt 6.44751 0.75309
vt 6.42713 0.91076
vt 6.47663 0.76631
vt 6.45135 0.75058
vt 6.48780 0.89068
vt 6.47279 0.76882
vt 6.47279 0.76882
vt 6.48780 0.89068
vt 6.45135 0.75058
vt -6.02621 -1.00718
vt -6.01703 -0.89976
vt -6.02081 -0.98741
vt -6.02081 -0.98741
vt -6.01703 -0.89976
vt -6.02621 -1.00718
vt -6.01152 -0.98871
vt -6.05228 -0.84301
vt -6.03549 -1.00588
vt -6.03549 -1.00588
vt -6.05228 -0.84301
vt -6.01152 -0.98871
vt -6.03371 -1.00659
vt -5.99903 -0.80474
vt -6.01331 -0.98801
vt -6.01331 -0.98801
vt -5.99903 -0.80474
vt -6.03371 -1.00659
vt 5.88226 5.62747
vt 5.83049 5.74883
vt 5.85181 5.61627
vt 5.85181 5.61627
vt 5.83049 5.74883
vt 5.88226 5.62747
vt 5.86317 5.63029
vt 5.87633 5.70060
vt 5.87091 5.61344
vt 5.87091 5.61344
vt 5.87633 5.70060
vt 5.86317 5.63029
vt 5.88272 5.62379
vt 5.82940 5.78710
vt 5.85135 5.61995
vt 5.85135 5.61995
vt 5.82940 5.78710
vt 5.88272 5.62379
vt 3.50744 -2.13548
vt 3.55069 -1.99614
vt 3.53288 -2.14166
vt 3.53288 -2.14166
vt 3.55069 -1.99614
vt 3.50744 -2.13548
vt 3.50755 -2.14682
vt 3.55044 -1.93079
vt 3.53278 -2.13033
vt 3.53278 -2.13033
vt 3.55044 -1.93079
vt 3.50755 -2.14682
vt 3.51886 -2.14829
vt 3.52328 -1.98036
vt 3.52146 -2.12886
vt 3.52146 -2.12886
vt 3.52328 -1.98036
vt 3.51886 -2.14829
vt -5.63896 1.55435
vt -5.69084 1.72069
vt -5.66948 1.55322
vt -5.66948 1.55322
vt -5.69084 1.72069
vt -5.63896 1.55435
vt -5.66882 1.54722
vt -5.61918 1.67076
vt -5.63962 1.56035
vt -5.63962 1.56035
vt -5.61918 1.67076
vt -5.66882 1.54722
vt -5.64156 1.55063
vt -5.68460 1.66550
vt -5.66688 1.55694
vt -5.66688 1.55694
vt -5.68460 1.66550
vt -5.64156 1.55063
vt 0.53147 7.41801
vt 0.58069 7.59582
vt 0.56043 7.43142
vt 0.56043 7.43142
vt 0.58069 7.59582
vt 0.53147 7.41801
vt 0.53304 7.41666
vt 0.57693 7.61938
vt 0.55886 7.43277
vt 0.55886 7.43277
vt 0.57693 7.61938
vt 0.53304 7.41666
vt 0.54360 7.41486
vt 0.55158 7.53730
vt 0.54830 7.43457
vt 0.54830 7.43457
vt 0.55158 7.53730
vt 0.54360 7.41486
vt 0.15151 4.75561
vt 0.12700 4.88212
vt 0.13709 4.76961
vt 0.13709 4.76961
vt 0.12700 4.88212
vt 0.15151 4.75561
vt 0.14178 4.77147
vt 0.15034 4.83320
vt 0.14682 4.75375
vt 0.14682 4.75375
vt 0.15034 4.83320
vt 0.14178 4.77147
vt 0.16009 4.76531
vt 0.10640 4.95050
vt 0.12851 4.75991
vt 0.12851 4.75991
vt 0.10640 4.95050
vt 0.16009 4.76531
vt 3.08818 0.52878
vt 3.10184 0.67915
vt 3.09621 0.51204
vt 3.09621 0.51204
vt 3.10184 0.67915
vt 3.08818 0.52878
vt 3.10705 0.52013
vt 3.05655 0.61141
vt 3.07734 0.52069
vt 3.07734 0.52069
vt 3.05655 0.61141
vt 3.10705 0.52013
vt 3.10139 0.51454
vt 3.07012 0.68592
vt 3.08300 0.52629
vt 3.08300 0.52629
vt 3.07012 0.68592
vt 3.10139 0.51454
vt -4.12738 -2.60773
vt -4.08091 -2.50646
vt -4.10005 -2.61180
vt -4.10005 -2.61180
vt -4.08091 -2.50646
vt -4.12738 -2.60773
vt -4.10156 -2.61340
vt -4.14289 -2.53002
vt -4.12587 -2.60613
vt -4.12587 -2.60613
vt -4.14289 -2.53002
vt -4.10156 -2.61340
vt -4.09886 -2.61005
vt -4.14936 -2.44703
vt -4.12857 -2.60948
vt -4.12857 -2.60948
vt -4.14936 -2.44703
vt -4.09886 -2.61005
vt -4.96760 1.24791
vt -4.91385 1.35246
vt -4.93598 1.25459
vt -4.93598 1.25459
vt -4.91385 1.35246
vt -4.96760 1.24791
vt -4.95640 1.24125
vt -4.94074 1.45253
vt -4.94719 1.26125
vt -4.94719 1.26125
vt -4.94074 1.45253
vt -4.95640 1.24125
vt -4.95657 1.24125
vt -4.94034 1.38114
vt -4.94702 1.26125
vt -4.94702 1.26125
vt -4.94034 1.38114
vt -4.95657 1.24125
vt -4.48375 -3.02166
vt -4.53708 -2.87274
vt -4.51512 -3.02553
vt -4.51512 -3.02553
vt -4.53708 -2.87274
vt -4.48375 -3.02166
vt -4.49128 -3.01384
vt -4.51900 -2.88319
vt -4.50759 -3.03336
vt -4.50759 -3.03336
vt -4.51900 -2.88319
vt -4.49128 -3.01384
vt -4.50981 -3.01851
vt -4.47455 -2.90654
vt -4.48907 -3.02868
vt -4.48907 -3.02868
vt -4.47455 -2.90654
vt -4.50981 -3.01851
vt 5.47003 5.02812
vt 5.48953 5.09561
vt 5.48150 5.01274
vt 5.48150 5.01274
vt 5.48953 5.09561
vt 5.47003 5.02812
vt 5.49108 5.02115
vt 5.43900 5.19136
vt 5.46044 5.01971
vt 5.46044 5.01971
vt 5.43900 5.19136
vt 5.49108 5.02115
vt 5.46875 5.01053
vt 5.49259 5.12606
vt 5.48278 5.03034
vt 5.48278 5.03034
vt 5.49259 5.12606
vt 5.46875 5.01053
vt 6.65411 6.15525
vt 6.68327 6.37569
vt 6.67126 6.17462
vt 6.67126 6.17462
vt 6.68327 6.37569
vt 6.65411 6.15525
vt 6.66847 6.15726
vt 6.64880 6.30811
vt 6.65690 6.17261
vt 6.65690 6.17261
vt 6.64880 6.30811
vt 6.66847 6.15726
vt 6.64981 6.16787
vt 6.69359 6.29328
vt 6.67556 6.16201
vt 6.67556 6.16201
vt 6.69359 6.29328
vt 6.64981 6.16787
vt -3.12962 8.66294
vt -3.10038 8.82121
vt -3.11242 8.68230
vt -3.11242 8.68230
vt -3.10038 8.82121
vt -3.12962 8.66294
vt -3.10544 8.67411
vt -3.15841 8.84411
vt -3.13660 8.67113
vt -3.13660 8.67113
vt -3.15841 8.84411
vt -3.10544 8.67411
vt -3.10813 8.68069
vt -3.15198 8.73937
vt -3.13392 8.66455
vt -3.13392 8.66455
vt -3.15198 8.73937
vt -3.10813 8.68069
vt 1.08291 4.16414
vt 1.05068 4.28583
vt 1.06395 4.17554
vt 1.06395 4.17554
vt 1.05068 4.28583
vt 1.08291 4.16414
vt 1.08511 4.16578
vt 1.04541 4.34121
vt 1.06175 4.17390
vt 1.06175 4.17390
vt 1.04541 4.34121
vt 1.08511 4.16578
vt 1.08913 4.17187
vt 1.03574 4.24159
vt 1.05773 4.16781
vt 1.05773 4.16781
vt 1.03574 4.24159
vt 1.08913 4.17187
vt 3.65064 -2.16199
vt 3.64229 -2.05757
vt 3.64573 -2.14423
vt 3.64573 -2.14423
vt 3.64229 -2.05757
vt 3.65064 -2.16199
vt 3.63572 -2.16144
vt 3.67809 -1.94993
vt 3.66064 -2.14478
vt 3.66064 -2.14478
vt 3.67809 -1.94993
vt 3.63572 -2.16144
vt 3.66235 -2.15449
vt 3.61417 -2.02747
vt 3.63401 -2.15174
vt 3.63401 -2.15174
vt 3.61417 -2.02747
vt 3.66235 -2.15449
vt -5.85702 1.20897
vt -5.80438 1.35614
vt -5.82606 1.21902
vt -5.82606 1.21902
vt -5.80438 1.35614
vt -5.85702 1.20897
vt -5.84983 1.22041
vt -5.82164 1.30834
vt -5.83325 1.20757
vt -5.83325 1.20757
vt -5.82164 1.30834
vt -5.84983 1.22041
vt -5.83047 1.20943
vt -5.86810 1.40759
vt -5.85260 1.21855
vt -5.85260 1.21855
vt -5.86810 1.40759
vt -5.83047 1.20943
vt -2.73704 8.21424
vt -2.76562 8.32918
vt -2.75385 8.19480
vt -2.75385 8.19480
vt -2.76562 8.32918
vt -2.73704 8.21424
vt -2.74876 8.21313
vt -2.73750 8.28898
vt -2.74214 8.19591
vt -2.74214 8.19591
vt -2.73750 8.28898
vt -2.74876 8.21313
vt -2.76091 8.19944
vt -2.70834 8.34100
vt -2.72999 8.20959
vt -2.72999 8.20959
vt -2.70834 8.34100
vt -2.76091 8.19944
vt -7.85421 -2.36026
vt -7.81785 -2.19106
vt -7.83282 -2.36996
vt -7.83282 -2.36996
vt -7.81785 -2.19106
vt -7.85421 -2.36026
vt -7.85394 -2.37433
vt -7.81849 -2.22752
vt -7.83309 -2.35589
vt -7.83309 -2.35589
vt -7.81849 -2.22752
vt -7.85394 -2.37433
vt -7.85093 -2.35822
vt -7.82571 -2.29393
vt -7.83610 -2.37201
vt -7.83610 -2.37201
vt -7.82571 -2.29393
vt -7.85093 -2.35822
vt 7.36265 7.96806
vt 7.32552 8.15929
vt 7.34081 7.97741
vt 7.34081 7.97741
vt 7.32552 8.15929
vt 7.36265 7.96806
vt 7.36716 7.97375
vt 7.31470 8.07339
vt 7.33630 7.97171
vt 7.33630 7.97171
vt 7.31470 8.07339
vt 7.36716 7.97375
vt 7.36108 7.96695
vt 7.32929 8.08047
vt 7.34238 7.97851
vt 7.34238 7.97851
vt 7.32929 8.08047
vt 7.36108 7.96695
vt 5.47368 6.06098
vt 5.51866 6.17771
vt 5.50014 6.07666
vt 5.50014 6.07666
vt 5.51866 6.17771
vt 5.47368 6.06098
vt 5.47947 6.05896
vt 5.50476 6.28332
vt 5.49435 6.07868
vt 5.49435 6.07868
vt 5.50476 6.28332
vt 5.47947 6.05896
vt 5.47860 6.05909
vt 5.50686 6.18803
vt 5.49522 6.07855
vt 5.49522 6.07855
vt 5.50686 6.18803
vt 5.47860 6.05909
vt 0.38163 5.49110
vt 0.38989 5.55469
vt 0.38649 5.47333
vt 0.38649 5.47333
vt 0.38989 5.55469
vt 0.38163 5.49110
vt 0.39283 5.49186
vt 0.36302 5.59603
vt 0.37530 5.47257
vt 0.37530 5.47257
vt 0.36302 5.59603
vt 0.39283 5.49186
vt 0.37819 5.47223
vt 0.39816 5.66584
vt 0.38994 5.49220
vt 0.38994 5.49220
vt 0.39816 5.66584
vt 0.37819 5.47223
vt -4.68575 -0.26143
vt -4.63671 -0.07142
vt -4.65690 -0.24789
vt -4.65690 -0.24789
vt -4.63671 -0.07142
vt -4.68575 -0.26143
vt -4.67437 -0.26458
vt -4.66402 -0.05500
vt -4.66828 -0.24474
vt -4.66828 -0.24474
vt -4.66402 -0.05500
vt -4.67437 -0.26458
vt -4.68135 -0.24933
vt -4.64727 -0.11794
vt -4.66130 -0.25999
vt -4.66130 -0.25999
vt -4.64727 -0.11794
vt -4.68135 -0.24933
vt -7.47427 -1.38225
vt -7.52720 -1.22308
vt -7.50540 -1.39179
vt -7.50540 -1.39179
vt -7.52720 -1.22308
vt -7.47427 -1.38225
vt -7.48510 -1.37702
vt -7.50121 -1.24426
vt -7.49458 -1.39702
vt -7.49458 -1.39702
vt -7.50121 -1.24426
vt -7.48510 -1.37702
vt -7.49010 -1.37758
vt -7.48921 -1.26486
vt -7.48958 -1.39645
vt -7.48958 -1.39645
vt -7.48921 -1.26486
vt -7.49010 -1.37758
vt 4.06247 4.88817
vt 4.11601 4.96238
vt 4.09397 4.89275
vt 4.09397 4.89275
vt 4.11601 4.96238
vt 4.06247 4.88817
vt 4.06811 4.89573
vt 4.10249 4.95303
vt 4.08833 4.88519
vt 4.08833 4.88519
vt 4.10249 4.95303
vt 4.06811 4.89573
vt 4.09245 4.89744
vt 4.04407 5.03079
vt 4.06399 4.88348
vt 4.06399 4.88348
vt 4.04407 5.03079
vt 4.09245 4.89744
vt -3.56987 5.95735
vt -3.60844 6.05640
vt -3.59256 5.93960
vt -3.59256 5.93960
vt -3.60844 6.05640
vt -3.56987 5.95735
vt -3.57217 5.95807
vt -3.60293 6.05576
vt -3.59026 5.93889
vt -3.59026 5.93889
vt -3.60293 6.05576
vt -3.57217 5.95807
vt -3.59691 5.94417
vt -3.54355 6.03191
vt -3.56552 5.95278
vt -3.56552 5.95278
vt -3.54355 6.03191
vt -3.59691 5.94417
vt -8.32308 -2.68737
vt -8.37377 -2.60009
vt -8.35290 -2.69966
vt -8.35290 -2.69966
vt -8.37377 -2.60009
vt -8.32308 -2.68737
vt -8.34288 -2.68547
vt -8.32626 -2.59235
vt -8.33310 -2.70156
vt -8.33310 -2.70156
vt -8.32626 -2.59235
vt -8.34288 -2.68547
vt -8.32310 -2.69372
vt -8.37374 -2.52608
vt -8.35289 -2.69331
vt -8.35289 -2.69331
vt -8.37374 -2.52608
vt -8.32310 -2.69372
vt -0.84447 5.33888
vt -0.84001 5.51528
vt -0.84185 5.35831
vt -0.84185 5.35831
vt -0.84001 5.51528
vt -0.84447 5.33888
vt -0.85778 5.34929
vt -0.80807 5.51064
vt -0.82854 5.34790
vt -0.82854 5.34790
vt -0.80807 5.51064
vt -0.85778 5.34929
vt -0.83920 5.34020
vt -0.85266 5.53528
vt -0.84712 5.35699
vt -0.84712 5.35699
vt -0.85266 5.53528
vt -0.83920 5.34020
vt 5.47939 -0.96415
vt 5.43578 -0.81874
vt 5.45374 -0.98038
vt 5.45374 -0.98038
vt 5.43578 -0.81874
vt 5.47939 -0.96415
vt 5.47455 -0.96248
vt 5.44741 -0.80204
vt 5.45858 -0.98205
vt 5.45858 -0.98205
vt 5.44741 -0.80204
vt 5.47455 -0.96248
vt 5.45240 -0.97088
vt 5.50056 -0.84512
vt 5.48073 -0.97365
vt 5.48073 -0.97365
vt 5.50056 -0.84512
vt 5.45240 -0.97088
vt 2.24288 -2.71821
vt 2.29433 -2.61306
vt 2.27315 -2.71766
vt 2.27315 -2.71766
vt 2.29433 -2.61306
vt 2.24288 -2.71821
vt 2.26178 -2.72640
vt 2.24897 -2.57869
vt 2.25425 -2.70948
vt 2.25425 -2.70948
vt 2.24897 -2.57869
vt 2.26178 -2.72640
vt 2.25616 -2.72773
vt 2.26247 -2.50243
vt 2.25987 -2.70814
vt 2.25987 -2.70814
vt 2.26247 -2.50243
vt 2.25616 -2.72773
vt 2.14836 -0.39366
vt 2.20179 -0.25626
vt 2.17979 -0.38526
vt 2.17979 -0.38526
vt 2.20179 -0.25626
vt 2.14836 -0.39366
vt 2.15426 -0.39886
vt 2.18765 -0.25665
vt 2.17390 -0.38006
vt 2.17390 -0.38006
vt 2.18765 -0.25665
vt 2.15426 -0.39886
vt 2.17917 -0.38927
vt 2.12786 -0.25763
vt 2.14899 -0.38965
vt 2.14899 -0.38965
vt 2.12786 -0.25763
vt 2.17917 -0.38927
vt -3.93533 1.19569
vt -3.98823 1.26000
vt -3.96645 1.19283
vt -3.96645 1.19283
vt -3.98823 1.26000
vt -3.93533 1.19569
vt -3.95027 1.18491
vt -3.95238 1.31918
vt -3.95151 1.20362
vt -3.95151 1.20362
vt -3.95238 1.31918
vt -3.95027 1.18491
vt -3.96557 1.18780
vt -3.91565 1.33393
vt -3.93621 1.20072
vt -3.93621 1.20072
vt -3.91565 1.33393
vt -3.96557 1.18780
vt 2.66402 4.63653
vt 2.61225 4.72900
vt 2.63356 4.62532
vt 2.63356 4.62532
vt 2.61225 4.72900
vt 2.66402 4.63653
vt 2.65794 4.62502
vt 2.62684 4.76781
vt 2.63965 4.63684
vt 2.63965 4.63684
vt 2.62684 4.76781
vt 2.65794 4.62502
vt 2.66234 4.63853
vt 2.61627 4.69530
vt 2.63524 4.62333
vt 2.63524 4.62333
vt 2.61627 4.69530
vt 2.66234 4.63853
vt 5.00466 0.57927
vt 4.95376 0.75130
vt 4.97472 0.57939
vt 4.97472 0.57939
vt 4.95376 0.75130
vt 5.00466 0.57927
vt 4.97513 0.57272
vt 5.02463 0.76346
vt 5.00425 0.58594
vt 5.00425 0.58594
vt 5.02463 0.76346
vt 4.97513 0.57272
vt 4.99884 0.58890
vt 4.96774 0.63345
vt 4.98054 0.56976
vt 4.98054 0.56976
vt 4.96774 0.63345
vt 4.99884 0.58890
vt -1.92333 8.38277
vt -1.95720 8.43963
vt -1.94326 8.36405
vt -1.94326 8.36405
vt -1.95720 8.43963
vt -1.92333 8.38277
vt -1.94563 8.37688
vt -1.90369 8.43218
vt -1.92096 8.36994
vt -1.92096 8.36994
vt -1.90369 8.43218
vt -1.94563 8.37688
vt -1.92583 8.38326
vt -1.95122 8.50652
vt -1.94076 8.36355
vt -1.94076 8.36355
vt -1.95122 8.50652
vt -1.92583 8.38326
vt -7.25877 -0.91493
vt -7.22958 -0.83600
vt -7.24160 -0.92743
vt -7.24160 -0.92743
vt -7.22958 -0.83600
vt -7.25877 -0.91493
vt -7.23534 -0.92148
vt -7.28581 -0.81015
vt -7.26503 -0.92088
vt -7.26503 -0.92088
vt -7.28581 -0.81015
vt -7.23534 -0.92148
vt -7.25311 -0.91244
vt -7.24317 -0.86208
vt -7.24726 -0.92991
vt -7.24726 -0.92991
vt -7.24317 -0.86208
vt -7.25311 -0.91244
vt 4.21600 8.48702
vt 4.26832 8.58601
vt 4.24678 8.48882
vt 4.24678 8.48882
vt 4.26832 8.58601
vt 4.21600 8.48702
vt 4.21674 8.48142
vt 4.26655 8.57712
vt 4.24604 8.49442
vt 4.24604 8.49442
vt 4.26655 8.57712
vt 4.21674 8.48142
vt 4.24635 8.49399
vt 4.19549 8.56414
vt 4.21643 8.48185
vt 4.21643 8.48185
vt 4.19549 8.56414
vt 4.24635 8.49399
vt 1.27653 5.55635
vt 1.27861 5.65526
vt 1.27775 5.53764
vt 1.27775 5.53764
vt 1.27861 5.65526
vt 1.27653 5.55635
vt 1.27342 5.55547
vt 1.28606 5.59742
vt 1.28086 5.53852
vt 1.28086 5.53852
vt 1.28606 5.59742
vt 1.27342 5.55547
vt 1.27242 5.53700
vt 1.28846 5.76081
vt 1.28186 5.55700
vt 1.28186 5.55700
vt 1.28846 5.76081
vt 1.27242 5.53700
vt 3.29728 6.94460
vt 3.25695 7.14466
vt 3.27355 6.95240
vt 3.27355 6.95240
vt 3.25695 7.14466
vt 3.29728 6.94460
vt 3.29675 6.94416
vt 3.25821 7.15275
vt 3.27408 6.95285
vt 3.27408 6.95285
vt 3.25821 7.15275
vt 3.29675 6.94416
vt 3.27838 6.93860
vt 3.30230 7.14555
vt 3.29245 6.95841
vt 3.29245 6.95841
vt 3.30230 7.14555
vt 3.27838 6.93860
vt 3.49321 -1.42169
vt 3.48843 -1.22461
vt 3.49040 -1.40335
vt 3.49040 -1.40335
vt 3.48843 -1.22461
vt 3.49321 -1.42169
vt 3.50751 -1.41048
vt 3.45412 -1.22819
vt 3.47610 -1.41456
vt 3.47610 -1.41456
vt 3.45412 -1.22819
vt 3.50751 -1.41048
vt 3.48179 -1.42186
vt 3.51584 -1.26416
vt 3.50182 -1.40318
vt 3.50182 -1.40318
vt 3.51584 -1.26416
vt 3.48179 -1.42186
vt 7.39956 6.36316
vt 7.34752 6.49451
vt 7.36895 6.35228
vt 7.36895 6.35228
vt 7.34752 6.49451
vt 7.39956 6.36316
vt 7.39836 6.36482
vt 7.35038 6.52652
vt 7.37014 6.35062
vt 7.37014 6.35062
vt 7.35038 6.52652
vt 7.39836 6.36482
vt 7.39409 6.36711
vt 7.36063 6.50513
vt 7.37441 6.34833
vt 7.37441 6.34833
vt 7.36063 6.50513
vt 7.39409 6.36711
vn 0.34691 0.00000 -0.93790
vn -0.34691 -0.00000 0.93790
vn -0.60514 0.00000 0.79612
vn 0.60514 -0.00000 -0.79612
vn -0.02395 0.00000 -0.99971
vn 0.02395 -0.00000 0.99971
vn 0.96363 -0.00000 -0.26723
vn -0.96363 0.00000 0.26723
vn -0.99990 0.00000 0.01386
vn 0.99990 -0.00000 -0.01386
vn -0.81611 0.00000 0.57790
vn 0.81611 -0.00000 -0.57790
vn -0.92234 -0.00000 -0.38637
vn 0.92234 0.00000 0.38637
vn 0.94069 -0.00000 -0.33928
vn -0.94069 0.00000 0.33928
vn 0.87496 -0.00000 0.48419
vn -0.87496 0.00000 -0.48419
vn 0.20375 -0.00000 -0.97902
vn -0.20375 0.00000 0.97902
vn 0.78071 -0.00000 0.62489
vn -0.78071 0.00000 -0.62489
vn -0.98012 -0.00000 0.19843
vn 0.98012 0.00000 -0.19843
vn -0.14040 0.00000 0.99009
vn 0.14040 -0.00000 -0.99009
vn 0.58657 -0.00000 0.80990
vn -0.58657 0.00000 -0.80990
vn 0.84075 -0.00000 -0.54142
vn -0.84075 0.00000 0.54142
vn -0.29516 0.00000 0.95545
vn 0.29516 -0.00000 -0.95545
vn 0.55924 -0.00000 -0.82900
vn -0.55924 0.00000 0.82900
vn -0.88649 0.00000 0.46275
vn 0.88649 -0.00000 -0.46275
vn -0.95404 0.00000 0.29968
vn 0.95404 -0.00000 -0.29968
vn -0.83710 -0.00000 0.54705
vn 0.83710 0.00000 -0.54705
vn -0.95088 -0.00000 0.30957
vn 0.95088 0.00000 -0.30957
vn -0.93345 -0.00000 0.35871
vn 0.93345 0.00000 -0.35871
vn 0.28400 -0.00000 -0.95882
vn -0.28400 0.00000 0.95882
vn 0.17387 -0.00000 0.98477
vn -0.17387 0.00000 -0.98477
vn 0.96038 -0.00000 -0.27870
vn -0.96038 0.00000 0.27870
vn 0.85937 0.00000 0.51136
vn -0.85937 -0.00000 -0.51136
vn 0.97003 -0.00000 0.24300
vn -0.97003 0.00000 -0.24300
vn 0.38490 -0.00000 0.92296
vn -0.38490 0.00000 -0.92296
vn 0.22109 -0.00000 0.97525
vn -0.22109 0.00000 -0.97525
vn 0.07751 0.00000 -0.99699
vn -0.07751 -0.00000 0.99699
vn -0.98166 0.00000 0.19066
vn 0.98166 -0.00000 -0.19066
vn 0.54646 -0.00000 0.83748
vn -0.54646 0.00000 -0.83748
vn -0.99919 -0.00000 -0.04026
vn 0.99919 0.00000 0.04026
vn -0.82341 -0.00000 0.56745
vn 0.82341 0.00000 -0.56745
vn 0.09645 -0.00000 -0.99534
vn -0.09645 0.00000 0.99534
vn 0.09326 0.00000 -0.99564
vn -0.09326 -0.00000 0.99564
vn -0.87808 -0.00000 0.47852
vn 0.87808 0.00000 -0.47852
vn -0.99963 -0.00000 -0.02715
vn 0.99963 0.00000 0.02715
vn -0.30499 -0.00000 -0.95236
vn 0.30499 0.00000 0.95236
vn -0.65126 -0.00000 0.75885
vn 0.65126 0.00000 -0.75885
vn 0.76088 -0.00000 -0.64889
vn -0.76088 0.00000 0.64889
vn 0.98722 -0.00000 -0.15934
vn -0.98722 0.00000 0.15934
vn -0.50026 -0.00000 -0.86587
vn 0.50026 0.00000 0.86587
vn -0.67609 -0.00000 -0.73682
vn 0.67609 0.00000 0.73682
vn -0.67743 -0.00000 0.73558
vn 0.67743 0.00000 -0.73558
vn 0.41877 0.00000 0.90809
vn -0.41877 -0.00000 -0.90809
vn -0.99993 0.00000 -0.01219
vn 0.99993 -0.00000 0.01219
vn -0.74721 -0.00000 -0.66459
vn 0.74721 0.00000 0.66459
vn 0.19792 -0.00000 0.98022
vn -0.19792 0.00000 -0.98022
vn 0.92123 -0.00000 0.38901
vn -0.92123 0.00000 -0.38901
vn 0.99183 0.00000 -0.12753
vn -0.99183 -0.00000 0.12753
vn -0.16281 0.00000 -0.98666
vn 0.16281 -0.00000 0.98666
vn 0.82653 -0.00000 -0.56290
vn -0.82653 0.00000 0.56290
vn -0.98445 -0.00000 0.17566
vn 0.98445 0.00000 -0.17566
vn 0.06160 -0.00000 -0.99810
vn -0.06160 0.00000 0.99810
vn 0.18834 0.00000 0.98210
vn -0.18834 -0.00000 -0.98210
vn -0.40170 0.00000 -0.91577
vn 0.40170 -0.00000 0.91577
vn -0.94502 0.00000 -0.32702
vn 0.94502 -0.00000 0.32702
vn 0.92720 -0.00000 0.37457
vn -0.92720 0.00000 -0.37457
vn -0.98546 0.00000 0.16989
vn 0.98546 -0.00000 -0.16989
vn 0.67335 0.00000 0.73932
vn -0.67335 -0.00000 -0.73932
vn -0.75717 0.00000 -0.65322
vn 0.75717 -0.00000 0.65322
vn 0.89206 -0.00000 0.45193
vn -0.89206 0.00000 -0.45193
vn 0.28816 -0.00000 0.95758
vn -0.28816 0.00000 -0.95758
vn 0.04046 -0.00000 -0.99918
vn -0.04046 0.00000 0.99918
vn -0.98929 -0.00000 0.14594
vn 0.98929 0.00000 -0.14594
vn 0.87481 -0.00000 -0.48447
vn -0.87481 0.00000 0.48447
vn -0.52653 0.00000 0.85016
vn 0.52653 -0.00000 -0.85016
vn 0.64437 -0.00000 -0.76472
vn -0.64437 0.00000 0.76472
vn 0.07863 0.00000 -0.99690
vn -0.07863 -0.00000 0.99690
vn 0.63220 -0.00000 0.77481
vn -0.63220 0.00000 -0.77481
vn 0.49819 -0.00000 0.86707
vn -0.49819 0.00000 -0.86707
vn -0.73178 0.00000 -0.68154
vn 0.73178 -0.00000 0.68154
vn 0.93169 0.00000 -0.36325
vn -0.93169 -0.00000 0.36325
vn 0.80174 0.00000 0.59767
vn -0.80174 -0.00000 -0.59767
vn 0.60854 0.00000 -0.79352
vn -0.60854 -0.00000 0.79352
vn -0.99992 0.00000 0.01226
vn 0.99992 -0.00000 -0.01226
vn 0.70625 0.00000 0.70796
vn -0.70625 -0.00000 -0.70796
vn 0.13180 0.00000 -0.99128
vn -0.13180 0.00000 0.99128
vn 0.47780 -0.00000 0.87847
vn -0.47780 0.00000 -0.87847
vn 0.22035 -0.00000 -0.97542
vn -0.22035 0.00000 0.97542
vn -0.99570 0.00000 -0.09259
vn 0.99570 -0.00000 0.09259
vn -0.69160 0.00000 -0.72228
vn 0.69160 -0.00000 0.72228
vn 0.76910 0.00000 -0.63913
vn -0.76910 0.00000 0.63913
vn 0.99880 -0.00000 0.04902
vn -0.99880 0.00000 -0.04902
vn 0.97987 -0.00000 -0.19962
vn -0.97987 0.00000 0.19962
vn 0.67102 0.00000 -0.74144
vn -0.67102 -0.00000 0.74144
vn 0.37546 -0.00000 -0.92684
vn -0.37546 0.00000 0.92684
vn -0.71545 -0.00000 -0.69867
vn 0.71545 0.00000 0.69867
vn 0.55148 0.00000 0.83419
vn -0.55148 -0.00000 -0.83419
vn -0.36485 0.00000 -0.93107
vn 0.36485 -0.00000 0.93107
vn 0.84016 -0.00000 -0.54233
vn -0.84016 0.00000 0.54233
vn 0.45719 0.00000 0.88937
vn -0.45719 -0.00000 -0.88937
vn 0.69246 0.00000 0.72146
vn -0.69246 -0.00000 -0.72146
vn -0.98579 -0.00000 -0.16799
vn 0.98579 0.00000 0.16799
vn 0.36584 0.00000 0.93068
vn -0.36584 -0.00000 -0.93068
vn 0.89576 0.00000 0.44453
vn -0.89576 0.00000 -0.44453
vn -0.39681 0.00000 0.91790
vn 0.39681 -0.00000 -0.91790
vn 0.95142 0.00000 0.30790
vn -0.95142 -0.00000 -0.30790
vn -0.67420 0.00000 -0.73855
vn 0.67420 -0.00000 0.73855
vn 0.79666 -0.00000 -0.60443
vn -0.79666 0.00000 0.60443
vn 0.07448 -0.00000 -0.99722
vn -0.07448 0.00000 0.99722
vn -0.80589 0.00000 -0.59207
vn 0.80589 -0.00000 0.59207
vn 0.16655 -0.00000 0.98603
vn -0.16655 0.00000 -0.98603
vn 0.77295 -0.00000 0.63447
vn -0.77295 0.00000 -0.63447
vn -0.99575 -0.00000 -0.09214
vn 0.99575 0.00000 0.09214
vn 0.73943 0.00000 -0.67323
vn -0.73943 -0.00000 0.67323
vn -0.23487 -0.00000 -0.97203
vn 0.23487 0.00000 0.97203
vn 0.18900 0.00000 -0.98198
vn -0.18900 -0.00000 0.98198
vn 0.24956 0.00000 -0.96836
vn -0.24956 -0.00000 0.96836
vn -0.09458 -0.00000 0.99552
vn 0.09458 0.00000 -0.99552
vn 0.44270 0.00000 -0.89667
vn -0.44270 -0.00000 0.89667
vn 0.07807 0.00000 -0.99695
vn -0.07807 -0.00000 0.99695
vn -0.77649 -0.00000 -0.63013
vn 0.77649 0.00000 0.63013
vn -0.00461 0.00000 -0.99999
vn 0.00461 -0.00000 0.99999
vn 0.86565 0.00000 -0.50065
vn -0.86565 -0.00000 0.50065
vn 0.62464 -0.00000 -0.78092
vn -0.62464 0.00000 0.78092
vn -0.79809 -0.00000 0.60254
vn 0.79809 0.00000 -0.60254
vn -0.98666 0.00000 -0.16281
vn 0.98666 -0.00000 0.16281
vn -0.34869 -0.00000 -0.93724
vn 0.34869 0.00000 0.93724
vn 0.65083 0.00000 -0.75922
vn -0.65083 -0.00000 0.75922
vn 0.96155 0.00000 0.27464
vn -0.96155 -0.00000 -0.27464
vn -0.03740 -0.00000 -0.99930
vn 0.03740 0.00000 0.99930
vn 0.99954 -0.00000 0.03022
vn -0.99954 0.00000 -0.03022
vn -0.89914 0.00000 0.43765
vn 0.89914 -0.00000 -0.43765
vn 0.40074 -0.00000 -0.91619
vn -0.40074 0.00000 0.91619
vn 0.42282 -0.00000 0.90621
vn -0.42282 0.00000 -0.90621
vn -0.21468 -0.00000 -0.97668
vn 0.21468 0.00000 0.97668
vn 0.43724 0.00000 -0.89935
vn -0.43724 -0.00000 0.89935
vn -0.89546 0.00000 -0.44513
vn 0.89546 -0.00000 0.44513
vn -0.16048 -0.00000 -0.98704
vn 0.16048 0.00000 0.98704
vn -0.90500 -0.00000 0.42541
vn 0.90500 0.00000 -0.42541
vn -0.59324 0.00000 0.80503
vn 0.59324 -0.00000 -0.80503
vn -0.76779 0.00000 -0.64070
vn 0.76779 -0.00000 0.64070
vn 0.63223 0.00000 -0.77478
vn -0.63223 -0.00000 0.77478
vn -0.51110 -0.00000 0.85952
vn 0.51110 0.00000 -0.85952
vn -0.90238 0.00000 -0.43094
vn 0.90238 -0.00000 0.43094
vn 0.72965 -0.00000 0.68382
vn -0.72965 0.00000 -0.68382
vn -0.32445 -0.00000 0.94590
vn 0.32445 0.00000 -0.94590
vn 0.74964 0.00000 0.66185
vn -0.74964 -0.00000 -0.66185
vn -0.98590 0.00000 -0.16735
vn 0.98590 -0.00000 0.16735
vn 0.99775 0.00000 -0.06704
vn -0.99775 -0.00000 0.06704
vn 0.94760 -0.00000 0.31946
vn -0.94760 0.00000 -0.31946
vn -0.67810 -0.00000 -0.73497
vn 0.67810 0.00000 0.73497
vn 0.43728 -0.00000 0.89933
vn -0.43728 0.00000 -0.89933
vn 0.52714 0.00000 -0.84978
vn -0.52714 -0.00000 0.84978
vn 0.71504 -0.00000 0.69908
vn -0.71504 0.00000 -0.69908
vn -0.62746 0.00000 0.77865
vn 0.62746 -0.00000 -0.77865
vn 0.13666 -0.00000 -0.99062
vn -0.13666 0.00000 0.99062
vn -0.04186 -0.00000 -0.99912
vn 0.04186 0.00000 0.99912
vn 0.35847 -0.00000 -0.93354
vn -0.35847 0.00000 0.93354
vn -0.61419 0.00000 0.78916
vn 0.61419 -0.00000 -0.78916
vn 0.62566 0.00000 0.78009
vn -0.62566 0.00000 -0.78009
vn 0.14096 0.00000 0.99002
vn -0.14096 -0.00000 -0.99002
vn 0.96916 0.00000 -0.24642
vn -0.96916 -0.00000 0.24642
vn 0.37209 -0.00000 -0.92820
vn -0.37209 0.00000 0.92820
vn -0.88820 -0.00000 -0.45945
vn 0.88820 0.00000 0.45945
vn 0.85626 0.00000 0.51654
vn -0.85626 -0.00000 -0.51654
vn 0.72742 -0.00000 -0.68620
vn -0.72742 0.00000 0.68620
vn -0.81082 0.00000 0.58530
vn 0.81082 -0.00000 -0.58530
vn -0.73420 -0.00000 0.67893
vn 0.73420 0.00000 -0.67893
vn 0.91002 -0.00000 0.41456
vn -0.91002 0.00000 -0.41456
vn 0.80243 -0.00000 -0.59675
vn -0.80243 0.00000 0.59675
vn 0.05014 -0.00000 0.99874
vn -0.05014 0.00000 -0.99874
vn 0.38448 -0.00000 -0.92314
vn -0.38448 0.00000 0.92314
vn 0.78442 0.00000 0.62023
vn -0.78442 -0.00000 -0.62023
vn 0.71603 -0.00000 0.69807
vn -0.71603 0.00000 -0.69807
vn -0.88683 -0.00000 -0.46210
vn 0.88683 0.00000 0.46210
vn 0.99984 0.00000 -0.01763
vn -0.99984 -0.00000 0.01763
vn -0.63676 -0.00000 0.77106
vn 0.63676 0.00000 -0.77106
vn 0.12913 -0.00000 0.99163
vn -0.12913 0.00000 -0.99163
vn -0.27530 0.00000 -0.96136
vn 0.27530 -0.00000 0.96136
vn 0.48009 -0.00000 0.87722
vn -0.48009 0.00000 -0.87722
vn -0.08266 0.00000 0.99658
vn 0.08266 -0.00000 -0.99658
vn -0.26264 -0.00000 -0.96489
vn 0.26264 0.00000 0.96489
vn -0.62326 -0.00000 0.78202
vn 0.62326 0.00000 -0.78202
vn -0.30719 -0.00000 -0.95165
vn 0.30719 0.00000 0.95165
vn 0.91943 -0.00000 -0.39326
vn -0.91943 0.00000 0.39326
vn 0.63522 -0.00000 -0.77233
vn -0.63522 0.00000 0.77233
vn -0.90228 0.00000 0.43116
vn 0.90228 -0.00000 -0.43116
vn -0.84118 -0.00000 -0.54076
vn 0.84118 0.00000 0.54076
vn 0.14227 -0.00000 0.98983
vn -0.14227 0.00000 -0.98983
vn 0.55861 -0.00000 -0.82943
vn -0.55861 0.00000 0.82943
vn 0.87513 0.00000 -0.48388
vn -0.87513 -0.00000 0.48388
vn -0.80766 -0.00000 0.58965
vn 0.80766 0.00000 -0.58965
vn 0.59364 0.00000 0.80473
vn -0.59364 -0.00000 -0.80473
vn 0.69577 0.00000 -0.71826
vn -0.69577 -0.00000 0.71826
vn -0.78634 0.00000 0.61780
vn 0.78634 -0.00000 -0.61780
vn 0.14877 0.00000 0.98887
vn -0.14877 -0.00000 -0.98887
vn -0.62581 -0.00000 -0.77998
vn 0.62581 0.00000 0.77998
vn 0.99314 0.00000 0.11689
vn -0.99314 -0.00000 -0.11689
vn 0.38240 -0.00000 -0.92400
vn -0.38240 0.00000 0.92400
vn -0.58054 0.00000 0.81423
vn 0.58054 -0.00000 -0.81423
vn 0.22114 -0.00000 0.97524
vn -0.22114 0.00000 -0.97524
vn 0.97114 -0.00000 0.23853
vn -0.97114 0.00000 -0.23853
vn 0.07637 0.00000 -0.99708
vn -0.07637 -0.00000 0.99708
vn -0.60878 0.00000 0.79334
vn 0.60878 -0.00000 -0.79334
vn -0.78376 0.00000 -0.62107
vn 0.78376 -0.00000 0.62107
vn 0.87852 0.00000 -0.47771
vn -0.87852 -0.00000 0.47771
vn -0.65990 -0.00000 -0.75135
vn 0.65990 0.00000 0.75135
vn -0.99049 -0.00000 -0.13759
vn 0.99049 0.00000 0.13759
vn 0.94143 0.00000 0.33720
vn -0.94143 -0.00000 -0.33720
vn 0.07869 0.00000 -0.99690
vn -0.07869 -0.00000 0.99690
vn -0.01323 0.00000 -0.99991
vn 0.01323 -0.00000 0.99991
vn 0.01255 -0.00000 0.99992
vn -0.01255 0.00000 -0.99992
vn -0.01020 0.00000 -0.99995
vn 0.01020 -0.00000 0.99995
vn -0.99691 0.00000 0.07853
vn 0.99691 -0.00000 -0.07853
vn -0.74550 0.00000 0.66651
vn 0.74550 -0.00000 -0.66651
vn -0.78582 -0.00000 -0.61845
vn 0.78582 0.00000 0.61845
vn 0.91815 -0.00000 -0.39623
vn -0.91815 0.00000 0.39623
vn -0.99563 -0.00000 -0.09336
vn 0.99563 0.00000 0.09336
vn -0.82999 0.00000 -0.55777
vn 0.82999 -0.00000 0.55777
vn 0.46234 0.00000 0.88670
vn -0.46234 -0.00000 -0.88670
vn 0.94057 0.00000 -0.33961
vn -0.94057 -0.00000 0.33961
vn 0.61899 -0.00000 0.78540
vn -0.61899 0.00000 -0.78540
vn -0.06653 0.00000 0.99778
vn 0.06653 -0.00000 -0.99778
vn -0.06749 -0.00000 -0.99772
vn 0.06749 0.00000 0.99772
vn -0.91070 0.00000 -0.41307
vn 0.91070 -0.00000 0.41307
vn 0.50530 0.00000 0.86294
vn -0.50530 -0.00000 -0.86294
vn -0.75432 0.00000 0.65651
vn 0.75432 -0.00000 -0.65651
vn 0.99992 0.00000 -0.01299
vn -0.99992 -0.00000 0.01299
vn 0.12905 -0.00000 0.99164
vn -0.12905 0.00000 -0.99164
vn -0.45074 -0.00000 0.89266
vn 0.45074 0.00000 -0.89266
vn 0.48268 -0.00000 0.87579
vn -0.48268 0.00000 -0.87579
vn -0.97653 0.00000 -0.21537
vn 0.97653 -0.00000 0.21537
vn 0.82142 -0.00000 0.57032
vn -0.82142 0.00000 -0.57032
vn -0.40430 0.00000 -0.91463
vn 0.40430 -0.00000 0.91463
vn 0.39135 0.00000 -0.92024
vn -0.39135 -0.00000 0.92024
vn 0.81759 -0.00000 -0.57580
vn -0.81759 0.00000 0.57580
vn 0.72524 -0.00000 0.68850
vn -0.72524 0.00000 -0.68850
vn 0.88450 -0.00000 0.46654
vn -0.88450 0.00000 -0.46654
vn -0.01803 0.00000 0.99984
vn 0.01803 -0.00000 -0.99984
vn 0.26215 -0.00000 -0.96503
vn -0.26215 0.00000 0.96503
vn -0.67079 0.00000 -0.74165
vn 0.67079 -0.00000 0.74165
vn -0.78471 -0.00000 0.61986
vn 0.78471 0.00000 -0.61986
vn -0.19304 -0.00000 0.98119
vn 0.19304 0.00000 -0.98119
vn 0.22936 0.00000 -0.97334
vn -0.22936 -0.00000 0.97334
vn 0.99840 -0.00000 0.05663
vn -0.99840 0.00000 -0.05663
vn -0.83402 -0.00000 -0.55173
vn 0.83402 0.00000 0.55173
vn 0.94857 -0.00000 0.31657
vn -0.94857 0.00000 -0.31657
vn -0.50709 0.00000 0.86190
vn 0.50709 -0.00000 -0.86190
vn 0.68168 0.00000 -0.73165
vn -0.68168 -0.00000 0.73165
vn 0.15411 -0.00000 0.98805
vn -0.15411 0.00000 -0.98805
vn 0.97461 -0.00000 0.22390
vn -0.97461 0.00000 -0.22390
vn -0.56319 0.00000 -0.82633
vn 0.56319 -0.00000 0.82633
vn 0.62564 -0.00000 0.78011
vn -0.62564 0.00000 -0.78011
vn 0.81600 -0.00000 -0.57805
vn -0.81600 0.00000 0.57805
vn -0.44687 0.00000 -0.89460
vn 0.44687 -0.00000 0.89460
vn -0.21025 -0.00000 0.97765
vn 0.21025 0.00000 -0.97765
vn -0.65808 0.00000 0.75295
vn 0.65808 -0.00000 -0.75295
vn -0.25680 0.00000 -0.96646
vn 0.25680 -0.00000 0.96646
vn 0.88786 0.00000 0.46011
vn -0.88786 -0.00000 -0.46011
vn -0.81729 0.00000 -0.57623
vn 0.81729 -0.00000 0.57623
vn 0.84008 0.00000 -0.54247
vn -0.84008 -0.00000 0.54247
vn -0.09090 -0.00000 -0.99586
vn 0.09090 0.00000 0.99586
vn 0.21380 -0.00000 -0.97688
vn -0.21380 0.00000 0.97688
vn 0.42292 0.00000 -0.90617
vn -0.42292 -0.00000 0.90617
vn 0.17582 -0.00000 0.98442
vn -0.17582 0.00000 -0.98442
vn -0.11740 0.00000 0.99308
vn 0.11740 -0.00000 -0.99308
vn -0.80622 -0.00000 0.59162
vn 0.80622 0.00000 -0.59162
vn 0.53129 0.00000 -0.84719
vn -0.53129 -0.00000 0.84719
vn -0.73587 -0.00000 0.67713
vn 0.73587 0.00000 -0.67713
vn -0.67616 -0.00000 -0.73676
vn 0.67616 0.00000 0.73676
vn 0.69400 -0.00000 -0.71998
vn -0.69400 0.00000 0.71998
vn 0.00091 -0.00000 1.00000
vn -0.00091 0.00000 -1.00000
vn -0.29723 -0.00000 -0.95481
vn 0.29723 0.00000 0.95481
vn -0.99599 -0.00000 0.08946
vn 0.99599 0.00000 -0.08946
vn 0.08497 0.00000 -0.99638
vn -0.08497 -0.00000 0.99638
vn 0.90579 -0.00000 -0.42373
vn -0.90579 0.00000 0.42373
vn -0.98722 0.00000 -0.15938
vn 0.98722 -0.00000 0.15938
vn 0.19649 0.00000 0.98051
vn -0.19649 -0.00000 -0.98051
vn -0.98106 0.00000 -0.19371
vn 0.98106 -0.00000 0.19371
vn -0.33266 -0.00000 0.94305
vn 0.33266 0.00000 -0.94305
vn -0.12628 0.00000 -0.99199
vn 0.12628 -0.00000 0.99199
vn -0.38111 -0.00000 -0.92453
vn 0.38111 0.00000 0.92453
vn -0.98128 -0.00000 -0.19261
vn 0.98128 0.00000 0.19261
vn 0.91823 0.00000 -0.39604
vn -0.91823 -0.00000 0.39604
vn 0.97733 -0.00000 0.21171
vn -0.97733 0.00000 -0.21171
vn 0.92616 0.00000 0.37713
vn -0.92616 -0.00000 -0.37713
vn -0.97872 0.00000 0.20520
vn 0.97872 -0.00000 -0.20520
vn 0.76647 0.00000 0.64229
vn -0.76647 -0.00000 -0.64229
vn -0.56697 0.00000 -0.82374
vn 0.56697 -0.00000 0.82374
vn 0.88197 0.00000 0.47130
vn -0.88197 -0.00000 -0.47130
vn -0.66599 -0.00000 0.74596
vn 0.66599 0.00000 -0.74596
vn -0.07751 0.00000 -0.99699
vn 0.07751 -0.00000 0.99699
vn 0.94201 0.00000 0.33558
vn -0.94201 -0.00000 -0.33558
vn -0.94961 -0.00000 0.31343
vn 0.94961 0.00000 -0.31343
vn 0.65292 -0.00000 0.75743
vn -0.65292 0.00000 -0.75743
vn -0.03963 0.00000 -0.99921
vn 0.03963 -0.00000 0.99921
vn -0.38403 -0.00000 0.92332
vn 0.38403 0.00000 -0.92332
vn 0.14016 0.00000 -0.99013
vn -0.14016 -0.00000 0.99013
vn -0.21192 0.00000 -0.97729
vn 0.21192 -0.00000 0.97729
vn 0.15048 -0.00000 -0.98861
vn -0.15048 0.00000 0.98861
vn 0.99306 -0.00000 0.11763
vn -0.99306 0.00000 -0.11763
vn 0.59220 0.00000 0.80579
vn -0.59220 -0.00000 -0.80579
vn -0.16486 0.00000 0.98632
vn 0.16486 -0.00000 -0.98632
vn -0.61614 0.00000 0.78764
vn 0.61614 -0.00000 -0.78764
vn 0.70836 0.00000 0.70585
vn -0.70836 -0.00000 -0.70585
vn 0.91053 -0.00000 -0.41344
vn -0.91053 0.00000 0.41344
vn 0.96211 0.00000 0.27265
vn -0.96211 -0.00000 -0.27265
vn -0.25877 0.00000 -0.96594
vn 0.25877 -0.00000 0.96594
vn 0.95219 0.00000 -0.30549
vn -0.95219 -0.00000 0.30549
vn -0.21017 0.00000 0.97766
vn 0.21017 -0.00000 -0.97766
vn -0.69606 0.00000 0.71799
vn 0.69606 -0.00000 -0.71799
vn -0.50168 0.00000 0.86506
vn 0.50168 -0.00000 -0.86506
vn -0.06799 -0.00000 0.99769
vn 0.06799 0.00000 -0.99769
vn 0.44498 0.00000 0.89554
vn -0.44498 -0.00000 -0.89554
vn 0.49426 -0.00000 0.86931
vn -0.49426 0.00000 -0.86931
vn 0.54750 -0.00000 -0.83680
vn -0.54750 0.00000 0.83680
vn -0.37090 0.00000 -0.92867
vn 0.37090 -0.00000 0.92867
vn 0.95045 -0.00000 0.31089
vn -0.95045 0.00000 -0.31089
vn 0.76281 -0.00000 0.64663
vn -0.76281 0.00000 -0.64663
vn -0.18780 -0.00000 0.98221
vn 0.18780 0.00000 -0.98221
vn 0.99909 -0.00000 0.04263
vn -0.99909 0.00000 -0.04263
vn -0.86008 0.00000 0.51015
vn 0.86008 -0.00000 -0.51015
vn 0.89043 0.00000 -0.45512
vn -0.89043 -0.00000 0.45512
vn 0.57369 0.00000 -0.81907
vn -0.57369 -0.00000 0.81907
vn 0.30191 0.00000 -0.95334
vn -0.30191 -0.00000 0.95334
vn -0.82393 -0.00000 -0.56669
vn 0.82393 0.00000 0.56669
vn -0.97160 -0.00000 0.23663
vn 0.97160 0.00000 -0.23663
vn 0.89430 0.00000 -0.44747
vn -0.89430 -0.00000 0.44747
vn -0.67302 0.00000 -0.73962
vn 0.67302 -0.00000 0.73962
vn -0.06357 -0.00000 -0.99798
vn 0.06357 0.00000 0.99798
vn -0.89787 0.00000 -0.44026
vn 0.89787 -0.00000 0.44026
vn 0.57134 0.00000 0.82072
vn -0.57134 -0.00000 -0.82072
vn -0.72186 -0.00000 -0.69204
vn 0.72186 0.00000 0.69204
vn -0.07539 -0.00000 -0.99715
vn 0.07539 0.00000 0.99715
vn 0.92953 -0.00000 -0.36875
vn -0.92953 0.00000 0.36875
vn 0.88146 -0.00000 0.47226
vn -0.88146 0.00000 -0.47226
vn -0.22551 0.00000 0.97424
vn 0.22551 -0.00000 -0.97424
vn 0.93299 -0.00000 0.35989
vn -0.93299 0.00000 -0.35989
vn -0.64861 -0.00000 0.76112
vn 0.64861 0.00000 -0.76112
vn 0.99554 0.00000 -0.09431
vn -0.99554 -0.00000 0.09431
vn -0.41741 0.00000 -0.90872
vn 0.41741 -0.00000 0.90872
vn 0.87931 0.00000 0.47624
vn -0.87931 -0.00000 -0.47624
vn 0.88534 -0.00000 -0.46493
vn -0.88534 0.00000 0.46493
vn 0.99980 -0.00000 0.01985
vn -0.99980 0.00000 -0.01985
vn 0.07784 0.00000 0.99697
vn -0.07784 -0.00000 -0.99697
vn -0.23041 0.00000 0.97309
vn 0.23041 -0.00000 -0.97309
vn 0.05308 0.00000 0.99859
vn -0.05308 -0.00000 -0.99859
vn -0.96474 -0.00000 -0.26322
vn 0.96474 0.00000 0.26322
vn -0.88101 -0.00000 0.47310
vn 0.88101 0.00000 -0.47310
vn -0.53451 -0.00000 0.84516
vn 0.53451 0.00000 -0.84516
vn 0.77645 0.00000 -0.63018
vn -0.77645 -0.00000 0.63018
vn -0.31940 0.00000 -0.94762
vn 0.31940 -0.00000 0.94762
vn 0.80098 -0.00000 0.59870
vn -0.80098 0.00000 -0.59870
vn -0.78215 -0.00000 0.62310
vn 0.78215 0.00000 -0.62310
vn -0.55809 0.00000 -0.82978
vn 0.55809 -0.00000 0.82978
vn 0.56455 0.00000 -0.82540
vn -0.56455 -0.00000 0.82540
vn -0.98011 -0.00000 0.19848
vn 0.98011 0.00000 -0.19848
vn 0.02327 -0.00000 -0.99973
vn -0.02327 0.00000 0.99973
vn 0.74840 -0.00000 0.66324
vn -0.74840 0.00000 -0.66324
vn 0.76764 0.00000 0.64088
vn -0.76764 -0.00000 -0.64088
vn -0.06523 0.00000 0.99787
vn 0.06523 -0.00000 -0.99787
vn -0.97392 0.00000 0.22689
vn 0.97392 -0.00000 -0.22689
vn 0.90645 -0.00000 0.42231
vn -0.90645 0.00000 -0.42231
vn -0.34586 -0.00000 -0.93828
vn 0.34586 0.00000 0.93828
vn 0.99877 0.00000 0.04958
vn -0.99877 -0.00000 -0.04958
vn 0.69697 0.00000 0.71710
vn -0.69697 -0.00000 -0.71710
vn 0.85499 -0.00000 0.51865
vn -0.85499 0.00000 -0.51865
vn 0.92426 -0.00000 0.38177
vn -0.92426 0.00000 -0.38177
vn -0.15462 -0.00000 -0.98797
vn 0.15462 0.00000 0.98797
vn -0.59765 -0.00000 0.80176
vn 0.59765 0.00000 -0.80176
vn 0.95673 -0.00000 -0.29098
vn -0.95673 0.00000 0.29098
vn 0.99915 -0.00000 -0.04130
vn -0.99915 0.00000 0.04130
vn 0.42391 -0.00000 -0.90570
vn -0.42391 0.00000 0.90570
vn -0.99321 0.00000 0.11633
vn 0.99321 -0.00000 -0.11633
vn 0.26365 0.00000 0.96462
vn -0.26365 -0.00000 -0.96462
vn 0.83204 -0.00000 0.55471
vn -0.83204 0.00000 -0.55471
vn 0.99554 0.00000 -0.09431
vn -0.99554 0.00000 0.09431
vn -0.96214 -0.00000 -0.27256
vn 0.96214 0.00000 0.27256
vn -0.97303 -0.00000 -0.23067
vn 0.97303 0.00000 0.23067
vn 0.97213 -0.00000 0.23445
vn -0.97213 0.00000 -0.23445
vn -0.30529 -0.00000 -0.95226
vn 0.30529 0.00000 0.95226
vn -0.88729 -0.00000 0.46121
vn 0.88729 0.00000 -0.46121
vn 0.90691 0.00000 0.42132
vn -0.90691 -0.00000 -0.42132
vn -0.35982 0.00000 -0.93302
vn 0.35982 0.00000 0.93302
vn 0.70879 0.00000 0.70542
vn -0.70879 -0.00000 -0.70542
vn 0.28871 -0.00000 0.95742
vn -0.28871 0.00000 -0.95742
vn -0.51937 0.00000 -0.85455
vn 0.51937 0.00000 0.85455
vn -0.26818 -0.00000 0.96337
vn 0.26818 0.00000 -0.96337
vn 0.98097 -0.00000 0.19417
vn -0.98097 0.00000 -0.19417
vn 0.38150 0.00000 0.92437
vn -0.38150 -0.00000 -0.92437
vn -0.78774 -0.00000 -0.61601
vn 0.78774 0.00000 0.61601
vn -0.25714 -0.00000 0.96637
vn 0.25714 0.00000 -0.96637
vn 0.46990 0.00000 0.88272
vn -0.46990 -0.00000 -0.88272
vn 0.05482 0.00000 0.99850
vn -0.05482 -0.00000 -0.99850
vn 0.07406 -0.00000 -0.99725
vn -0.07406 0.00000 0.99725
vn -0.04918 0.00000 -0.99879
vn 0.04918 -0.00000 0.99879
vn -0.09101 0.00000 -0.99585
vn 0.09101 -0.00000 0.99585
vn 0.98327 -0.00000 -0.18216
vn -0.98327 0.00000 0.18216
vn -0.37936 0.00000 -0.92525
vn 0.37936 -0.00000 0.92525
vn 0.87020 0.00000 0.49269
vn -0.87020 -0.00000 -0.49269
vn -0.41699 -0.00000 -0.90891
vn 0.41699 0.00000 0.90891
vn -0.99990 -0.00000 0.01389
vn 0.99990 0.00000 -0.01389
vn 0.20851 0.00000 -0.97802
vn -0.20851 -0.00000 0.97802
vn -0.46050 -0.00000 0.88766
vn 0.46050 0.00000 -0.88766
vn -0.81102 0.00000 -0.58502
vn 0.81102 -0.00000 0.58502
vn -0.07961 -0.00000 -0.99683
vn 0.07961 0.00000 0.99683
vn -0.78430 -0.00000 0.62038
vn 0.78430 0.00000 -0.62038
vn 0.07906 -0.00000 -0.99687
vn -0.07906 0.00000 0.99687
vn 0.99998 -0.00000 -0.00674
vn -0.99998 0.00000 0.00674
vn 0.85010 0.00000 -0.52663
vn -0.85010 -0.00000 0.52663
vn -0.99864 0.00000 0.05208
vn 0.99864 -0.00000 -0.05208
vn 0.98750 -0.00000 -0.15759
vn -0.98750 0.00000 0.15759
vn 0.16425 0.00000 -0.98642
vn -0.16425 0.00000 0.98642
vn -0.30888 0.00000 -0.95110
vn 0.30888 0.00000 0.95110
vn -0.77424 0.00000 0.63290
vn 0.77424 -0.00000 -0.63290
vn -0.16251 -0.00000 0.98671
vn 0.16251 0.00000 -0.98671
vn -0.97753 -0.00000 0.21080
vn 0.97753 0.00000 -0.21080
vn -0.99950 0.00000 -0.03152
vn 0.99950 -0.00000 0.03152
vn 0.15741 0.00000 -0.98753
vn -0.15741 -0.00000 0.98753
vn -0.92307 0.00000 -0.38464
vn 0.92307 -0.00000 0.38464
vn -0.99456 -0.00000 0.10421
vn 0.99456 0.00000 -0.10421
vn -0.70987 -0.00000 -0.70433
vn 0.70987 0.00000 0.70433
vn 0.07346 -0.00000 -0.99730
vn -0.07346 0.00000 0.99730
vn 0.17565 0.00000 0.98445
vn -0.17565 -0.00000 -0.98445
vn -0.91331 0.00000 0.40727
vn 0.91331 -0.00000 -0.40727
vn -0.99717 -0.00000 -0.07522
vn 0.99717 0.00000 0.07522
vn -0.17740 0.00000 -0.98414
vn 0.17740 -0.00000 0.98414
vn 0.98095 -0.00000 -0.19424
vn -0.98095 0.00000 0.19424
vn -0.11051 0.00000 -0.99387
vn 0.11051 -0.00000 0.99387
vn 0.94494 -0.00000 -0.32724
vn -0.94494 0.00000 0.32724
vn 0.19428 -0.00000 -0.98095
vn -0.19428 0.00000 0.98095
vn 0.87818 0.00000 -0.47834
vn -0.87818 -0.00000 0.47834
vn -0.68141 0.00000 -0.73190
vn 0.68141 -0.00000 0.73190
vn 0.95473 -0.00000 0.29747
vn -0.95473 0.00000 -0.29747
vn 0.41080 0.00000 -0.91172
vn -0.41080 -0.00000 0.91172
vn 0.40037 -0.00000 -0.91635
vn -0.40037 0.00000 0.91635
vn -0.99271 -0.00000 0.12056
vn 0.99271 0.00000 -0.12056
vn 0.70794 -0.00000 -0.70628
vn -0.70794 0.00000 0.70628
vn 0.98576 0.00000 -0.16819
vn -0.98576 -0.00000 0.16819
vn 0.41618 0.00000 -0.90928
vn -0.41618 -0.00000 0.90928
vn -0.92852 -0.00000 0.37129
vn 0.92852 0.00000 -0.37129
vn -0.39692 -0.00000 -0.91786
vn 0.39692 0.00000 0.91786
vn -0.53029 0.00000 0.84781
vn 0.53029 -0.00000 -0.84781
vn 0.17564 -0.00000 0.98445
vn -0.17564 0.00000 -0.98445
vn 0.81022 -0.00000 0.58612
vn -0.81022 0.00000 -0.58612
vn -0.99760 -0.00000 -0.06922
vn 0.99760 0.00000 0.06922
vn 0.94359 -0.00000 -0.33113
vn -0.94359 0.00000 0.33113
vn -0.92875 0.00000 0.37070
vn 0.92875 -0.00000 -0.37070
vn 0.07633 0.00000 -0.99708
vn -0.07633 -0.00000 0.99708
vn 0.37820 0.00000 0.92572
vn -0.37820 -0.00000 -0.92572
vn -0.87546 -0.00000 -0.48330
vn 0.87546 0.00000 0.48330
vn -0.10216 -0.00000 -0.99477
vn 0.10216 0.00000 0.99477
vn 0.03549 -0.00000 0.99937
vn -0.03549 0.00000 -0.99937
vn -0.42027 0.00000 -0.90740
vn 0.42027 -0.00000 0.90740
vn 0.95592 -0.00000 0.29362
vn -0.95592 0.00000 -0.29362
vn 0.13664 -0.00000 0.99062
vn -0.13664 0.00000 -0.99062
vn -0.98459 -0.00000 -0.17491
vn 0.98459 0.00000 0.17491
vn -0.83660 0.00000 0.54781
vn 0.83660 -0.00000 -0.54781
vn -0.98408 -0.00000 0.17771
vn 0.98408 0.00000 -0.17771
vn -0.38108 0.00000 0.92454
vn 0.38108 -0.00000 -0.92454
vn 0.86222 -0.00000 0.50653
vn -0.86222 0.00000 -0.50653
vn -0.64883 -0.00000 0.76093
vn 0.64883 0.00000 -0.76093
vn -0.88799 0.00000 0.45987
vn 0.88799 -0.00000 -0.45987
vn -0.11714 0.00000 0.99312
vn 0.11714 -0.00000 -0.99312
vn 0.99293 0.00000 0.11868
vn -0.99293 -0.00000 -0.11868
vn -0.69261 -0.00000 -0.72131
vn 0.69261 0.00000 0.72131
vn 0.57481 -0.00000 -0.81829
vn -0.57481 0.00000 0.81829
vn -0.83515 -0.00000 0.55002
vn 0.83515 0.00000 -0.55002
vn -0.93166 0.00000 0.36334
vn 0.93166 -0.00000 -0.36334
vn -0.84089 -0.00000 0.54120
vn 0.84089 0.00000 -0.54120
vn -0.79913 -0.00000 -0.60116
vn 0.79913 0.00000 0.60116
vn -0.50044 -0.00000 -0.86577
vn 0.50044 0.00000 0.86577
vn 0.73933 -0.00000 -0.67334
vn -0.73933 0.00000 0.67334
vn -0.81492 0.00000 -0.57957
vn 0.81492 -0.00000 0.57957
vn 0.38026 0.00000 0.92488
vn -0.38026 -0.00000 -0.92488
vn -0.88200 0.00000 0.47125
vn 0.88200 -0.00000 -0.47125
vn -0.77727 -0.00000 0.62917
vn 0.77727 0.00000 -0.62917
vn -0.25997 -0.00000 0.96562
vn 0.25997 0.00000 -0.96562
vn -0.72092 0.00000 0.69301
vn 0.72092 -0.00000 -0.69301
vn -0.82456 -0.00000 0.56577
vn 0.82456 0.00000 -0.56577
vn -0.97434 -0.00000 -0.22506
vn 0.97434 0.00000 0.22506
vn 0.12287 -0.00000 -0.99242
vn -0.12287 0.00000 0.99242
vn -0.08642 -0.00000 -0.99626
vn 0.08642 0.00000 0.99626
vn -0.79741 0.00000 -0.60344
vn 0.79741 -0.00000 0.60344
vn -0.17993 0.00000 -0.98368
vn 0.17993 -0.00000 0.98368
vn -0.24566 0.00000 0.96936
vn 0.24566 -0.00000 -0.96936
vn 0.08594 0.00000 -0.99630
vn -0.08594 -0.00000 0.99630
vn 0.43057 -0.00000 0.90256
vn -0.43057 0.00000 -0.90256
vn -0.82440 -0.00000 -0.56600
vn 0.82440 0.00000 0.56600
vn 0.51421 -0.00000 0.85766
vn -0.51421 0.00000 -0.85766
vn 0.84072 0.00000 -0.54147
vn -0.84072 -0.00000 0.54147
vn 0.03568 0.00000 0.99936
vn -0.03568 -0.00000 -0.99936
vn 0.98959 -0.00000 -0.14390
vn -0.98959 0.00000 0.14390
vn -0.98681 0.00000 -0.16186
vn 0.98681 -0.00000 0.16186
vn -0.84433 0.00000 0.53583
vn 0.84433 -0.00000 -0.53583
vn -0.70180 0.00000 -0.71238
vn 0.70180 -0.00000 0.71238
vn -0.99680 -0.00000 -0.07989
vn 0.99680 0.00000 0.07989
vn 0.95998 0.00000 -0.28005
vn -0.95998 -0.00000 0.28005
vn 0.29249 0.00000 0.95627
vn -0.29249 -0.00000 -0.95627
vn 0.86080 0.00000 0.50894
vn -0.86080 -0.00000 -0.50894
vn -0.12002 -0.00000 0.99277
vn 0.12002 0.00000 -0.99277
vn 0.98352 -0.00000 0.18081
vn -0.98352 0.00000 -0.18081
vn 0.03759 0.00000 0.99929
vn -0.03759 -0.00000 -0.99929
vn -0.46765 -0.00000 0.88391
vn 0.46765 0.00000 -0.88391
vn 0.83608 -0.00000 0.54860
vn -0.83608 0.00000 -0.54860
vn 0.30100 0.00000 -0.95362
vn -0.30100 -0.00000 0.95362
vn 0.91726 0.00000 0.39828
vn -0.91726 -0.00000 -0.39828
vn -0.99735 -0.00000 0.07270
vn 0.99735 0.00000 -0.07270
vn 0.67977 0.00000 -0.73342
vn -0.67977 -0.00000 0.73342
vn -0.99986 -0.00000 -0.01672
vn 0.99986 0.00000 0.01672
vn -0.96646 -0.00000 -0.25681
vn 0.96646 0.00000 0.25681
vn 0.99176 -0.00000 -0.12815
vn -0.99176 0.00000 0.12815
vn -0.85774 0.00000 -0.51409
vn 0.85774 -0.00000 0.51409
vn 0.64411 0.00000 -0.76493
vn -0.64411 -0.00000 0.76493
vn 0.99582 0.00000 -0.09134
vn -0.99582 -0.00000 0.09134
vn 0.66697 -0.00000 0.74509
vn -0.66697 0.00000 -0.74509
vn 0.27670 -0.00000 -0.96096
vn -0.27670 0.00000 0.96096
vn 0.07407 -0.00000 0.99725
vn -0.07407 0.00000 -0.99725
vn -0.51040 0.00000 0.85994
vn 0.51040 -0.00000 -0.85994
vn 0.91373 -0.00000 -0.40632
vn -0.91373 0.00000 0.40632
vn 0.32727 0.00000 -0.94493
vn -0.32727 -0.00000 0.94493
vn 0.95763 -0.00000 0.28799
vn -0.95763 0.00000 -0.28799
vn -0.95914 0.00000 0.28293
vn 0.95914 -0.00000 -0.28293
vn -0.50686 0.00000 -0.86203
vn 0.50686 -0.00000 0.86203
vn 0.63458 0.00000 -0.77286
vn -0.63458 -0.00000 0.77286
vn -0.99693 -0.00000 -0.07828
vn 0.99693 0.00000 0.07828
vn -0.98058 -0.00000 0.19611
vn 0.98058 0.00000 -0.19611
vn 0.99888 -0.00000 -0.04733
vn -0.99888 0.00000 0.04733
vn -0.13580 0.00000 -0.99074
vn 0.13580 -0.00000 0.99074
vn -0.25650 0.00000 -0.96654
vn 0.25650 -0.00000 0.96654
vn -0.83518 0.00000 -0.54998
vn 0.83518 -0.00000 0.54998
vn -0.62916 -0.00000 -0.77728
vn 0.62916 0.00000 0.77728
vn -0.29245 -0.00000 -0.95628
vn 0.29245 0.00000 0.95628
vn 0.33795 -0.00000 -0.94116
vn -0.33795 0.00000 0.94116
vn 0.11137 -0.00000 0.99378
vn -0.11137 0.00000 -0.99378
vn -0.05515 -0.00000 -0.99848
vn 0.05515 0.00000 0.99848
vn -0.60834 -0.00000 -0.79368
vn 0.60834 0.00000 0.79368
vn 0.34566 -0.00000 0.93836
vn -0.34566 0.00000 -0.93836
vn 0.40595 -0.00000 0.91390
vn -0.40595 0.00000 -0.91390
vn 0.92979 0.00000 0.36808
vn -0.92979 -0.00000 -0.36808
vn -0.55261 0.00000 0.83344
vn 0.55261 -0.00000 -0.83344
vn 0.90482 -0.00000 -0.42579
vn -0.90482 0.00000 0.42579
vn 0.01703 0.00000 -0.99986
vn -0.01703 -0.00000 0.99986
vn 0.53944 -0.00000 0.84202
vn -0.53944 0.00000 -0.84202
vn 0.22275 0.00000 -0.97488
vn -0.22275 -0.00000 0.97488
vn -0.00833 0.00000 0.99997
vn 0.00833 -0.00000 -0.99997
vn 0.95786 0.00000 0.28723
vn -0.95786 -0.00000 -0.28723
vn 0.99670 0.00000 0.08119
vn -0.99670 -0.00000 -0.08119
vn 0.81830 -0.00000 0.57480
vn -0.81830 0.00000 -0.57480
vn 0.97219 -0.00000 0.23418
vn -0.97219 0.00000 -0.23418
vn -0.21702 -0.00000 0.97617
vn 0.21702 0.00000 -0.97617
vn -0.20035 -0.00000 -0.97972
vn 0.20035 0.00000 0.97972
vn -0.99977 0.00000 -0.02153
vn 0.99977 -0.00000 0.02153
vn 0.46102 -0.00000 0.88739
vn -0.46102 0.00000 -0.88739
vn -0.94070 -0.00000 0.33925
vn 0.94070 0.00000 -0.33925
vn -0.62380 0.00000 -0.78159
vn 0.62380 -0.00000 0.78159
vn 0.84509 0.00000 -0.53462
vn -0.84509 -0.00000 0.53462
vn 0.52519 -0.00000 -0.85098
vn -0.52519 0.00000 0.85098
vn -0.90280 0.00000 0.43006
vn 0.90280 -0.00000 -0.43006
vn -0.33426 0.00000 -0.94248
vn 0.33426 -0.00000 0.94248
vn 0.00047 0.00000 -1.00000
vn -0.00047 -0.00000 1.00000
vn 0.99385 0.00000 -0.11078
vn -0.99385 -0.00000 0.11078
vn -0.22473 0.00000 0.97442
vn 0.22473 -0.00000 -0.97442
vn -0.94231 -0.00000 0.33476
vn 0.94231 0.00000 -0.33476
vn -0.96326 -0.00000 -0.26858
vn 0.96326 0.00000 0.26858
vn -0.05045 -0.00000 -0.99873
vn 0.05045 0.00000 0.99873
vn 0.98001 -0.00000 0.19894
vn -0.98001 0.00000 -0.19894
vn 0.16589 0.00000 0.98614
vn -0.16589 -0.00000 -0.98614
vn 0.47289 -0.00000 -0.88112
vn -0.47289 0.00000 0.88112
vn -0.87775 0.00000 0.47911
vn 0.87775 -0.00000 -0.47911
vn -0.78531 -0.00000 0.61911
vn 0.78531 0.00000 -0.61911
vn 0.80863 0.00000 -0.58831
vn -0.80863 -0.00000 0.58831
vn 0.95195 0.00000 -0.30624
vn -0.95195 -0.00000 0.30624
vn 0.51164 0.00000 -0.85920
vn -0.51164 -0.00000 0.85920
vn 0.99788 0.00000 0.06505
vn -0.99788 -0.00000 -0.06505
vn 0.90042 -0.00000 -0.43502
vn -0.90042 0.00000 0.43502
vn -0.81873 -0.00000 0.57418
vn 0.81873 0.00000 -0.57418
vn -0.84935 0.00000 0.52783
vn 0.84935 -0.00000 -0.52783
vn -0.40231 0.00000 -0.91550
vn 0.40231 -0.00000 0.91550
vn -0.99570 -0.00000 -0.09260
vn 0.99570 0.00000 0.09260
vn 0.81774 0.00000 0.57559
vn -0.81774 -0.00000 -0.57559
vn -0.21918 -0.00000 -0.97569
vn 0.21918 0.00000 0.97569
vn -0.97929 -0.00000 0.20248
vn 0.97929 0.00000 -0.20248
vn -0.99379 -0.00000 0.11129
vn 0.99379 0.00000 -0.11129
vn -0.99633 0.00000 0.08562
vn 0.99633 -0.00000 -0.08562
vn -0.93824 -0.00000 -0.34599
vn 0.93824 0.00000 0.34599
vn -0.76749 -0.00000 -0.64106
vn 0.76749 0.00000 0.64106
vn 0.67734 -0.00000 -0.73567
vn -0.67734 0.00000 0.73567
vn 0.77274 -0.00000 0.63472
vn -0.77274 0.00000 -0.63472
vn -0.75574 0.00000 0.65487
vn 0.75574 -0.00000 -0.65487
vn -0.29804 -0.00000 -0.95455
vn 0.29804 0.00000 0.95455
vn -0.97995 -0.00000 0.19927
vn 0.97995 0.00000 -0.19927
vn -0.85967 0.00000 -0.51085
vn 0.85967 -0.00000 0.51085
vn 0.12176 0.00000 0.99256
vn -0.12176 -0.00000 -0.99256
vn -0.60780 0.00000 -0.79409
vn 0.60780 -0.00000 0.79409
vn -0.08185 -0.00000 -0.99664
vn 0.08185 0.00000 0.99664
vn 0.94327 -0.00000 0.33203
vn -0.94327 0.00000 -0.33203
vn -0.35763 0.00000 0.93386
vn 0.35763 -0.00000 -0.93386
vn -0.99955 0.00000 0.02987
vn 0.99955 -0.00000 -0.02987
vn 0.16912 0.00000 0.98559
vn -0.16912 -0.00000 -0.98559
vn 0.98021 -0.00000 -0.19797
vn -0.98021 0.00000 0.19797
vn 0.46125 -0.00000 -0.88727
vn -0.46125 0.00000 0.88727
vn 0.79772 -0.00000 -0.60302
vn -0.79772 0.00000 0.60302
vn -0.94465 0.00000 -0.32807
vn 0.94465 -0.00000 0.32807
vn 0.46063 0.00000 -0.88759
vn -0.46063 -0.00000 0.88759
vn -0.28172 -0.00000 -0.95950
vn 0.28172 0.00000 0.95950
vn 0.64217 0.00000 -0.76656
vn -0.64217 -0.00000 0.76656
vn 0.22946 0.00000 0.97332
vn -0.22946 -0.00000 -0.97332
vn -0.98518 -0.00000 0.17151
vn 0.98518 0.00000 -0.17151
vn 0.42703 0.00000 -0.90424
vn -0.42703 -0.00000 0.90424
vn 0.42564 -0.00000 0.90489
vn -0.42564 0.00000 -0.90489
vn 0.09628 -0.00000 0.99535
vn -0.09628 0.00000 -0.99535
vn -0.92573 0.00000 0.37819
vn 0.92573 -0.00000 -0.37819
vn 0.64960 -0.00000 -0.76028
vn -0.64960 0.00000 0.76028
vn 0.98847 0.00000 -0.15144
vn -0.98847 -0.00000 0.15144
vn -0.00036 0.00000 1.00000
vn 0.00036 -0.00000 -1.00000
vn -0.78395 0.00000 -0.62083
vn 0.78395 -0.00000 0.62083
vn -0.67804 0.00000 -0.73503
vn 0.67804 -0.00000 0.73503
vn -0.94419 -0.00000 0.32941
vn 0.94419 0.00000 -0.32941
vn -0.97572 0.00000 -0.21903
vn 0.97572 -0.00000 0.21903
vn -0.71468 -0.00000 -0.69945
vn 0.71468 0.00000 0.69945
vn 0.77650 -0.00000 0.63011
vn -0.77650 0.00000 -0.63011
vn 0.81869 -0.00000 0.57424
vn -0.81869 0.00000 -0.57424
vn 0.99756 -0.00000 -0.06982
vn -0.99756 0.00000 0.06982
vn -0.31220 0.00000 0.95002
vn 0.31220 -0.00000 -0.95002
vn -0.95456 -0.00000 0.29800
vn 0.95456 0.00000 -0.29800
vn -0.44960 0.00000 0.89323
vn 0.44960 -0.00000 -0.89323
vn 0.90378 0.00000 -0.42801
vn -0.90378 -0.00000 0.42801
vn -0.59347 -0.00000 -0.80486
vn 0.59347 0.00000 0.80486
vn 0.79098 -0.00000 0.61184
vn -0.79098 0.00000 -0.61184
vn -0.74784 0.00000 0.66388
vn 0.74784 -0.00000 -0.66388
vn -0.82173 0.00000 -0.56987
vn 0.82173 -0.00000 0.56987
vn 0.32384 0.00000 -0.94611
vn -0.32384 -0.00000 0.94611
vn -0.31195 -0.00000 -0.95010
vn 0.31195 0.00000 0.95010
vn -0.58236 0.00000 -0.81293
vn 0.58236 -0.00000 0.81293
vn -0.03457 0.00000 0.99940
vn 0.03457 -0.00000 -0.99940
vn 0.86637 0.00000 0.49941
vn -0.86637 -0.00000 -0.49941
vn 0.19181 0.00000 -0.98143
vn -0.19181 -0.00000 0.98143
vn 0.95121 0.00000 -0.30854
vn -0.95121 -0.00000 0.30854
vn 0.23354 -0.00000 0.97235
vn -0.23354 0.00000 -0.97235
vn 0.98773 -0.00000 -0.15617
vn -0.98773 0.00000 0.15617
vn -0.49340 -0.00000 0.86980
vn 0.49340 0.00000 -0.86980
vn 0.81901 -0.00000 -0.57377
vn -0.81901 0.00000 0.57377
vn -0.99406 -0.00000 -0.10880
vn 0.99406 0.00000 0.10880
vn -0.80424 -0.00000 0.59431
vn 0.80424 0.00000 -0.59431
vn -0.41052 0.00000 0.91185
vn 0.41052 -0.00000 -0.91185
vn -0.49626 0.00000 -0.86817
vn 0.49626 -0.00000 0.86817
vn 0.76893 -0.00000 0.63933
vn -0.76893 0.00000 -0.63933
vn -0.17873 0.00000 -0.98390
vn 0.17873 -0.00000 0.98390
vn 0.99312 0.00000 0.11706
vn -0.99312 -0.00000 -0.11706
vn -0.48650 -0.00000 0.87368
vn 0.48650 0.00000 -0.87368
vn -0.54716 -0.00000 -0.83703
vn 0.54716 0.00000 0.83703
vn -0.97500 -0.00000 -0.22223
vn 0.97500 0.00000 0.22223
vn 0.83447 0.00000 0.55106
vn -0.83447 -0.00000 -0.55106
vn -0.87242 0.00000 -0.48876
vn 0.87242 -0.00000 0.48876
vn -0.38445 0.00000 0.92315
vn 0.38445 -0.00000 -0.92315
vn 0.03534 0.00000 0.99938
vn -0.03534 -0.00000 -0.99938
vn 0.98087 0.00000 -0.19468
vn -0.98087 -0.00000 0.19468
vn -0.81621 -0.00000 0.57775
vn 0.81621 0.00000 -0.57775
vn -0.45659 0.00000 -0.88968
vn 0.45659 -0.00000 0.88968
vn -0.54214 0.00000 0.84029
vn 0.54214 -0.00000 -0.84029
vn 0.95880 -0.00000 -0.28409
vn -0.95880 0.00000 0.28409
vn 0.96425 0.00000 -0.26498
vn -0.96425 -0.00000 0.26498
vn 0.96893 0.00000 0.24735
vn -0.96893 -0.00000 -0.24735
vn -0.19067 0.00000 -0.98165
vn 0.19067 -0.00000 0.98165
vn -0.80266 0.00000 -0.59643
vn 0.80266 -0.00000 0.59643
vn -0.77169 -0.00000 -0.63600
vn 0.77169 0.00000 0.63600
vn -0.79446 -0.00000 -0.60731
vn 0.79446 0.00000 0.60731
vn -0.68808 0.00000 0.72564
vn 0.68808 -0.00000 -0.72564
vn 0.42142 -0.00000 0.90686
vn -0.42142 0.00000 -0.90686
vn 0.19255 -0.00000 -0.98129
vn -0.19255 0.00000 0.98129
vn 0.46838 -0.00000 -0.88353
vn -0.46838 0.00000 0.88353
vn 0.22995 -0.00000 0.97320
vn -0.22995 0.00000 -0.97320
vn -0.87536 0.00000 -0.48348
vn 0.87536 -0.00000 0.48348
vn -0.52088 -0.00000 -0.85363
vn 0.52088 0.00000 0.85363
vn -0.91672 0.00000 -0.39954
vn 0.91672 -0.00000 0.39954
vn 0.87775 0.00000 -0.47913
vn -0.87775 -0.00000 0.47913
vn 0.41007 0.00000 0.91206
vn -0.41007 -0.00000 -0.91206
vn -0.92313 0.00000 -0.38450
vn 0.92313 -0.00000 0.38450
vn -0.99017 0.00000 0.13989
vn 0.99017 -0.00000 -0.13989
vn 0.58583 0.00000 -0.81044
vn -0.58583 -0.00000 0.81044
vn 0.74986 0.00000 -0.66159
vn -0.74986 -0.00000 0.66159
vn -0.99336 -0.00000 0.11506
vn 0.99336 0.00000 -0.11506
vn -0.99616 -0.00000 0.08751
vn 0.99616 0.00000 -0.08751
vn -0.84527 -0.00000 -0.53433
vn 0.84527 0.00000 0.53433
vn 0.66525 0.00000 -0.74662
vn -0.66525 -0.00000 0.74662
vn -0.58649 0.00000 0.80996
vn 0.58649 -0.00000 -0.80996
vn -0.10954 0.00000 -0.99398
vn 0.10954 -0.00000 0.99398
vn -0.12029 -0.00000 0.99274
vn 0.12029 0.00000 -0.99274
vn 0.76712 0.00000 0.64151
vn -0.76712 -0.00000 -0.64151
vn 0.62483 0.00000 0.78076
vn -0.62483 -0.00000 -0.78076
vn 0.99944 -0.00000 -0.03360
vn -0.99944 0.00000 0.03360
vn 0.35944 0.00000 -0.93317
vn -0.35944 -0.00000 0.93317
vn -0.27526 -0.00000 -0.96137
vn 0.27526 0.00000 0.96137
vn -0.98255 -0.00000 0.18602
vn 0.98255 0.00000 -0.18602
vn 0.42644 -0.00000 0.90452
vn -0.42644 0.00000 -0.90452
vn -0.93974 -0.00000 0.34189
vn 0.93974 0.00000 -0.34189
vn -0.91654 -0.00000 0.39994
vn 0.91654 0.00000 -0.39994
vn 0.28705 -0.00000 -0.95792
vn -0.28705 0.00000 0.95792
vn -0.51656 -0.00000 -0.85625
vn 0.51656 0.00000 0.85625
vn 0.79858 -0.00000 -0.60190
vn -0.79858 0.00000 0.60190
vn 0.99777 0.00000 0.06676
vn -0.99777 -0.00000 -0.06676
vn -0.99999 -0.00000 0.00533
vn 0.99999 0.00000 -0.00533
vn 0.74037 -0.00000 -0.67220
vn -0.74037 0.00000 0.67220
vn -0.99433 0.00000 0.10634
vn 0.99433 -0.00000 -0.10634
vn 0.59399 -0.00000 0.80447
vn -0.59399 0.00000 -0.80447
vn 0.29781 -0.00000 -0.95463
vn -0.29781 0.00000 0.95463
vn 0.19188 0.00000 -0.98142
vn -0.19188 -0.00000 0.98142
vn -0.34884 -0.00000 -0.93718
vn 0.34884 0.00000 0.93718
vn 0.97593 0.00000 0.21807
vn -0.97593 -0.00000 -0.21807
vn -0.92306 0.00000 -0.38464
vn 0.92306 -0.00000 0.38464
vn 0.69121 0.00000 -0.72265
vn -0.69121 -0.00000 0.72265
vn 0.09127 -0.00000 0.99583
vn -0.09127 0.00000 -0.99583
vn -0.79005 -0.00000 0.61305
vn 0.79005 0.00000 -0.61305
vn -0.10561 -0.00000 -0.99441
vn 0.10561 0.00000 0.99441
vn -0.60287 0.00000 0.79784
vn 0.60287 -0.00000 -0.79784
vn 0.00343 -0.00000 0.99999
vn -0.00343 0.00000 -0.99999
vn -0.24080 0.00000 0.97057
vn 0.24080 -0.00000 -0.97057
vn -0.79336 -0.00000 0.60875
vn 0.79336 0.00000 -0.60875
vn 0.95917 0.00000 -0.28283
vn -0.95917 -0.00000 0.28283
vn 0.94129 -0.00000 0.33761
vn -0.94129 0.00000 -0.33761
vn -0.16395 -0.00000 -0.98647
vn 0.16395 0.00000 0.98647
vn -0.83212 0.00000 -0.55460
vn 0.83212 -0.00000 0.55460
vn 0.96432 -0.00000 -0.26476
vn -0.96432 0.00000 0.26476
vn -0.22433 0.00000 -0.97451
vn 0.22433 -0.00000 0.97451
vn -0.90057 0.00000 0.43471
vn 0.90057 -0.00000 -0.43471
vn -0.95994 0.00000 0.28019
vn 0.95994 -0.00000 -0.28019
vn 0.62812 0.00000 0.77811
vn -0.62812 -0.00000 -0.77811
vn 0.38739 -0.00000 -0.92192
vn -0.38739 0.00000 0.92192
vn -0.55467 0.00000 0.83207
vn 0.55467 -0.00000 -0.83207
vn -0.74311 -0.00000 0.66917
vn 0.74311 0.00000 -0.66917
vn 0.32082 -0.00000 -0.94714
vn -0.32082 0.00000 0.94714
vn -0.91170 0.00000 -0.41087
vn 0.91170 -0.00000 0.41087
vn -0.87935 0.00000 -0.47618
vn 0.87935 -0.00000 0.47618
vn 0.97699 0.00000 0.21327
vn -0.97699 -0.00000 -0.21327
vn -0.99824 0.00000 0.05936
vn 0.99824 -0.00000 -0.05936
vn -0.37877 0.00000 -0.92549
vn 0.37877 -0.00000 0.92549
vn -0.78620 -0.00000 -0.61798
vn 0.78620 0.00000 0.61798
vn 0.46426 -0.00000 0.88570
vn -0.46426 0.00000 -0.88570
vn 0.32465 0.00000 0.94583
vn -0.32465 -0.00000 -0.94583
vn -0.28219 0.00000 0.95936
vn 0.28219 -0.00000 -0.95936
vn 0.45940 -0.00000 -0.88823
vn -0.45940 0.00000 0.88823
vn 0.16155 -0.00000 -0.98686
vn -0.16155 0.00000 0.98686
vn -0.89381 0.00000 0.44844
vn 0.89381 -0.00000 -0.44844
vn 0.88443 0.00000 0.46668
vn -0.88443 -0.00000 -0.46668
vn 0.94677 -0.00000 0.32191
vn -0.94677 0.00000 -0.32191
vn 0.87371 -0.00000 0.48644
vn -0.87371 0.00000 -0.48644
vn 0.99905 -0.00000 -0.04364
vn -0.99905 0.00000 0.04364
vn 0.53926 -0.00000 0.84214
vn -0.53926 0.00000 -0.84214
vn 0.99232 -0.00000 0.12373
vn -0.99232 0.00000 -0.12373
vn -0.87864 0.00000 0.47749
vn 0.87864 0.00000 -0.47749
vn -0.76387 0.00000 -0.64537
vn 0.76387 -0.00000 0.64537
vn 0.00919 0.00000 -0.99996
vn -0.00919 -0.00000 0.99996
vn -0.60656 0.00000 -0.79504
vn 0.60656 -0.00000 0.79504
vn -0.91193 0.00000 0.41034
vn 0.91193 -0.00000 -0.41034
vn -0.87640 -0.00000 -0.48158
vn 0.87640 0.00000 0.48158
vn -0.25147 0.00000 0.96786
vn 0.25147 -0.00000 -0.96786
vn 0.51394 -0.00000 0.85782
vn -0.51394 0.00000 -0.85782
vn -0.74433 0.00000 -0.66781
vn 0.74433 -0.00000 0.66781
vn -0.99222 0.00000 0.12453
vn 0.99222 -0.00000 -0.12453
vn -0.88496 -0.00000 -0.46567
vn 0.88496 0.00000 0.46567
vn -0.97250 -0.00000 -0.23292
vn 0.97250 0.00000 0.23292
vn 0.97894 0.00000 -0.20417
vn -0.97894 -0.00000 0.20417
vn -0.99987 -0.00000 -0.01596
vn 0.99987 0.00000 0.01596
vn 0.03739 -0.00000 0.99930
vn -0.03739 0.00000 -0.99930
vn -0.47405 0.00000 -0.88050
vn 0.47405 -0.00000 0.88050
vn 0.81770 -0.00000 -0.57564
vn -0.81770 0.00000 0.57564
vn 0.65482 0.00000 0.75578
vn -0.65482 -0.00000 -0.75578
vn -0.93569 -0.00000 -0.35283
vn 0.93569 0.00000 0.35283
vn 0.16635 -0.00000 0.98607
vn -0.16635 0.00000 -0.98607
vn 0.71495 0.00000 0.69918
vn -0.71495 -0.00000 -0.69918
vn 0.64462 0.00000 0.76450
vn -0.64462 -0.00000 -0.76450
vn 0.95546 0.00000 -0.29514
vn -0.95546 -0.00000 0.29514
vn 0.60473 -0.00000 -0.79643
vn -0.60473 0.00000 0.79643
vn 0.92494 0.00000 -0.38011
vn -0.92494 -0.00000 0.38011
vn 0.17256 -0.00000 0.98500
vn -0.17256 0.00000 -0.98500
vn -0.93575 0.00000 0.35267
vn 0.93575 -0.00000 -0.35267
vn -0.47382 0.00000 0.88062
vn 0.47382 -0.00000 -0.88062
vn -0.27043 0.00000 -0.96274
vn 0.27043 -0.00000 0.96274
vn -0.97946 -0.00000 0.20162
vn 0.97946 0.00000 -0.20162
vn -0.04457 -0.00000 -0.99901
vn 0.04457 0.00000 0.99901
vn 0.99803 0.00000 0.06281
vn -0.99803 -0.00000 -0.06281
vn -0.04520 0.00000 -0.99898
vn 0.04520 -0.00000 0.99898
vn -0.91048 -0.00000 -0.41356
vn 0.91048 0.00000 0.41356
vn -0.97241 -0.00000 0.23328
vn 0.97241 0.00000 -0.23328
vn 0.85141 0.00000 0.52449
vn -0.85141 -0.00000 -0.52449
vn 0.95185 -0.00000 0.30655
vn -0.95185 0.00000 -0.30655
vn 0.96693 0.00000 -0.25506
vn -0.96693 -0.00000 0.25506
vn 0.90758 -0.00000 -0.41987
vn -0.90758 0.00000 0.41987
vn -0.53013 -0.00000 -0.84792
vn 0.53013 0.00000 0.84792
vn -0.95330 0.00000 -0.30204
vn 0.95330 -0.00000 0.30204
vn -0.82742 0.00000 0.56159
vn 0.82742 -0.00000 -0.56159
vn 0.24289 0.00000 0.97005
vn -0.24289 -0.00000 -0.97005
vn -0.86522 -0.00000 -0.50139
vn 0.86522 0.00000 0.50139
vn 0.40098 0.00000 -0.91609
vn -0.40098 -0.00000 0.91609
vn -1.00000 0.00000 0.00086
vn 1.00000 -0.00000 -0.00086
vn -0.47815 -0.00000 0.87828
vn 0.47815 0.00000 -0.87828
vn -0.56769 -0.00000 -0.82324
vn 0.56769 0.00000 0.82324
vn -0.95331 0.00000 0.30201
vn 0.95331 -0.00000 -0.30201
vn -0.60045 -0.00000 0.79966
vn 0.60045 0.00000 -0.79966
vn -0.41373 0.00000 0.91040
vn 0.41373 -0.00000 -0.91040
vn -0.99995 0.00000 0.01040
vn 0.99995 -0.00000 -0.01040
vn -0.74517 0.00000 0.66688
vn 0.74517 -0.00000 -0.66688
vn 0.82039 -0.00000 0.57181
vn -0.82039 0.00000 -0.57181
vn 0.82012 0.00000 -0.57219
vn -0.82012 -0.00000 0.57219
vn 0.23193 0.00000 0.97273
vn -0.23193 -0.00000 -0.97273
vn -0.75514 0.00000 0.65557
vn 0.75514 -0.00000 -0.65557
vn 0.82524 0.00000 0.56478
vn -0.82524 -0.00000 -0.56478
vn 0.83247 0.00000 0.55408
vn -0.83247 -0.00000 -0.55408
vn -0.31632 -0.00000 -0.94865
vn 0.31632 0.00000 0.94865
vn -0.89632 0.00000 0.44341
vn 0.89632 -0.00000 -0.44341
vn 0.25263 0.00000 0.96756
vn -0.25263 -0.00000 -0.96756
vn 0.95439 0.00000 0.29856
vn -0.95439 -0.00000 -0.29856
vn -0.84274 0.00000 0.53833
vn 0.84274 -0.00000 -0.53833
vn 0.98701 0.00000 0.16069
vn -0.98701 -0.00000 -0.16069
vn -0.78908 0.00000 -0.61429
vn 0.78908 -0.00000 0.61429
vn -0.83699 0.00000 -0.54722
vn 0.83699 -0.00000 0.54722
vn -0.55871 0.00000 0.82936
vn 0.55871 -0.00000 -0.82936
vn 0.94462 -0.00000 -0.32817
vn -0.94462 0.00000 0.32817
vn 0.63889 -0.00000 0.76930
vn -0.63889 0.00000 -0.76930
vn 0.26251 -0.00000 -0.96493
vn -0.26251 0.00000 0.96493
vn -0.85882 -0.00000 -0.51229
vn 0.85882 0.00000 0.51229
vn -0.93321 0.00000 -0.35932
vn 0.93321 -0.00000 0.35932
vn -0.94447 -0.00000 -0.32859
vn 0.94447 0.00000 0.32859
vn -0.02922 0.00000 -0.99957
vn 0.02922 -0.00000 0.99957
vn -0.46447 0.00000 -0.88559
vn 0.46447 -0.00000 0.88559
vn 0.20271 0.00000 -0.97924
vn -0.20271 -0.00000 0.97924
vn 0.69196 0.00000 -0.72193
vn -0.69196 -0.00000 0.72193
vn 0.28312 0.00000 -0.95908
vn -0.28312 -0.00000 0.95908
vn 0.44721 0.00000 -0.89443
vn -0.44721 -0.00000 0.89443
vn -0.83549 0.00000 0.54951
vn 0.83549 -0.00000 -0.54951
vn 0.99482 0.00000 0.10162
vn -0.99482 -0.00000 -0.10162
vn -0.97648 0.00000 0.21560
vn 0.97648 -0.00000 -0.21560
vn 0.99062 -0.00000 -0.13664
vn -0.99062 0.00000 0.13664
vn -0.36717 0.00000 0.93015
vn 0.36717 -0.00000 -0.93015
vn 0.92281 0.00000 -0.38526
vn -0.92281 0.00000 0.38526
vn -0.57088 0.00000 -0.82103
vn 0.57088 -0.00000 0.82103
vn -0.99979 0.00000 0.02056
vn 0.99979 -0.00000 -0.02056
vn -0.94961 0.00000 0.31344
vn 0.94961 -0.00000 -0.31344
vn -0.32215 0.00000 -0.94669
vn 0.32215 -0.00000 0.94669
vn -0.14835 -0.00000 0.98894
vn 0.14835 0.00000 -0.98894
vn -0.94974 0.00000 0.31304
vn 0.94974 -0.00000 -0.31304
vn 0.52573 0.00000 0.85065
vn -0.52573 -0.00000 -0.85065
vn 0.94926 0.00000 0.31448
vn -0.94926 -0.00000 -0.31448
vn -0.09816 0.00000 0.99517
vn 0.09816 -0.00000 -0.99517
vn 0.62578 -0.00000 0.78000
vn -0.62578 0.00000 -0.78000
vn 0.41386 0.00000 0.91034
vn -0.41386 -0.00000 -0.91034
vn 0.46114 0.00000 -0.88733
vn -0.46114 -0.00000 0.88733
vn 0.72757 -0.00000 0.68603
vn -0.72757 0.00000 -0.68603
vn -0.57250 -0.00000 -0.81991
vn 0.57250 0.00000 0.81991
vn -0.37694 -0.00000 -0.92624
vn 0.37694 0.00000 0.92624
vn -0.31505 0.00000 -0.94907
vn 0.31505 -0.00000 0.94907
vn -0.93599 0.00000 -0.35203
vn 0.93599 -0.00000 0.35203
vn 0.36006 0.00000 -0.93293
vn -0.36006 -0.00000 0.93293
vn -0.99745 -0.00000 -0.07142
vn 0.99745 0.00000 0.07142
vn 0.95299 -0.00000 -0.30300
vn -0.95299 0.00000 0.30300
vn 0.83623 -0.00000 0.54839
vn -0.83623 0.00000 -0.54839
vn 0.99518 0.00000 -0.09808
vn -0.99518 -0.00000 0.09808
vn -0.99040 0.00000 -0.13822
vn 0.99040 -0.00000 0.13822
vn 0.35296 0.00000 -0.93564
vn -0.35296 -0.00000 0.93564
vn 0.78760 0.00000 0.61619
vn -0.78760 -0.00000 -0.61619
vn -0.67640 -0.00000 0.73654
vn 0.67640 0.00000 -0.73654
vn -0.13279 -0.00000 0.99114
vn 0.13279 0.00000 -0.99114
vn 0.04129 -0.00000 -0.99915
vn -0.04129 0.00000 0.99915
vn 0.99999 -0.00000 -0.00342
vn -0.99999 0.00000 0.00342
vn -0.91982 -0.00000 -0.39235
vn 0.91982 0.00000 0.39235
vn 0.47241 -0.00000 -0.88138
vn -0.47241 0.00000 0.88138
vn 0.87219 0.00000 -0.48917
vn -0.87219 -0.00000 0.48917
vn -0.99142 0.00000 0.13072
vn 0.99142 -0.00000 -0.13072
vn -0.26030 0.00000 -0.96553
vn 0.26030 -0.00000 0.96553
vn 0.98521 0.00000 0.17136
vn -0.98521 -0.00000 -0.17136
vn -0.99777 0.00000 0.06682
vn 0.99777 -0.00000 -0.06682
vn 0.20817 -0.00000 0.97809
vn -0.20817 0.00000 -0.97809
vn -0.33365 0.00000 -0.94270
vn 0.33365 -0.00000 0.94270
vn 0.99994 -0.00000 -0.01071
vn -0.99994 0.00000 0.01071
vn -0.78335 0.00000 0.62158
vn 0.78335 -0.00000 -0.62158
vn 0.69521 0.00000 0.71880
vn -0.69521 -0.00000 -0.71880
vn 0.60983 -0.00000 -0.79253
vn -0.60983 0.00000 0.79253
vn 0.97577 0.00000 -0.21881
vn -0.97577 -0.00000 0.21881
vn 0.02626 0.00000 -0.99966
vn -0.02626 -0.00000 0.99966
vn -0.58960 -0.00000 0.80769
vn 0.58960 0.00000 -0.80769
vn -0.07971 -0.00000 -0.99682
vn 0.07971 0.00000 0.99682
vn -0.68622 0.00000 -0.72739
vn 0.68622 -0.00000 0.72739
vn -0.81947 0.00000 0.57313
vn 0.81947 -0.00000 -0.57313
vn -0.98466 0.00000 -0.17447
vn 0.98466 -0.00000 0.17447
vn -0.99537 -0.00000 -0.09613
vn 0.99537 0.00000 0.09613
vn -0.76819 -0.00000 -0.64023
vn 0.76819 0.00000 0.64023
vn 0.59258 0.00000 -0.80551
vn -0.59258 -0.00000 0.80551
vn -0.05756 -0.00000 -0.99834
vn 0.05756 0.00000 0.99834
vn 0.87353 0.00000 -0.48676
vn -0.87353 -0.00000 0.48676
vn -0.47091 0.00000 0.88218
vn 0.47091 -0.00000 -0.88218
vn 0.85748 -0.00000 -0.51452
vn -0.85748 0.00000 0.51452
vn -0.57936 0.00000 0.81507
vn 0.57936 -0.00000 -0.81507
vn -0.62094 0.00000 0.78386
vn 0.62094 -0.00000 -0.78386
vn 0.15688 0.00000 -0.98762
vn -0.15688 -0.00000 0.98762
vn 0.97598 -0.00000 -0.21786
vn -0.97598 0.00000 0.21786
vn -0.49635 0.00000 -0.86812
vn 0.49635 -0.00000 0.86812
vn -0.11963 -0.00000 0.99282
vn 0.11963 0.00000 -0.99282
vn -0.18611 0.00000 0.98253
vn 0.18611 -0.00000 -0.98253
vn 0.12005 0.00000 0.99277
vn -0.12005 -0.00000 -0.99277
vn 0.68072 0.00000 0.73254
vn -0.68072 -0.00000 -0.73254
vn 0.11841 0.00000 0.99296
vn -0.11841 -0.00000 -0.99296
vn -0.63580 0.00000 0.77185
vn 0.63580 -0.00000 -0.77185
vn 0.39184 -0.00000 0.92004
vn -0.39184 0.00000 -0.92004
vn 0.47468 -0.00000 -0.88016
vn -0.47468 0.00000 0.88016
vn 0.26341 0.00000 -0.96468
vn -0.26341 -0.00000 0.96468
vn -0.99534 -0.00000 -0.09642
vn 0.99534 0.00000 0.09642
vn 0.99995 -0.00000 -0.00988
vn -0.99995 0.00000 0.00988
vn -0.99924 0.00000 -0.03910
vn 0.99924 -0.00000 0.03910
vn 0.90486 -0.00000 0.42571
vn -0.90486 0.00000 -0.42571
vn 0.95925 -0.00000 -0.28257
vn -0.95925 0.00000 0.28257
vn 0.88095 -0.00000 -0.47321
vn -0.88095 0.00000 0.47321
vn 0.99981 0.00000 0.01952
vn -0.99981 -0.00000 -0.01952
vn 0.89716 -0.00000 -0.44170
vn -0.89716 0.00000 0.44170
vn 0.97076 -0.00000 0.24007
vn -0.97076 0.00000 -0.24007
vn 0.99325 0.00000 0.11600
vn -0.99325 -0.00000 -0.11600
vn 0.56054 -0.00000 -0.82812
vn -0.56054 0.00000 0.82812
vn 0.91138 0.00000 0.41156
vn -0.91138 -0.00000 -0.41156
vn 0.57476 0.00000 0.81832
vn -0.57476 -0.00000 -0.81832
vn 0.83124 0.00000 -0.55592
vn -0.83124 -0.00000 0.55592
vn 0.05740 0.00000 0.99835
vn -0.05740 -0.00000 -0.99835
vn -0.45351 -0.00000 0.89125
vn 0.45351 0.00000 -0.89125
vn -0.91064 -0.00000 0.41321
vn 0.91064 0.00000 -0.41321
vn -0.99957 -0.00000 -0.02933
vn 0.99957 0.00000 0.02933
vn 0.53663 0.00000 0.84382
vn -0.53663 -0.00000 -0.84382
vn -0.99532 0.00000 0.09665
vn 0.99532 0.00000 -0.09665
vn -0.79485 0.00000 -0.60681
vn 0.79485 -0.00000 0.60681
vn 0.47146 -0.00000 0.88189
vn -0.47146 0.00000 -0.88189
vn -0.18698 -0.00000 0.98236
vn 0.18698 0.00000 -0.98236
vn 0.20517 -0.00000 -0.97873
vn -0.20517 0.00000 0.97873
vn 0.15247 0.00000 0.98831
vn -0.15247 -0.00000 -0.98831
vn 0.49150 0.00000 -0.87088
vn -0.49150 -0.00000 0.87088
vn -0.33224 0.00000 -0.94319
vn 0.33224 -0.00000 0.94319
vn 0.35260 -0.00000 -0.93578
vn -0.35260 0.00000 0.93578
vn 0.95919 -0.00000 0.28275
vn -0.95919 0.00000 -0.28275
vn 0.08098 0.00000 -0.99672
vn -0.08098 -0.00000 0.99672
vn 0.14329 -0.00000 0.98968
vn -0.14329 0.00000 -0.98968
vn -0.72610 0.00000 0.68759
vn 0.72610 -0.00000 -0.68759
vn 0.85946 0.00000 -0.51120
vn -0.85946 -0.00000 0.51120
vn 0.91063 0.00000 0.41323
vn -0.91063 -0.00000 -0.41323
vn -0.79515 -0.00000 -0.60641
vn 0.79515 0.00000 0.60641
vn -0.44649 0.00000 0.89479
vn 0.44649 -0.00000 -0.89479
vn 0.99706 -0.00000 0.07663
vn -0.99706 0.00000 -0.07663
vn -0.42175 -0.00000 -0.90671
vn 0.42175 0.00000 0.90671
vn 0.14508 0.00000 0.98942
vn -0.14508 -0.00000 -0.98942
vn 0.95814 0.00000 -0.28629
vn -0.95814 -0.00000 0.28629
vn -0.59385 -0.00000 0.80458
vn 0.59385 0.00000 -0.80458
vn 0.49690 0.00000 -0.86781
vn -0.49690 -0.00000 0.86781
vn -0.26156 0.00000 0.96519
vn 0.26156 -0.00000 -0.96519
vn -0.34059 0.00000 -0.94021
vn 0.34059 -0.00000 0.94021
vn 0.89097 0.00000 -0.45405
vn -0.89097 -0.00000 0.45405
vn 0.95185 0.00000 0.30657
vn -0.95185 -0.00000 -0.30657
vn 0.97400 -0.00000 -0.22654
vn -0.97400 0.00000 0.22654
vn 0.71843 -0.00000 -0.69560
vn -0.71843 0.00000 0.69560
vn -0.27005 -0.00000 -0.96285
vn 0.27005 0.00000 0.96285
vn -0.90451 -0.00000 -0.42646
vn 0.90451 0.00000 0.42646
vn 0.62687 0.00000 0.77913
vn -0.62687 -0.00000 -0.77913
vn 0.83361 0.00000 0.55235
vn -0.83361 -0.00000 -0.55235
vn 0.66316 0.00000 0.74848
vn -0.66316 -0.00000 -0.74848
vn -0.98755 0.00000 0.15730
vn 0.98755 -0.00000 -0.15730
vn 0.79354 -0.00000 -0.60852
vn -0.79354 0.00000 0.60852
vn 0.03074 -0.00000 -0.99953
vn -0.03074 0.00000 0.99953
vn -0.73651 0.00000 0.67643
vn 0.73651 -0.00000 -0.67643
vn 0.64388 0.00000 -0.76513
vn -0.64388 -0.00000 0.76513
vn -0.67959 0.00000 0.73359
vn 0.67959 -0.00000 -0.73359
vn 0.98859 0.00000 0.15062
vn -0.98859 -0.00000 -0.15062
vn -0.92941 -0.00000 -0.36904
vn 0.92941 0.00000 0.36904
vn -0.65577 -0.00000 -0.75497
vn 0.65577 0.00000 0.75497
vn 0.51740 0.00000 0.85574
vn -0.51740 -0.00000 -0.85574
vn -0.37053 0.00000 -0.92882
vn 0.37053 -0.00000 0.92882
vn -0.65220 0.00000 -0.75805
vn 0.65220 -0.00000 0.75805
vn -0.56917 0.00000 0.82222
vn 0.56917 -0.00000 -0.82222
vn -0.02670 -0.00000 -0.99964
vn 0.02670 0.00000 0.99964
vn 0.47214 0.00000 0.88152
vn -0.47214 -0.00000 -0.88152
vn 0.68490 -0.00000 -0.72863
vn -0.68490 0.00000 0.72863
vn 0.99884 -0.00000 -0.04809
vn -0.99884 0.00000 0.04809
vn -0.38794 0.00000 0.92169
vn 0.38794 -0.00000 -0.92169
vn 0.66353 -0.00000 -0.74815
vn -0.66353 0.00000 0.74815
vn 0.80164 0.00000 -0.59780
vn -0.80164 -0.00000 0.59780
vn -0.78647 0.00000 0.61763
vn 0.78647 -0.00000 -0.61763
vn 0.94322 -0.00000 0.33216
vn -0.94322 0.00000 -0.33216
vn -0.24923 0.00000 -0.96844
vn 0.24923 -0.00000 0.96844
vn -0.81966 -0.00000 0.57285
vn 0.81966 0.00000 -0.57285
vn 0.94394 0.00000 0.33012
vn -0.94394 -0.00000 -0.33012
vn 0.96416 0.00000 0.26533
vn -0.96416 -0.00000 -0.26533
vn -0.46733 0.00000 0.88408
vn 0.46733 -0.00000 -0.88408
vn -0.35233 0.00000 -0.93587
vn 0.35233 -0.00000 0.93587
vn -0.93787 -0.00000 -0.34698
vn 0.93787 0.00000 0.34698
vn 0.64597 0.00000 0.76336
vn -0.64597 -0.00000 -0.76336
vn 0.83955 -0.00000 0.54328
vn -0.83955 0.00000 -0.54328
vn 0.24750 0.00000 -0.96889
vn -0.24750 -0.00000 0.96889
vn -0.41107 -0.00000 0.91160
vn 0.41107 0.00000 -0.91160
vn 0.77273 -0.00000 0.63473
vn -0.77273 0.00000 -0.63473
vn -0.64981 -0.00000 -0.76010
vn 0.64981 0.00000 0.76010
vn 0.75840 0.00000 -0.65179
vn -0.75840 -0.00000 0.65179
vn 0.83861 -0.00000 -0.54473
vn -0.83861 0.00000 0.54473
vn -0.96110 -0.00000 -0.27620
vn 0.96110 0.00000 0.27620
vn -0.11666 0.00000 0.99317
vn 0.11666 -0.00000 -0.99317
vn -0.83704 -0.00000 -0.54714
vn 0.83704 0.00000 0.54714
vn -0.15696 0.00000 -0.98760
vn 0.15696 -0.00000 0.98760
vn 0.39054 0.00000 -0.92058
vn -0.39054 -0.00000 0.92058
vn 0.45781 -0.00000 -0.88905
vn -0.45781 0.00000 0.88905
vn -0.09159 0.00000 -0.99580
vn 0.09159 -0.00000 0.99580
vn 0.13707 -0.00000 0.99056
vn -0.13707 0.00000 -0.99056
vn 0.21084 0.00000 0.97752
vn -0.21084 -0.00000 -0.97752
vn 0.17351 -0.00000 -0.98483
vn -0.17351 0.00000 0.98483
vn -0.83874 0.00000 -0.54454
vn 0.83874 -0.00000 0.54454
vn 0.88551 -0.00000 0.46462
vn -0.88551 0.00000 -0.46462
vn -0.76239 0.00000 0.64712
vn 0.76239 -0.00000 -0.64712
vn 0.98970 0.00000 -0.14318
vn -0.98970 -0.00000 0.14318
vn 0.14068 -0.00000 0.99006
vn -0.14068 0.00000 -0.99006
vn 0.79601 -0.00000 -0.60529
vn -0.79601 0.00000 0.60529
vn -0.24103 0.00000 0.97052
vn 0.24103 -0.00000 -0.97052
vn -0.07835 0.00000 -0.99693
vn 0.07835 -0.00000 0.99693
vn -0.77295 -0.00000 0.63447
vn 0.77295 0.00000 -0.63447
vn -0.82208 -0.00000 0.56937
vn 0.82208 0.00000 -0.56937
vn -0.99785 -0.00000 -0.06552
vn 0.99785 0.00000 0.06552
vn 0.98168 0.00000 0.19056
vn -0.98168 -0.00000 -0.19056
vn 0.97517 0.00000 -0.22147
vn -0.97517 -0.00000 0.22147
vn -0.88735 0.00000 0.46110
vn 0.88735 -0.00000 -0.46110
vn -0.91473 -0.00000 0.40407
vn 0.91473 0.00000 -0.40407
vn -0.17564 -0.00000 -0.98446
vn 0.17564 0.00000 0.98446
vn -0.78288 0.00000 0.62217
vn 0.78288 -0.00000 -0.62217
vn -0.44179 -0.00000 0.89712
vn 0.44179 0.00000 -0.89712
vn -0.91942 -0.00000 -0.39328
vn 0.91942 0.00000 0.39328
vn 0.45545 -0.00000 -0.89026
vn -0.45545 0.00000 0.89026
vn -0.91273 0.00000 -0.40856
vn 0.91273 -0.00000 0.40856
vn -0.19255 -0.00000 0.98129
vn 0.19255 0.00000 -0.98129
vn 0.47229 0.00000 0.88144
vn -0.47229 -0.00000 -0.88144
vn 0.34783 -0.00000 0.93756
vn -0.34783 0.00000 -0.93756
vn 0.98740 0.00000 0.15822
vn -0.98740 -0.00000 -0.15822
vn -0.85226 0.00000 -0.52311
vn 0.85226 -0.00000 0.52311
vn -0.57357 -0.00000 0.81916
vn 0.57357 0.00000 -0.81916
vn 0.78359 -0.00000 -0.62128
vn -0.78359 0.00000 0.62128
vn -0.79367 -0.00000 -0.60835
vn 0.79367 0.00000 0.60835
vn -0.57621 -0.00000 0.81730
vn 0.57621 0.00000 -0.81730
vn 0.95321 0.00000 -0.30231
vn -0.95321 -0.00000 0.30231
vn -0.12863 -0.00000 -0.99169
vn 0.12863 0.00000 0.99169
vn 0.97514 0.00000 -0.22160
vn -0.97514 -0.00000 0.22160
vn 0.78945 0.00000 0.61381
vn -0.78945 -0.00000 -0.61381
vn 0.95124 -0.00000 -0.30846
vn -0.95124 0.00000 0.30846
vn 0.88574 0.00000 -0.46418
vn -0.88574 -0.00000 0.46418
vn -0.95059 0.00000 -0.31046
vn 0.95059 -0.00000 0.31046
vn 0.01155 -0.00000 0.99993
vn -0.01155 0.00000 -0.99993
vn -0.42141 -0.00000 -0.90687
vn 0.42141 0.00000 0.90687
vn 0.06791 0.00000 0.99769
vn -0.06791 -0.00000 -0.99769
vn 0.99301 -0.00000 0.11804
vn -0.99301 0.00000 -0.11804
vn 0.21947 0.00000 -0.97562
vn -0.21947 -0.00000 0.97562
vn 0.23931 0.00000 -0.97094
vn -0.23931 -0.00000 0.97094
vn 0.60560 -0.00000 -0.79577
vn -0.60560 0.00000 0.79577
vn -0.40584 0.00000 -0.91394
vn 0.40584 0.00000 0.91394
vn -0.21343 0.00000 -0.97696
vn 0.21343 -0.00000 0.97696
vn 0.96424 0.00000 -0.26505
vn -0.96424 -0.00000 0.26505
vn -0.94596 0.00000 0.32427
vn 0.94596 -0.00000 -0.32427
vn 0.71856 0.00000 -0.69547
vn -0.71856 -0.00000 0.69547
vn -0.99752 0.00000 0.07034
vn 0.99752 -0.00000 -0.07034
vn -0.99619 -0.00000 -0.08724
vn 0.99619 0.00000 0.08724
vn -0.95070 -0.00000 0.31012
vn 0.95070 0.00000 -0.31012
vn 0.91659 -0.00000 0.39983
vn -0.91659 0.00000 -0.39983
vn -0.99762 0.00000 -0.06890
vn 0.99762 -0.00000 0.06890
vn -0.87066 -0.00000 0.49189
vn 0.87066 0.00000 -0.49189
vn -0.96694 0.00000 0.25501
vn 0.96694 -0.00000 -0.25501
vn -0.93611 -0.00000 0.35170
vn 0.93611 0.00000 -0.35170
vn -0.92186 -0.00000 -0.38752
vn 0.92186 0.00000 0.38752
vn -0.84235 0.00000 0.53894
vn 0.84235 -0.00000 -0.53894
vn 0.82072 0.00000 0.57133
vn -0.82072 -0.00000 -0.57133
vn -0.79392 0.00000 0.60802
vn 0.79392 -0.00000 -0.60802
vn -0.95512 0.00000 -0.29623
vn 0.95512 -0.00000 0.29623
vn 0.83976 0.00000 -0.54296
vn -0.83976 -0.00000 0.54296
vn 0.99848 -0.00000 -0.05519
vn -0.99848 0.00000 0.05519
vn -0.53071 -0.00000 0.84755
vn 0.53071 0.00000 -0.84755
vn -0.12799 -0.00000 0.99178
vn 0.12799 0.00000 -0.99178
vn -0.45654 0.00000 -0.88971
vn 0.45654 -0.00000 0.88971
vn -0.19221 0.00000 -0.98135
vn 0.19221 -0.00000 0.98135
vn 0.53507 -0.00000 -0.84481
vn -0.53507 0.00000 0.84481
vn 0.72201 0.00000 -0.69188
vn -0.72201 -0.00000 0.69188
vn 0.99926 -0.00000 -0.03853
vn -0.99926 0.00000 0.03853
vn 0.40894 -0.00000 0.91256
vn -0.40894 0.00000 -0.91256
vn 0.52581 -0.00000 0.85060
vn -0.52581 0.00000 -0.85060
vn 0.78563 0.00000 -0.61870
vn -0.78563 -0.00000 0.61870
vn 0.96446 0.00000 0.26421
vn -0.96446 -0.00000 -0.26421
vn -0.78408 -0.00000 0.62066
vn 0.78408 0.00000 -0.62066
vn 0.68048 -0.00000 -0.73277
vn -0.68048 0.00000 0.73277
vn 0.81574 0.00000 -0.57841
vn -0.81574 -0.00000 0.57841
vn -0.57015 0.00000 -0.82154
vn 0.57015 -0.00000 0.82154
vn -0.37841 0.00000 0.92564
vn 0.37841 -0.00000 -0.92564
vn 0.96392 -0.00000 -0.26621
vn -0.96392 0.00000 0.26621
vn -0.98645 0.00000 -0.16406
vn 0.98645 -0.00000 0.16406
vn -0.12440 -0.00000 0.99223
vn 0.12440 0.00000 -0.99223
vn 0.00381 0.00000 0.99999
vn -0.00381 -0.00000 -0.99999
vn -0.99731 0.00000 0.07337
vn 0.99731 -0.00000 -0.07337
vn -0.33919 0.00000 0.94072
vn 0.33919 -0.00000 -0.94072
vn 0.78132 -0.00000 -0.62413
vn -0.78132 0.00000 0.62413
vn 0.98508 -0.00000 0.17212
vn -0.98508 0.00000 -0.17212
vn 0.70339 -0.00000 0.71081
vn -0.70339 0.00000 -0.71081
vn 0.34796 -0.00000 0.93751
vn -0.34796 0.00000 -0.93751
vn -0.61967 -0.00000 -0.78486
vn 0.61967 0.00000 0.78486
vn 0.60454 -0.00000 0.79658
vn -0.60454 0.00000 -0.79658
vn -0.70093 -0.00000 -0.71323
vn 0.70093 0.00000 0.71323
vn -0.51565 -0.00000 -0.85680
vn 0.51565 0.00000 0.85680
vn 0.41471 0.00000 0.90995
vn -0.41471 -0.00000 -0.90995
vn 0.42732 0.00000 -0.90410
vn -0.42732 -0.00000 0.90410
vn 0.33731 0.00000 -0.94139
vn -0.33731 -0.00000 0.94139
vn 0.81789 0.00000 -0.57538
vn -0.81789 -0.00000 0.57538
vn -0.24725 -0.00000 -0.96895
vn 0.24725 0.00000 0.96895
vn -0.46284 -0.00000 -0.88644
vn 0.46284 0.00000 0.88644
vn -0.87987 0.00000 0.47521
vn 0.87987 -0.00000 -0.47521
vn 0.99757 -0.00000 -0.06968
vn -0.99757 0.00000 0.06968
vn -0.98643 -0.00000 -0.16418
vn 0.98643 0.00000 0.16418
vn 0.33780 0.00000 0.94122
vn -0.33780 -0.00000 -0.94122
vn -0.92160 -0.00000 0.38814
vn 0.92160 0.00000 -0.38814
vn 0.23601 -0.00000 -0.97175
vn -0.23601 0.00000 0.97175
vn 0.76530 -0.00000 0.64367
vn -0.76530 0.00000 -0.64367
vn 0.96982 0.00000 -0.24381
vn -0.96982 -0.00000 0.24381
vn -0.99211 0.00000 0.12538
vn 0.99211 -0.00000 -0.12538
vn -0.93459 0.00000 0.35573
vn 0.93459 -0.00000 -0.35573
vn -0.99827 0.00000 0.05879
vn 0.99827 -0.00000 -0.05879
vn 0.08087 -0.00000 0.99672
vn -0.08087 0.00000 -0.99672
vn 0.98701 0.00000 0.16066
vn -0.98701 -0.00000 -0.16066
vn -0.91729 0.00000 0.39821
vn 0.91729 -0.00000 -0.39821
vn -0.90425 0.00000 0.42701
vn 0.90425 -0.00000 -0.42701
vn 0.83647 0.00000 -0.54801
vn -0.83647 -0.00000 0.54801
vn 0.99254 0.00000 0.12188
vn -0.99254 -0.00000 -0.12188
vn -0.98515 0.00000 0.17168
vn 0.98515 -0.00000 -0.17168
vn -0.78648 0.00000 -0.61761
vn 0.78648 -0.00000 0.61761
vn -0.35160 0.00000 0.93615
vn 0.35160 -0.00000 -0.93615
vn 0.47811 -0.00000 0.87830
vn -0.47811 0.00000 -0.87830
vn 0.82611 0.00000 0.56351
vn -0.82611 -0.00000 -0.56351
vn -0.68602 -0.00000 -0.72758
vn 0.68602 0.00000 0.72758
vn -0.45088 -0.00000 0.89258
vn 0.45088 0.00000 -0.89258
vn -0.99881 -0.00000 0.04869
vn 0.99881 0.00000 -0.04869
vn 0.99468 -0.00000 0.10297
vn -0.99468 0.00000 -0.10297
vn 0.16424 0.00000 -0.98642
vn -0.16424 -0.00000 0.98642
vn -0.58247 -0.00000 -0.81286
vn 0.58247 0.00000 0.81286
vn 0.99888 0.00000 -0.04737
vn -0.99888 -0.00000 0.04737
vn -0.83528 -0.00000 0.54982
vn 0.83528 0.00000 -0.54982
vn -0.74080 0.00000 -0.67172
vn 0.74080 -0.00000 0.67172
vn -0.78562 -0.00000 0.61871
vn 0.78562 0.00000 -0.61871
vn 0.94872 0.00000 0.31613
vn -0.94872 -0.00000 -0.31613
vn -0.64479 0.00000 -0.76436
vn 0.64479 -0.00000 0.76436
vn -0.10975 0.00000 -0.99396
vn 0.10975 -0.00000 0.99396
vn 0.98268 -0.00000 0.18530
vn -0.98268 0.00000 -0.18530
vn 0.96096 0.00000 0.27670
vn -0.96096 -0.00000 -0.27670
vn -0.39678 0.00000 0.91791
vn 0.39678 -0.00000 -0.91791
vn -0.19946 -0.00000 -0.97991
vn 0.19946 0.00000 0.97991
vn -0.94886 0.00000 0.31569
vn 0.94886 -0.00000 -0.31569
vn -0.48347 0.00000 -0.87536
vn 0.48347 -0.00000 0.87536
vn 0.92277 -0.00000 0.38535
vn -0.92277 0.00000 -0.38535
vn -0.82391 0.00000 -0.56672
vn 0.82391 -0.00000 0.56672
vn 0.67172 -0.00000 0.74081
vn -0.67172 0.00000 -0.74081
vn -0.44640 0.00000 -0.89483
vn 0.44640 -0.00000 0.89483
vn -0.28446 0.00000 -0.95869
vn 0.28446 -0.00000 0.95869
vn -0.99986 -0.00000 0.01648
vn 0.99986 0.00000 -0.01648
vn -0.10516 0.00000 -0.99446
vn 0.10516 -0.00000 0.99446
vn 0.97359 0.00000 -0.22829
vn -0.97359 -0.00000 0.22829
vn -0.73096 0.00000 0.68242
vn 0.73096 -0.00000 -0.68242
vn -0.78403 -0.00000 0.62073
vn 0.78403 0.00000 -0.62073
vn -0.86221 0.00000 -0.50655
vn 0.86221 -0.00000 0.50655
vn -0.66729 0.00000 -0.74479
vn 0.66729 -0.00000 0.74479
vn 0.99871 -0.00000 0.05083
vn -0.99871 0.00000 -0.05083
vn 0.08425 0.00000 0.99644
vn -0.08425 -0.00000 -0.99644
vn 0.95850 -0.00000 0.28509
vn -0.95850 0.00000 -0.28509
vn -0.08201 -0.00000 -0.99663
vn 0.08201 0.00000 0.99663
vn -0.68778 0.00000 -0.72592
vn 0.68778 0.00000 0.72592
vn -0.99063 0.00000 -0.13660
vn 0.99063 -0.00000 0.13660
vn -0.07186 0.00000 0.99741
vn 0.07186 -0.00000 -0.99741
vn 0.98568 0.00000 0.16864
vn -0.98568 -0.00000 -0.16864
vn 0.02223 -0.00000 0.99975
vn -0.02223 0.00000 -0.99975
vn -0.98790 -0.00000 -0.15510
vn 0.98790 0.00000 0.15510
vn 0.46346 -0.00000 -0.88612
vn -0.46346 0.00000 0.88612
vn 0.58439 -0.00000 0.81147
vn -0.58439 0.00000 -0.81147
vn 0.97183 -0.00000 0.23568
vn -0.97183 0.00000 -0.23568
vn 0.99979 0.00000 -0.02043
vn -0.99979 -0.00000 0.02043
vn -0.88159 0.00000 -0.47201
vn 0.88159 -0.00000 0.47201
vn -0.88570 -0.00000 -0.46427
vn 0.88570 0.00000 0.46427
vn 0.94034 -0.00000 -0.34023
vn -0.94034 0.00000 0.34023
vn 0.07767 0.00000 0.99698
vn -0.07767 -0.00000 -0.99698
vn -0.39741 -0.00000 -0.91764
vn 0.39741 0.00000 0.91764
vn 0.88314 -0.00000 -0.46911
vn -0.88314 0.00000 0.46911
vn -0.51488 0.00000 0.85726
vn 0.51488 -0.00000 -0.85726
vn -0.98328 0.00000 0.18208
vn 0.98328 -0.00000 -0.18208
vn -0.03627 -0.00000 -0.99934
vn 0.03627 0.00000 0.99934
vn -0.95046 0.00000 0.31085
vn 0.95046 -0.00000 -0.31085
vn -0.66924 0.00000 0.74304
vn 0.66924 -0.00000 -0.74304
vn -0.31982 0.00000 -0.94748
vn 0.31982 -0.00000 0.94748
vn 0.33925 0.00000 0.94069
vn -0.33925 -0.00000 -0.94069
vn 0.65539 -0.00000 0.75529
vn -0.65539 0.00000 -0.75529
vn 0.16789 -0.00000 -0.98581
vn -0.16789 0.00000 0.98581
vn -0.04655 -0.00000 0.99892
vn 0.04655 0.00000 -0.99892
vn 0.94978 -0.00000 -0.31292
vn -0.94978 0.00000 0.31292
vn 0.33311 0.00000 -0.94289
vn -0.33311 -0.00000 0.94289
vn 0.97889 -0.00000 -0.20439
vn -0.97889 0.00000 0.20439
vn -0.94109 -0.00000 0.33817
vn 0.94109 0.00000 -0.33817
vn -0.13818 0.00000 0.99041
vn 0.13818 -0.00000 -0.99041
vn -0.99979 -0.00000 0.02072
vn 0.99979 0.00000 -0.02072
vn 0.06399 -0.00000 -0.99795
vn -0.06399 0.00000 0.99795
vn 0.85026 -0.00000 0.52637
vn -0.85026 0.00000 -0.52637
vn 0.97262 -0.00000 -0.23240
vn -0.97262 0.00000 0.23240
vn -0.16108 -0.00000 0.98694
vn 0.16108 0.00000 -0.98694
vn -0.43384 -0.00000 0.90099
vn 0.43384 0.00000 -0.90099
vn -0.46318 -0.00000 0.88627
vn 0.46318 0.00000 -0.88627
vn -0.59961 -0.00000 0.80029
vn 0.59961 0.00000 -0.80029
vn 0.91625 0.00000 0.40062
vn -0.91625 -0.00000 -0.40062
vn -0.45803 0.00000 -0.88893
vn 0.45803 -0.00000 0.88893
vn 0.76408 0.00000 -0.64512
vn -0.76408 -0.00000 0.64512
vn -0.99565 0.00000 -0.09321
vn 0.99565 -0.00000 0.09321
vn 0.60088 -0.00000 0.79934
vn -0.60088 0.00000 -0.79934
vn -0.55347 -0.00000 -0.83287
vn 0.55347 0.00000 0.83287
vn 0.94585 -0.00000 -0.32461
vn -0.94585 0.00000 0.32461
vn -0.89048 -0.00000 0.45502
vn 0.89048 0.00000 -0.45502
vn -0.89038 -0.00000 0.45522
vn 0.89038 0.00000 -0.45522
vn -0.27848 0.00000 -0.96044
vn 0.27848 -0.00000 0.96044
vn 0.42194 0.00000 -0.90662
vn -0.42194 -0.00000 0.90662
vn -0.90156 -0.00000 0.43265
vn 0.90156 0.00000 -0.43265
vn 0.91367 0.00000 -0.40645
vn -0.91367 -0.00000 0.40645
vn -0.80245 0.00000 -0.59672
vn 0.80245 -0.00000 0.59672
vn -0.34958 0.00000 0.93691
vn 0.34958 -0.00000 -0.93691
vn -0.87181 0.00000 0.48985
vn 0.87181 -0.00000 -0.48985
vn 0.99998 0.00000 0.00696
vn -0.99998 -0.00000 -0.00696
vn 0.81942 -0.00000 0.57319
vn -0.81942 0.00000 -0.57319
vn -0.98325 0.00000 -0.18226
vn 0.98325 -0.00000 0.18226
vn -0.83228 -0.00000 -0.55436
vn 0.83228 0.00000 0.55436
vn 0.74266 -0.00000 -0.66967
vn -0.74266 0.00000 0.66967
vn -0.90558 0.00000 -0.42418
vn 0.90558 -0.00000 0.42418
vn -0.20026 -0.00000 0.97974
vn 0.20026 0.00000 -0.97974
vn -0.68949 -0.00000 -0.72430
vn 0.68949 0.00000 0.72430
vn 0.06960 -0.00000 0.99758
vn -0.06960 0.00000 -0.99758
vn 0.11025 -0.00000 0.99390
vn -0.11025 0.00000 -0.99390
vn -0.58608 0.00000 0.81025
vn 0.58608 -0.00000 -0.81025
vn -0.75921 -0.00000 -0.65084
vn 0.75921 0.00000 0.65084
vn -0.69965 0.00000 0.71449
vn 0.69965 -0.00000 -0.71449
vn 0.15888 0.00000 0.98730
vn -0.15888 -0.00000 -0.98730
vn 0.99652 0.00000 0.08334
vn -0.99652 -0.00000 -0.08334
vn 0.00342 0.00000 0.99999
vn -0.00342 -0.00000 -0.99999
vn -0.13625 -0.00000 0.99067
vn 0.13625 0.00000 -0.99067
vn -0.87151 -0.00000 0.49037
vn 0.87151 0.00000 -0.49037
vn -0.39007 0.00000 0.92078
vn 0.39007 -0.00000 -0.92078
vn 0.29332 -0.00000 -0.95602
vn -0.29332 0.00000 0.95602
vn 0.62559 -0.00000 0.78015
vn -0.62559 0.00000 -0.78015
vn -0.68929 -0.00000 0.72448
vn 0.68929 0.00000 -0.72448
vn 0.03502 0.00000 0.99939
vn -0.03502 -0.00000 -0.99939
vn -0.97704 0.00000 -0.21307
vn 0.97704 -0.00000 0.21307
vn 0.87458 -0.00000 0.48489
vn -0.87458 0.00000 -0.48489
vn -0.86279 0.00000 -0.50555
vn 0.86279 -0.00000 0.50555
vn 0.96853 0.00000 -0.24890
vn -0.96853 -0.00000 0.24890
vn 0.24882 0.00000 0.96855
vn -0.24882 -0.00000 -0.96855
vn -0.93836 0.00000 0.34565
vn 0.93836 -0.00000 -0.34565
vn -0.50924 0.00000 -0.86063
vn 0.50924 -0.00000 0.86063
vn 0.61018 0.00000 -0.79226
vn -0.61018 -0.00000 0.79226
vn -0.32559 -0.00000 -0.94551
vn 0.32559 0.00000 0.94551
vn -0.29915 0.00000 -0.95421
vn 0.29915 -0.00000 0.95421
vn 0.98864 0.00000 -0.15027
vn -0.98864 -0.00000 0.15027
vn 0.95100 0.00000 -0.30920
vn -0.95100 -0.00000 0.30920
vn 0.66977 -0.00000 -0.74256
vn -0.66977 0.00000 0.74256
vn -0.41035 -0.00000 -0.91193
vn 0.41035 0.00000 0.91193
vn -0.90286 -0.00000 0.42994
vn 0.90286 0.00000 -0.42994
vn 0.48773 -0.00000 0.87300
vn -0.48773 0.00000 -0.87300
vn -0.99648 -0.00000 -0.08378
vn 0.99648 0.00000 0.08378
vn -0.14339 0.00000 -0.98967
vn 0.14339 -0.00000 0.98967
vn -0.19372 0.00000 0.98106
vn 0.19372 -0.00000 -0.98106
vn -0.65108 -0.00000 -0.75900
vn 0.65108 0.00000 0.75900
vn -0.77040 -0.00000 -0.63756
vn 0.77040 0.00000 0.63756
vn 0.99946 0.00000 -0.03274
vn -0.99946 -0.00000 0.03274
vn 0.99225 0.00000 0.12426
vn -0.99225 -0.00000 -0.12426
vn -0.99464 -0.00000 -0.10342
vn 0.99464 0.00000 0.10342
vn 0.07879 0.00000 -0.99689
vn -0.07879 -0.00000 0.99689
vn 0.73711 -0.00000 -0.67577
vn -0.73711 0.00000 0.67577
vn -0.53767 -0.00000 -0.84316
vn 0.53767 0.00000 0.84316
vn -0.38950 -0.00000 -0.92103
vn 0.38950 0.00000 0.92103
vn 0.99999 0.00000 0.00362
vn -0.99999 -0.00000 -0.00362
vn 0.96282 -0.00000 -0.27015
vn -0.96282 0.00000 0.27015
vn 0.16709 0.00000 0.98594
vn -0.16709 -0.00000 -0.98594
vn -0.77329 0.00000 -0.63405
vn 0.77329 -0.00000 0.63405
vn 0.63259 0.00000 0.77448
vn -0.63259 -0.00000 -0.77448
vn 0.43741 0.00000 0.89926
vn -0.43741 -0.00000 -0.89926
vn 0.86197 -0.00000 -0.50695
vn -0.86197 0.00000 0.50695
vn 0.42252 -0.00000 0.90636
vn -0.42252 0.00000 -0.90636
vn -0.56165 0.00000 0.82738
vn 0.56165 -0.00000 -0.82738
vn 0.28960 -0.00000 -0.95715
vn -0.28960 0.00000 0.95715
vn -0.99996 0.00000 -0.00925
vn 0.99996 -0.00000 0.00925
vn 0.92064 -0.00000 -0.39042
vn -0.92064 0.00000 0.39042
vn -0.99898 -0.00000 0.04514
vn 0.99898 0.00000 -0.04514
vn 0.61952 0.00000 -0.78498
vn -0.61952 -0.00000 0.78498
vn -0.70663 -0.00000 0.70758
vn 0.70663 0.00000 -0.70758
vn 0.31058 0.00000 0.95055
vn -0.31058 -0.00000 -0.95055
vn 0.86564 -0.00000 -0.50066
vn -0.86564 0.00000 0.50066
vn -0.97748 -0.00000 -0.21102
vn 0.97748 0.00000 0.21102
vn -0.80781 0.00000 0.58944
vn 0.80781 -0.00000 -0.58944
vn -0.64776 0.00000 0.76185
vn 0.64776 -0.00000 -0.76185
vn -0.21493 0.00000 0.97663
vn 0.21493 -0.00000 -0.97663
vn -0.99519 -0.00000 -0.09796
vn 0.99519 0.00000 0.09796
vn 0.89923 -0.00000 0.43748
vn -0.89923 0.00000 -0.43748
vn 0.10749 0.00000 -0.99421
vn -0.10749 -0.00000 0.99421
vn 0.01638 -0.00000 -0.99987
vn -0.01638 0.00000 0.99987
vn -0.99786 0.00000 -0.06541
vn 0.99786 -0.00000 0.06541
vn -0.89068 0.00000 0.45462
vn 0.89068 -0.00000 -0.45462
vn 0.05350 -0.00000 -0.99857
vn -0.05350 0.00000 0.99857
vn -0.93765 0.00000 -0.34759
vn 0.93765 -0.00000 0.34759
vn 0.93152 -0.00000 0.36368
vn -0.93152 0.00000 -0.36368
vn 0.37280 0.00000 0.92791
vn -0.37280 -0.00000 -0.92791
vn 0.95457 -0.00000 0.29798
vn -0.95457 0.00000 -0.29798
vn -0.36496 -0.00000 0.93102
vn 0.36496 0.00000 -0.93102
vn 0.27943 0.00000 0.96017
vn -0.27943 -0.00000 -0.96017
vn 0.40255 -0.00000 -0.91540
vn -0.40255 0.00000 0.91540
vn 0.55381 -0.00000 0.83265
vn -0.55381 0.00000 -0.83265
vn -0.04958 0.00000 -0.99877
vn 0.04958 -0.00000 0.99877
vn -0.83571 0.00000 -0.54917
vn 0.83571 -0.00000 0.54917
vn 0.97305 0.00000 -0.23058
vn -0.97305 -0.00000 0.23058
vn 0.59805 0.00000 0.80146
vn -0.59805 -0.00000 -0.80146
vn -0.24217 -0.00000 0.97023
vn 0.24217 0.00000 -0.97023
vn 0.69932 0.00000 -0.71481
vn -0.69932 -0.00000 0.71481
vn -0.09706 0.00000 -0.99528
vn 0.09706 -0.00000 0.99528
vn 0.66894 0.00000 0.74331
vn -0.66894 -0.00000 -0.74331
vn -0.89805 0.00000 -0.43988
vn 0.89805 -0.00000 0.43988
vn -0.51177 -0.00000 0.85912
vn 0.51177 0.00000 -0.85912
vn -0.81872 -0.00000 -0.57420
vn 0.81872 0.00000 0.57420
vn 0.52870 0.00000 0.84881
vn -0.52870 -0.00000 -0.84881
vn -0.76038 -0.00000 0.64948
vn 0.76038 0.00000 -0.64948
vn -0.88816 -0.00000 -0.45953
vn 0.88816 0.00000 0.45953
vn -0.95807 0.00000 0.28653
vn 0.95807 -0.00000 -0.28653
vn 0.97446 -0.00000 -0.22454
vn -0.97446 0.00000 0.22454
vn 0.51337 -0.00000 0.85816
vn -0.51337 0.00000 -0.85816
vn -0.94428 -0.00000 0.32916
vn 0.94428 0.00000 -0.32916
vn -0.70788 -0.00000 -0.70633
vn 0.70788 0.00000 0.70633
vn -0.12300 0.00000 0.99241
vn 0.12300 -0.00000 -0.99241
vn -0.99790 0.00000 -0.06484
vn 0.99790 -0.00000 0.06484
vn -0.06447 0.00000 -0.99792
vn 0.06447 -0.00000 0.99792
vn -0.31605 -0.00000 0.94874
vn 0.31605 0.00000 -0.94874
vn 0.91082 -0.00000 -0.41280
vn -0.91082 0.00000 0.41280
vn 0.88583 -0.00000 -0.46400
vn -0.88583 0.00000 0.46400
vn 0.09603 0.00000 -0.99538
vn -0.09603 -0.00000 0.99538
vn -0.85487 0.00000 0.51885
vn 0.85487 -0.00000 -0.51885
vn 0.97994 0.00000 0.19928
vn -0.97994 -0.00000 -0.19928
vn 0.65651 0.00000 -0.75432
vn -0.65651 -0.00000 0.75432
vn -0.39604 0.00000 -0.91823
vn 0.39604 -0.00000 0.91823
vn -0.64518 0.00000 -0.76403
vn 0.64518 -0.00000 0.76403
vn -0.72815 -0.00000 0.68542
vn 0.72815 0.00000 -0.68542
vn 0.85758 -0.00000 0.51435
vn -0.85758 0.00000 -0.51435
vn 0.01627 -0.00000 0.99987
vn -0.01627 0.00000 -0.99987
vn -0.02487 -0.00000 -0.99969
vn 0.02487 0.00000 0.99969
vn -0.06874 0.00000 -0.99763
vn 0.06874 -0.00000 0.99763
vn -0.94535 0.00000 -0.32607
vn 0.94535 -0.00000 0.32607
vn -0.65846 -0.00000 0.75261
vn 0.65846 0.00000 -0.75261
vn 0.03529 -0.00000 0.99938
vn -0.03529 0.00000 -0.99938
vn 0.98985 0.00000 -0.14215
vn -0.98985 -0.00000 0.14215
vn 0.25251 0.00000 -0.96760
vn -0.25251 -0.00000 0.96760
vn -0.98561 0.00000 -0.16903
vn 0.98561 -0.00000 0.16903
vn -0.93051 -0.00000 -0.36626
vn 0.93051 0.00000 0.36626
vn 0.82792 0.00000 0.56084
vn -0.82792 -0.00000 -0.56084
vn -0.94298 0.00000 0.33286
vn 0.94298 -0.00000 -0.33286
vn -0.88327 -0.00000 0.46886
vn 0.88327 0.00000 -0.46886
vn 0.97124 -0.00000 0.23808
vn -0.97124 0.00000 -0.23808
vn 0.55785 0.00000 -0.82994
vn -0.55785 -0.00000 0.82994
vn -0.46936 -0.00000 0.88301
vn 0.46936 0.00000 -0.88301
vn 0.01473 -0.00000 -0.99989
vn -0.01473 0.00000 0.99989
vn -0.59711 0.00000 -0.80216
vn 0.59711 -0.00000 0.80216
vn 0.46202 0.00000 -0.88687
vn -0.46202 -0.00000 0.88687
vn -0.91921 0.00000 0.39377
vn 0.91921 -0.00000 -0.39377
vn 0.99908 0.00000 0.04291
vn -0.99908 -0.00000 -0.04291
vn 0.04613 -0.00000 0.99894
vn -0.04613 0.00000 -0.99894
vn 0.99923 -0.00000 0.03923
vn -0.99923 0.00000 -0.03923
vn -0.35192 0.00000 0.93603
vn 0.35192 -0.00000 -0.93603
vn 0.89290 -0.00000 -0.45026
vn -0.89290 0.00000 0.45026
vn -0.61863 0.00000 0.78569
vn 0.61863 -0.00000 -0.78569
vn 0.17364 0.00000 -0.98481
vn -0.17364 -0.00000 0.98481
vn -0.92529 -0.00000 0.37925
vn 0.92529 0.00000 -0.37925
vn 0.13949 -0.00000 -0.99022
vn -0.13949 0.00000 0.99022
vn 0.30579 -0.00000 -0.95210
vn -0.30579 0.00000 0.95210
vn 0.58421 0.00000 0.81160
vn -0.58421 -0.00000 -0.81160
vn 0.92503 -0.00000 -0.37989
vn -0.92503 0.00000 0.37989
vn -0.96546 0.00000 -0.26054
vn 0.96546 -0.00000 0.26054
vn -0.22170 0.00000 0.97511
vn 0.22170 -0.00000 -0.97511
vn -0.80837 0.00000 -0.58867
vn 0.80837 -0.00000 0.58867
vn -0.90957 0.00000 -0.41554
vn 0.90957 -0.00000 0.41554
vn 0.72025 -0.00000 -0.69371
vn -0.72025 0.00000 0.69371
vn -0.94029 -0.00000 -0.34038
vn 0.94029 0.00000 0.34038
vn 0.52467 0.00000 -0.85131
vn -0.52467 -0.00000 0.85131
vn 0.97739 0.00000 -0.21145
vn -0.97739 -0.00000 0.21145
vn 0.38507 -0.00000 0.92289
vn -0.38507 0.00000 -0.92289
vn -0.33174 -0.00000 -0.94337
vn 0.33174 0.00000 0.94337
vn -0.12396 -0.00000 0.99229
vn 0.12396 0.00000 -0.99229
vn 0.44725 -0.00000 -0.89441
vn -0.44725 0.00000 0.89441
vn -0.96288 0.00000 -0.26991
vn 0.96288 -0.00000 0.26991
vn -0.25745 0.00000 0.96629
vn 0.25745 -0.00000 -0.96629
vn -0.98634 -0.00000 0.16470
vn 0.98634 0.00000 -0.16470
vn -0.62618 -0.00000 -0.77968
vn 0.62618 0.00000 0.77968
vn -0.46903 0.00000 -0.88318
vn 0.46903 -0.00000 0.88318
vn -0.76367 -0.00000 0.64560
vn 0.76367 0.00000 -0.64560
vn -0.00865 0.00000 0.99996
vn 0.00865 -0.00000 -0.99996
vn -0.04993 0.00000 -0.99875
vn 0.04993 -0.00000 0.99875
vn -0.99864 0.00000 -0.05216
vn 0.99864 -0.00000 0.05216
vn 0.56669 -0.00000 0.82393
vn -0.56669 0.00000 -0.82393
vn 0.96103 -0.00000 -0.27645
vn -0.96103 0.00000 0.27645
vn 0.99993 0.00000 0.01147
vn -0.99993 -0.00000 -0.01147
vn 0.45451 -0.00000 -0.89074
vn -0.45451 0.00000 0.89074
vn -0.99288 0.00000 0.11912
vn 0.99288 -0.00000 -0.11912
vn -0.94284 0.00000 0.33323
vn 0.94284 -0.00000 -0.33323
vn -0.99604 0.00000 0.08895
vn 0.99604 -0.00000 -0.08895
vn 0.94205 0.00000 -0.33548
vn -0.94205 -0.00000 0.33548
vn -0.98825 0.00000 -0.15283
vn 0.98825 -0.00000 0.15283
vn -0.98771 0.00000 -0.15627
vn 0.98771 -0.00000 0.15627
vn 0.82731 -0.00000 0.56175
vn -0.82731 0.00000 -0.56175
vn -0.80708 0.00000 0.59045
vn 0.80708 -0.00000 -0.59045
vn -0.91807 0.00000 -0.39643
vn 0.91807 -0.00000 0.39643
vn -0.19932 0.00000 0.97993
vn 0.19932 -0.00000 -0.97993
vn -0.45294 0.00000 0.89154
vn 0.45294 -0.00000 -0.89154
vn -0.62801 -0.00000 0.77821
vn 0.62801 0.00000 -0.77821
vn 0.93568 -0.00000 -0.35284
vn -0.93568 0.00000 0.35284
vn -0.99736 -0.00000 0.07261
vn 0.99736 0.00000 -0.07261
vn -0.77957 -0.00000 0.62631
vn 0.77957 0.00000 -0.62631
vn 0.61757 -0.00000 0.78651
vn -0.61757 0.00000 -0.78651
vn 0.07587 0.00000 -0.99712
vn -0.07587 -0.00000 0.99712
vn -0.45178 0.00000 -0.89213
vn 0.45178 -0.00000 0.89213
vn -0.35626 -0.00000 -0.93439
vn 0.35626 0.00000 0.93439
vn 0.99804 0.00000 0.06255
vn -0.99804 -0.00000 -0.06255
vn 0.69653 0.00000 -0.71753
vn -0.69653 -0.00000 0.71753
vn -0.99509 -0.00000 -0.09899
vn 0.99509 0.00000 0.09899
vn 0.98178 0.00000 0.19004
vn -0.98178 -0.00000 -0.19004
vn -0.76822 -0.00000 -0.64018
vn 0.76822 0.00000 0.64018
vn 0.12607 0.00000 0.99202
vn -0.12607 -0.00000 -0.99202
vn -0.99225 -0.00000 -0.12426
vn 0.99225 0.00000 0.12426
vn 0.92596 0.00000 0.37761
vn -0.92596 -0.00000 -0.37761
vn -0.86231 0.00000 0.50637
vn 0.86231 -0.00000 -0.50637
vn 0.25833 0.00000 0.96606
vn -0.25833 -0.00000 -0.96606
vn -0.65533 -0.00000 -0.75535
vn 0.65533 0.00000 0.75535
vn 0.16883 0.00000 0.98565
vn -0.16883 -0.00000 -0.98565
vn 0.54567 -0.00000 -0.83800
vn -0.54567 0.00000 0.83800
vn 0.58480 -0.00000 0.81118
vn -0.58480 0.00000 -0.81118
vn -0.23826 -0.00000 -0.97120
vn 0.23826 0.00000 0.97120
vn -0.62792 0.00000 0.77828
vn 0.62792 -0.00000 -0.77828
vn -0.78013 -0.00000 0.62562
vn 0.78013 0.00000 -0.62562
vn -0.85694 0.00000 -0.51542
vn 0.85694 -0.00000 0.51542
vn -0.79274 -0.00000 -0.60955
vn 0.79274 0.00000 0.60955
vn 0.72535 0.00000 -0.68838
vn -0.72535 -0.00000 0.68838
vn 0.17881 0.00000 -0.98388
vn -0.17881 -0.00000 0.98388
vn -0.98818 0.00000 0.15330
vn 0.98818 -0.00000 -0.15330
vn -0.33503 0.00000 -0.94221
vn 0.33503 -0.00000 0.94221
vn -0.34041 0.00000 -0.94028
vn 0.34041 -0.00000 0.94028
vn 0.24966 0.00000 -0.96833
vn -0.24966 -0.00000 0.96833
vn -0.99991 0.00000 -0.01314
vn 0.99991 -0.00000 0.01314
vn -0.77254 -0.00000 0.63497
vn 0.77254 0.00000 -0.63497
vn -0.44693 -0.00000 -0.89457
vn 0.44693 0.00000 0.89457
vn -0.98858 0.00000 -0.15068
vn 0.98858 -0.00000 0.15068
vn -0.61927 -0.00000 0.78518
vn 0.61927 0.00000 -0.78518
vn 0.51314 -0.00000 -0.85831
vn -0.51314 0.00000 0.85831
vn 0.08405 0.00000 -0.99646
vn -0.08405 -0.00000 0.99646
vn -0.94950 0.00000 0.31376
vn 0.94950 -0.00000 -0.31376
vn -0.84254 0.00000 0.53864
vn 0.84254 -0.00000 -0.53864
vn -0.99512 -0.00000 0.09872
vn 0.99512 0.00000 -0.09872
vn 0.53363 -0.00000 0.84572
vn -0.53363 0.00000 -0.84572
vn -0.70461 0.00000 -0.70960
vn 0.70461 -0.00000 0.70960
vn 0.89884 0.00000 -0.43829
vn -0.89884 -0.00000 0.43829
vn -0.95303 -0.00000 -0.30287
vn 0.95303 0.00000 0.30287
vn 0.89170 -0.00000 -0.45263
vn -0.89170 0.00000 0.45263
vn 0.57097 0.00000 -0.82097
vn -0.57097 -0.00000 0.82097
vn 0.69705 0.00000 -0.71702
vn -0.69705 -0.00000 0.71702
vn 0.99981 0.00000 0.01924
vn -0.99981 -0.00000 -0.01924
vn 0.63886 -0.00000 -0.76933
vn -0.63886 0.00000 0.76933
vn 0.39747 -0.00000 -0.91762
vn -0.39747 0.00000 0.91762
vn 0.97693 0.00000 -0.21354
vn -0.97693 -0.00000 0.21354
vn 0.86363 -0.00000 -0.50413
vn -0.86363 0.00000 0.50413
vn 0.03267 0.00000 -0.99947
vn -0.03267 -0.00000 0.99947
vn -0.97479 0.00000 -0.22312
vn 0.97479 -0.00000 0.22312
vn 0.25489 0.00000 -0.96697
vn -0.25489 -0.00000 0.96697
vn 0.45258 0.00000 -0.89172
vn -0.45258 -0.00000 0.89172
vn -0.99230 -0.00000 -0.12382
vn 0.99230 0.00000 0.12382
vn -0.08616 0.00000 -0.99628
vn 0.08616 -0.00000 0.99628
vn 0.83902 -0.00000 -0.54410
vn -0.83902 0.00000 0.54410
vn 0.82549 0.00000 -0.56441
vn -0.82549 -0.00000 0.56441
vn -0.65976 0.00000 0.75148
vn 0.65976 -0.00000 -0.75148
vn -0.98581 -0.00000 -0.16785
vn 0.98581 0.00000 0.16785
vn 0.18417 0.00000 0.98289
vn -0.18417 -0.00000 -0.98289
vn 0.09899 -0.00000 0.99509
vn -0.09899 0.00000 -0.99509
vn 0.99151 -0.00000 -0.13000
vn -0.99151 0.00000 0.13000
vn -0.69271 0.00000 -0.72122
vn 0.69271 -0.00000 0.72122
vn 0.74512 0.00000 0.66694
vn -0.74512 -0.00000 -0.66694
vn 0.56897 0.00000 -0.82236
vn -0.56897 -0.00000 0.82236
vn 0.61012 0.00000 0.79231
vn -0.61012 -0.00000 -0.79231
vn -0.94675 -0.00000 0.32198
vn 0.94675 0.00000 -0.32198
vn 0.39886 0.00000 0.91701
vn -0.39886 -0.00000 -0.91701
vn 0.90019 -0.00000 -0.43549
vn -0.90019 0.00000 0.43549
vn -0.66124 0.00000 0.75018
vn 0.66124 -0.00000 -0.75018
vn 0.91173 0.00000 -0.41079
vn -0.91173 -0.00000 0.41079
vn 0.98874 -0.00000 0.14965
vn -0.98874 0.00000 -0.14965
vn -0.85839 0.00000 0.51299
vn 0.85839 -0.00000 -0.51299
vn 0.92895 0.00000 -0.37020
vn -0.92895 -0.00000 0.37020
vn -0.55989 -0.00000 0.82856
vn 0.55989 0.00000 -0.82856
vn -0.84241 -0.00000 -0.53884
vn 0.84241 0.00000 0.53884
vn -0.19213 0.00000 0.98137
vn 0.19213 -0.00000 -0.98137
vn -0.30894 -0.00000 -0.95108
vn 0.30894 0.00000 0.95108
vn 0.82415 -0.00000 -0.56637
vn -0.82415 0.00000 0.56637
vn 0.97149 -0.00000 0.23709
vn -0.97149 0.00000 -0.23709
vn -0.05666 0.00000 0.99839
vn 0.05666 -0.00000 -0.99839
vn 0.65627 -0.00000 -0.75453
vn -0.65627 0.00000 0.75453
vn 0.31524 0.00000 0.94901
vn -0.31524 -0.00000 -0.94901
vn 0.67091 0.00000 -0.74153
vn -0.67091 -0.00000 0.74153
vn 0.80591 -0.00000 -0.59204
vn -0.80591 0.00000 0.59204
vn 0.98512 -0.00000 0.17189
vn -0.98512 0.00000 -0.17189
vn 0.70023 -0.00000 0.71392
vn -0.70023 0.00000 -0.71392
vn -0.88625 -0.00000 -0.46321
vn 0.88625 0.00000 0.46321
vn -0.26976 -0.00000 0.96293
vn 0.26976 0.00000 -0.96293
vn -0.83715 0.00000 -0.54698
vn 0.83715 -0.00000 0.54698
vn 0.02808 0.00000 0.99961
vn -0.02808 -0.00000 -0.99961
vn 0.58758 0.00000 0.80916
vn -0.58758 -0.00000 -0.80916
vn -0.20359 -0.00000 -0.97906
vn 0.20359 0.00000 0.97906
vn 0.36361 0.00000 0.93155
vn -0.36361 -0.00000 -0.93155
vn 0.02845 -0.00000 0.99960
vn -0.02845 0.00000 -0.99960
vn 0.33435 -0.00000 -0.94245
vn -0.33435 0.00000 0.94245
vn 0.99965 -0.00000 0.02628
vn -0.99965 0.00000 -0.02628
vn 0.99989 -0.00000 0.01511
vn -0.99989 0.00000 -0.01511
vn -0.19339 -0.00000 0.98112
vn 0.19339 0.00000 -0.98112
vn -0.97591 0.00000 0.21818
vn 0.97591 -0.00000 -0.21818
vn -0.50879 0.00000 -0.86089
vn 0.50879 -0.00000 0.86089
vn -0.76931 0.00000 -0.63887
vn 0.76931 -0.00000 0.63887
vn -0.07171 -0.00000 0.99743
vn 0.07171 0.00000 -0.99743
vn 0.99053 0.00000 -0.13727
vn -0.99053 -0.00000 0.13727
vn 0.96855 0.00000 -0.24883
vn -0.96855 -0.00000 0.24883
vn 0.76721 -0.00000 0.64140
vn -0.76721 0.00000 -0.64140
vn -0.29316 -0.00000 -0.95606
vn 0.29316 0.00000 0.95606
vn 0.96807 0.00000 -0.25068
vn -0.96807 -0.00000 0.25068
vn -0.14928 0.00000 0.98879
vn 0.14928 -0.00000 -0.98879
vn -0.80678 -0.00000 0.59085
vn 0.80678 0.00000 -0.59085
vn 0.56971 0.00000 0.82185
vn -0.56971 -0.00000 -0.82185
vn 0.40605 -0.00000 0.91385
vn -0.40605 0.00000 -0.91385
vn -0.20305 -0.00000 0.97917
vn 0.20305 0.00000 -0.97917
vn 0.88806 0.00000 0.45972
vn -0.88806 -0.00000 -0.45972
vn 0.83315 -0.00000 -0.55304
vn -0.83315 0.00000 0.55304
vn 0.13750 -0.00000 0.99050
vn -0.13750 0.00000 -0.99050
vn 0.50271 -0.00000 -0.86446
vn -0.50271 0.00000 0.86446
vn -0.64210 0.00000 -0.76662
vn 0.64210 -0.00000 0.76662
vn 0.45621 -0.00000 0.88987
vn -0.45621 0.00000 -0.88987
vn -0.97162 0.00000 0.23655
vn 0.97162 -0.00000 -0.23655
vn -0.86143 0.00000 -0.50787
vn 0.86143 -0.00000 0.50787
vn 0.50749 -0.00000 -0.86166
vn -0.50749 0.00000 0.86166
vn -0.48479 0.00000 -0.87463
vn 0.48479 -0.00000 0.87463
vn 0.92173 0.00000 -0.38782
vn -0.92173 0.00000 0.38782
vn -0.68942 -0.00000 -0.72436
vn 0.68942 0.00000 0.72436
vn 0.46748 0.00000 0.88400
vn -0.46748 -0.00000 -0.88400
vn -0.10174 -0.00000 0.99481
vn 0.10174 0.00000 -0.99481
vn 0.57809 -0.00000 0.81598
vn -0.57809 0.00000 -0.81598
vn 0.78423 0.00000 -0.62047
vn -0.78423 -0.00000 0.62047
vn 0.98594 0.00000 -0.16708
vn -0.98594 -0.00000 0.16708
vn 0.97327 0.00000 -0.22967
vn -0.97327 -0.00000 0.22967
vn -0.88884 0.00000 -0.45822
vn 0.88884 -0.00000 0.45822
vn -0.96487 -0.00000 0.26274
vn 0.96487 0.00000 -0.26274
vn 0.99827 0.00000 -0.05885
vn -0.99827 -0.00000 0.05885
vn 0.67682 -0.00000 -0.73615
vn -0.67682 0.00000 0.73615
vn 0.99183 0.00000 0.12757
vn -0.99183 -0.00000 -0.12757
vn -0.53303 -0.00000 -0.84610
vn 0.53303 0.00000 0.84610
vn -0.47719 0.00000 0.87880
vn 0.47719 -0.00000 -0.87880
vn -0.99985 -0.00000 -0.01734
vn 0.99985 0.00000 0.01734
vn -0.94334 -0.00000 -0.33182
vn 0.94334 0.00000 0.33182
vn 0.22917 -0.00000 -0.97339
vn -0.22917 0.00000 0.97339
vn -0.52700 0.00000 -0.84986
vn 0.52700 -0.00000 0.84986
vn -0.69801 -0.00000 0.71609
vn 0.69801 0.00000 -0.71609
vn -0.88779 -0.00000 0.46025
vn 0.88779 0.00000 -0.46025
vn -0.95894 0.00000 0.28362
vn 0.95894 -0.00000 -0.28362
vn 0.43011 0.00000 -0.90278
vn -0.43011 -0.00000 0.90278
vn -0.61442 -0.00000 0.78898
vn 0.61442 0.00000 -0.78898
vn -0.80439 0.00000 -0.59410
vn 0.80439 -0.00000 0.59410
vn 0.02034 0.00000 0.99979
vn -0.02034 -0.00000 -0.99979
vn 0.97168 0.00000 0.23632
vn -0.97168 -0.00000 -0.23632
vn -0.06907 -0.00000 -0.99761
vn 0.06907 0.00000 0.99761
vn 0.83926 -0.00000 0.54372
vn -0.83926 0.00000 -0.54372
vn -0.81120 0.00000 0.58477
vn 0.81120 -0.00000 -0.58477
vn -0.97854 -0.00000 0.20604
vn 0.97854 0.00000 -0.20604
vn -0.13834 -0.00000 -0.99038
vn 0.13834 0.00000 0.99038
vn 0.02738 -0.00000 -0.99963
vn -0.02738 0.00000 0.99963
vn 0.84600 -0.00000 0.53318
vn -0.84600 0.00000 -0.53318
vn 0.97922 0.00000 0.20279
vn -0.97922 -0.00000 -0.20279
vn 0.42011 -0.00000 -0.90747
vn -0.42011 0.00000 0.90747
vn 0.93993 -0.00000 -0.34137
vn -0.93993 0.00000 0.34137
vn -0.01874 -0.00000 0.99982
vn 0.01874 0.00000 -0.99982
vn -0.14291 -0.00000 0.98974
vn 0.14291 0.00000 -0.98974
vn 0.93553 -0.00000 0.35324
vn -0.93553 0.00000 -0.35324
vn 0.64580 0.00000 -0.76350
vn -0.64580 -0.00000 0.76350
vn -0.56034 -0.00000 0.82826
vn 0.56034 0.00000 -0.82826
vn 0.59098 0.00000 0.80668
vn -0.59098 -0.00000 -0.80668
vn -0.75986 0.00000 0.65009
vn 0.75986 -0.00000 -0.65009
vn 0.00588 -0.00000 0.99998
vn -0.00588 0.00000 -0.99998
vn 0.66121 0.00000 -0.75020
vn -0.66121 -0.00000 0.75020
vn -0.95677 -0.00000 0.29086
vn 0.95677 0.00000 -0.29086
vn -0.93593 -0.00000 0.35219
vn 0.93593 0.00000 -0.35219
vn -0.34690 -0.00000 -0.93790
vn 0.34690 0.00000 0.93790
vn -0.98555 -0.00000 0.16936
vn 0.98555 0.00000 -0.16936
vn -0.62508 0.00000 -0.78056
vn 0.62508 -0.00000 0.78056
vn 0.03009 -0.00000 0.99955
vn -0.03009 0.00000 -0.99955
vn -0.87387 0.00000 -0.48616
vn 0.87387 -0.00000 0.48616
vn 0.08987 -0.00000 -0.99595
vn -0.08987 0.00000 0.99595
vn 0.64999 0.00000 -0.75995
vn -0.64999 -0.00000 0.75995
vn -0.60675 0.00000 0.79490
vn 0.60675 -0.00000 -0.79490
vn -0.93574 0.00000 -0.35270
vn 0.93574 -0.00000 0.35270
vn -0.84773 0.00000 -0.53043
vn 0.84773 -0.00000 0.53043
vn 0.99982 -0.00000 0.01877
vn -0.99982 0.00000 -0.01877
vn 0.38999 0.00000 0.92082
vn -0.38999 -0.00000 -0.92082
vn 0.43472 -0.00000 0.90057
vn -0.43472 0.00000 -0.90057
vn 0.99029 -0.00000 -0.13903
vn -0.99029 0.00000 0.13903
vn 0.91678 0.00000 0.39938
vn -0.91678 -0.00000 -0.39938
vn -0.20386 0.00000 0.97900
vn 0.20386 -0.00000 -0.97900
vn 0.93444 0.00000 -0.35612
vn -0.93444 -0.00000 0.35612
vn -0.54439 -0.00000 0.83883
vn 0.54439 0.00000 -0.83883
vn -0.71011 0.00000 0.70409
vn 0.71011 -0.00000 -0.70409
vn -0.93937 0.00000 0.34291
vn 0.93937 -0.00000 -0.34291
f 1/1/1 2/2/1 3/3/1
f 4/4/2 5/5/2 6/6/2
f 7/7/3 8/8/3 9/9/3
f 10/10/4 11/11/4 12/12/4
f 13/13/5 14/14/5 15/15/5
f 16/16/6 17/17/6 18/18/6
f 19/19/7 20/20/7 21/21/7
f 22/22/8 23/23/8 24/24/8
f 25/25/9 26/26/9 27/27/9
f 28/28/10 29/29/10 30/30/10
f 31/31/11 32/32/11 33/33/11
f 34/34/12 35/35/12 36/36/12
f 37/37/13 38/38/13 39/39/13
f 40/40/14 41/41/14 42/42/14
f 43/43/15 44/44/15 45/45/15
f 46/46/16 47/47/16 48/48/16
f 49/49/17 50/50/17 51/51/17
f 52/52/18 53/53/18 54/54/18
f 55/55/19 56/56/19 57/57/19
f 58/58/20 59/59/20 60/60/20
f 61/61/21 62/62/21 63/63/21
f 64/64/22 65/65/22 66/66/22
f 67/67/23 68/68/23 69/69/23
f 70/70/24 71/71/24 72/72/24
f 73/73/25 74/74/25 75/75/25
f 76/76/26 77/77/26 78/78/26
f 79/79/27 80/80/27 81/81/27
f 82/82/28 83/83/28 84/84/28
f 85/85/29 86/86/29 87/87/29
f 88/88/30 89/89/30 90/90/30
f 91/91/31 92/92/31 93/93/31
f 94/94/32 95/95/32 96/96/32
f 97/97/33 98/98/33 99/99/33
f 100/100/34 101/101/34 102/102/34
f 103/103/35 104/104/35 105/105/35
f 106/106/36 107/107/36 108/108/36
f 109/109/37 110/110/37 111/111/37
f 112/112/38 113/113/38 114/114/38
f 115/115/39 116/116/39 117/117/39
f 118/118/40 119/119/40 120/120/40
f 121/121/41 122/122/41 123/123/41
f 124/124/42 125/125/42 126/126/42
f 127/127/43 128/128/43 129/129/43
f 130/130/44 131/131/44 132/132/44
f 133/133/45 134/134/45 135/135/45
f 136/136/46 137/137/46 138/138/46
f 139/139/47 140/140/47 141/141/47
f 142/142/48 143/143/48 144/144/48
f 145/145/49 146/146/49 147/147/49
f 148/148/50 149/149/50 150/150/50
f 151/151/51 152/152/51 153/153/51
f 154/154/52 155/155/52 156/156/52
f 157/157/53 158/158/53 159/159/53
f 160/160/54 161/161/54 162/162/54
f 163/163/55 164/164/55 165/165/55
f 166/166/56 167/167/56 168/168/56
f 169/169/57 170/170/57 171/171/57
f 172/172/58 173/173/58 174/174/58
f 175/175/59 176/176/59 177/177/59
f 178/178/60 179/179/60 180/180/60
f 181/181/61 182/182/61 183/183/61
f 184/184/62 185/185/62 186/186/62
f 187/187/63 188/188/63 189/189/63
f 190/190/64 191/191/64 192/192/64
f 193/193/65 194/194/65 195/195/65
f 196/196/66 197/197/66 198/198/66
f 199/199/67 200/200/67 201/201/67
f 202/202/68 203/203/68 204/204/68
f 205/205/69 206/206/69 207/207/69
f 208/208/70 209/209/70 210/210/70
f 211/211/71 212/212/71 213/213/71
f 214/214/72 215/215/72 216/216/72
f 217/217/73 218/218/73 219/219/73
f 220/220/74 221/221/74 222/222/74
f 223/223/75 224/224/75 225/225/75
f 226/226/76 227/227/76 228/228/76
f 229/229/77 230/230/77 231/231/77
f 232/232/78 233/233/78 234/234/78
f 235/235/79 236/236/79 237/237/79
f 238/238/80 239/239/80 240/240/80
f 241/241/81 242/242/81 243/243/81
f 244/244/82 245/245/82 246/246/82
f 247/247/83 248/248/83 249/249/83
f 250/250/84 251/251/84 252/252/84
f 253/253/85 254/254/85 255/255/85
f 256/256/86 257/257/86 258/258/86
f 259/259/87 260/260/87 261/261/87
f 262/262/88 263/263/88 264/264/88
f 265/265/89 266/266/89 267/267/89
f 268/268/90 269/269/90 270/270/90
f 271/271/91 272/272/91 273/273/91
f 274/274/92 275/275/92 276/276/92
f 277/277/93 278/278/93 279/279/93
f 280/280/94 281/281/94 282/282/94
f 283/283/95 284/284/95 285/285/95
f 286/286/96 287/287/96 288/288/96
f 289/289/97 290/290/97 291/291/97
f 292/292/98 293/293/98 294/294/98
f 295/295/99 296/296/99 297/297/99
f 298/298/100 299/299/100 300/300/100
f 301/301/101 302/302/101 303/303/101
f 304/304/102 305/305/102 306/306/102
f 307/307/103 308/308/103 309/309/103
f 310/310/104 311/311/104 312/312/104
f 313/313/105 314/314/105 315/315/105
f 316/316/106 317/317/106 318/318/106
f 319/319/107 320/320/107 321/321/107
f 322/322/108 323/323/108 324/324/108
f 325/325/109 326/326/109 327/327/109
f 328/328/110 329/329/110 330/330/110
f 331/331/111 332/332/111 333/333/111
f 334/334/112 335/335/112 336/336/112
f 337/337/113 338/338/113 339/339/113
f 340/340/114 341/341/114 342/342/114
f 343/343/115 344/344/115 345/345/115
f 346/346/116 347/347/116 348/348/116
f 349/349/117 350/350/117 351/351/117
f 352/352/118 353/353/118 354/354/118
f 355/355/119 356/356/119 357/357/119
f 358/358/120 359/359/120 360/360/120
f 361/361/121 362/362/121 363/363/121
f 364/364/122 365/365/122 366/366/122
f 367/367/123 368/368/123 369/369/123
f 370/370/124 371/371/124 372/372/124
f 373/373/125 374/374/125 375/375/125
f 376/376/126 377/377/126 378/378/126
f 379/379/127 380/380/127 381/381/127
f 382/382/128 383/383/128 384/384/128
f 385/385/129 386/386/129 387/387/129
f 388/388/130 389/389/130 390/390/130
f 391/391/131 392/392/131 393/393/131
f 394/394/132 395/395/132 396/396/132
f 397/397/133 398/398/133 399/399/133
f 400/400/134 401/401/134 402/402/134
f 403/403/135 404/404/135 405/405/135
f 406/406/136 407/407/136 408/408/136
f 409/409/137 410/410/137 411/411/137
f 412/412/138 413/413/138 414/414/138
f 415/415/139 416/416/139 417/417/139
f 418/418/140 419/419/140 420/420/140
f 421/421/141 422/422/141 423/423/141
f 424/424/142 425/425/142 426/426/142
f 427/427/143 428/428/143 429/429/143
f 430/430/144 431/431/144 432/432/144
f 433/433/145 434/434/145 435/435/145
f 436/436/146 437/437/146 438/438/146
f 439/439/147 440/440/147 441/441/147
f 442/442/148 443/443/148 444/444/148
f 445/445/149 446/446/149 447/447/149
f 448/448/150 449/449/150 450/450/150
f 451/451/151 452/452/151 453/453/151
f 454/454/152 455/455/152 456/456/152
f 457/457/153 458/458/153 459/459/153
f 460/460/154 461/461/154 462/462/154
f 463/463/155 464/464/155 465/465/155
f 466/466/156 467/467/156 468/468/156
f 469/469/157 470/470/157 471/471/157
f 472/472/158 473/473/158 474/474/158
f 475/475/159 476/476/159 477/477/159
f 478/478/160 479/479/160 480/480/160
f 481/481/161 482/482/161 483/483/161
f 484/484/162 485/485/162 486/486/162
f 487/487/163 488/488/163 489/489/163
f 490/490/164 491/491/164 492/492/164
f 493/493/165 494/494/165 495/495/165
f 496/496/166 497/497/166 498/498/166
f 499/499/167 500/500/167 501/501/167
f 502/502/168 503/503/168 504/504/168
f 505/505/169 506/506/169 507/507/169
f 508/508/170 509/509/170 510/510/170
f 511/511/171 512/512/171 513/513/171
f 514/514/172 515/515/172 516/516/172
f 517/517/173 518/518/173 519/519/173
f 520/520/174 521/521/174 522/522/174
f 523/523/175 524/524/175 525/525/175
f 526/526/176 527/527/176 528/528/176
f 529/529/177 530/530/177 531/531/177
f 532/532/178 533/533/178 534/534/178
f 535/535/179 536/536/179 537/537/179
f 538/538/180 539/539/180 540/540/180
f 541/541/181 542/542/181 543/543/181
f 544/544/182 545/545/182 546/546/182
f 547/547/183 548/548/183 549/549/183
f 550/550/184 551/551/184 552/552/184
f 553/553/185 554/554/185 555/555/185
f 556/556/186 557/557/186 558/558/186
f 559/559/187 560/560/187 561/561/187
f 562/562/188 563/563/188 564/564/188
f 565/565/189 566/566/189 567/567/189
f 568/568/190 569/569/190 570/570/190
f 571/571/191 572/572/191 573/573/191
f 574/574/192 575/575/192 576/576/192
f 577/577/193 578/578/193 579/579/193
f 580/580/194 581/581/194 582/582/194
f 583/583/195 584/584/195 585/585/195
f 586/586/196 587/587/196 588/588/196
f 589/589/197 590/590/197 591/591/197
f 592/592/198 593/593/198 594/594/198
f 595/595/199 596/596/199 597/597/199
f 598/598/200 599/599/200 600/600/200
f 601/601/201 602/602/201 603/603/201
f 604/604/202 605/605/202 606/606/202
f 607/607/203 608/608/203 609/609/203
f 610/610/204 611/611/204 612/612/204
f 613/613/205 614/614/205 615/615/205
f 616/616/206 617/617/206 618/618/206
f 619/619/207 620/620/207 621/621/207
f 622/622/208 623/623/208 624/624/208
f 625/625/209 626/626/209 627/627/209
f 628/628/210 629/629/210 630/630/210
f 631/631/211 632/632/211 633/633/211
f 634/634/212 635/635/212 636/636/212
f 637/637/213 638/638/213 639/639/213
f 640/640/214 641/641/214 642/642/214
f 643/643/215 644/644/215 645/645/215
f 646/646/216 647/647/216 648/648/216
f 649/649/217 650/650/217 651/651/217
f 652/652/218 653/653/218 654/654/218
f 655/655/219 656/656/219 657/657/219
f 658/658/220 659/659/220 660/660/220
f 661/661/221 662/662/221 663/663/221
f 664/664/222 665/665/222 666/666/222
f 667/667/223 668/668/223 669/669/223
f 670/670/224 671/671/224 672/672/224
f 673/673/225 674/674/225 675/675/225
f 676/676/226 677/677/226 678/678/226
f 679/679/227 680/680/227 681/681/227
f 682/682/228 683/683/228 684/684/228
f 685/685/229 686/686/229 687/687/229
f 688/688/230 689/689/230 690/690/230
f 691/691/231 692/692/231 693/693/231
f 694/694/232 695/695/232 696/696/232
f 697/697/233 698/698/233 699/699/233
f 700/700/234 701/701/234 702/702/234
f 703/703/235 704/704/235 705/705/235
f 706/706/236 707/707/236 708/708/236
f 709/709/237 710/710/237 711/711/237
f 712/712/238 713/713/238 714/714/238
f 715/715/239 716/716/239 717/717/239
f 718/718/240 719/719/240 720/720/240
f 721/721/241 722/722/241 723/723/241
f 724/724/242 725/725/242 726/726/242
f 727/727/243 728/728/243 729/729/243
f 730/730/244 731/731/244 732/732/244
f 733/733/245 734/734/245 735/735/245
f 736/736/246 737/737/246 738/738/246
f 739/739/247 740/740/247 741/741/247
f 742/742/248 743/743/248 744/744/248
f 745/745/249 746/746/249 747/747/249
f 748/748/250 749/749/250 750/750/250
f 751/751/251 752/752/251 753/753/251
f 754/754/252 755/755/252 756/756/252
f 757/757/253 758/758/253 759/759/253
f 760/760/254 761/761/254 762/762/254
f 763/763/255 764/764/255 765/765/255
f 766/766/256 767/767/256 768/768/256
f 769/769/257 770/770/257 771/771/257
f 772/772/258 773/773/258 774/774/258
f 775/775/259 776/776/259 777/777/259
f 778/778/260 779/779/260 780/780/260
f 781/781/261 782/782/261 783/783/261
f 784/784/262 785/785/262 786/786/262
f 787/787/263 788/788/263 789/789/263
f 790/790/264 791/791/264 792/792/264
f 793/793/265 794/794/265 795/795/265
f 796/796/266 797/797/266 798/798/266
f 799/799/267 800/800/267 801/801/267
f 802/802/268 803/803/268 804/804/268
f 805/805/269 806/806/269 807/807/269
f 808/808/270 809/809/270 810/810/270
f 811/811/271 812/812/271 813/813/271
f 814/814/272 815/815/272 816/816/272
f 817/817/273 818/818/273 819/819/273
f 820/820/274 821/821/274 822/822/274
f 823/823/275 824/824/275 825/825/275
f 826/826/276 827/827/276 828/828/276
f 829/829/277 830/830/277 831/831/277
f 832/832/278 833/833/278 834/834/278
f 835/835/279 836/836/279 837/837/279
f 838/838/280 839/839/280 840/840/280
f 841/841/281 842/842/281 843/843/281
f 844/844/282 845/845/282 846/846/282
f 847/847/283 848/848/283 849/849/283
f 850/850/284 851/851/284 852/852/284
f 853/853/285 854/854/285 855/855/285
f 856/856/286 857/857/286 858/858/286
f 859/859/287 860/860/287 861/861/287
f 862/862/288 863/863/288 864/864/288
f 865/865/289 866/866/289 867/867/289
f 868/868/290 869/869/290 870/870/290
f 871/871/291 872/872/291 873/873/291
f 874/874/292 875/875/292 876/876/292
f 877/877/293 878/878/293 879/879/293
f 880/880/294 881/881/294 882/882/294
f 883/883/295 884/884/295 885/885/295
f 886/886/296 887/887/296 888/888/296
f 889/889/297 890/890/297 891/891/297
f 892/892/298 893/893/298 894/894/298
f 895/895/299 896/896/299 897/897/299
f 898/898/300 899/899/300 900/900/300
f 901/901/301 902/902/301 903/903/301
f 904/904/302 905/905/302 906/906/302
f 907/907/303 908/908/303 909/909/303
f 910/910/304 911/911/304 912/912/304
f 913/913/305 914/914/305 915/915/305
f 916/916/306 917/917/306 918/918/306
f 919/919/307 920/920/307 921/921/307
f 922/922/308 923/923/308 924/924/308
f 925/925/309 926/926/309 927/927/309
f 928/928/310 929/929/310 930/930/310
f 931/931/311 932/932/311 933/933/311
f 934/934/312 935/935/312 936/936/312
f 937/937/313 938/938/313 939/939/313
f 940/940/314 941/941/314 942/942/314
f 943/943/315 944/944/315 945/945/315
f 946/946/316 947/947/316 948/948/316
f 949/949/317 950/950/317 951/951/317
f 952/952/318 953/953/318 954/954/318
f 955/955/319 956/956/319 957/957/319
f 958/958/320 959/959/320 960/960/320
f 961/961/321 962/962/321 963/963/321
f 964/964/322 965/965/322 966/966/322
f 967/967/323 968/968/323 969/969/323
f 970/970/324 971/971/324 972/972/324
f 973/973/325 974/974/325 975/975/325
f 976/976/326 977/977/326 978/978/326
f 979/979/327 980/980/327 981/981/327
f 982/982/328 983/983/328 984/984/328
f 985/985/329 986/986/329 987/987/329
f 988/988/330 989/989/330 990/990/330
f 991/991/331 992/992/331 993/993/331
f 994/994/332 995/995/332 996/996/332
f 997/997/333 998/998/333 999/999/333
f 1000/1000/334 1001/1001/334 1002/1002/334
f 1003/1003/335 1004/1004/335 1005/1005/335
f 1006/1006/336 1007/1007/336 1008/1008/336
f 1009/1009/337 1010/1010/337 1011/1011/337
f 1012/1012/338 1013/1013/338 1014/1014/338
f 1015/1015/339 1016/1016/339 1017/1017/339
f 1018/1018/340 1019/1019/340 1020/1020/340
f 1021/1021/341 1022/1022/341 1023/1023/341
f 1024/1024/342 1025/1025/342 1026/1026/342
f 1027/1027/343 1028/1028/343 1029/1029/343
f 1030/1030/344 1031/1031/344 1032/1032/344
f 1033/1033/345 1034/1034/345 1035/1035/345
f 1036/1036/346 1037/1037/346 1038/1038/346
f 1039/1039/347 1040/1040/347 1041/1041/347
f 1042/1042/348 1043/1043/348 1044/1044/348
f 1045/1045/349 1046/1046/349 1047/1047/349
f 1048/1048/350 1049/1049/350 1050/1050/350
f 1051/1051/351 1052/1052/351 1053/1053/351
f 1054/1054/352 1055/1055/352 1056/1056/352
f 1057/1057/353 1058/1058/353 1059/1059/353
f 1060/1060/354 1061/1061/354 1062/1062/354
f 1063/1063/355 1064/1064/355 1065/1065/355
f 1066/1066/356 1067/1067/356 1068/1068/356
f 1069/1069/357 1070/1070/357 1071/1071/357
f 1072/1072/358 1073/1073/358 1074/1074/358
f 1075/1075/359 1076/1076/359 1077/1077/359
f 1078/1078/360 1079/1079/360 1080/1080/360
f 1081/1081/361 1082/1082/361 1083/1083/361
f 1084/1084/362 1085/1085/362 1086/1086/362
f 1087/1087/363 1088/1088/363 1089/1089/363
f 1090/1090/364 1091/1091/364 1092/1092/364
f 1093/1093/365 1094/1094/365 1095/1095/365
f 1096/1096/366 1097/1097/366 1098/1098/366
f 1099/1099/367 1100/1100/367 1101/1101/367
f 1102/1102/368 1103/1103/368 1104/1104/368
f 1105/1105/369 1106/1106/369 1107/1107/369
f 1108/1108/370 1109/1109/370 1110/1110/370
f 1111/1111/371 1112/1112/371 1113/1113/371
f 1114/1114/372 1115/1115/372 1116/1116/372
f 1117/1117/373 1118/1118/373 1119/1119/373
f 1120/1120/374 1121/1121/374 1122/1122/374
f 1123/1123/375 1124/1124/375 1125/1125/375
f 1126/1126/376 1127/1127/376 1128/1128/376
f 1129/1129/377 1130/1130/377 1131/1131/377
f 1132/1132/378 1133/1133/378 1134/1134/378
f 1135/1135/379 1136/1136/379 1137/1137/379
f 1138/1138/380 1139/1139/380 1140/1140/380
f 1141/1141/381 1142/1142/381 1143/1143/381
f 1144/1144/382 1145/1145/382 1146/1146/382
f 1147/1147/383 1148/1148/383 1149/1149/383
f 1150/1150/384 1151/1151/384 1152/1152/384
f 1153/1153/385 1154/1154/385 1155/1155/385
f 1156/1156/386 1157/1157/386 1158/1158/386
f 1159/1159/387 1160/1160/387 1161/1161/387
f 1162/1162/388 1163/1163/388 1164/1164/388
f 1165/1165/389 1166/1166/389 1167/1167/389
f 1168/1168/390 1169/1169/390 1170/1170/390
f 1171/1171/391 1172/1172/391 1173/1173/391
f 1174/1174/392 1175/1175/392 1176/1176/392
f 1177/1177/393 1178/1178/393 1179/1179/393
f 1180/1180/394 1181/1181/394 1182/1182/394
f 1183/1183/395 1184/1184/395 1185/1185/395
f 1186/1186/396 1187/1187/396 1188/1188/396
f 1189/1189/397 1190/1190/397 1191/1191/397
f 1192/1192/398 1193/1193/398 1194/1194/398
f 1195/1195/399 1196/1196/399 1197/1197/399
f 1198/1198/400 1199/1199/400 1200/1200/400
f 1201/1201/401 1202/1202/401 1203/1203/401
f 1204/1204/402 1205/1205/402 1206/1206/402
f 1207/1207/403 1208/1208/403 1209/1209/403
f 1210/1210/404 1211/1211/404 1212/1212/404
f 1213/1213/405 1214/1214/405 1215/1215/405
f 1216/1216/406 1217/1217/406 1218/1218/406
f 1219/1219/407 1220/1220/407 1221/1221/407
f 1222/1222/408 1223/1223/408 1224/1224/408
f 1225/1225/409 1226/1226/409 1227/1227/409
f 1228/1228/410 1229/1229/410 1230/1230/410
f 1231/1231/411 1232/1232/411 1233/1233/411
f 1234/1234/412 1235/1235/412 1236/1236/412
f 1237/1237/413 1238/1238/413 1239/1239/413
f 1240/1240/414 1241/1241/414 1242/1242/414
f 1243/1243/415 1244/1244/415 1245/1245/415
f 1246/1246/416 1247/1247/416 1248/1248/416
f 1249/1249/417 1250/1250/417 1251/1251/417
f 1252/1252/418 1253/1253/418 1254/1254/418
f 1255/1255/419 1256/1256/419 1257/1257/419
f 1258/1258/420 1259/1259/420 1260/1260/420
f 1261/1261/421 1262/1262/421 1263/1263/421
f 1264/1264/422 1265/1265/422 1266/1266/422
f 1267/1267/423 1268/1268/423 1269/1269/423
f 1270/1270/424 1271/1271/424 1272/1272/424
f 1273/1273/425 1274/1274/425 1275/1275/425
f 1276/1276/426 1277/1277/426 1278/1278/426
f 1279/1279/427 1280/1280/427 1281/1281/427
f 1282/1282/428 1283/1283/428 1284/1284/428
f 1285/1285/429 1286/1286/429 1287/1287/429
f 1288/1288/430 1289/1289/430 1290/1290/430
f 1291/1291/431 1292/1292/431 1293/1293/431
f 1294/1294/432 1295/1295/432 1296/1296/432
f 1297/1297/433 1298/1298/433 1299/1299/433
f 1300/1300/434 1301/1301/434 1302/1302/434
f 1303/1303/435 1304/1304/435 1305/1305/435
f 1306/1306/436 1307/1307/436 1308/1308/436
f 1309/1309/437 1310/1310/437 1311/1311/437
f 1312/1312/438 1313/1313/438 1314/1314/438
f 1315/1315/439 1316/1316/439 1317/1317/439
f 1318/1318/440 1319/1319/440 1320/1320/440
f 1321/1321/441 1322/1322/441 1323/1323/441
f 1324/1324/442 1325/1325/442 1326/1326/442
f 1327/1327/443 1328/1328/443 1329/1329/443
f 1330/1330/444 1331/1331/444 1332/1332/444
f 1333/1333/445 1334/1334/445 1335/1335/445
f 1336/1336/446 1337/1337/446 1338/1338/446
f 1339/1339/447 1340/1340/447 1341/1341/447
f 1342/1342/448 1343/1343/448 1344/1344/448
f 1345/1345/449 1346/1346/449 1347/1347/449
f 1348/1348/450 1349/1349/450 1350/1350/450
f 1351/1351/451 1352/1352/451 1353/1353/451
f 1354/1354/452 1355/1355/452 1356/1356/452
f 1357/1357/453 1358/1358/453 1359/1359/453
f 1360/1360/454 1361/1361/454 1362/1362/454
f 1363/1363/455 1364/1364/455 1365/1365/455
f 1366/1366/456 1367/1367/456 1368/1368/456
f 1369/1369/457 1370/1370/457 1371/1371/457
f 1372/1372/458 1373/1373/458 1374/1374/458
f 1375/1375/459 1376/1376/459 1377/1377/459
f 1378/1378/460 1379/1379/460 1380/1380/460
f 1381/1381/461 1382/1382/461 1383/1383/461
f 1384/1384/462 1385/1385/462 1386/1386/462
f 1387/1387/463 1388/1388/463 1389/1389/463
f 1390/1390/464 1391/1391/464 1392/1392/464
f 1393/1393/465 1394/1394/465 1395/1395/465
f 1396/1396/466 1397/1397/466 1398/1398/466
f 1399/1399/467 1400/1400/467 1401/1401/467
f 1402/1402/468 1403/1403/468 1404/1404/468
f 1405/1405/469 1406/1406/469 1407/1407/469
f 1408/1408/470 1409/1409/470 1410/1410/470
f 1411/1411/471 1412/1412/471 1413/1413/471
f 1414/1414/472 1415/1415/472 1416/1416/472
f 1417/1417/473 1418/1418/473 1419/1419/473
f 1420/1420/474 1421/1421/474 1422/1422/474
f 1423/1423/475 1424/1424/475 1425/1425/475
f 1426/1426/476 1427/1427/476 1428/1428/476
f 1429/1429/477 1430/1430/477 1431/1431/477
f 1432/1432/478 1433/1433/478 1434/1434/478
f 1435/1435/479 1436/1436/479 1437/1437/479
f 1438/1438/480 1439/1439/480 1440/1440/480
f 1441/1441/481 1442/1442/481 1443/1443/481
f 1444/1444/482 1445/1445/482 1446/1446/482
f 1447/1447/483 1448/1448/483 1449/1449/483
f 1450/1450/484 1451/1451/484 1452/1452/484
f 1453/1453/485 1454/1454/485 1455/1455/485
f 1456/1456/486 1457/1457/486 1458/1458/486
f 1459/1459/487 1460/1460/487 1461/1461/487
f 1462/1462/488 1463/1463/488 1464/1464/488
f 1465/1465/489 1466/1466/489 1467/1467/489
f 1468/1468/490 1469/1469/490 1470/1470/490
f 1471/1471/491 1472/1472/491 1473/1473/491
f 1474/1474/492 1475/1475/492 1476/1476/492
f 1477/1477/493 1478/1478/493 1479/1479/493
f 1480/1480/494 1481/1481/494 1482/1482/494
f 1483/1483/495 1484/1484/495 1485/1485/495
f 1486/1486/496 1487/1487/496 1488/1488/496
f 1489/1489/497 1490/1490/497 1491/1491/497
f 1492/1492/498 1493/1493/498 1494/1494/498
f 1495/1495/499 1496/1496/499 1497/1497/499
f 1498/1498/500 1499/1499/500 1500/1500/500
f 1501/1501/501 1502/1502/501 1503/1503/501
f 1504/1504/502 1505/1505/502 1506/1506/502
f 1507/1507/503 1508/1508/503 1509/1509/503
f 1510/1510/504 1511/1511/504 1512/1512/504
f 1513/1513/505 1514/1514/505 1515/1515/505
f 1516/1516/506 1517/1517/506 1518/1518/506
f 1519/1519/507 1520/1520/507 1521/1521/507
f 1522/1522/508 1523/1523/508 1524/1524/508
f 1525/1525/509 1526/1526/509 1527/1527/509
f 1528/1528/510 1529/1529/510 1530/1530/510
f 1531/1531/511 1532/1532/511 1533/1533/511
f 1534/1534/512 1535/1535/512 1536/1536/512
f 1537/1537/513 1538/1538/513 1539/1539/513
f 1540/1540/514 1541/1541/514 1542/1542/514
f 1543/1543/515 1544/1544/515 1545/1545/515
f 1546/1546/516 1547/1547/516 1548/1548/516
f 1549/1549/517 1550/1550/517 1551/1551/517
f 1552/1552/518 1553/1553/518 1554/1554/518
f 1555/1555/519 1556/1556/519 1557/1557/519
f 1558/1558/520 1559/1559/520 1560/1560/520
f 1561/1561/521 1562/1562/521 1563/1563/521
f 1564/1564/522 1565/1565/522 1566/1566/522
f 1567/1567/523 1568/1568/523 1569/1569/523
f 1570/1570/524 1571/1571/524 1572/1572/524
f 1573/1573/525 1574/1574/525 1575/1575/525
f 1576/1576/526 1577/1577/526 1578/1578/526
f 1579/1579/527 1580/1580/527 1581/1581/527
f 1582/1582/528 1583/1583/528 1584/1584/528
f 1585/1585/529 1586/1586/529 1587/1587/529
f 1588/1588/530 1589/1589/530 1590/1590/530
f 1591/1591/531 1592/1592/531 1593/1593/531
f 1594/1594/532 1595/1595/532 1596/1596/532
f 1597/1597/533 1598/1598/533 1599/1599/533
f 1600/1600/534 1601/1601/534 1602/1602/534
f 1603/1603/535 1604/1604/535 1605/1605/535
f 1606/1606/536 1607/1607/536 1608/1608/536
f 1609/1609/537 1610/1610/537 1611/1611/537
f 1612/1612/538 1613/1613/538 1614/1614/538
f 1615/1615/539 1616/1616/539 1617/1617/539
f 1618/1618/540 1619/1619/540 1620/1620/540
f 1621/1621/541 1622/1622/541 1623/1623/541
f 1624/1624/542 1625/1625/542 1626/1626/542
f 1627/1627/543 1628/1628/543 1629/1629/543
f 1630/1630/544 1631/1631/544 1632/1632/544
f 1633/1633/545 1634/1634/545 1635/1635/545
f 1636/1636/546 1637/1637/546 1638/1638/546
f 1639/1639/547 1640/1640/547 1641/1641/547
f 1642/1642/548 1643/1643/548 1644/1644/548
f 1645/1645/549 1646/1646/549 1647/1647/549
f 1648/1648/550 1649/1649/550 1650/1650/550
f 1651/1651/551 1652/1652/551 1653/1653/551
f 1654/1654/552 1655/1655/552 1656/1656/552
f 1657/1657/553 1658/1658/553 1659/1659/553
f 1660/1660/554 1661/1661/554 1662/1662/554
f 1663/1663/555 1664/1664/555 1665/1665/555
f 1666/1666/556 1667/1667/556 1668/1668/556
f 1669/1669/557 1670/1670/557 1671/1671/557
f 1672/1672/558 1673/1673/558 1674/1674/558
f 1675/1675/559 1676/1676/559 1677/1677/559
f 1678/1678/560 1679/1679/560 1680/1680/560
f 1681/1681/561 1682/1682/561 1683/1683/561
f 1684/1684/562 1685/1685/562 1686/1686/562
f 1687/1687/563 1688/1688/563 1689/1689/563
f 1690/1690/564 1691/1691/564 1692/1692/564
f 1693/1693/565 1694/1694/565 1695/1695/565
f 1696/1696/566 1697/1697/566 1698/1698/566
f 1699/1699/567 1700/1700/567 1701/1701/567
f 1702/1702/568 1703/1703/568 1704/1704/568
f 1705/1705/569 1706/1706/569 1707/1707/569
f 1708/1708/570 1709/1709/570 1710/1710/570
f 1711/1711/571 1712/1712/571 1713/1713/571
f 1714/1714/572 1715/1715/572 1716/1716/572
f 1717/1717/573 1718/1718/573 1719/1719/573
f 1720/1720/574 1721/1721/574 1722/1722/574
f 1723/1723/575 1724/1724/575 1725/1725/575
f 1726/1726/576 1727/1727/576 1728/1728/576
f 1729/1729/577 1730/1730/577 1731/1731/577
f 1732/1732/578 1733/1733/578 1734/1734/578
f 1735/1735/579 1736/1736/579 1737/1737/579
f 1738/1738/580 1739/1739/580 1740/1740/580
f 1741/1741/581 1742/1742/581 1743/1743/581
f 1744/1744/582 1745/1745/582 1746/1746/582
f 1747/1747/583 1748/1748/583 1749/1749/583
f 1750/1750/584 1751/1751/584 1752/1752/584
f 1753/1753/585 1754/1754/585 1755/1755/585
f 1756/1756/586 1757/1757/586 1758/1758/586
f 1759/1759/587 1760/1760/587 1761/1761/587
f 1762/1762/588 1763/1763/588 1764/1764/588
f 1765/1765/589 1766/1766/589 1767/1767/589
f 1768/1768/590 1769/1769/590 1770/1770/590
f 1771/1771/591 1772/1772/591 1773/1773/591
f 1774/1774/592 1775/1775/592 1776/1776/592
f 1777/1777/593 1778/1778/593 1779/1779/593
f 1780/1780/594 1781/1781/594 1782/1782/594
f 1783/1783/595 1784/1784/595 1785/1785/595
f 1786/1786/596 1787/1787/596 1788/1788/596
f 1789/1789/597 1790/1790/597 1791/1791/597
f 1792/1792/598 1793/1793/598 1794/1794/598
f 1795/1795/599 1796/1796/599 1797/1797/599
f 1798/1798/600 1799/1799/600 1800/1800/600
f 1801/1801/601 1802/1802/601 1803/1803/601
f 1804/1804/602 1805/1805/602 1806/1806/602
f 1807/1807/603 1808/1808/603 1809/1809/603
f 1810/1810/604 1811/1811/604 1812/1812/604
f 1813/1813/605 1814/1814/605 1815/1815/605
f 1816/1816/606 1817/1817/606 1818/1818/606
f 1819/1819/607 1820/1820/607 1821/1821/607
f 1822/1822/608 1823/1823/608 1824/1824/608
f 1825/1825/609 1826/1826/609 1827/1827/609
f 1828/1828/610 1829/1829/610 1830/1830/610
f 1831/1831/611 1832/1832/611 1833/1833/611
f 1834/1834/612 1835/1835/612 1836/1836/612
f 1837/1837/613 1838/1838/613 1839/1839/613
f 1840/1840/614 1841/1841/614 1842/1842/614
f 1843/1843/615 1844/1844/615 1845/1845/615
f 1846/1846/616 1847/1847/616 1848/1848/616
f 1849/1849/617 1850/1850/617 1851/1851/617
f 1852/1852/618 1853/1853/618 1854/1854/618
f 1855/1855/619 1856/1856/619 1857/1857/619
f 1858/1858/620 1859/1859/620 1860/1860/620
f 1861/1861/621 1862/1862/621 1863/1863/621
f 1864/1864/622 1865/1865/622 1866/1866/622
f 1867/1867/623 1868/1868/623 1869/1869/623
f 1870/1870/624 1871/1871/624 1872/1872/624
f 1873/1873/625 1874/1874/625 1875/1875/625
f 1876/1876/626 1877/1877/626 1878/1878/626
f 1879/1879/627 1880/1880/627 1881/1881/627
f 1882/1882/628 1883/1883/628 1884/1884/628
f 1885/1885/629 1886/1886/629 1887/1887/629
f 1888/1888/630 1889/1889/630 1890/1890/630
f 1891/1891/631 1892/1892/631 1893/1893/631
f 1894/1894/632 1895/1895/632 1896/1896/632
f 1897/1897/633 1898/1898/633 1899/1899/633
f 1900/1900/634 1901/1901/634 1902/1902/634
f 1903/1903/635 1904/1904/635 1905/1905/635
f 1906/1906/636 1907/1907/636 1908/1908/636
f 1909/1909/637 1910/1910/637 1911/1911/637
f 1912/1912/638 1913/1913/638 1914/1914/638
f 1915/1915/639 1916/1916/639 1917/1917/639
f 1918/1918/640 1919/1919/640 1920/1920/640
f 1921/1921/641 1922/1922/641 1923/1923/641
f 1924/1924/642 1925/1925/642 1926/1926/642
f 1927/1927/643 1928/1928/643 1929/1929/643
f 1930/1930/644 1931/1931/644 1932/1932/644
f 1933/1933/645 1934/1934/645 1935/1935/645
f 1936/1936/646 1937/1937/646 1938/1938/646
f 1939/1939/647 1940/1940/647 1941/1941/647
f 1942/1942/648 1943/1943/648 1944/1944/648
f 1945/1945/649 1946/1946/649 1947/1947/649
f 1948/1948/650 1949/1949/650 1950/1950/650
f 1951/1951/651 1952/1952/651 1953/1953/651
f 1954/1954/652 1955/1955/652 1956/1956/652
f 1957/1957/653 1958/1958/653 1959/1959/653
f 1960/1960/654 1961/1961/654 1962/1962/654
f 1963/1963/655 1964/1964/655 1965/1965/655
f 1966/1966/656 1967/1967/656 1968/1968/656
f 1969/1969/657 1970/1970/657 1971/1971/657
f 1972/1972/658 1973/1973/658 1974/1974/658
f 1975/1975/659 1976/1976/659 1977/1977/659
f 1978/1978/660 1979/1979/660 1980/1980/660
f 1981/1981/661 1982/1982/661 1983/1983/661
f 1984/1984/662 1985/1985/662 1986/1986/662
f 1987/1987/663 1988/1988/663 1989/1989/663
f 1990/1990/664 1991/1991/664 1992/1992/664
f 1993/1993/665 1994/1994/665 1995/1995/665
f 1996/1996/666 1997/1997/666 1998/1998/666
f 1999/1999/667 2000/2000/667 2001/2001/667
f 2002/2002/668 2003/2003/668 2004/2004/668
f 2005/2005/669 2006/2006/669 2007/2007/669
f 2008/2008/670 2009/2009/670 2010/2010/670
f 2011/2011/671 2012/2012/671 2013/2013/671
f 2014/2014/672 2015/2015/672 2016/2016/672
f 2017/2017/673 2018/2018/673 2019/2019/673
f 2020/2020/674 2021/2021/674 2022/2022/674
f 2023/2023/675 2024/2024/675 2025/2025/675
f 2026/2026/676 2027/2027/676 2028/2028/676
f 2029/2029/677 2030/2030/677 2031/2031/677
f 2032/2032/678 2033/2033/678 2034/2034/678
f 2035/2035/679 2036/2036/679 2037/2037/679
f 2038/2038/680 2039/2039/680 2040/2040/680
f 2041/2041/681 2042/2042/681 2043/2043/681
f 2044/2044/682 2045/2045/682 2046/2046/682
f 2047/2047/683 2048/2048/683 2049/2049/683
f 2050/2050/684 2051/2051/684 2052/2052/684
f 2053/2053/685 2054/2054/685 2055/2055/685
f 2056/2056/686 2057/2057/686 2058/2058/686
f 2059/2059/687 2060/2060/687 2061/2061/687
f 2062/2062/688 2063/2063/688 2064/2064/688
f 2065/2065/689 2066/2066/689 2067/2067/689
f 2068/2068/690 2069/2069/690 2070/2070/690
f 2071/2071/691 2072/2072/691 2073/2073/691
f 2074/2074/692 2075/2075/692 2076/2076/692
f 2077/2077/693 2078/2078/693 2079/2079/693
f 2080/2080/694 2081/2081/694 2082/2082/694
f 2083/2083/695 2084/2084/695 2085/2085/695
f 2086/2086/696 2087/2087/696 2088/2088/696
f 2089/2089/697 2090/2090/697 2091/2091/697
f 2092/2092/698 2093/2093/698 2094/2094/698
f 2095/2095/699 2096/2096/699 2097/2097/699
f 2098/2098/700 2099/2099/700 2100/2100/700
f 2101/2101/701 2102/2102/701 2103/2103/701
f 2104/2104/702 2105/2105/702 2106/2106/702
f 2107/2107/703 2108/2108/703 2109/2109/703
f 2110/2110/704 2111/2111/704 2112/2112/704
f 2113/2113/705 2114/2114/705 2115/2115/705
f 2116/2116/706 2117/2117/706 2118/2118/706
f 2119/2119/707 2120/2120/707 2121/2121/707
f 2122/2122/708 2123/2123/708 2124/2124/708
f 2125/2125/709 2126/2126/709 2127/2127/709
f 2128/2128/710 2129/2129/710 2130/2130/710
f 2131/2131/711 2132/2132/711 2133/2133/711
f 2134/2134/712 2135/2135/712 2136/2136/712
f 2137/2137/713 2138/2138/713 2139/2139/713
f 2140/2140/714 2141/2141/714 2142/2142/714
f 2143/2143/715 2144/2144/715 2145/2145/715
f 2146/2146/716 2147/2147/716 2148/2148/716
f 2149/2149/717 2150/2150/717 2151/2151/717
f 2152/2152/718 2153/2153/718 2154/2154/718
f 2155/2155/719 2156/2156/719 2157/2157/719
f 2158/2158/720 2159/2159/720 2160/2160/720
f 2161/2161/721 2162/2162/721 2163/2163/721
f 2164/2164/722 2165/2165/722 2166/2166/722
f 2167/2167/723 2168/2168/723 2169/2169/723
f 2170/2170/724 2171/2171/724 2172/2172/724
f 2173/2173/725 2174/2174/725 2175/2175/725
f 2176/2176/726 2177/2177/726 2178/2178/726
f 2179/2179/727 2180/2180/727 2181/2181/727
f 2182/2182/728 2183/2183/728 2184/2184/728
f 2185/2185/729 2186/2186/729 2187/2187/729
f 2188/2188/730 2189/2189/730 2190/2190/730
f 2191/2191/731 2192/2192/731 2193/2193/731
f 2194/2194/732 2195/2195/732 2196/2196/732
f 2197/2197/733 2198/2198/733 2199/2199/733
f 2200/2200/734 2201/2201/734 2202/2202/734
f 2203/2203/735 2204/2204/735 2205/2205/735
f 2206/2206/736 2207/2207/736 2208/2208/736
f 2209/2209/737 2210/2210/737 2211/2211/737
f 2212/2212/738 2213/2213/738 2214/2214/738
f 2215/2215/739 2216/2216/739 2217/2217/739
f 2218/2218/740 2219/2219/740 2220/2220/740
f 2221/2221/741 2222/2222/741 2223/2223/741
f 2224/2224/742 2225/2225/742 2226/2226/742
f 2227/2227/743 2228/2228/743 2229/2229/743
f 2230/2230/744 2231/2231/744 2232/2232/744
f 2233/2233/745 2234/2234/745 2235/2235/745
f 2236/2236/746 2237/2237/746 2238/2238/746
f 2239/2239/747 2240/2240/747 2241/2241/747
f 2242/2242/748 2243/2243/748 2244/2244/748
f 2245/2245/749 2246/2246/749 2247/2247/749
f 2248/2248/750 2249/2249/750 2250/2250/750
f 2251/2251/751 2252/2252/751 2253/2253/751
f 2254/2254/752 2255/2255/752 2256/2256/752
f 2257/2257/753 2258/2258/753 2259/2259/753
f 2260/2260/754 2261/2261/754 2262/2262/754
f 2263/2263/755 2264/2264/755 2265/2265/755
f 2266/2266/756 2267/2267/756 2268/2268/756
f 2269/2269/757 2270/2270/757 2271/2271/757
f 2272/2272/758 2273/2273/758 2274/2274/758
f 2275/2275/759 2276/2276/759 2277/2277/759
f 2278/2278/760 2279/2279/760 2280/2280/760
f 2281/2281/761 2282/2282/761 2283/2283/761
f 2284/2284/762 2285/2285/762 2286/2286/762
f 2287/2287/763 2288/2288/763 2289/2289/763
f 2290/2290/764 2291/2291/764 2292/2292/764
f 2293/2293/765 2294/2294/765 2295/2295/765
f 2296/2296/766 2297/2297/766 2298/2298/766
f 2299/2299/767 2300/2300/767 2301/2301/767
f 2302/2302/768 2303/2303/768 2304/2304/768
f 2305/2305/769 2306/2306/769 2307/2307/769
f 2308/2308/770 2309/2309/770 2310/2310/770
f 2311/2311/771 2312/2312/771 2313/2313/771
f 2314/2314/772 2315/2315/772 2316/2316/772
f 2317/2317/773 2318/2318/773 2319/2319/773
f 2320/2320/774 2321/2321/774 2322/2322/774
f 2323/2323/775 2324/2324/775 2325/2325/775
f 2326/2326/776 2327/2327/776 2328/2328/776
f 2329/2329/777 2330/2330/777 2331/2331/777
f 2332/2332/778 2333/2333/778 2334/2334/778
f 2335/2335/779 2336/2336/779 2337/2337/779
f 2338/2338/780 2339/2339/780 2340/2340/780
f 2341/2341/781 2342/2342/781 2343/2343/781
f 2344/2344/782 2345/2345/782 2346/2346/782
f 2347/2347/783 2348/2348/783 2349/2349/783
f 2350/2350/784 2351/2351/784 2352/2352/784
f 2353/2353/785 2354/2354/785 2355/2355/785
f 2356/2356/786 2357/2357/786 2358/2358/786
f 2359/2359/787 2360/2360/787 2361/2361/787
f 2362/2362/788 2363/2363/788 2364/2364/788
f 2365/2365/789 2366/2366/789 2367/2367/789
f 2368/2368/790 2369/2369/790 2370/2370/790
f 2371/2371/791 2372/2372/791 2373/2373/791
f 2374/2374/792 2375/2375/792 2376/2376/792
f 2377/2377/793 2378/2378/793 2379/2379/793
f 2380/2380/794 2381/2381/794 2382/2382/794
f 2383/2383/795 2384/2384/795 2385/2385/795
f 2386/2386/796 2387/2387/796 2388/2388/796
f 2389/2389/797 2390/2390/797 2391/2391/797
f 2392/2392/798 2393/2393/798 2394/2394/798
f 2395/2395/799 2396/2396/799 2397/2397/799
f 2398/2398/800 2399/2399/800 2400/2400/800
f 2401/2401/801 2402/2402/801 2403/2403/801
f 2404/2404/802 2405/2405/802 2406/2406/802
f 2407/2407/803 2408/2408/803 2409/2409/803
f 2410/2410/804 2411/2411/804 2412/2412/804
f 2413/2413/805 2414/2414/805 2415/2415/805
f 2416/2416/806 2417/2417/806 2418/2418/806
f 2419/2419/807 2420/2420/807 2421/2421/807
f 2422/2422/808 2423/2423/808 2424/2424/808
f 2425/2425/809 2426/2426/809 2427/2427/809
f 2428/2428/810 2429/2429/810 2430/2430/810
f 2431/2431/811 2432/2432/811 2433/2433/811
f 2434/2434/812 2435/2435/812 2436/2436/812
f 2437/2437/813 2438/2438/813 2439/2439/813
f 2440/2440/814 2441/2441/814 2442/2442/814
f 2443/2443/815 2444/2444/815 2445/2445/815
f 2446/2446/816 2447/2447/816 2448/2448/816
f 2449/2449/817 2450/2450/817 2451/2451/817
f 2452/2452/818 2453/2453/818 2454/2454/818
f 2455/2455/819 2456/2456/819 2457/2457/819
f 2458/2458/820 2459/2459/820 2460/2460/820
f 2461/2461/821 2462/2462/821 2463/2463/821
f 2464/2464/822 2465/2465/822 2466/2466/822
f 2467/2467/823 2468/2468/823 2469/2469/823
f 2470/2470/824 2471/2471/824 2472/2472/824
f 2473/2473/825 2474/2474/825 2475/2475/825
f 2476/2476/826 2477/2477/826 2478/2478/826
f 2479/2479/827 2480/2480/827 2481/2481/827
f 2482/2482/828 2483/2483/828 2484/2484/828
f 2485/2485/829 2486/2486/829 2487/2487/829
f 2488/2488/830 2489/2489/830 2490/2490/830
f 2491/2491/831 2492/2492/831 2493/2493/831
f 2494/2494/832 2495/2495/832 2496/2496/832
f 2497/2497/833 2498/2498/833 2499/2499/833
f 2500/2500/834 2501/2501/834 2502/2502/834
f 2503/2503/835 2504/2504/835 2505/2505/835
f 2506/2506/836 2507/2507/836 2508/2508/836
f 2509/2509/837 2510/2510/837 2511/2511/837
f 2512/2512/838 2513/2513/838 2514/2514/838
f 2515/2515/839 2516/2516/839 2517/2517/839
f 2518/2518/840 2519/2519/840 2520/2520/840
f 2521/2521/841 2522/2522/841 2523/2523/841
f 2524/2524/842 2525/2525/842 2526/2526/842
f 2527/2527/843 2528/2528/843 2529/2529/843
f 2530/2530/844 2531/2531/844 2532/2532/844
f 2533/2533/845 2534/2534/845 2535/2535/845
f 2536/2536/846 2537/2537/846 2538/2538/846
f 2539/2539/847 2540/2540/847 2541/2541/847
f 2542/2542/848 2543/2543/848 2544/2544/848
f 2545/2545/849 2546/2546/849 2547/2547/849
f 2548/2548/850 2549/2549/850 2550/2550/850
f 2551/2551/851 2552/2552/851 2553/2553/851
f 2554/2554/852 2555/2555/852 2556/2556/852
f 2557/2557/853 2558/2558/853 2559/2559/853
f 2560/2560/854 2561/2561/854 2562/2562/854
f 2563/2563/855 2564/2564/855 2565/2565/855
f 2566/2566/856 2567/2567/856 2568/2568/856
f 2569/2569/857 2570/2570/857 2571/2571/857
f 2572/2572/858 2573/2573/858 2574/2574/858
f 2575/2575/859 2576/2576/859 2577/2577/859
f 2578/2578/860 2579/2579/860 2580/2580/860
f 2581/2581/861 2582/2582/861 2583/2583/861
f 2584/2584/862 2585/2585/862 2586/2586/862
f 2587/2587/863 2588/2588/863 2589/2589/863
f 2590/2590/864 2591/2591/864 2592/2592/864
f 2593/2593/865 2594/2594/865 2595/2595/865
f 2596/2596/866 2597/2597/866 2598/2598/866
f 2599/2599/867 2600/2600/867 2601/2601/867
f 2602/2602/868 2603/2603/868 2604/2604/868
f 2605/2605/869 2606/2606/869 2607/2607/869
f 2608/2608/870 2609/2609/870 2610/2610/870
f 2611/2611/871 2612/2612/871 2613/2613/871
f 2614/2614/872 2615/2615/872 2616/2616/872
f 2617/2617/873 2618/2618/873 2619/2619/873
f 2620/2620/874 2621/2621/874 2622/2622/874
f 2623/2623/875 2624/2624/875 2625/2625/875
f 2626/2626/876 2627/2627/876 2628/2628/876
f 2629/2629/877 2630/2630/877 2631/2631/877
f 2632/2632/878 2633/2633/878 2634/2634/878
f 2635/2635/879 2636/2636/879 2637/2637/879
f 2638/2638/880 2639/2639/880 2640/2640/880
f 2641/2641/881 2642/2642/881 2643/2643/881
f 2644/2644/882 2645/2645/882 2646/2646/882
f 2647/2647/883 2648/2648/883 2649/2649/883
f 2650/2650/884 2651/2651/884 2652/2652/884
f 2653/2653/885 2654/2654/885 2655/2655/885
f 2656/2656/886 2657/2657/886 2658/2658/886
f 2659/2659/887 2660/2660/887 2661/2661/887
f 2662/2662/888 2663/2663/888 2664/2664/888
f 2665/2665/889 2666/2666/889 2667/2667/889
f 2668/2668/890 2669/2669/890 2670/2670/890
f 2671/2671/891 2672/2672/891 2673/2673/891
f 2674/2674/892 2675/2675/892 2676/2676/892
f 2677/2677/893 2678/2678/893 2679/2679/893
f 2680/2680/894 2681/2681/894 2682/2682/894
f 2683/2683/895 2684/2684/895 2685/2685/895
f 2686/2686/896 2687/2687/896 2688/2688/896
f 2689/2689/897 2690/2690/897 2691/2691/897
f 2692/2692/898 2693/2693/898 2694/2694/898
f 2695/2695/899 2696/2696/899 2697/2697/899
f 2698/2698/900 2699/2699/900 2700/2700/900
f 2701/2701/901 2702/2702/901 2703/2703/901
f 2704/2704/902 2705/2705/902 2706/2706/902
f 2707/2707/903 2708/2708/903 2709/2709/903
f 2710/2710/904 2711/2711/904 2712/2712/904
f 2713/2713/905 2714/2714/905 2715/2715/905
f 2716/2716/906 2717/2717/906 2718/2718/906
f 2719/2719/907 2720/2720/907 2721/2721/907
f 2722/2722/908 2723/2723/908 2724/2724/908
f 2725/2725/909 2726/2726/909 2727/2727/909
f 2728/2728/910 2729/2729/910 2730/2730/910
f 2731/2731/911 2732/2732/911 2733/2733/911
f 2734/2734/912 2735/2735/912 2736/2736/912
f 2737/2737/913 2738/2738/913 2739/2739/913
f 2740/2740/914 2741/2741/914 2742/2742/914
f 2743/2743/915 2744/2744/915 2745/2745/915
f 2746/2746/916 2747/2747/916 2748/2748/916
f 2749/2749/917 2750/2750/917 2751/2751/917
f 2752/2752/918 2753/2753/918 2754/2754/918
f 2755/2755/919 2756/2756/919 2757/2757/919
f 2758/2758/920 2759/2759/920 2760/2760/920
f 2761/2761/921 2762/2762/921 2763/2763/921
f 2764/2764/922 2765/2765/922 2766/2766/922
f 2767/2767/923 2768/2768/923 2769/2769/923
f 2770/2770/924 2771/2771/924 2772/2772/924
f 2773/2773/925 2774/2774/925 2775/2775/925
f 2776/2776/926 2777/2777/926 2778/2778/926
f 2779/2779/927 2780/2780/927 2781/2781/927
f 2782/2782/928 2783/2783/928 2784/2784/928
f 2785/2785/929 2786/2786/929 2787/2787/929
f 2788/2788/930 2789/2789/930 2790/2790/930
f 2791/2791/931 2792/2792/931 2793/2793/931
f 2794/2794/932 2795/2795/932 2796/2796/932
f 2797/2797/933 2798/2798/933 2799/2799/933
f 2800/2800/934 2801/2801/934 2802/2802/934
f 2803/2803/935 2804/2804/935 2805/2805/935
f 2806/2806/936 2807/2807/936 2808/2808/936
f 2809/2809/937 2810/2810/937 2811/2811/937
f 2812/2812/938 2813/2813/938 2814/2814/938
f 2815/2815/939 2816/2816/939 2817/2817/939
f 2818/2818/940 2819/2819/940 2820/2820/940
f 2821/2821/941 2822/2822/941 2823/2823/941
f 2824/2824/942 2825/2825/942 2826/2826/942
f 2827/2827/943 2828/2828/943 2829/2829/943
f 2830/2830/944 2831/2831/944 2832/2832/944
f 2833/2833/945 2834/2834/945 2835/2835/945
f 2836/2836/946 2837/2837/946 2838/2838/946
f 2839/2839/947 2840/2840/947 2841/2841/947
f 2842/2842/948 2843/2843/948 2844/2844/948
f 2845/2845/949 2846/2846/949 2847/2847/949
f 2848/2848/950 2849/2849/950 2850/2850/950
f 2851/2851/951 2852/2852/951 2853/2853/951
f 2854/2854/952 2855/2855/952 2856/2856/952
f 2857/2857/953 2858/2858/953 2859/2859/953
f 2860/2860/954 2861/2861/954 2862/2862/954
f 2863/2863/955 2864/2864/955 2865/2865/955
f 2866/2866/956 2867/2867/956 2868/2868/956
f 2869/2869/957 2870/2870/957 2871/2871/957
f 2872/2872/958 2873/2873/958 2874/2874/958
f 2875/2875/959 2876/2876/959 2877/2877/959
f 2878/2878/960 2879/2879/960 2880/2880/960
f 2881/2881/961 2882/2882/961 2883/2883/961
f 2884/2884/962 2885/2885/962 2886/2886/962
f 2887/2887/963 2888/2888/963 2889/2889/963
f 2890/2890/964 2891/2891/964 2892/2892/964
f 2893/2893/965 2894/2894/965 2895/2895/965
f 2896/2896/966 2897/2897/966 2898/2898/966
f 2899/2899/967 2900/2900/967 2901/2901/967
f 2902/2902/968 2903/2903/968 2904/2904/968
f 2905/2905/969 2906/2906/969 2907/2907/969
f 2908/2908/970 2909/2909/970 2910/2910/970
f 2911/2911/971 2912/2912/971 2913/2913/971
f 2914/2914/972 2915/2915/972 2916/2916/972
f 2917/2917/973 2918/2918/973 2919/2919/973
f 2920/2920/974 2921/2921/974 2922/2922/974
f 2923/2923/975 2924/2924/975 2925/2925/975
f 2926/2926/976 2927/2927/976 2928/2928/976
f 2929/2929/977 2930/2930/977 2931/2931/977
f 2932/2932/978 2933/2933/978 2934/2934/978
f 2935/2935/979 2936/2936/979 2937/2937/979
f 2938/2938/980 2939/2939/980 2940/2940/980
f 2941/2941/981 2942/2942/981 2943/2943/981
f 2944/2944/982 2945/2945/982 2946/2946/982
f 2947/2947/983 2948/2948/983 2949/2949/983
f 2950/2950/984 2951/2951/984 2952/2952/984
f 2953/2953/985 2954/2954/985 2955/2955/985
f 2956/2956/986 2957/2957/986 2958/2958/986
f 2959/2959/987 2960/2960/987 2961/2961/987
f 2962/2962/988 2963/2963/988 2964/2964/988
f 2965/2965/989 2966/2966/989 2967/2967/989
f 2968/2968/990 2969/2969/990 2970/2970/990
f 2971/2971/991 2972/2972/991 2973/2973/991
f 2974/2974/992 2975/2975/992 2976/2976/992
f 2977/2977/993 2978/2978/993 2979/2979/993
f 2980/2980/994 2981/2981/994 2982/2982/994
f 2983/2983/995 2984/2984/995 2985/2985/995
f 2986/2986/996 2987/2987/996 2988/2988/996
f 2989/2989/997 2990/2990/997 2991/2991/997
f 2992/2992/998 2993/2993/998 2994/2994/998
f 2995/2995/999 2996/2996/999 2997/2997/999
f 2998/2998/1000 2999/2999/1000 3000/3000/1000
f 3001/3001/1001 3002/3002/1001 3003/3003/1001
f 3004/3004/1002 3005/3005/1002 3006/3006/1002
f 3007/3007/1003 3008/3008/1003 3009/3009/1003
f 3010/3010/1004 3011/3011/1004 3012/3012/1004
f 3013/3013/1005 3014/3014/1005 3015/3015/1005
f 3016/3016/1006 3017/3017/1006 3018/3018/1006
f 3019/3019/1007 3020/3020/1007 3021/3021/1007
f 3022/3022/1008 3023/3023/1008 3024/3024/1008
f 3025/3025/1009 3026/3026/1009 3027/3027/1009
f 3028/3028/1010 3029/3029/1010 3030/3030/1010
f 3031/3031/1011 3032/3032/1011 3033/3033/1011
f 3034/3034/1012 3035/3035/1012 3036/3036/1012
f 3037/3037/1013 3038/3038/1013 3039/3039/1013
f 3040/3040/1014 3041/3041/1014 3042/3042/1014
f 3043/3043/1015 3044/3044/1015 3045/3045/1015
f 3046/3046/1016 3047/3047/1016 3048/3048/1016
f 3049/3049/1017 3050/3050/1017 3051/3051/1017
f 3052/3052/1018 3053/3053/1018 3054/3054/1018
f 3055/3055/1019 3056/3056/1019 3057/3057/1019
f 3058/3058/1020 3059/3059/1020 3060/3060/1020
f 3061/3061/1021 3062/3062/1021 3063/3063/1021
f 3064/3064/1022 3065/3065/1022 3066/3066/1022
f 3067/3067/1023 3068/3068/1023 3069/3069/1023
f 3070/3070/1024 3071/3071/1024 3072/3072/1024
f 3073/3073/1025 3074/3074/1025 3075/3075/1025
f 3076/3076/1026 3077/3077/1026 3078/3078/1026
f 3079/3079/1027 3080/3080/1027 3081/3081/1027
f 3082/3082/1028 3083/3083/1028 3084/3084/1028
f 3085/3085/1029 3086/3086/1029 3087/3087/1029
f 3088/3088/1030 3089/3089/1030 3090/3090/1030
f 3091/3091/1031 3092/3092/1031 3093/3093/1031
f 3094/3094/1032 3095/3095/1032 3096/3096/1032
f 3097/3097/1033 3098/3098/1033 3099/3099/1033
f 3100/3100/1034 3101/3101/1034 3102/3102/1034
f 3103/3103/1035 3104/3104/1035 3105/3105/1035
f 3106/3106/1036 3107/3107/1036 3108/3108/1036
f 3109/3109/1037 3110/3110/1037 3111/3111/1037
f 3112/3112/1038 3113/3113/1038 3114/3114/1038
f 3115/3115/1039 3116/3116/1039 3117/3117/1039
f 3118/3118/1040 3119/3119/1040 3120/3120/1040
f 3121/3121/1041 3122/3122/1041 3123/3123/1041
f 3124/3124/1042 3125/3125/1042 3126/3126/1042
f 3127/3127/1043 3128/3128/1043 3129/3129/1043
f 3130/3130/1044 3131/3131/1044 3132/3132/1044
f 3133/3133/1045 3134/3134/1045 3135/3135/1045
f 3136/3136/1046 3137/3137/1046 3138/3138/1046
f 3139/3139/1047 3140/3140/1047 3141/3141/1047
f 3142/3142/1048 3143/3143/1048 3144/3144/1048
f 3145/3145/1049 3146/3146/1049 3147/3147/1049
f 3148/3148/1050 3149/3149/1050 3150/3150/1050
f 3151/3151/1051 3152/3152/1051 3153/3153/1051
f 3154/3154/1052 3155/3155/1052 3156/3156/1052
f 3157/3157/1053 3158/3158/1053 3159/3159/1053
f 3160/3160/1054 3161/3161/1054 3162/3162/1054
f 3163/3163/1055 3164/3164/1055 3165/3165/1055
f 3166/3166/1056 3167/3167/1056 3168/3168/1056
f 3169/3169/1057 3170/3170/1057 3171/3171/1057
f 3172/3172/1058 3173/3173/1058 3174/3174/1058
f 3175/3175/1059 3176/3176/1059 3177/3177/1059
f 3178/3178/1060 3179/3179/1060 3180/3180/1060
f 3181/3181/1061 3182/3182/1061 3183/3183/1061
f 3184/3184/1062 3185/3185/1062 3186/3186/1062
f 3187/3187/1063 3188/3188/1063 3189/3189/1063
f 3190/3190/1064 3191/3191/1064 3192/3192/1064
f 3193/3193/1065 3194/3194/1065 3195/3195/1065
f 3196/3196/1066 3197/3197/1066 3198/3198/1066
f 3199/3199/1067 3200/3200/1067 3201/3201/1067
f 3202/3202/1068 3203/3203/1068 3204/3204/1068
f 3205/3205/1069 3206/3206/1069 3207/3207/1069
f 3208/3208/1070 3209/3209/1070 3210/3210/1070
f 3211/3211/1071 3212/3212/1071 3213/3213/1071
f 3214/3214/1072 3215/3215/1072 3216/3216/1072
f 3217/3217/1073 3218/3218/1073 3219/3219/1073
f 3220/3220/1074 3221/3221/1074 3222/3222/1074
f 3223/3223/1075 3224/3224/1075 3225/3225/1075
f 3226/3226/1076 3227/3227/1076 3228/3228/1076
f 3229/3229/1077 3230/3230/1077 3231/3231/1077
f 3232/3232/1078 3233/3233/1078 3234/3234/1078
f 3235/3235/1079 3236/3236/1079 3237/3237/1079
f 3238/3238/1080 3239/3239/1080 3240/3240/1080
f 3241/3241/1081 3242/3242/1081 3243/3243/1081
f 3244/3244/1082 3245/3245/1082 3246/3246/1082
f 3247/3247/1083 3248/3248/1083 3249/3249/1083
f 3250/3250/1084 3251/3251/1084 3252/3252/1084
f 3253/3253/1085 3254/3254/1085 3255/3255/1085
f 3256/3256/1086 3257/3257/1086 3258/3258/1086
f 3259/3259/1087 3260/3260/1087 3261/3261/1087
f 3262/3262/1088 3263/3263/1088 3264/3264/1088
f 3265/3265/1089 3266/3266/1089 3267/3267/1089
f 3268/3268/1090 3269/3269/1090 3270/3270/1090
f 3271/3271/1091 3272/3272/1091 3273/3273/1091
f 3274/3274/1092 3275/3275/1092 3276/3276/1092
f 3277/3277/1093 3278/3278/1093 3279/3279/1093
f 3280/3280/1094 3281/3281/1094 3282/3282/1094
f 3283/3283/1095 3284/3284/1095 3285/3285/1095
f 3286/3286/1096 3287/3287/1096 3288/3288/1096
f 3289/3289/1097 3290/3290/1097 3291/3291/1097
f 3292/3292/1098 3293/3293/1098 3294/3294/1098
f 3295/3295/1099 3296/3296/1099 3297/3297/1099
f 3298/3298/1100 3299/3299/1100 3300/3300/1100
f 3301/3301/1101 3302/3302/1101 3303/3303/1101
f 3304/3304/1102 3305/3305/1102 3306/3306/1102
f 3307/3307/1103 3308/3308/1103 3309/3309/1103
f 3310/3310/1104 3311/3311/1104 3312/3312/1104
f 3313/3313/1105 3314/3314/1105 3315/3315/1105
f 3316/3316/1106 3317/3317/1106 3318/3318/1106
f 3319/3319/1107 3320/3320/1107 3321/3321/1107
f 3322/3322/1108 3323/3323/1108 3324/3324/1108
f 3325/3325/1109 3326/3326/1109 3327/3327/1109
f 3328/3328/1110 3329/3329/1110 3330/3330/1110
f 3331/3331/1111 3332/3332/1111 3333/3333/1111
f 3334/3334/1112 3335/3335/1112 3336/3336/1112
f 3337/3337/1113 3338/3338/1113 3339/3339/1113
f 3340/3340/1114 3341/3341/1114 3342/3342/1114
f 3343/3343/1115 3344/3344/1115 3345/3345/1115
f 3346/3346/1116 3347/3347/1116 3348/3348/1116
f 3349/3349/1117 3350/3350/1117 3351/3351/1117
f 3352/3352/1118 3353/3353/1118 3354/3354/1118
f 3355/3355/1119 3356/3356/1119 3357/3357/1119
f 3358/3358/1120 3359/3359/1120 3360/3360/1120
f 3361/3361/1121 3362/3362/1121 3363/3363/1121
f 3364/3364/1122 3365/3365/1122 3366/3366/1122
f 3367/3367/1123 3368/3368/1123 3369/3369/1123
f 3370/3370/1124 3371/3371/1124 3372/3372/1124
f 3373/3373/1125 3374/3374/1125 3375/3375/1125
f 3376/3376/1126 3377/3377/1126 3378/3378/1126
f 3379/3379/1127 3380/3380/1127 3381/3381/1127
f 3382/3382/1128 3383/3383/1128 3384/3384/1128
f 3385/3385/1129 3386/3386/1129 3387/3387/1129
f 3388/3388/1130 3389/3389/1130 3390/3390/1130
f 3391/3391/1131 3392/3392/1131 3393/3393/1131
f 3394/3394/1132 3395/3395/1132 3396/3396/1132
f 3397/3397/1133 3398/3398/1133 3399/3399/1133
f 3400/3400/1134 3401/3401/1134 3402/3402/1134
f 3403/3403/1135 3404/3404/1135 3405/3405/1135
f 3406/3406/1136 3407/3407/1136 3408/3408/1136
f 3409/3409/1137 3410/3410/1137 3411/3411/1137
f 3412/3412/1138 3413/3413/1138 3414/3414/1138
f 3415/3415/1139 3416/3416/1139 3417/3417/1139
f 3418/3418/1140 3419/3419/1140 3420/3420/1140
f 3421/3421/1141 3422/3422/1141 3423/3423/1141
f 3424/3424/1142 3425/3425/1142 3426/3426/1142
f 3427/3427/1143 3428/3428/1143 3429/3429/1143
f 3430/3430/1144 3431/3431/1144 3432/3432/1144
f 3433/3433/1145 3434/3434/1145 3435/3435/1145
f 3436/3436/1146 3437/3437/1146 3438/3438/1146
f 3439/3439/1147 3440/3440/1147 3441/3441/1147
f 3442/3442/1148 3443/3443/1148 3444/3444/1148
f 3445/3445/1149 3446/3446/1149 3447/3447/1149
f 3448/3448/1150 3449/3449/1150 3450/3450/1150
f 3451/3451/1151 3452/3452/1151 3453/3453/1151
f 3454/3454/1152 3455/3455/1152 3456/3456/1152
f 3457/3457/1153 3458/3458/1153 3459/3459/1153
f 3460/3460/1154 3461/3461/1154 3462/3462/1154
f 3463/3463/1155 3464/3464/1155 3465/3465/1155
f 3466/3466/1156 3467/3467/1156 3468/3468/1156
f 3469/3469/1157 3470/3470/1157 3471/3471/1157
f 3472/3472/1158 3473/3473/1158 3474/3474/1158
f 3475/3475/1159 3476/3476/1159 3477/3477/1159
f 3478/3478/1160 3479/3479/1160 3480/3480/1160
f 3481/3481/1161 3482/3482/1161 3483/3483/1161
f 3484/3484/1162 3485/3485/1162 3486/3486/1162
f 3487/3487/1163 3488/3488/1163 3489/3489/1163
f 3490/3490/1164 3491/3491/1164 3492/3492/1164
f 3493/3493/1165 3494/3494/1165 3495/3495/1165
f 3496/3496/1166 3497/3497/1166 3498/3498/1166
f 3499/3499/1167 3500/3500/1167 3501/3501/1167
f 3502/3502/1168 3503/3503/1168 3504/3504/1168
f 3505/3505/1169 3506/3506/1169 3507/3507/1169
f 3508/3508/1170 3509/3509/1170 3510/3510/1170
f 3511/3511/1171 3512/3512/1171 3513/3513/1171
f 3514/3514/1172 3515/3515/1172 3516/3516/1172
f 3517/3517/1173 3518/3518/1173 3519/3519/1173
f 3520/3520/1174 3521/3521/1174 3522/3522/1174
f 3523/3523/1175 3524/3524/1175 3525/3525/1175
f 3526/3526/1176 3527/3527/1176 3528/3528/1176
f 3529/3529/1177 3530/3530/1177 3531/3531/1177
f 3532/3532/1178 3533/3533/1178 3534/3534/1178
f 3535/3535/1179 3536/3536/1179 3537/3537/1179
f 3538/3538/1180 3539/3539/1180 3540/3540/1180
f 3541/3541/1181 3542/3542/1181 3543/3543/1181
f 3544/3544/1182 3545/3545/1182 3546/3546/1182
f 3547/3547/1183 3548/3548/1183 3549/3549/1183
f 3550/3550/1184 3551/3551/1184 3552/3552/1184
f 3553/3553/1185 3554/3554/1185 3555/3555/1185
f 3556/3556/1186 3557/3557/1186 3558/3558/1186
f 3559/3559/1187 3560/3560/1187 3561/3561/1187
f 3562/3562/1188 3563/3563/1188 3564/3564/1188
f 3565/3565/1189 3566/3566/1189 3567/3567/1189
f 3568/3568/1190 3569/3569/1190 3570/3570/1190
f 3571/3571/1191 3572/3572/1191 3573/3573/1191
f 3574/3574/1192 3575/3575/1192 3576/3576/1192
f 3577/3577/1193 3578/3578/1193 3579/3579/1193
f 3580/3580/1194 3581/3581/1194 3582/3582/1194
f 3583/3583/1195 3584/3584/1195 3585/3585/1195
f 3586/3586/1196 3587/3587/1196 3588/3588/1196
f 3589/3589/1197 3590/3590/1197 3591/3591/1197
f 3592/3592/1198 3593/3593/1198 3594/3594/1198
f 3595/3595/1199 3596/3596/1199 3597/3597/1199
f 3598/3598/1200 3599/3599/1200 3600/3600/1200
f 3601/3601/1201 3602/3602/1201 3603/3603/1201
f 3604/3604/1202 3605/3605/1202 3606/3606/1202
f 3607/3607/1203 3608/3608/1203 3609/3609/1203
f 3610/3610/1204 3611/3611/1204 3612/3612/1204
f 3613/3613/1205 3614/3614/1205 3615/3615/1205
f 3616/3616/1206 3617/3617/1206 3618/3618/1206
f 3619/3619/1207 3620/3620/1207 3621/3621/1207
f 3622/3622/1208 3623/3623/1208 3624/3624/1208
f 3625/3625/1209 3626/3626/1209 3627/3627/1209
f 3628/3628/1210 3629/3629/1210 3630/3630/1210
f 3631/3631/1211 3632/3632/1211 3633/3633/1211
f 3634/3634/1212 3635/3635/1212 3636/3636/1212
f 3637/3637/1213 3638/3638/1213 3639/3639/1213
f 3640/3640/1214 3641/3641/1214 3642/3642/1214
f 3643/3643/1215 3644/3644/1215 3645/3645/1215
f 3646/3646/1216 3647/3647/1216 3648/3648/1216
f 3649/3649/1217 3650/3650/1217 3651/3651/1217
f 3652/3652/1218 3653/3653/1218 3654/3654/1218
f 3655/3655/1219 3656/3656/1219 3657/3657/1219
f 3658/3658/1220 3659/3659/1220 3660/3660/1220
f 3661/3661/1221 3662/3662/1221 3663/3663/1221
f 3664/3664/1222 3665/3665/1222 3666/3666/1222
f 3667/3667/1223 3668/3668/1223 3669/3669/1223
f 3670/3670/1224 3671/3671/1224 3672/3672/1224
f 3673/3673/1225 3674/3674/1225 3675/3675/1225
f 3676/3676/1226 3677/3677/1226 3678/3678/1226
f 3679/3679/1227 3680/3680/1227 3681/3681/1227
f 3682/3682/1228 3683/3683/1228 3684/3684/1228
f 3685/3685/1229 3686/3686/1229 3687/3687/1229
f 3688/3688/1230 3689/3689/1230 3690/3690/1230
f 3691/3691/1231 3692/3692/1231 3693/3693/1231
f 3694/3694/1232 3695/3695/1232 3696/3696/1232
f 3697/3697/1233 3698/3698/1233 3699/3699/1233
f 3700/3700/1234 3701/3701/1234 3702/3702/1234
f 3703/3703/1235 3704/3704/1235 3705/3705/1235
f 3706/3706/1236 3707/3707/1236 3708/3708/1236
f 3709/3709/1237 3710/3710/1237 3711/3711/1237
f 3712/3712/1238 3713/3713/1238 3714/3714/1238
f 3715/3715/1239 3716/3716/1239 3717/3717/1239
f 3718/3718/1240 3719/3719/1240 3720/3720/1240
f 3721/3721/1241 3722/3722/1241 3723/3723/1241
f 3724/3724/1242 3725/3725/1242 3726/3726/1242
f 3727/3727/1243 3728/3728/1243 3729/3729/1243
f 3730/3730/1244 3731/3731/1244 3732/3732/1244
f 3733/3733/1245 3734/3734/1245 3735/3735/1245
f 3736/3736/1246 3737/3737/1246 3738/3738/1246
f 3739/3739/1247 3740/3740/1247 3741/3741/1247
f 3742/3742/1248 3743/3743/1248 3744/3744/1248
f 3745/3745/1249 3746/3746/1249 3747/3747/1249
f 3748/3748/1250 3749/3749/1250 3750/3750/1250
f 3751/3751/1251 3752/3752/1251 3753/3753/1251
f 3754/3754/1252 3755/3755/1252 3756/3756/1252
f 3757/3757/1253 3758/3758/1253 3759/3759/1253
f 3760/3760/1254 3761/3761/1254 3762/3762/1254
f 3763/3763/1255 3764/3764/1255 3765/3765/1255
f 3766/3766/1256 3767/3767/1256 3768/3768/1256
f 3769/3769/1257 3770/3770/1257 3771/3771/1257
f 3772/3772/1258 3773/3773/1258 3774/3774/1258
f 3775/3775/1259 3776/3776/1259 3777/3777/1259
f 3778/3778/1260 3779/3779/1260 3780/3780/1260
f 3781/3781/1261 3782/3782/1261 3783/3783/1261
f 3784/3784/1262 3785/3785/1262 3786/3786/1262
f 3787/3787/1263 3788/3788/1263 3789/3789/1263
f 3790/3790/1264 3791/3791/1264 3792/3792/1264
f 3793/3793/1265 3794/3794/1265 3795/3795/1265
f 3796/3796/1266 3797/3797/1266 3798/3798/1266
f 3799/3799/1267 3800/3800/1267 3801/3801/1267
f 3802/3802/1268 3803/3803/1268 3804/3804/1268
f 3805/3805/1269 3806/3806/1269 3807/3807/1269
f 3808/3808/1270 3809/3809/1270 3810/3810/1270
f 3811/3811/1271 3812/3812/1271 3813/3813/1271
f 3814/3814/1272 3815/3815/1272 3816/3816/1272
f 3817/3817/1273 3818/3818/1273 3819/3819/1273
f 3820/3820/1274 3821/3821/1274 3822/3822/1274
f 3823/3823/1275 3824/3824/1275 3825/3825/1275
f 3826/3826/1276 3827/3827/1276 3828/3828/1276
f 3829/3829/1277 3830/3830/1277 3831/3831/1277
f 3832/3832/1278 3833/3833/1278 3834/3834/1278
f 3835/3835/1279 3836/3836/1279 3837/3837/1279
f 3838/3838/1280 3839/3839/1280 3840/3840/1280
f 3841/3841/1281 3842/3842/1281 3843/3843/1281
f 3844/3844/1282 3845/3845/1282 3846/3846/1282
f 3847/3847/1283 3848/3848/1283 3849/3849/1283
f 3850/3850/1284 3851/3851/1284 3852/3852/1284
f 3853/3853/1285 3854/3854/1285 3855/3855/1285
f 3856/3856/1286 3857/3857/1286 3858/3858/1286
f 3859/3859/1287 3860/3860/1287 3861/3861/1287
f 3862/3862/1288 3863/3863/1288 3864/3864/1288
f 3865/3865/1289 3866/3866/1289 3867/3867/1289
f 3868/3868/1290 3869/3869/1290 3870/3870/1290
f 3871/3871/1291 3872/3872/1291 3873/3873/1291
f 3874/3874/1292 3875/3875/1292 3876/3876/1292
f 3877/3877/1293 3878/3878/1293 3879/3879/1293
f 3880/3880/1294 3881/3881/1294 3882/3882/1294
f 3883/3883/1295 3884/3884/1295 3885/3885/1295
f 3886/3886/1296 3887/3887/1296 3888/3888/1296
f 3889/3889/1297 3890/3890/1297 3891/3891/1297
f 3892/3892/1298 3893/3893/1298 3894/3894/1298
f 3895/3895/1299 3896/3896/1299 3897/3897/1299
f 3898/3898/1300 3899/3899/1300 3900/3900/1300
f 3901/3901/1301 3902/3902/1301 3903/3903/1301
f 3904/3904/1302 3905/3905/1302 3906/3906/1302
f 3907/3907/1303 3908/3908/1303 3909/3909/1303
f 3910/3910/1304 3911/3911/1304 3912/3912/1304
f 3913/3913/1305 3914/3914/1305 3915/3915/1305
f 3916/3916/1306 3917/3917/1306 3918/3918/1306
f 3919/3919/1307 3920/3920/1307 3921/3921/1307
f 3922/3922/1308 3923/3923/1308 3924/3924/1308
f 3925/3925/1309 3926/3926/1309 3927/3927/1309
f 3928/3928/1310 3929/3929/1310 3930/3930/1310
f 3931/3931/1311 3932/3932/1311 3933/3933/1311
f 3934/3934/1312 3935/3935/1312 3936/3936/1312
f 3937/3937/1313 3938/3938/1313 3939/3939/1313
f 3940/3940/1314 3941/3941/1314 3942/3942/1314
f 3943/3943/1315 3944/3944/1315 3945/3945/1315
f 3946/3946/1316 3947/3947/1316 3948/3948/1316
f 3949/3949/1317 3950/3950/1317 3951/3951/1317
f 3952/3952/1318 3953/3953/1318 3954/3954/1318
f 3955/3955/1319 3956/3956/1319 3957/3957/1319
f 3958/3958/1320 3959/3959/1320 3960/3960/1320
f 3961/3961/1321 3962/3962/1321 3963/3963/1321
f 3964/3964/1322 3965/3965/1322 3966/3966/1322
f 3967/3967/1323 3968/3968/1323 3969/3969/1323
f 3970/3970/1324 3971/3971/1324 3972/3972/1324
f 3973/3973/1325 3974/3974/1325 3975/3975/1325
f 3976/3976/1326 3977/3977/1326 3978/3978/1326
f 3979/3979/1327 3980/3980/1327 3981/3981/1327
f 3982/3982/1328 3983/3983/1328 3984/3984/1328
f 3985/3985/1329 3986/3986/1329 3987/3987/1329
f 3988/3988/1330 3989/3989/1330 3990/3990/1330
f 3991/3991/1331 3992/3992/1331 3993/3993/1331
f 3994/3994/1332 3995/3995/1332 3996/3996/1332
f 3997/3997/1333 3998/3998/1333 3999/3999/1333
f 4000/4000/1334 4001/4001/1334 4002/4002/1334
f 4003/4003/1335 4004/4004/1335 4005/4005/1335
f 4006/4006/1336 4007/4007/1336 4008/4008/1336
f 4009/4009/1337 4010/4010/1337 4011/4011/1337
f 4012/4012/1338 4013/4013/1338 4014/4014/1338
f 4015/4015/1339 4016/4016/1339 4017/4017/1339
f 4018/4018/1340 4019/4019/1340 4020/4020/1340
f 4021/4021/1341 4022/4022/1341 4023/4023/1341
f 4024/4024/1342 4025/4025/1342 4026/4026/1342
f 4027/4027/1343 4028/4028/1343 4029/4029/1343
f 4030/4030/1344 4031/4031/1344 4032/4032/1344
f 4033/4033/1345 4034/4034/1345 4035/4035/1345
f 4036/4036/1346 4037/4037/1346 4038/4038/1346
f 4039/4039/1347 4040/4040/1347 4041/4041/1347
f 4042/4042/1348 4043/4043/1348 4044/4044/1348
f 4045/4045/1349 4046/4046/1349 4047/4047/1349
f 4048/4048/1350 4049/4049/1350 4050/4050/1350
f 4051/4051/1351 4052/4052/1351 4053/4053/1351
f 4054/4054/1352 4055/4055/1352 4056/4056/1352
f 4057/4057/1353 4058/4058/1353 4059/4059/1353
f 4060/4060/1354 4061/4061/1354 4062/4062/1354
f 4063/4063/1355 4064/4064/1355 4065/4065/1355
f 4066/4066/1356 4067/4067/1356 4068/4068/1356
f 4069/4069/1357 4070/4070/1357 4071/4071/1357
f 4072/4072/1358 4073/4073/1358 4074/4074/1358
f 4075/4075/1359 4076/4076/1359 4077/4077/1359
f 4078/4078/1360 4079/4079/1360 4080/4080/1360
f 4081/4081/1361 4082/4082/1361 4083/4083/1361
f 4084/4084/1362 4085/4085/1362 4086/4086/1362
f 4087/4087/1363 4088/4088/1363 4089/4089/1363
f 4090/4090/1364 4091/4091/1364 4092/4092/1364
f 4093/4093/1365 4094/4094/1365 4095/4095/1365
f 4096/4096/1366 4097/4097/1366 4098/4098/1366
f 4099/4099/1367 4100/4100/1367 4101/4101/1367
f 4102/4102/1368 4103/4103/1368 4104/4104/1368
f 4105/4105/1369 4106/4106/1369 4107/4107/1369
f 4108/4108/1370 4109/4109/1370 4110/4110/1370
f 4111/4111/1371 4112/4112/1371 4113/4113/1371
f 4114/4114/1372 4115/4115/1372 4116/4116/1372
f 4117/4117/1373 4118/4118/1373 4119/4119/1373
f 4120/4120/1374 4121/4121/1374 4122/4122/1374
f 4123/4123/1375 4124/4124/1375 4125/4125/1375
f 4126/4126/1376 4127/4127/1376 4128/4128/1376
f 4129/4129/1377 4130/4130/1377 4131/4131/1377
f 4132/4132/1378 4133/4133/1378 4134/4134/1378
f 4135/4135/1379 4136/4136/1379 4137/4137/1379
f 4138/4138/1380 4139/4139/1380 4140/4140/1380
f 4141/4141/1381 4142/4142/1381 4143/4143/1381
f 4144/4144/1382 4145/4145/1382 4146/4146/1382
f 4147/4147/1383 4148/4148/1383 4149/4149/1383
f 4150/4150/1384 4151/4151/1384 4152/4152/1384
f 4153/4153/1385 4154/4154/1385 4155/4155/1385
f 4156/4156/1386 4157/4157/1386 4158/4158/1386
f 4159/4159/1387 4160/4160/1387 4161/4161/1387
f 4162/4162/1388 4163/4163/1388 4164/4164/1388
f 4165/4165/1389 4166/4166/1389 4167/4167/1389
f 4168/4168/1390 4169/4169/1390 4170/4170/1390
f 4171/4171/1391 4172/4172/1391 4173/4173/1391
f 4174/4174/1392 4175/4175/1392 4176/4176/1392
f 4177/4177/1393 4178/4178/1393 4179/4179/1393
f 4180/4180/1394 4181/4181/1394 4182/4182/1394
f 4183/4183/1395 4184/4184/1395 4185/4185/1395
f 4186/4186/1396 4187/4187/1396 4188/4188/1396
f 4189/4189/1397 4190/4190/1397 4191/4191/1397
f 4192/4192/1398 4193/4193/1398 4194/4194/1398
f 4195/4195/1399 4196/4196/1399 4197/4197/1399
f 4198/4198/1400 4199/4199/1400 4200/4200/1400
f 4201/4201/1401 4202/4202/1401 4203/4203/1401
f 4204/4204/1402 4205/4205/1402 4206/4206/1402
f 4207/4207/1403 4208/4208/1403 4209/4209/1403
f 4210/4210/1404 4211/4211/1404 4212/4212/1404
f 4213/4213/1405 4214/4214/1405 4215/4215/1405
f 4216/4216/1406 4217/4217/1406 4218/4218/1406
f 4219/4219/1407 4220/4220/1407 4221/4221/1407
f 4222/4222/1408 4223/4223/1408 4224/4224/1408
f 4225/4225/1409 4226/4226/1409 4227/4227/1409
f 4228/4228/1410 4229/4229/1410 4230/4230/1410
f 4231/4231/1411 4232/4232/1411 4233/4233/1411
f 4234/4234/1412 4235/4235/1412 4236/4236/1412
f 4237/4237/1413 4238/4238/1413 4239/4239/1413
f 4240/4240/1414 4241/4241/1414 4242/4242/1414
f 4243/4243/1415 4244/4244/1415 4245/4245/1415
f 4246/4246/1416 4247/4247/1416 4248/4248/1416
f 4249/4249/1417 4250/4250/1417 4251/4251/1417
f 4252/4252/1418 4253/4253/1418 4254/4254/1418
f 4255/4255/1419 4256/4256/1419 4257/4257/1419
f 4258/4258/1420 4259/4259/1420 4260/4260/1420
f 4261/4261/1421 4262/4262/1421 4263/4263/1421
f 4264/4264/1422 4265/4265/1422 4266/4266/1422
f 4267/4267/1423 4268/4268/1423 4269/4269/1423
f 4270/4270/1424 4271/4271/1424 4272/4272/1424
f 4273/4273/1425 4274/4274/1425 4275/4275/1425
f 4276/4276/1426 4277/4277/1426 4278/4278/1426
f 4279/4279/1427 4280/4280/1427 4281/4281/1427
f 4282/4282/1428 4283/4283/1428 4284/4284/1428
f 4285/4285/1429 4286/4286/1429 4287/4287/1429
f 4288/4288/1430 4289/4289/1430 4290/4290/1430
f 4291/4291/1431 4292/4292/1431 4293/4293/1431
f 4294/4294/1432 4295/4295/1432 4296/4296/1432
f 4297/4297/1433 4298/4298/1433 4299/4299/1433
f 4300/4300/1434 4301/4301/1434 4302/4302/1434
f 4303/4303/1435 4304/4304/1435 4305/4305/1435
f 4306/4306/1436 4307/4307/1436 4308/4308/1436
f 4309/4309/1437 4310/4310/1437 4311/4311/1437
f 4312/4312/1438 4313/4313/1438 4314/4314/1438
f 4315/4315/1439 4316/4316/1439 4317/4317/1439
f 4318/4318/1440 4319/4319/1440 4320/4320/1440
f 4321/4321/1441 4322/4322/1441 4323/4323/1441
f 4324/4324/1442 4325/4325/1442 4326/4326/1442
f 4327/4327/1443 4328/4328/1443 4329/4329/1443
f 4330/4330/1444 4331/4331/1444 4332/4332/1444
f 4333/4333/1445 4334/4334/1445 4335/4335/1445
f 4336/4336/1446 4337/4337/1446 4338/4338/1446
f 4339/4339/1447 4340/4340/1447 4341/4341/1447
f 4342/4342/1448 4343/4343/1448 4344/4344/1448
f 4345/4345/1449 4346/4346/1449 4347/4347/1449
f 4348/4348/1450 4349/4349/1450 4350/4350/1450
f 4351/4351/1451 4352/4352/1451 4353/4353/1451
f 4354/4354/1452 4355/4355/1452 4356/4356/1452
f 4357/4357/1453 4358/4358/1453 4359/4359/1453
f 4360/4360/1454 4361/4361/1454 4362/4362/1454
f 4363/4363/1455 4364/4364/1455 4365/4365/1455
f 4366/4366/1456 4367/4367/1456 4368/4368/1456
f 4369/4369/1457 4370/4370/1457 4371/4371/1457
f 4372/4372/1458 4373/4373/1458 4374/4374/1458
f 4375/4375/1459 4376/4376/1459 4377/4377/1459
f 4378/4378/1460 4379/4379/1460 4380/4380/1460
f 4381/4381/1461 4382/4382/1461 4383/4383/1461
f 4384/4384/1462 4385/4385/1462 4386/4386/1462
f 4387/4387/1463 4388/4388/1463 4389/4389/1463
f 4390/4390/1464 4391/4391/1464 4392/4392/1464
f 4393/4393/1465 4394/4394/1465 4395/4395/1465
f 4396/4396/1466 4397/4397/1466 4398/4398/1466
f 4399/4399/1467 4400/4400/1467 4401/4401/1467
f 4402/4402/1468 4403/4403/1468 4404/4404/1468
f 4405/4405/1469 4406/4406/1469 4407/4407/1469
f 4408/4408/1470 4409/4409/1470 4410/4410/1470
f 4411/4411/1471 4412/4412/1471 4413/4413/1471
f 4414/4414/1472 4415/4415/1472 4416/4416/1472
f 4417/4417/1473 4418/4418/1473 4419/4419/1473
f 4420/4420/1474 4421/4421/1474 4422/4422/1474
f 4423/4423/1475 4424/4424/1475 4425/4425/1475
f 4426/4426/1476 4427/4427/1476 4428/4428/1476
f 4429/4429/1477 4430/4430/1477 4431/4431/1477
f 4432/4432/1478 4433/4433/1478 4434/4434/1478
f 4435/4435/1479 4436/4436/1479 4437/4437/1479
f 4438/4438/1480 4439/4439/1480 4440/4440/1480
f 4441/4441/1481 4442/4442/1481 4443/4443/1481
f 4444/4444/1482 4445/4445/1482 4446/4446/1482
f 4447/4447/1483 4448/4448/1483 4449/4449/1483
f 4450/4450/1484 4451/4451/1484 4452/4452/1484
f 4453/4453/1485 4454/4454/1485 4455/4455/1485
f 4456/4456/1486 4457/4457/1486 4458/4458/1486
f 4459/4459/1487 4460/4460/1487 4461/4461/1487
f 4462/4462/1488 4463/4463/1488 4464/4464/1488
f 4465/4465/1489 4466/4466/1489 4467/4467/1489
f 4468/4468/1490 4469/4469/1490 4470/4470/1490
f 4471/4471/1491 4472/4472/1491 4473/4473/1491
f 4474/4474/1492 4475/4475/1492 4476/4476/1492
f 4477/4477/1493 4478/4478/1493 4479/4479/1493
f 4480/4480/1494 4481/4481/1494 4482/4482/1494
f 4483/4483/1495 4484/4484/1495 4485/4485/1495
f 4486/4486/1496 4487/4487/1496 4488/4488/1496
f 4489/4489/1497 4490/4490/1497 4491/4491/1497
f 4492/4492/1498 4493/4493/1498 4494/4494/1498
f 4495/4495/1499 4496/4496/1499 4497/4497/1499
f 4498/4498/1500 4499/4499/1500 4500/4500/1500
f 4501/4501/1501 4502/4502/1501 4503/4503/1501
f 4504/4504/1502 4505/4505/1502 4506/4506/1502
f 4507/4507/1503 4508/4508/1503 4509/4509/1503
f 4510/4510/1504 4511/4511/1504 4512/4512/1504
f 4513/4513/1505 4514/4514/1505 4515/4515/1505
f 4516/4516/1506 4517/4517/1506 4518/4518/1506
f 4519/4519/1507 4520/4520/1507 4521/4521/1507
f 4522/4522/1508 4523/4523/1508 4524/4524/1508
f 4525/4525/1509 4526/4526/1509 4527/4527/1509
f 4528/4528/1510 4529/4529/1510 4530/4530/1510
f 4531/4531/1511 4532/4532/1511 4533/4533/1511
f 4534/4534/1512 4535/4535/1512 4536/4536/1512
f 4537/4537/1513 4538/4538/1513 4539/4539/1513
f 4540/4540/1514 4541/4541/1514 4542/4542/1514
f 4543/4543/1515 4544/4544/1515 4545/4545/1515
f 4546/4546/1516 4547/4547/1516 4548/4548/1516
f 4549/4549/1517 4550/4550/1517 4551/4551/1517
f 4552/4552/1518 4553/4553/1518 4554/4554/1518
f 4555/4555/1519 4556/4556/1519 4557/4557/1519
f 4558/4558/1520 4559/4559/1520 4560/4560/1520
f 4561/4561/1521 4562/4562/1521 4563/4563/1521
f 4564/4564/1522 4565/4565/1522 4566/4566/1522
f 4567/4567/1523 4568/4568/1523 4569/4569/1523
f 4570/4570/1524 4571/4571/1524 4572/4572/1524
f 4573/4573/1525 4574/4574/1525 4575/4575/1525
f 4576/4576/1526 4577/4577/1526 4578/4578/1526
f 4579/4579/1527 4580/4580/1527 4581/4581/1527
f 4582/4582/1528 4583/4583/1528 4584/4584/1528
f 4585/4585/1529 4586/4586/1529 4587/4587/1529
f 4588/4588/1530 4589/4589/1530 4590/4590/1530
f 4591/4591/1531 4592/4592/1531 4593/4593/1531
f 4594/4594/1532 4595/4595/1532 4596/4596/1532
f 4597/4597/1533 4598/4598/1533 4599/4599/1533
f 4600/4600/1534 4601/4601/1534 4602/4602/1534
f 4603/4603/1535 4604/4604/1535 4605/4605/1535
f 4606/4606/1536 4607/4607/1536 4608/4608/1536
f 4609/4609/1537 4610/4610/1537 4611/4611/1537
f 4612/4612/1538 4613/4613/1538 4614/4614/1538
f 4615/4615/1539 4616/4616/1539 4617/4617/1539
f 4618/4618/1540 4619/4619/1540 4620/4620/1540
f 4621/4621/1541 4622/4622/1541 4623/4623/1541
f 4624/4624/1542 4625/4625/1542 4626/4626/1542
f 4627/4627/1543 4628/4628/1543 4629/4629/1543
f 4630/4630/1544 4631/4631/1544 4632/4632/1544
f 4633/4633/1545 4634/4634/1545 4635/4635/1545
f 4636/4636/1546 4637/4637/1546 4638/4638/1546
f 4639/4639/1547 4640/4640/1547 4641/4641/1547
f 4642/4642/1548 4643/4643/1548 4644/4644/1548
f 4645/4645/1549 4646/4646/1549 4647/4647/1549
f 4648/4648/1550 4649/4649/1550 4650/4650/1550
f 4651/4651/1551 4652/4652/1551 4653/4653/1551
f 4654/4654/1552 4655/4655/1552 4656/4656/1552
f 4657/4657/1553 4658/4658/1553 4659/4659/1553
f 4660/4660/1554 4661/4661/1554 4662/4662/1554
f 4663/4663/1555 4664/4664/1555 4665/4665/1555
f 4666/4666/1556 4667/4667/1556 4668/4668/1556
f 4669/4669/1557 4670/4670/1557 4671/4671/1557
f 4672/4672/1558 4673/4673/1558 4674/4674/1558
f 4675/4675/1559 4676/4676/1559 4677/4677/1559
f 4678/4678/1560 4679/4679/1560 4680/4680/1560
f 4681/4681/1561 4682/4682/1561 4683/4683/1561
f 4684/4684/1562 4685/4685/1562 4686/4686/1562
f 4687/4687/1563 4688/4688/1563 4689/4689/1563
f 4690/4690/1564 4691/4691/1564 4692/4692/1564
f 4693/4693/1565 4694/4694/1565 4695/4695/1565
f 4696/4696/1566 4697/4697/1566 4698/4698/1566
f 4699/4699/1567 4700/4700/1567 4701/4701/1567
f 4702/4702/1568 4703/4703/1568 4704/4704/1568
f 4705/4705/1569 4706/4706/1569 4707/4707/1569
f 4708/4708/1570 4709/4709/1570 4710/4710/1570
f 4711/4711/1571 4712/4712/1571 4713/4713/1571
f 4714/4714/1572 4715/4715/1572 4716/4716/1572
f 4717/4717/1573 4718/4718/1573 4719/4719/1573
f 4720/4720/1574 4721/4721/1574 4722/4722/1574
f 4723/4723/1575 4724/4724/1575 4725/4725/1575
f 4726/4726/1576 4727/4727/1576 4728/4728/1576
f 4729/4729/1577 4730/4730/1577 4731/4731/1577
f 4732/4732/1578 4733/4733/1578 4734/4734/1578
f 4735/4735/1579 4736/4736/1579 4737/4737/1579
f 4738/4738/1580 4739/4739/1580 4740/4740/1580
f 4741/4741/1581 4742/4742/1581 4743/4743/1581
f 4744/4744/1582 4745/4745/1582 4746/4746/1582
f 4747/4747/1583 4748/4748/1583 4749/4749/1583
f 4750/4750/1584 4751/4751/1584 4752/4752/1584
f 4753/4753/1585 4754/4754/1585 4755/4755/1585
f 4756/4756/1586 4757/4757/1586 4758/4758/1586
f 4759/4759/1587 4760/4760/1587 4761/4761/1587
f 4762/4762/1588 4763/4763/1588 4764/4764/1588
f 4765/4765/1589 4766/4766/1589 4767/4767/1589
f 4768/4768/1590 4769/4769/1590 4770/4770/1590
f 4771/4771/1591 4772/4772/1591 4773/4773/1591
f 4774/4774/1592 4775/4775/1592 4776/4776/1592
f 4777/4777/1593 4778/4778/1593 4779/4779/1593
f 4780/4780/1594 4781/4781/1594 4782/4782/1594
f 4783/4783/1595 4784/4784/1595 4785/4785/1595
f 4786/4786/1596 4787/4787/1596 4788/4788/1596
f 4789/4789/1597 4790/4790/1597 4791/4791/1597
f 4792/4792/1598 4793/4793/1598 4794/4794/1598
f 4795/4795/1599 4796/4796/1599 4797/4797/1599
f 4798/4798/1600 4799/4799/1600 4800/4800/1600
f 4801/4801/1601 4802/4802/1601 4803/4803/1601
f 4804/4804/1602 4805/4805/1602 4806/4806/1602
f 4807/4807/1603 4808/4808/1603 4809/4809/1603
f 4810/4810/1604 4811/4811/1604 4812/4812/1604
f 4813/4813/1605 4814/4814/1605 4815/4815/1605
f 4816/4816/1606 4817/4817/1606 4818/4818/1606
f 4819/4819/1607 4820/4820/1607 4821/4821/1607
f 4822/4822/1608 4823/4823/1608 4824/4824/1608
f 4825/4825/1609 4826/4826/1609 4827/4827/1609
f 4828/4828/1610 4829/4829/1610 4830/4830/1610
f 4831/4831/1611 4832/4832/1611 4833/4833/1611
f 4834/4834/1612 4835/4835/1612 4836/4836/1612
f 4837/4837/1613 4838/4838/1613 4839/4839/1613
f 4840/4840/1614 4841/4841/1614 4842/4842/1614
f 4843/4843/1615 4844/4844/1615 4845/4845/1615
f 4846/4846/1616 4847/4847/1616 4848/4848/1616
f 4849/4849/1617 4850/4850/1617 4851/4851/1617
f 4852/4852/1618 4853/4853/1618 4854/4854/1618
f 4855/4855/1619 4856/4856/1619 4857/4857/1619
f 4858/4858/1620 4859/4859/1620 4860/4860/1620
f 4861/4861/1621 4862/4862/1621 4863/4863/1621
f 4864/4864/1622 4865/4865/1622 4866/4866/1622
f 4867/4867/1623 4868/4868/1623 4869/4869/1623
f 4870/4870/1624 4871/4871/1624 4872/4872/1624
f 4873/4873/1625 4874/4874/1625 4875/4875/1625
f 4876/4876/1626 4877/4877/1626 4878/4878/1626
f 4879/4879/1627 4880/4880/1627 4881/4881/1627
f 4882/4882/1628 4883/4883/1628 4884/4884/1628
f 4885/4885/1629 4886/4886/1629 4887/4887/1629
f 4888/4888/1630 4889/4889/1630 4890/4890/1630
f 4891/4891/1631 4892/4892/1631 4893/4893/1631
f 4894/4894/1632 4895/4895/1632 4896/4896/1632
f 4897/4897/1633 4898/4898/1633 4899/4899/1633
f 4900/4900/1634 4901/4901/1634 4902/4902/1634
f 4903/4903/1635 4904/4904/1635 4905/4905/1635
f 4906/4906/1636 4907/4907/1636 4908/4908/1636
f 4909/4909/1637 4910/4910/1637 4911/4911/1637
f 4912/4912/1638 4913/4913/1638 4914/4914/1638
f 4915/4915/1639 4916/4916/1639 4917/4917/1639
f 4918/4918/1640 4919/4919/1640 4920/4920/1640
f 4921/4921/1641 4922/4922/1641 4923/4923/1641
f 4924/4924/1642 4925/4925/1642 4926/4926/1642
f 4927/4927/1643 4928/4928/1643 4929/4929/1643
f 4930/4930/1644 4931/4931/1644 4932/4932/1644
f 4933/4933/1645 4934/4934/1645 4935/4935/1645
f 4936/4936/1646 4937/4937/1646 4938/4938/1646
f 4939/4939/1647 4940/4940/1647 4941/4941/1647
f 4942/4942/1648 4943/4943/1648 4944/4944/1648
f 4945/4945/1649 4946/4946/1649 4947/4947/1649
f 4948/4948/1650 4949/4949/1650 4950/4950/1650
f 4951/4951/1651 4952/4952/1651 4953/4953/1651
f 4954/4954/1652 4955/4955/1652 4956/4956/1652
f 4957/4957/1653 4958/4958/1653 4959/4959/1653
f 4960/4960/1654 4961/4961/1654 4962/4962/1654
f 4963/4963/1655 4964/4964/1655 4965/4965/1655
f 4966/4966/1656 4967/4967/1656 4968/4968/1656
f 4969/4969/1657 4970/4970/1657 4971/4971/1657
f 4972/4972/1658 4973/4973/1658 4974/4974/1658
f 4975/4975/1659 4976/4976/1659 4977/4977/1659
f 4978/4978/1660 4979/4979/1660 4980/4980/1660
f 4981/4981/1661 4982/4982/1661 4983/4983/1661
f 4984/4984/1662 4985/4985/1662 4986/4986/1662
f 4987/4987/1663 4988/4988/1663 4989/4989/1663
f 4990/4990/1664 4991/4991/1664 4992/4992/1664
f 4993/4993/1665 4994/4994/1665 4995/4995/1665
f 4996/4996/1666 4997/4997/1666 4998/4998/1666
f 4999/4999/1667 5000/5000/1667 5001/5001/1667
f 5002/5002/1668 5003/5003/1668 5004/5004/1668
f 5005/5005/1669 5006/5006/1669 5007/5007/1669
f 5008/5008/1670 5009/5009/1670 5010/5010/1670
f 5011/5011/1671 5012/5012/1671 5013/5013/1671
f 5014/5014/1672 5015/5015/1672 5016/5016/1672
f 5017/5017/1673 5018/5018/1673 5019/5019/1673
f 5020/5020/1674 5021/5021/1674 5022/5022/1674
f 5023/5023/1675 5024/5024/1675 5025/5025/1675
f 5026/5026/1676 5027/5027/1676 5028/5028/1676
f 5029/5029/1677 5030/5030/1677 5031/5031/1677
f 5032/5032/1678 5033/5033/1678 5034/5034/1678
f 5035/5035/1679 5036/5036/1679 5037/5037/1679
f 5038/5038/1680 5039/5039/1680 5040/5040/1680
f 5041/5041/1681 5042/5042/1681 5043/5043/1681
f 5044/5044/1682 5045/5045/1682 5046/5046/1682
f 5047/5047/1683 5048/5048/1683 5049/5049/1683
f 5050/5050/1684 5051/5051/1684 5052/5052/1684
f 5053/5053/1685 5054/5054/1685 5055/5055/1685
f 5056/5056/1686 5057/5057/1686 5058/5058/1686
f 5059/5059/1687 5060/5060/1687 5061/5061/1687
f 5062/5062/1688 5063/5063/1688 5064/5064/1688
f 5065/5065/1689 5066/5066/1689 5067/5067/1689
f 5068/5068/1690 5069/5069/1690 5070/5070/1690
f 5071/5071/1691 5072/5072/1691 5073/5073/1691
f 5074/5074/1692 5075/5075/1692 5076/5076/1692
f 5077/5077/1693 5078/5078/1693 5079/5079/1693
f 5080/5080/1694 5081/5081/1694 5082/5082/1694
f 5083/5083/1695 5084/5084/1695 5085/5085/1695
f 5086/5086/1696 5087/5087/1696 5088/5088/1696
f 5089/5089/1697 5090/5090/1697 5091/5091/1697
f 5092/5092/1698 5093/5093/1698 5094/5094/1698
f 5095/5095/1699 5096/5096/1699 5097/5097/1699
f 5098/5098/1700 5099/5099/1700 5100/5100/1700
f 5101/5101/1701 5102/5102/1701 5103/5103/1701
f 5104/5104/1702 5105/5105/1702 5106/5106/1702
f 5107/5107/1703 5108/5108/1703 5109/5109/1703
f 5110/5110/1704 5111/5111/1704 5112/5112/1704
f 5113/5113/1705 5114/5114/1705 5115/5115/1705
f 5116/5116/1706 5117/5117/1706 5118/5118/1706
f 5119/5119/1707 5120/5120/1707 5121/5121/1707
f 5122/5122/1708 5123/5123/1708 5124/5124/1708
f 5125/5125/1709 5126/5126/1709 5127/5127/1709
f 5128/5128/1710 5129/5129/1710 5130/5130/1710
f 5131/5131/1711 5132/5132/1711 5133/5133/1711
f 5134/5134/1712 5135/5135/1712 5136/5136/1712
f 5137/5137/1713 5138/5138/1713 5139/5139/1713
f 5140/5140/1714 5141/5141/1714 5142/5142/1714
f 5143/5143/1715 5144/5144/1715 5145/5145/1715
f 5146/5146/1716 5147/5147/1716 5148/5148/1716
f 5149/5149/1717 5150/5150/1717 5151/5151/1717
f 5152/5152/1718 5153/5153/1718 5154/5154/1718
f 5155/5155/1719 5156/5156/1719 5157/5157/1719
f 5158/5158/1720 5159/5159/1720 5160/5160/1720
f 5161/5161/1721 5162/5162/1721 5163/5163/1721
f 5164/5164/1722 5165/5165/1722 5166/5166/1722
f 5167/5167/1723 5168/5168/1723 5169/5169/1723
f 5170/5170/1724 5171/5171/1724 5172/5172/1724
f 5173/5173/1725 5174/5174/1725 5175/5175/1725
f 5176/5176/1726 5177/5177/1726 5178/5178/1726
f 5179/5179/1727 5180/5180/1727 5181/5181/1727
f 5182/5182/1728 5183/5183/1728 5184/5184/1728
f 5185/5185/1729 5186/5186/1729 5187/5187/1729
f 5188/5188/1730 5189/5189/1730 5190/5190/1730
f 5191/5191/1731 5192/5192/1731 5193/5193/1731
f 5194/5194/1732 5195/5195/1732 5196/5196/1732
f 5197/5197/1733 5198/5198/1733 5199/5199/1733
f 5200/5200/1734 5201/5201/1734 5202/5202/1734
f 5203/5203/1735 5204/5204/1735 5205/5205/1735
f 5206/5206/1736 5207/5207/1736 5208/5208/1736
f 5209/5209/1737 5210/5210/1737 5211/5211/1737
f 5212/5212/1738 5213/5213/1738 5214/5214/1738
f 5215/5215/1739 5216/5216/1739 5217/5217/1739
f 5218/5218/1740 5219/5219/1740 5220/5220/1740
f 5221/5221/1741 5222/5222/1741 5223/5223/1741
f 5224/5224/1742 5225/5225/1742 5226/5226/1742
f 5227/5227/1743 5228/5228/1743 5229/5229/1743
f 5230/5230/1744 5231/5231/1744 5232/5232/1744
f 5233/5233/1745 5234/5234/1745 5235/5235/1745
f 5236/5236/1746 5237/5237/1746 5238/5238/1746
f 5239/5239/1747 5240/5240/1747 5241/5241/1747
f 5242/5242/1748 5243/5243/1748 5244/5244/1748
f 5245/5245/1749 5246/5246/1749 5247/5247/1749
f 5248/5248/1750 5249/5249/1750 5250/5250/1750
f 5251/5251/1751 5252/5252/1751 5253/5253/1751
f 5254/5254/1752 5255/5255/1752 5256/5256/1752
f 5257/5257/1753 5258/5258/1753 5259/5259/1753
f 5260/5260/1754 5261/5261/1754 5262/5262/1754
f 5263/5263/1755 5264/5264/1755 5265/5265/1755
f 5266/5266/1756 5267/5267/1756 5268/5268/1756
f 5269/5269/1757 5270/5270/1757 5271/5271/1757
f 5272/5272/1758 5273/5273/1758 5274/5274/1758
f 5275/5275/1759 5276/5276/1759 5277/5277/1759
f 5278/5278/1760 5279/5279/1760 5280/5280/1760
f 5281/5281/1761 5282/5282/1761 5283/5283/1761
f 5284/5284/1762 5285/5285/1762 5286/5286/1762
f 5287/5287/1763 5288/5288/1763 5289/5289/1763
f 5290/5290/1764 5291/5291/1764 5292/5292/1764
f 5293/5293/1765 5294/5294/1765 5295/5295/1765
f 5296/5296/1766 5297/5297/1766 5298/5298/1766
f 5299/5299/1767 5300/5300/1767 5301/5301/1767
f 5302/5302/1768 5303/5303/1768 5304/5304/1768
f 5305/5305/1769 5306/5306/1769 5307/5307/1769
f 5308/5308/1770 5309/5309/1770 5310/5310/1770
f 5311/5311/1771 5312/5312/1771 5313/5313/1771
f 5314/5314/1772 5315/5315/1772 5316/5316/1772
f 5317/5317/1773 5318/5318/1773 5319/5319/1773
f 5320/5320/1774 5321/5321/1774 5322/5322/1774
f 5323/5323/1775 5324/5324/1775 5325/5325/1775
f 5326/5326/1776 5327/5327/1776 5328/5328/1776
f 5329/5329/1777 5330/5330/1777 5331/5331/1777
f 5332/5332/1778 5333/5333/1778 5334/5334/1778
f 5335/5335/1779 5336/5336/1779 5337/5337/1779
f 5338/5338/1780 5339/5339/1780 5340/5340/1780
f 5341/5341/1781 5342/5342/1781 5343/5343/1781
f 5344/5344/1782 5345/5345/1782 5346/5346/1782
f 5347/5347/1783 5348/5348/1783 5349/5349/1783
f 5350/5350/1784 5351/5351/1784 5352/5352/1784
f 5353/5353/1785 5354/5354/1785 5355/5355/1785
f 5356/5356/1786 5357/5357/1786 5358/5358/1786
f 5359/5359/1787 5360/5360/1787 5361/5361/1787
f 5362/5362/1788 5363/5363/1788 5364/5364/1788
f 5365/5365/1789 5366/5366/1789 5367/5367/1789
f 5368/5368/1790 5369/5369/1790 5370/5370/1790
f 5371/5371/1791 5372/5372/1791 5373/5373/1791
f 5374/5374/1792 5375/5375/1792 5376/5376/1792
f 5377/5377/1793 5378/5378/1793 5379/5379/1793
f 5380/5380/1794 5381/5381/1794 5382/5382/1794
f 5383/5383/1795 5384/5384/1795 5385/5385/1795
f 5386/5386/1796 5387/5387/1796 5388/5388/1796
f 5389/5389/1797 5390/5390/1797 5391/5391/1797
f 5392/5392/1798 5393/5393/1798 5394/5394/1798
f 5395/5395/1799 5396/5396/1799 5397/5397/1799
f 5398/5398/1800 5399/5399/1800 5400/5400/1800
f 5401/5401/1801 5402/5402/1801 5403/5403/1801
f 5404/5404/1802 5405/5405/1802 5406/5406/1802
f 5407/5407/1803 5408/5408/1803 5409/5409/1803
f 5410/5410/1804 5411/5411/1804 5412/5412/1804
f 5413/5413/1805 5414/5414/1805 5415/5415/1805
f 5416/5416/1806 5417/5417/1806 5418/5418/1806
f 5419/5419/1807 5420/5420/1807 5421/5421/1807
f 5422/5422/1808 5423/5423/1808 5424/5424/1808
f 5425/5425/1809 5426/5426/1809 5427/5427/1809
f 5428/5428/1810 5429/5429/1810 5430/5430/1810
f 5431/5431/1811 5432/5432/1811 5433/5433/1811
f 5434/5434/1812 5435/5435/1812 5436/5436/1812
f 5437/5437/1813 5438/5438/1813 5439/5439/1813
f 5440/5440/1814 5441/5441/1814 5442/5442/1814
f 5443/5443/1815 5444/5444/1815 5445/5445/1815
f 5446/5446/1816 5447/5447/1816 5448/5448/1816
f 5449/5449/1817 5450/5450/1817 5451/5451/1817
f 5452/5452/1818 5453/5453/1818 5454/5454/1818
f 5455/5455/1819 5456/5456/1819 5457/5457/1819
f 5458/5458/1820 5459/5459/1820 5460/5460/1820
f 5461/5461/1821 5462/5462/1821 5463/5463/1821
f 5464/5464/1822 5465/5465/1822 5466/5466/1822
f 5467/5467/1823 5468/5468/1823 5469/5469/1823
f 5470/5470/1824 5471/5471/1824 5472/5472/1824
f 5473/5473/1825 5474/5474/1825 5475/5475/1825
f 5476/5476/1826 5477/5477/1826 5478/5478/1826
f 5479/5479/1827 5480/5480/1827 5481/5481/1827
f 5482/5482/1828 5483/5483/1828 5484/5484/1828
f 5485/5485/1829 5486/5486/1829 5487/5487/1829
f 5488/5488/1830 5489/5489/1830 5490/5490/1830
f 5491/5491/1831 5492/5492/1831 5493/5493/1831
f 5494/5494/1832 5495/5495/1832 5496/5496/1832
f 5497/5497/1833 5498/5498/1833 5499/5499/1833
f 5500/5500/1834 5501/5501/1834 5502/5502/1834
f 5503/5503/1835 5504/5504/1835 5505/5505/1835
f 5506/5506/1836 5507/5507/1836 5508/5508/1836
f 5509/5509/1837 5510/5510/1837 5511/5511/1837
f 5512/5512/1838 5513/5513/1838 5514/5514/1838
f 5515/5515/1839 5516/5516/1839 5517/5517/1839
f 5518/5518/1840 5519/5519/1840 5520/5520/1840
f 5521/5521/1841 5522/5522/1841 5523/5523/1841
f 5524/5524/1842 5525/5525/1842 5526/5526/1842
f 5527/5527/1843 5528/5528/1843 5529/5529/1843
f 5530/5530/1844 5531/5531/1844 5532/5532/1844
f 5533/5533/1845 5534/5534/1845 5535/5535/1845
f 5536/5536/1846 5537/5537/1846 5538/5538/1846
f 5539/5539/1847 5540/5540/1847 5541/5541/1847
f 5542/5542/1848 5543/5543/1848 5544/5544/1848
f 5545/5545/1849 5546/5546/1849 5547/5547/1849
f 5548/5548/1850 5549/5549/1850 5550/5550/1850
f 5551/5551/1851 5552/5552/1851 5553/5553/1851
f 5554/5554/1852 5555/5555/1852 5556/5556/1852
f 5557/5557/1853 5558/5558/1853 5559/5559/1853
f 5560/5560/1854 5561/5561/1854 5562/5562/1854
f 5563/5563/1855 5564/5564/1855 5565/5565/1855
f 5566/5566/1856 5567/5567/1856 5568/5568/1856
f 5569/5569/1857 5570/5570/1857 5571/5571/1857
f 5572/5572/1858 5573/5573/1858 5574/5574/1858
f 5575/5575/1859 5576/5576/1859 5577/5577/1859
f 5578/5578/1860 5579/5579/1860 5580/5580/1860
f 5581/5581/1861 5582/5582/1861 5583/5583/1861
f 5584/5584/1862 5585/5585/1862 5586/5586/1862
f 5587/5587/1863 5588/5588/1863 5589/5589/1863
f 5590/5590/1864 5591/5591/1864 5592/5592/1864
f 5593/5593/1865 5594/5594/1865 5595/5595/1865
f 5596/5596/1866 5597/5597/1866 5598/5598/1866
f 5599/5599/1867 5600/5600/1867 5601/5601/1867
f 5602/5602/1868 5603/5603/1868 5604/5604/1868
f 5605/5605/1869 5606/5606/1869 5607/5607/1869
f 5608/5608/1870 5609/5609/1870 5610/5610/1870
f 5611/5611/1871 5612/5612/1871 5613/5613/1871
f 5614/5614/1872 5615/5615/1872 5616/5616/1872
f 5617/5617/1873 5618/5618/1873 5619/5619/1873
f 5620/5620/1874 5621/5621/1874 5622/5622/1874
f 5623/5623/1875 5624/5624/1875 5625/5625/1875
f 5626/5626/1876 5627/5627/1876 5628/5628/1876
f 5629/5629/1877 5630/5630/1877 5631/5631/1877
f 5632/5632/1878 5633/5633/1878 5634/5634/1878
f 5635/5635/1879 5636/5636/1879 5637/5637/1879
f 5638/5638/1880 5639/5639/1880 5640/5640/1880
f 5641/5641/1881 5642/5642/1881 5643/5643/1881
f 5644/5644/1882 5645/5645/1882 5646/5646/1882
f 5647/5647/1883 5648/5648/1883 5649/5649/1883
f 5650/5650/1884 5651/5651/1884 5652/5652/1884
f 5653/5653/1885 5654/5654/1885 5655/5655/1885
f 5656/5656/1886 5657/5657/1886 5658/5658/1886
f 5659/5659/1887 5660/5660/1887 5661/5661/1887
f 5662/5662/1888 5663/5663/1888 5664/5664/1888
f 5665/5665/1889 5666/5666/1889 5667/5667/1889
f 5668/5668/1890 5669/5669/1890 5670/5670/1890
f 5671/5671/1891 5672/5672/1891 5673/5673/1891
f 5674/5674/1892 5675/5675/1892 5676/5676/1892
f 5677/5677/1893 5678/5678/1893 5679/5679/1893
f 5680/5680/1894 5681/5681/1894 5682/5682/1894
f 5683/5683/1895 5684/5684/1895 5685/5685/1895
f 5686/5686/1896 5687/5687/1896 5688/5688/1896
f 5689/5689/1897 5690/5690/1897 5691/5691/1897
f 5692/5692/1898 5693/5693/1898 5694/5694/1898
f 5695/5695/1899 5696/5696/1899 5697/5697/1899
f 5698/5698/1900 5699/5699/1900 5700/5700/1900
f 5701/5701/1901 5702/5702/1901 5703/5703/1901
f 5704/5704/1902 5705/5705/1902 5706/5706/1902
f 5707/5707/1903 5708/5708/1903 5709/5709/1903
f 5710/5710/1904 5711/5711/1904 5712/5712/1904
f 5713/5713/1905 5714/5714/1905 5715/5715/1905
f 5716/5716/1906 5717/5717/1906 5718/5718/1906
f 5719/5719/1907 5720/5720/1907 5721/5721/1907
f 5722/5722/1908 5723/5723/1908 5724/5724/1908
f 5725/5725/1909 5726/5726/1909 5727/5727/1909
f 5728/5728/1910 5729/5729/1910 5730/5730/1910
f 5731/5731/1911 5732/5732/1911 5733/5733/1911
f 5734/5734/1912 5735/5735/1912 5736/5736/1912
f 5737/5737/1913 5738/5738/1913 5739/5739/1913
f 5740/5740/1914 5741/5741/1914 5742/5742/1914
f 5743/5743/1915 5744/5744/1915 5745/5745/1915
f 5746/5746/1916 5747/5747/1916 5748/5748/1916
f 5749/5749/1917 5750/5750/1917 5751/5751/1917
f 5752/5752/1918 5753/5753/1918 5754/5754/1918
f 5755/5755/1919 5756/5756/1919 5757/5757/1919
f 5758/5758/1920 5759/5759/1920 5760/5760/1920
f 5761/5761/1921 5762/5762/1921 5763/5763/1921
f 5764/5764/1922 5765/5765/1922 5766/5766/1922
f 5767/5767/1923 5768/5768/1923 5769/5769/1923
f 5770/5770/1924 5771/5771/1924 5772/5772/1924
f 5773/5773/1925 5774/5774/1925 5775/5775/1925
f 5776/5776/1926 5777/5777/1926 5778/5778/1926
f 5779/5779/1927 5780/5780/1927 5781/5781/1927
f 5782/5782/1928 5783/5783/1928 5784/5784/1928
f 5785/5785/1929 5786/5786/1929 5787/5787/1929
f 5788/5788/1930 5789/5789/1930 5790/5790/1930
f 5791/5791/1931 5792/5792/1931 5793/5793/1931
f 5794/5794/1932 5795/5795/1932 5796/5796/1932
f 5797/5797/1933 5798/5798/1933 5799/5799/1933
f 5800/5800/1934 5801/5801/1934 5802/5802/1934
f 5803/5803/1935 5804/5804/1935 5805/5805/1935
f 5806/5806/1936 5807/5807/1936 5808/5808/1936
f 5809/5809/1937 5810/5810/1937 5811/5811/1937
f 5812/5812/1938 5813/5813/1938 5814/5814/1938
f 5815/5815/1939 5816/5816/1939 5817/5817/1939
f 5818/5818/1940 5819/5819/1940 5820/5820/1940
f 5821/5821/1941 5822/5822/1941 5823/5823/1941
f 5824/5824/1942 5825/5825/1942 5826/5826/1942
f 5827/5827/1943 5828/5828/1943 5829/5829/1943
f 5830/5830/1944 5831/5831/1944 5832/5832/1944
f 5833/5833/1945 5834/5834/1945 5835/5835/1945
f 5836/5836/1946 5837/5837/1946 5838/5838/1946
f 5839/5839/1947 5840/5840/1947 5841/5841/1947
f 5842/5842/1948 5843/5843/1948 5844/5844/1948
f 5845/5845/1949 5846/5846/1949 5847/5847/1949
f 5848/5848/1950 5849/5849/1950 5850/5850/1950
f 5851/5851/1951 5852/5852/1951 5853/5853/1951
f 5854/5854/1952 5855/5855/1952 5856/5856/1952
f 5857/5857/1953 5858/5858/1953 5859/5859/1953
f 5860/5860/1954 5861/5861/1954 5862/5862/1954
f 5863/5863/1955 5864/5864/1955 5865/5865/1955
f 5866/5866/1956 5867/5867/1956 5868/5868/1956
f 5869/5869/1957 5870/5870/1957 5871/5871/1957
f 5872/5872/1958 5873/5873/1958 5874/5874/1958
f 5875/5875/1959 5876/5876/1959 5877/5877/1959
f 5878/5878/1960 5879/5879/1960 5880/5880/1960
f 5881/5881/1961 5882/5882/1961 5883/5883/1961
f 5884/5884/1962 5885/5885/1962 5886/5886/1962
f 5887/5887/1963 5888/5888/1963 5889/5889/1963
f 5890/5890/1964 5891/5891/1964 5892/5892/1964
f 5893/5893/1965 5894/5894/1965 5895/5895/1965
f 5896/5896/1966 5897/5897/1966 5898/5898/1966
f 5899/5899/1967 5900/5900/1967 5901/5901/1967
f 5902/5902/1968 5903/5903/1968 5904/5904/1968
f 5905/5905/1969 5906/5906/1969 5907/5907/1969
f 5908/5908/1970 5909/5909/1970 5910/5910/1970
f 5911/5911/1971 5912/5912/1971 5913/5913/1971
f 5914/5914/1972 5915/5915/1972 5916/5916/1972
f 5917/5917/1973 5918/5918/1973 5919/5919/1973
f 5920/5920/1974 5921/5921/1974 5922/5922/1974
f 5923/5923/1975 5924/5924/1975 5925/5925/1975
f 5926/5926/1976 5927/5927/1976 5928/5928/1976
f 5929/5929/1977 5930/5930/1977 5931/5931/1977
f 5932/5932/1978 5933/5933/1978 5934/5934/1978
f 5935/5935/1979 5936/5936/1979 5937/5937/1979
f 5938/5938/1980 5939/5939/1980 5940/5940/1980
f 5941/5941/1981 5942/5942/1981 5943/5943/1981
f 5944/5944/1982 5945/5945/1982 5946/5946/1982
f 5947/5947/1983 5948/5948/1983 5949/5949/1983
f 5950/5950/1984 5951/5951/1984 5952/5952/1984
f 5953/5953/1985 5954/5954/1985 5955/5955/1985
f 5956/5956/1986 5957/5957/1986 5958/5958/1986
f 5959/5959/1987 5960/5960/1987 5961/5961/1987
f 5962/5962/1988 5963/5963/1988 5964/5964/1988
f 5965/5965/1989 5966/5966/1989 5967/5967/1989
f 5968/5968/1990 5969/5969/1990 5970/5970/1990
f 5971/5971/1991 5972/5972/1991 5973/5973/1991
f 5974/5974/1992 5975/5975/1992 5976/5976/1992
f 5977/5977/1993 5978/5978/1993 5979/5979/1993
f 5980/5980/1994 5981/5981/1994 5982/5982/1994
f 5983/5983/1995 5984/5984/1995 5985/5985/1995
f 5986/5986/1996 5987/5987/1996 5988/5988/1996
f 5989/5989/1997 5990/5990/1997 5991/5991/1997
f 5992/5992/1998 5993/5993/1998 5994/5994/1998
f 5995/5995/1999 5996/5996/1999 5997/5997/1999
f 5998/5998/2000 5999/5999/2000 6000/6000/2000
f 6001/6001/2001 6002/6002/2001 6003/6003/2001
f 6004/6004/2002 6005/6005/2002 6006/6006/2002
f 6007/6007/2003 6008/6008/2003 6009/6009/2003
f 6010/6010/2004 6011/6011/2004 6012/6012/2004
f 6013/6013/2005 6014/6014/2005 6015/6015/2005
f 6016/6016/2006 6017/6017/2006 6018/6018/2006
f 6019/6019/2007 6020/6020/2007 6021/6021/2007
f 6022/6022/2008 6023/6023/2008 6024/6024/2008
f 6025/6025/2009 6026/6026/2009 6027/6027/2009
f 6028/6028/2010 6029/6029/2010 6030/6030/2010
f 6031/6031/2011 6032/6032/2011 6033/6033/2011
f 6034/6034/2012 6035/6035/2012 6036/6036/2012
f 6037/6037/2013 6038/6038/2013 6039/6039/2013
f 6040/6040/2014 6041/6041/2014 6042/6042/2014
f 6043/6043/2015 6044/6044/2015 6045/6045/2015
f 6046/6046/2016 6047/6047/2016 6048/6048/2016
f 6049/6049/2017 6050/6050/2017 6051/6051/2017
f 6052/6052/2018 6053/6053/2018 6054/6054/2018
f 6055/6055/2019 6056/6056/2019 6057/6057/2019
f 6058/6058/2020 6059/6059/2020 6060/6060/2020
f 6061/6061/2021 6062/6062/2021 6063/6063/2021
f 6064/6064/2022 6065/6065/2022 6066/6066/2022
f 6067/6067/2023 6068/6068/2023 6069/6069/2023
f 6070/6070/2024 6071/6071/2024 6072/6072/2024
f 6073/6073/2025 6074/6074/2025 6075/6075/2025
f 6076/6076/2026 6077/6077/2026 6078/6078/2026
f 6079/6079/2027 6080/6080/2027 6081/6081/2027
f 6082/6082/2028 6083/6083/2028 6084/6084/2028
f 6085/6085/2029 6086/6086/2029 6087/6087/2029
f 6088/6088/2030 6089/6089/2030 6090/6090/2030
f 6091/6091/2031 6092/6092/2031 6093/6093/2031
f 6094/6094/2032 6095/6095/2032 6096/6096/2032
f 6097/6097/2033 6098/6098/2033 6099/6099/2033
f 6100/6100/2034 6101/6101/2034 6102/6102/2034
f 6103/6103/2035 6104/6104/2035 6105/6105/2035
f 6106/6106/2036 6107/6107/2036 6108/6108/2036
f 6109/6109/2037 6110/6110/2037 6111/6111/2037
f 6112/6112/2038 6113/6113/2038 6114/6114/2038
f 6115/6115/2039 6116/6116/2039 6117/6117/2039
f 6118/6118/2040 6119/6119/2040 6120/6120/2040
f 6121/6121/2041 6122/6122/2041 6123/6123/2041
f 6124/6124/2042 6125/6125/2042 6126/6126/2042
f 6127/6127/2043 6128/6128/2043 6129/6129/2043
f 6130/6130/2044 6131/6131/2044 6132/6132/2044
f 6133/6133/2045 6134/6134/2045 6135/6135/2045
f 6136/6136/2046 6137/6137/2046 6138/6138/2046
f 6139/6139/2047 6140/6140/2047 6141/6141/2047
f 6142/6142/2048 6143/6143/2048 6144/6144/2048
f 6145/6145/2049 6146/6146/2049 6147/6147/2049
f 6148/6148/2050 6149/6149/2050 6150/6150/2050
f 6151/6151/2051 6152/6152/2051 6153/6153/2051
f 6154/6154/2052 6155/6155/2052 6156/6156/2052
f 6157/6157/2053 6158/6158/2053 6159/6159/2053
f 6160/6160/2054 6161/6161/2054 6162/6162/2054
f 6163/6163/2055 6164/6164/2055 6165/6165/2055
f 6166/6166/2056 6167/6167/2056 6168/6168/2056
f 6169/6169/2057 6170/6170/2057 6171/6171/2057
f 6172/6172/2058 6173/6173/2058 6174/6174/2058
f 6175/6175/2059 6176/6176/2059 6177/6177/2059
f 6178/6178/2060 6179/6179/2060 6180/6180/2060
f 6181/6181/2061 6182/6182/2061 6183/6183/2061
f 6184/6184/2062 6185/6185/2062 6186/6186/2062
f 6187/6187/2063 6188/6188/2063 6189/6189/2063
f 6190/6190/2064 6191/6191/2064 6192/6192/2064
f 6193/6193/2065 6194/6194/2065 6195/6195/2065
f 6196/6196/2066 6197/6197/2066 6198/6198/2066
f 6199/6199/2067 6200/6200/2067 6201/6201/2067
f 6202/6202/2068 6203/6203/2068 6204/6204/2068
f 6205/6205/2069 6206/6206/2069 6207/6207/2069
f 6208/6208/2070 6209/6209/2070 6210/6210/2070
f 6211/6211/2071 6212/6212/2071 6213/6213/2071
f 6214/6214/2072 6215/6215/2072 6216/6216/2072
f 6217/6217/2073 6218/6218/2073 6219/6219/2073
f 6220/6220/2074 6221/6221/2074 6222/6222/2074
f 6223/6223/2075 6224/6224/2075 6225/6225/2075
f 6226/6226/2076 6227/6227/2076 6228/6228/2076
f 6229/6229/2077 6230/6230/2077 6231/6231/2077
f 6232/6232/2078 6233/6233/2078 6234/6234/2078
f 6235/6235/2079 6236/6236/2079 6237/6237/2079
f 6238/6238/2080 6239/6239/2080 6240/6240/2080
f 6241/6241/2081 6242/6242/2081 6243/6243/2081
f 6244/6244/2082 6245/6245/2082 6246/6246/2082
f 6247/6247/2083 6248/6248/2083 6249/6249/2083
f 6250/6250/2084 6251/6251/2084 6252/6252/2084
f 6253/6253/2085 6254/6254/2085 6255/6255/2085
f 6256/6256/2086 6257/6257/2086 6258/6258/2086
f 6259/6259/2087 6260/6260/2087 6261/6261/2087
f 6262/6262/2088 6263/6263/2088 6264/6264/2088
f 6265/6265/2089 6266/6266/2089 6267/6267/2089
f 6268/6268/2090 6269/6269/2090 6270/6270/2090
f 6271/6271/2091 6272/6272/2091 6273/6273/2091
f 6274/6274/2092 6275/6275/2092 6276/6276/2092
f 6277/6277/2093 6278/6278/2093 6279/6279/2093
f 6280/6280/2094 6281/6281/2094 6282/6282/2094
f 6283/6283/2095 6284/6284/2095 6285/6285/2095
f 6286/6286/2096 6287/6287/2096 6288/6288/2096
f 6289/6289/2097 6290/6290/2097 6291/6291/2097
f 6292/6292/2098 6293/6293/2098 6294/6294/2098
f 6295/6295/2099 6296/6296/2099 6297/6297/2099
f 6298/6298/2100 6299/6299/2100 6300/6300/2100
f 6301/6301/2101 6302/6302/2101 6303/6303/2101
f 6304/6304/2102 6305/6305/2102 6306/6306/2102
f 6307/6307/2103 6308/6308/2103 6309/6309/2103
f 6310/6310/2104 6311/6311/2104 6312/6312/2104
f 6313/6313/2105 6314/6314/2105 6315/6315/2105
f 6316/6316/2106 6317/6317/2106 6318/6318/2106
f 6319/6319/2107 6320/6320/2107 6321/6321/2107
f 6322/6322/2108 6323/6323/2108 6324/6324/2108
f 6325/6325/2109 6326/6326/2109 6327/6327/2109
f 6328/6328/2110 6329/6329/2110 6330/6330/2110
f 6331/6331/2111 6332/6332/2111 6333/6333/2111
f 6334/6334/2112 6335/6335/2112 6336/6336/2112
f 6337/6337/2113 6338/6338/2113 6339/6339/2113
f 6340/6340/2114 6341/6341/2114 6342/6342/2114
f 6343/6343/2115 6344/6344/2115 6345/6345/2115
f 6346/6346/2116 6347/6347/2116 6348/6348/2116
f 6349/6349/2117 6350/6350/2117 6351/6351/2117
f 6352/6352/2118 6353/6353/2118 6354/6354/2118
f 6355/6355/2119 6356/6356/2119 6357/6357/2119
f 6358/6358/2120 6359/6359/2120 6360/6360/2120
f 6361/6361/2121 6362/6362/2121 6363/6363/2121
f 6364/6364/2122 6365/6365/2122 6366/6366/2122
f 6367/6367/2123 6368/6368/2123 6369/6369/2123
f 6370/6370/2124 6371/6371/2124 6372/6372/2124
f 6373/6373/2125 6374/6374/2125 6375/6375/2125
f 6376/6376/2126 6377/6377/2126 6378/6378/2126
f 6379/6379/2127 6380/6380/2127 6381/6381/2127
f 6382/6382/2128 6383/6383/2128 6384/6384/2128
f 6385/6385/2129 6386/6386/2129 6387/6387/2129
f 6388/6388/2130 6389/6389/2130 6390/6390/2130
f 6391/6391/2131 6392/6392/2131 6393/6393/2131
f 6394/6394/2132 6395/6395/2132 6396/6396/2132
f 6397/6397/2133 6398/6398/2133 6399/6399/2133
f 6400/6400/2134 6401/6401/2134 6402/6402/2134
f 6403/6403/2135 6404/6404/2135 6405/6405/2135
f 6406/6406/2136 6407/6407/2136 6408/6408/2136
f 6409/6409/2137 6410/6410/2137 6411/6411/2137
f 6412/6412/2138 6413/6413/2138 6414/6414/2138
f 6415/6415/2139 6416/6416/2139 6417/6417/2139
f 6418/6418/2140 6419/6419/2140 6420/6420/2140
f 6421/6421/2141 6422/6422/2141 6423/6423/2141
f 6424/6424/2142 6425/6425/2142 6426/6426/2142
f 6427/6427/2143 6428/6428/2143 6429/6429/2143
f 6430/6430/2144 6431/6431/2144 6432/6432/2144
f 6433/6433/2145 6434/6434/2145 6435/6435/2145
f 6436/6436/2146 6437/6437/2146 6438/6438/2146
f 6439/6439/2147 6440/6440/2147 6441/6441/2147
f 6442/6442/2148 6443/6443/2148 6444/6444/2148
f 6445/6445/2149 6446/6446/2149 6447/6447/2149
f 6448/6448/2150 6449/6449/2150 6450/6450/2150
f 6451/6451/2151 6452/6452/2151 6453/6453/2151
f 6454/6454/2152 6455/6455/2152 6456/6456/2152
f 6457/6457/2153 6458/6458/2153 6459/6459/2153
f 6460/6460/2154 6461/6461/2154 6462/6462/2154
f 6463/6463/2155 6464/6464/2155 6465/6465/2155
f 6466/6466/2156 6467/6467/2156 6468/6468/2156
f 6469/6469/2157 6470/6470/2157 6471/6471/2157
f 6472/6472/2158 6473/6473/2158 6474/6474/2158
f 6475/6475/2159 6476/6476/2159 6477/6477/2159
f 6478/6478/2160 6479/6479/2160 6480/6480/2160
f 6481/6481/2161 6482/6482/2161 6483/6483/2161
f 6484/6484/2162 6485/6485/2162 6486/6486/2162
f 6487/6487/2163 6488/6488/2163 6489/6489/2163
f 6490/6490/2164 6491/6491/2164 6492/6492/2164
f 6493/6493/2165 6494/6494/2165 6495/6495/2165
f 6496/6496/2166 6497/6497/2166 6498/6498/2166
f 6499/6499/2167 6500/6500/2167 6501/6501/2167
f 6502/6502/2168 6503/6503/2168 6504/6504/2168
f 6505/6505/2169 6506/6506/2169 6507/6507/2169
f 6508/6508/2170 6509/6509/2170 6510/6510/2170
f 6511/6511/2171 6512/6512/2171 6513/6513/2171
f 6514/6514/2172 6515/6515/2172 6516/6516/2172
f 6517/6517/2173 6518/6518/2173 6519/6519/2173
f 6520/6520/2174 6521/6521/2174 6522/6522/2174
f 6523/6523/2175 6524/6524/2175 6525/6525/2175
f 6526/6526/2176 6527/6527/2176 6528/6528/2176
f 6529/6529/2177 6530/6530/2177 6531/6531/2177
f 6532/6532/2178 6533/6533/2178 6534/6534/2178
f 6535/6535/2179 6536/6536/2179 6537/6537/2179
f 6538/6538/2180 6539/6539/2180 6540/6540/2180
f 6541/6541/2181 6542/6542/2181 6543/6543/2181
f 6544/6544/2182 6545/6545/2182 6546/6546/2182
f 6547/6547/2183 6548/6548/2183 6549/6549/2183
f 6550/6550/2184 6551/6551/2184 6552/6552/2184
f 6553/6553/2185 6554/6554/2185 6555/6555/2185
f 6556/6556/2186 6557/6557/2186 6558/6558/2186
f 6559/6559/2187 6560/6560/2187 6561/6561/2187
f 6562/6562/2188 6563/6563/2188 6564/6564/2188
f 6565/6565/2189 6566/6566/2189 6567/6567/2189
f 6568/6568/2190 6569/6569/2190 6570/6570/2190
f 6571/6571/2191 6572/6572/2191 6573/6573/2191
f 6574/6574/2192 6575/6575/2192 6576/6576/2192
f 6577/6577/2193 6578/6578/2193 6579/6579/2193
f 6580/6580/2194 6581/6581/2194 6582/6582/2194
f 6583/6583/2195 6584/6584/2195 6585/6585/2195
f 6586/6586/2196 6587/6587/2196 6588/6588/2196
f 6589/6589/2197 6590/6590/2197 6591/6591/2197
f 6592/6592/2198 6593/6593/2198 6594/6594/2198
f 6595/6595/2199 6596/6596/2199 6597/6597/2199
f 6598/6598/2200 6599/6599/2200 6600/6600/2200
f 6601/6601/2201 6602/6602/2201 6603/6603/2201
f 6604/6604/2202 6605/6605/2202 6606/6606/2202
f 6607/6607/2203 6608/6608/2203 6609/6609/2203
f 6610/6610/2204 6611/6611/2204 6612/6612/2204
f 6613/6613/2205 6614/6614/2205 6615/6615/2205
f 6616/6616/2206 6617/6617/2206 6618/6618/2206
f 6619/6619/2207 6620/6620/2207 6621/6621/2207
f 6622/6622/2208 6623/6623/2208 6624/6624/2208
f 6625/6625/2209 6626/6626/2209 6627/6627/2209
f 6628/6628/2210 6629/6629/2210 6630/6630/2210
f 6631/6631/2211 6632/6632/2211 6633/6633/2211
f 6634/6634/2212 6635/6635/2212 6636/6636/2212
f 6637/6637/2213 6638/6638/2213 6639/6639/2213
f 6640/6640/2214 6641/6641/2214 6642/6642/2214
f 6643/6643/2215 6644/6644/2215 6645/6645/2215
f 6646/6646/2216 6647/6647/2216 6648/6648/2216
f 6649/6649/2217 6650/6650/2217 6651/6651/2217
f 6652/6652/2218 6653/6653/2218 6654/6654/2218
f 6655/6655/2219 6656/6656/2219 6657/6657/2219
f 6658/6658/2220 6659/6659/2220 6660/6660/2220
f 6661/6661/2221 6662/6662/2221 6663/6663/2221
f 6664/6664/2222 6665/6665/2222 6666/6666/2222
f 6667/6667/2223 6668/6668/2223 6669/6669/2223
f 6670/6670/2224 6671/6671/2224 6672/6672/2224
f 6673/6673/2225 6674/6674/2225 6675/6675/2225
f 6676/6676/2226 6677/6677/2226 6678/6678/2226
f 6679/6679/2227 6680/6680/2227 6681/6681/2227
f 6682/6682/2228 6683/6683/2228 6684/6684/2228
f 6685/6685/2229 6686/6686/2229 6687/6687/2229
f 6688/6688/2230 6689/6689/2230 6690/6690/2230
f 6691/6691/2231 6692/6692/2231 6693/6693/2231
f 6694/6694/2232 6695/6695/2232 6696/6696/2232
f 6697/6697/2233 6698/6698/2233 6699/6699/2233
f 6700/6700/2234 6701/6701/2234 6702/6702/2234
f 6703/6703/2235 6704/6704/2235 6705/6705/2235
f 6706/6706/2236 6707/6707/2236 6708/6708/2236
f 6709/6709/2237 6710/6710/2237 6711/6711/2237
f 6712/6712/2238 6713/6713/2238 6714/6714/2238
f 6715/6715/2239 6716/6716/2239 6717/6717/2239
f 6718/6718/2240 6719/6719/2240 6720/6720/2240
f 6721/6721/2241 6722/6722/2241 6723/6723/2241
f 6724/6724/2242 6725/6725/2242 6726/6726/2242
f 6727/6727/2243 6728/6728/2243 6729/6729/2243
f 6730/6730/2244 6731/6731/2244 6732/6732/2244
f 6733/6733/2245 6734/6734/2245 6735/6735/2245
f 6736/6736/2246 6737/6737/2246 6738/6738/2246
f 6739/6739/2247 6740/6740/2247 6741/6741/2247
f 6742/6742/2248 6743/6743/2248 6744/6744/2248
f 6745/6745/2249 6746/6746/2249 6747/6747/2249
f 6748/6748/2250 6749/6749/2250 6750/6750/2250
f 6751/6751/2251 6752/6752/2251 6753/6753/2251
f 6754/6754/2252 6755/6755/2252 6756/6756/2252
f 6757/6757/2253 6758/6758/2253 6759/6759/2253
f 6760/6760/2254 6761/6761/2254 6762/6762/2254
f 6763/6763/2255 6764/6764/2255 6765/6765/2255
f 6766/6766/2256 6767/6767/2256 6768/6768/2256
f 6769/6769/2257 6770/6770/2257 6771/6771/2257
f 6772/6772/2258 6773/6773/2258 6774/6774/2258
f 6775/6775/2259 6776/6776/2259 6777/6777/2259
f 6778/6778/2260 6779/6779/2260 6780/6780/2260
f 6781/6781/2261 6782/6782/2261 6783/6783/2261
f 6784/6784/2262 6785/6785/2262 6786/6786/2262
f 6787/6787/2263 6788/6788/2263 6789/6789/2263
f 6790/6790/2264 6791/6791/2264 6792/6792/2264
f 6793/6793/2265 6794/6794/2265 6795/6795/2265
f 6796/6796/2266 6797/6797/2266 6798/6798/2266
f 6799/6799/2267 6800/6800/2267 6801/6801/2267
f 6802/6802/2268 6803/6803/2268 6804/6804/2268
f 6805/6805/2269 6806/6806/2269 6807/6807/2269
f 6808/6808/2270 6809/6809/2270 6810/6810/2270
f 6811/6811/2271 6812/6812/2271 6813/6813/2271
f 6814/6814/2272 6815/6815/2272 6816/6816/2272
f 6817/6817/2273 6818/6818/2273 6819/6819/2273
f 6820/6820/2274 6821/6821/2274 6822/6822/2274
f 6823/6823/2275 6824/6824/2275 6825/6825/2275
f 6826/6826/2276 6827/6827/2276 6828/6828/2276
f 6829/6829/2277 6830/6830/2277 6831/6831/2277
f 6832/6832/2278 6833/6833/2278 6834/6834/2278
f 6835/6835/2279 6836/6836/2279 6837/6837/2279
f 6838/6838/2280 6839/6839/2280 6840/6840/2280
f 6841/6841/2281 6842/6842/2281 6843/6843/2281
f 6844/6844/2282 6845/6845/2282 6846/6846/2282
f 6847/6847/2283 6848/6848/2283 6849/6849/2283
f 6850/6850/2284 6851/6851/2284 6852/6852/2284
f 6853/6853/2285 6854/6854/2285 6855/6855/2285
f 6856/6856/2286 6857/6857/2286 6858/6858/2286
f 6859/6859/2287 6860/6860/2287 6861/6861/2287
f 6862/6862/2288 6863/6863/2288 6864/6864/2288
f 6865/6865/2289 6866/6866/2289 6867/6867/2289
f 6868/6868/2290 6869/6869/2290 6870/6870/2290
f 6871/6871/2291 6872/6872/2291 6873/6873/2291
f 6874/6874/2292 6875/6875/2292 6876/6876/2292
f 6877/6877/2293 6878/6878/2293 6879/6879/2293
f 6880/6880/2294 6881/6881/2294 6882/6882/2294
f 6883/6883/2295 6884/6884/2295 6885/6885/2295
f 6886/6886/2296 6887/6887/2296 6888/6888/2296
f 6889/6889/2297 6890/6890/2297 6891/6891/2297
f 6892/6892/2298 6893/6893/2298 6894/6894/2298
f 6895/6895/2299 6896/6896/2299 6897/6897/2299
f 6898/6898/2300 6899/6899/2300 6900/6900/2300
f 6901/6901/2301 6902/6902/2301 6903/6903/2301
f 6904/6904/2302 6905/6905/2302 6906/6906/2302
f 6907/6907/2303 6908/6908/2303 6909/6909/2303
f 6910/6910/2304 6911/6911/2304 6912/6912/2304
f 6913/6913/2305 6914/6914/2305 6915/6915/2305
f 6916/6916/2306 6917/6917/2306 6918/6918/2306
f 6919/6919/2307 6920/6920/2307 6921/6921/2307
f 6922/6922/2308 6923/6923/2308 6924/6924/2308
f 6925/6925/2309 6926/6926/2309 6927/6927/2309
f 6928/6928/2310 6929/6929/2310 6930/6930/2310
f 6931/6931/2311 6932/6932/2311 6933/6933/2311
f 6934/6934/2312 6935/6935/2312 6936/6936/2312
f 6937/6937/2313 6938/6938/2313 6939/6939/2313
f 6940/6940/2314 6941/6941/2314 6942/6942/2314
f 6943/6943/2315 6944/6944/2315 6945/6945/2315
f 6946/6946/2316 6947/6947/2316 6948/6948/2316
f 6949/6949/2317 6950/6950/2317 6951/6951/2317
f 6952/6952/2318 6953/6953/2318 6954/6954/2318
f 6955/6955/2319 6956/6956/2319 6957/6957/2319
f 6958/6958/2320 6959/6959/2320 6960/6960/2320
f 6961/6961/2321 6962/6962/2321 6963/6963/2321
f 6964/6964/2322 6965/6965/2322 6966/6966/2322
f 6967/6967/2323 6968/6968/2323 6969/6969/2323
f 6970/6970/2324 6971/6971/2324 6972/6972/2324
f 6973/6973/2325 6974/6974/2325 6975/6975/2325
f 6976/6976/2326 6977/6977/2326 6978/6978/2326
f 6979/6979/2327 6980/6980/2327 6981/6981/2327
f 6982/6982/2328 6983/6983/2328 6984/6984/2328
f 6985/6985/2329 6986/6986/2329 6987/6987/2329
f 6988/6988/2330 6989/6989/2330 6990/6990/2330
f 6991/6991/2331 6992/6992/2331 6993/6993/2331
f 6994/6994/2332 6995/6995/2332 6996/6996/2332
f 6997/6997/2333 6998/6998/2333 6999/6999/2333
f 7000/7000/2334 7001/7001/2334 7002/7002/2334
f 7003/7003/2335 7004/7004/2335 7005/7005/2335
f 7006/7006/2336 7007/7007/2336 7008/7008/2336
f 7009/7009/2337 7010/7010/2337 7011/7011/2337
f 7012/7012/2338 7013/7013/2338 7014/7014/2338
f 7015/7015/2339 7016/7016/2339 7017/7017/2339
f 7018/7018/2340 7019/7019/2340 7020/7020/2340
f 7021/7021/2341 7022/7022/2341 7023/7023/2341
f 7024/7024/2342 7025/7025/2342 7026/7026/2342
f 7027/7027/2343 7028/7028/2343 7029/7029/2343
f 7030/7030/2344 7031/7031/2344 7032/7032/2344
f 7033/7033/2345 7034/7034/2345 7035/7035/2345
f 7036/7036/2346 7037/7037/2346 7038/7038/2346
f 7039/7039/2347 7040/7040/2347 7041/7041/2347
f 7042/7042/2348 7043/7043/2348 7044/7044/2348
f 7045/7045/2349 7046/7046/2349 7047/7047/2349
f 7048/7048/2350 7049/7049/2350 7050/7050/2350
f 7051/7051/2351 7052/7052/2351 7053/7053/2351
f 7054/7054/2352 7055/7055/2352 7056/7056/2352
f 7057/7057/2353 7058/7058/2353 7059/7059/2353
f 7060/7060/2354 7061/7061/2354 7062/7062/2354
f 7063/7063/2355 7064/7064/2355 7065/7065/2355
f 7066/7066/2356 7067/7067/2356 7068/7068/2356
f 7069/7069/2357 7070/7070/2357 7071/7071/2357
f 7072/7072/2358 7073/7073/2358 7074/7074/2358
f 7075/7075/2359 7076/7076/2359 7077/7077/2359
f 7078/7078/2360 7079/7079/2360 7080/7080/2360
f 7081/7081/2361 7082/7082/2361 7083/7083/2361
f 7084/7084/2362 7085/7085/2362 7086/7086/2362
f 7087/7087/2363 7088/7088/2363 7089/7089/2363
f 7090/7090/2364 7091/7091/2364 7092/7092/2364
f 7093/7093/2365 7094/7094/2365 7095/7095/2365
f 7096/7096/2366 7097/7097/2366 7098/7098/2366
f 7099/7099/2367 7100/7100/2367 7101/7101/2367
f 7102/7102/2368 7103/7103/2368 7104/7104/2368
f 7105/7105/2369 7106/7106/2369 7107/7107/2369
f 7108/7108/2370 7109/7109/2370 7110/7110/2370
f 7111/7111/2371 7112/7112/2371 7113/7113/2371
f 7114/7114/2372 7115/7115/2372 7116/7116/2372
f 7117/7117/2373 7118/7118/2373 7119/7119/2373
f 7120/7120/2374 7121/7121/2374 7122/7122/2374
f 7123/7123/2375 7124/7124/2375 7125/7125/2375
f 7126/7126/2376 7127/7127/2376 7128/7128/2376
f 7129/7129/2377 7130/7130/2377 7131/7131/2377
f 7132/7132/2378 7133/7133/2378 7134/7134/2378
f 7135/7135/2379 7136/7136/2379 7137/7137/2379
f 7138/7138/2380 7139/7139/2380 7140/7140/2380
f 7141/7141/2381 7142/7142/2381 7143/7143/2381
f 7144/7144/2382 7145/7145/2382 7146/7146/2382
f 7147/7147/2383 7148/7148/2383 7149/7149/2383
f 7150/7150/2384 7151/7151/2384 7152/7152/2384
f 7153/7153/2385 7154/7154/2385 7155/7155/2385
f 7156/7156/2386 7157/7157/2386 7158/7158/2386
f 7159/7159/2387 7160/7160/2387 7161/7161/2387
f 7162/7162/2388 7163/7163/2388 7164/7164/2388
f 7165/7165/2389 7166/7166/2389 7167/7167/2389
f 7168/7168/2390 7169/7169/2390 7170/7170/2390
f 7171/7171/2391 7172/7172/2391 7173/7173/2391
f 7174/7174/2392 7175/7175/2392 7176/7176/2392
f 7177/7177/2393 7178/7178/2393 7179/7179/2393
f 7180/7180/2394 7181/7181/2394 7182/7182/2394
f 7183/7183/2395 7184/7184/2395 7185/7185/2395
f 7186/7186/2396 7187/7187/2396 7188/7188/2396
f 7189/7189/2397 7190/7190/2397 7191/7191/2397
f 7192/7192/2398 7193/7193/2398 7194/7194/2398
f 7195/7195/2399 7196/7196/2399 7197/7197/2399
f 7198/7198/2400 7199/7199/2400 7200/7200/2400
f 7201/7201/2401 7202/7202/2401 7203/7203/2401
f 7204/7204/2402 7205/7205/2402 7206/7206/2402
f 7207/7207/2403 7208/7208/2403 7209/7209/2403
f 7210/7210/2404 7211/7211/2404 7212/7212/2404
f 7213/7213/2405 7214/7214/2405 7215/7215/2405
f 7216/7216/2406 7217/7217/2406 7218/7218/2406
f 7219/7219/2407 7220/7220/2407 7221/7221/2407
f 7222/7222/2408 7223/7223/2408 7224/7224/2408
f 7225/7225/2409 7226/7226/2409 7227/7227/2409
f 7228/7228/2410 7229/7229/2410 7230/7230/2410
f 7231/7231/2411 7232/7232/2411 7233/7233/2411
f 7234/7234/2412 7235/7235/2412 7236/7236/2412
f 7237/7237/2413 7238/7238/2413 7239/7239/2413
f 7240/7240/2414 7241/7241/2414 7242/7242/2414
f 7243/7243/2415 7244/7244/2415 7245/7245/2415
f 7246/7246/2416 7247/7247/2416 7248/7248/2416
f 7249/7249/2417 7250/7250/2417 7251/7251/2417
f 7252/7252/2418 7253/7253/2418 7254/7254/2418
f 7255/7255/2419 7256/7256/2419 7257/7257/2419
f 7258/7258/2420 7259/7259/2420 7260/7260/2420
f 7261/7261/2421 7262/7262/2421 7263/7263/2421
f 7264/7264/2422 7265/7265/2422 7266/7266/2422
f 7267/7267/2423 7268/7268/2423 7269/7269/2423
f 7270/7270/2424 7271/7271/2424 7272/7272/2424
f 7273/7273/2425 7274/7274/2425 7275/7275/2425
f 7276/7276/2426 7277/7277/2426 7278/7278/2426
f 7279/7279/2427 7280/7280/2427 7281/7281/2427
f 7282/7282/2428 7283/7283/2428 7284/7284/2428
f 7285/7285/2429 7286/7286/2429 7287/7287/2429
f 7288/7288/2430 7289/7289/2430 7290/7290/2430
f 7291/7291/2431 7292/7292/2431 7293/7293/2431
f 7294/7294/2432 7295/7295/2432 7296/7296/2432
f 7297/7297/2433 7298/7298/2433 7299/7299/2433
f 7300/7300/2434 7301/7301/2434 7302/7302/2434
f 7303/7303/2435 7304/7304/2435 7305/7305/2435
f 7306/7306/2436 7307/7307/2436 7308/7308/2436
f 7309/7309/2437 7310/7310/2437 7311/7311/2437
f 7312/7312/2438 7313/7313/2438 7314/7314/2438
f 7315/7315/2439 7316/7316/2439 7317/7317/2439
f 7318/7318/2440 7319/7319/2440 7320/7320/2440
f 7321/7321/2441 7322/7322/2441 7323/7323/2441
f 7324/7324/2442 7325/7325/2442 7326/7326/2442
f 7327/7327/2443 7328/7328/2443 7329/7329/2443
f 7330/7330/2444 7331/7331/2444 7332/7332/2444
f 7333/7333/2445 7334/7334/2445 7335/7335/2445
f 7336/7336/2446 7337/7337/2446 7338/7338/2446
f 7339/7339/2447 7340/7340/2447 7341/7341/2447
f 7342/7342/2448 7343/7343/2448 7344/7344/2448
f 7345/7345/2449 7346/7346/2449 7347/7347/2449
f 7348/7348/2450 7349/7349/2450 7350/7350/2450
f 7351/7351/2451 7352/7352/2451 7353/7353/2451
f 7354/7354/2452 7355/7355/2452 7356/7356/2452
f 7357/7357/2453 7358/7358/2453 7359/7359/2453
f 7360/7360/2454 7361/7361/2454 7362/7362/2454
f 7363/7363/2455 7364/7364/2455 7365/7365/2455
f 7366/7366/2456 7367/7367/2456 7368/7368/2456
f 7369/7369/2457 7370/7370/2457 7371/7371/2457
f 7372/7372/2458 7373/7373/2458 7374/7374/2458
f 7375/7375/2459 7376/7376/2459 7377/7377/2459
f 7378/7378/2460 7379/7379/2460 7380/7380/2460
f 7381/7381/2461 7382/7382/2461 7383/7383/2461
f 7384/7384/2462 7385/7385/2462 7386/7386/2462
f 7387/7387/2463 7388/7388/2463 7389/7389/2463
f 7390/7390/2464 7391/7391/2464 7392/7392/2464
f 7393/7393/2465 7394/7394/2465 7395/7395/2465
f 7396/7396/2466 7397/7397/2466 7398/7398/2466
f 7399/7399/2467 7400/7400/2467 7401/7401/2467
f 7402/7402/2468 7403/7403/2468 7404/7404/2468
f 7405/7405/2469 7406/7406/2469 7407/7407/2469
f 7408/7408/2470 7409/7409/2470 7410/7410/2470
f 7411/7411/2471 7412/7412/2471 7413/7413/2471
f 7414/7414/2472 7415/7415/2472 7416/7416/2472
f 7417/7417/2473 7418/7418/2473 7419/7419/2473
f 7420/7420/2474 7421/7421/2474 7422/7422/2474
f 7423/7423/2475 7424/7424/2475 7425/7425/2475
f 7426/7426/2476 7427/7427/2476 7428/7428/2476
f 7429/7429/2477 7430/7430/2477 7431/7431/2477
f 7432/7432/2478 7433/7433/2478 7434/7434/2478
f 7435/7435/2479 7436/7436/2479 7437/7437/2479
f 7438/7438/2480 7439/7439/2480 7440/7440/2480
f 7441/7441/2481 7442/7442/2481 7443/7443/2481
f 7444/7444/2482 7445/7445/2482 7446/7446/2482
f 7447/7447/2483 7448/7448/2483 7449/7449/2483
f 7450/7450/2484 7451/7451/2484 7452/7452/2484
f 7453/7453/2485 7454/7454/2485 7455/7455/2485
f 7456/7456/2486 7457/7457/2486 7458/7458/2486
f 7459/7459/2487 7460/7460/2487 7461/7461/2487
f 7462/7462/2488 7463/7463/2488 7464/7464/2488
f 7465/7465/2489 7466/7466/2489 7467/7467/2489
f 7468/7468/2490 7469/7469/2490 7470/7470/2490
f 7471/7471/2491 7472/7472/2491 7473/7473/2491
f 7474/7474/2492 7475/7475/2492 7476/7476/2492
f 7477/7477/2493 7478/7478/2493 7479/7479/2493
f 7480/7480/2494 7481/7481/2494 7482/7482/2494
f 7483/7483/2495 7484/7484/2495 7485/7485/2495
f 7486/7486/2496 7487/7487/2496 7488/7488/2496
f 7489/7489/2497 7490/7490/2497 7491/7491/2497
f 7492/7492/2498 7493/7493/2498 7494/7494/2498
f 7495/7495/2499 7496/7496/2499 7497/7497/2499
f 7498/7498/2500 7499/7499/2500 7500/7500/2500
f 7501/7501/2501 7502/7502/2501 7503/7503/2501
f 7504/7504/2502 7505/7505/2502 7506/7506/2502
f 7507/7507/2503 7508/7508/2503 7509/7509/2503
f 7510/7510/2504 7511/7511/2504 7512/7512/2504
f 7513/7513/2505 7514/7514/2505 7515/7515/2505
f 7516/7516/2506 7517/7517/2506 7518/7518/2506
f 7519/7519/2507 7520/7520/2507 7521/7521/2507
f 7522/7522/2508 7523/7523/2508 7524/7524/2508
f 7525/7525/2509 7526/7526/2509 7527/7527/2509
f 7528/7528/2510 7529/7529/2510 7530/7530/2510
f 7531/7531/2511 7532/7532/2511 7533/7533/2511
f 7534/7534/2512 7535/7535/2512 7536/7536/2512
f 7537/7537/2513 7538/7538/2513 7539/7539/2513
f 7540/7540/2514 7541/7541/2514 7542/7542/2514
f 7543/7543/2515 7544/7544/2515 7545/7545/2515
f 7546/7546/2516 7547/7547/2516 7548/7548/2516
f 7549/7549/2517 7550/7550/2517 7551/7551/2517
f 7552/7552/2518 7553/7553/2518 7554/7554/2518
f 7555/7555/2519 7556/7556/2519 7557/7557/2519
f 7558/7558/2520 7559/7559/2520 7560/7560/2520
f 7561/7561/2521 7562/7562/2521 7563/7563/2521
f 7564/7564/2522 7565/7565/2522 7566/7566/2522
f 7567/7567/2523 7568/7568/2523 7569/7569/2523
f 7570/7570/2524 7571/7571/2524 7572/7572/2524
f 7573/7573/2525 7574/7574/2525 7575/7575/2525
f 7576/7576/2526 7577/7577/2526 7578/7578/2526
f 7579/7579/2527 7580/7580/2527 7581/7581/2527
f 7582/7582/2528 7583/7583/2528 7584/7584/2528
f 7585/7585/2529 7586/7586/2529 7587/7587/2529
f 7588/7588/2530 7589/7589/2530 7590/7590/2530
f 7591/7591/2531 7592/7592/2531 7593/7593/2531
f 7594/7594/2532 7595/7595/2532 7596/7596/2532
f 7597/7597/2533 7598/7598/2533 7599/7599/2533
f 7600/7600/2534 7601/7601/2534 7602/7602/2534
f 7603/7603/2535 7604/7604/2535 7605/7605/2535
f 7606/7606/2536 7607/7607/2536 7608/7608/2536
f 7609/7609/2537 7610/7610/2537 7611/7611/2537
f 7612/7612/2538 7613/7613/2538 7614/7614/2538
f 7615/7615/2539 7616/7616/2539 7617/7617/2539
f 7618/7618/2540 7619/7619/2540 7620/7620/2540
f 7621/7621/2541 7622/7622/2541 7623/7623/2541
f 7624/7624/2542 7625/7625/2542 7626/7626/2542
f 7627/7627/2543 7628/7628/2543 7629/7629/2543
f 7630/7630/2544 7631/7631/2544 7632/7632/2544
f 7633/7633/2545 7634/7634/2545 7635/7635/2545
f 7636/7636/2546 7637/7637/2546 7638/7638/2546
f 7639/7639/2547 7640/7640/2547 7641/7641/2547
f 7642/7642/2548 7643/7643/2548 7644/7644/2548
f 7645/7645/2549 7646/7646/2549 7647/7647/2549
f 7648/7648/2550 7649/7649/2550 7650/7650/2550
f 7651/7651/2551 7652/7652/2551 7653/7653/2551
f 7654/7654/2552 7655/7655/2552 7656/7656/2552
f 7657/7657/2553 7658/7658/2553 7659/7659/2553
f 7660/7660/2554 7661/7661/2554 7662/7662/2554
f 7663/7663/2555 7664/7664/2555 7665/7665/2555
f 7666/7666/2556 7667/7667/2556 7668/7668/2556
f 7669/7669/2557 7670/7670/2557 7671/7671/2557
f 7672/7672/2558 7673/7673/2558 7674/7674/2558
f 7675/7675/2559 7676/7676/2559 7677/7677/2559
f 7678/7678/2560 7679/7679/2560 7680/7680/2560
f 7681/7681/2561 7682/7682/2561 7683/7683/2561
f 7684/7684/2562 7685/7685/2562 7686/7686/2562
f 7687/7687/2563 7688/7688/2563 7689/7689/2563
f 7690/7690/2564 7691/7691/2564 7692/7692/2564
f 7693/7693/2565 7694/7694/2565 7695/7695/2565
f 7696/7696/2566 7697/7697/2566 7698/7698/2566
f 7699/7699/2567 7700/7700/2567 7701/7701/2567
f 7702/7702/2568 7703/7703/2568 7704/7704/2568
f 7705/7705/2569 7706/7706/2569 7707/7707/2569
f 7708/7708/2570 7709/7709/2570 7710/7710/2570
f 7711/7711/2571 7712/7712/2571 7713/7713/2571
f 7714/7714/2572 7715/7715/2572 7716/7716/2572
f 7717/7717/2573 7718/7718/2573 7719/7719/2573
f 7720/7720/2574 7721/7721/2574 7722/7722/2574
f 7723/7723/2575 7724/7724/2575 7725/7725/2575
f 7726/7726/2576 7727/7727/2576 7728/7728/2576
f 7729/7729/2577 7730/7730/2577 7731/7731/2577
f 7732/7732/2578 7733/7733/2578 7734/7734/2578
f 7735/7735/2579 7736/7736/2579 7737/7737/2579
f 7738/7738/2580 7739/7739/2580 7740/7740/2580
f 7741/7741/2581 7742/7742/2581 7743/7743/2581
f 7744/7744/2582 7745/7745/2582 7746/7746/2582
f 7747/7747/2583 7748/7748/2583 7749/7749/2583
f 7750/7750/2584 7751/7751/2584 7752/7752/2584
f 7753/7753/2585 7754/7754/2585 7755/7755/2585
f 7756/7756/2586 7757/7757/2586 7758/7758/2586
f 7759/7759/2587 7760/7760/2587 7761/7761/2587
f 7762/7762/2588 7763/7763/2588 7764/7764/2588
f 7765/7765/2589 7766/7766/2589 7767/7767/2589
f 7768/7768/2590 7769/7769/2590 7770/7770/2590
f 7771/7771/2591 7772/7772/2591 7773/7773/2591
f 7774/7774/2592 7775/7775/2592 7776/7776/2592
f 7777/7777/2593 7778/7778/2593 7779/7779/2593
f 7780/7780/2594 7781/7781/2594 7782/7782/2594
f 7783/7783/2595 7784/7784/2595 7785/7785/2595
f 7786/7786/2596 7787/7787/2596 7788/7788/2596
f 7789/7789/2597 7790/7790/2597 7791/7791/2597
f 7792/7792/2598 7793/7793/2598 7794/7794/2598
f 7795/7795/2599 7796/7796/2599 7797/7797/2599
f 7798/7798/2600 7799/7799/2600 7800/7800/2600
f 7801/7801/2601 7802/7802/2601 7803/7803/2601
f 7804/7804/2602 7805/7805/2602 7806/7806/2602
f 7807/7807/2603 7808/7808/2603 7809/7809/2603
f 7810/7810/2604 7811/7811/2604 7812/7812/2604
f 7813/7813/2605 7814/7814/2605 7815/7815/2605
f 7816/7816/2606 7817/7817/2606 7818/7818/2606
f 7819/7819/2607 7820/7820/2607 7821/7821/2607
f 7822/7822/2608 7823/7823/2608 7824/7824/2608
f 7825/7825/2609 7826/7826/2609 7827/7827/2609
f 7828/7828/2610 7829/7829/2610 7830/7830/2610
f 7831/7831/2611 7832/7832/2611 7833/7833/2611
f 7834/7834/2612 7835/7835/2612 7836/7836/2612
f 7837/7837/2613 7838/7838/2613 7839/7839/2613
f 7840/7840/2614 7841/7841/2614 7842/7842/2614
f 7843/7843/2615 7844/7844/2615 7845/7845/2615
f 7846/7846/2616 7847/7847/2616 7848/7848/2616
f 7849/7849/2617 7850/7850/2617 7851/7851/2617
f 7852/7852/2618 7853/7853/2618 7854/7854/2618
f 7855/7855/2619 7856/7856/2619 7857/7857/2619
f 7858/7858/2620 7859/7859/2620 7860/7860/2620
f 7861/7861/2621 7862/7862/2621 7863/7863/2621
f 7864/7864/2622 7865/7865/2622 7866/7866/2622
f 7867/7867/2623 7868/7868/2623 7869/7869/2623
f 7870/7870/2624 7871/7871/2624 7872/7872/2624
f 7873/7873/2625 7874/7874/2625 7875/7875/2625
f 7876/7876/2626 7877/7877/2626 7878/7878/2626
f 7879/7879/2627 7880/7880/2627 7881/7881/2627
f 7882/7882/2628 7883/7883/2628 7884/7884/2628
f 7885/7885/2629 7886/7886/2629 7887/7887/2629
f 7888/7888/2630 7889/7889/2630 7890/7890/2630
f 7891/7891/2631 7892/7892/2631 7893/7893/2631
f 7894/7894/2632 7895/7895/2632 7896/7896/2632
f 7897/7897/2633 7898/7898/2633 7899/7899/2633
f 7900/7900/2634 7901/7901/2634 7902/7902/2634
f 7903/7903/2635 7904/7904/2635 7905/7905/2635
f 7906/7906/2636 7907/7907/2636 7908/7908/2636
f 7909/7909/2637 7910/7910/2637 7911/7911/2637
f 7912/7912/2638 7913/7913/2638 7914/7914/2638
f 7915/7915/2639 7916/7916/2639 7917/7917/2639
f 7918/7918/2640 7919/7919/2640 7920/7920/2640
f 7921/7921/2641 7922/7922/2641 7923/7923/2641
f 7924/7924/2642 7925/7925/2642 7926/7926/2642
f 7927/7927/2643 7928/7928/2643 7929/7929/2643
f 7930/7930/2644 7931/7931/2644 7932/7932/2644
f 7933/7933/2645 7934/7934/2645 7935/7935/2645
f 7936/7936/2646 7937/7937/2646 7938/7938/2646
f 7939/7939/2647 7940/7940/2647 7941/7941/2647
f 7942/7942/2648 7943/7943/2648 7944/7944/2648
f 7945/7945/2649 7946/7946/2649 7947/7947/2649
f 7948/7948/2650 7949/7949/2650 7950/7950/2650
f 7951/7951/2651 7952/7952/2651 7953/7953/2651
f 7954/7954/2652 7955/7955/2652 7956/7956/2652
f 7957/7957/2653 7958/7958/2653 7959/7959/2653
f 7960/7960/2654 7961/7961/2654 7962/7962/2654
f 7963/7963/2655 7964/7964/2655 7965/7965/2655
f 7966/7966/2656 7967/7967/2656 7968/7968/2656
f 7969/7969/2657 7970/7970/2657 7971/7971/2657
f 7972/7972/2658 7973/7973/2658 7974/7974/2658
f 7975/7975/2659 7976/7976/2659 7977/7977/2659
f 7978/7978/2660 7979/7979/2660 7980/7980/2660
f 7981/7981/2661 7982/7982/2661 7983/7983/2661
f 7984/7984/2662 7985/7985/2662 7986/7986/2662
f 7987/7987/2663 7988/7988/2663 7989/7989/2663
f 7990/7990/2664 7991/7991/2664 7992/7992/2664
f 7993/7993/2665 7994/7994/2665 7995/7995/2665
f 7996/7996/2666 7997/7997/2666 7998/7998/2666
f 7999/7999/2667 8000/8000/2667 8001/8001/2667
f 8002/8002/2668 8003/8003/2668 8004/8004/2668
f 8005/8005/2669 8006/8006/2669 8007/8007/2669
f 8008/8008/2670 8009/8009/2670 8010/8010/2670
f 8011/8011/2671 8012/8012/2671 8013/8013/2671
f 8014/8014/2672 8015/8015/2672 8016/8016/2672
f 8017/8017/2673 8018/8018/2673 8019/8019/2673
f 8020/8020/2674 8021/8021/2674 8022/8022/2674
f 8023/8023/2675 8024/8024/2675 8025/8025/2675
f 8026/8026/2676 8027/8027/2676 8028/8028/2676
f 8029/8029/2677 8030/8030/2677 8031/8031/2677
f 8032/8032/2678 8033/8033/2678 8034/8034/2678
f 8035/8035/2679 8036/8036/2679 8037/8037/2679
f 8038/8038/2680 8039/8039/2680 8040/8040/2680
f 8041/8041/2681 8042/8042/2681 8043/8043/2681
f 8044/8044/2682 8045/8045/2682 8046/8046/2682
f 8047/8047/2683 8048/8048/2683 8049/8049/2683
f 8050/8050/2684 8051/8051/2684 8052/8052/2684
f 8053/8053/2685 8054/8054/2685 8055/8055/2685
f 8056/8056/2686 8057/8057/2686 8058/8058/2686
f 8059/8059/2687 8060/8060/2687 8061/8061/2687
f 8062/8062/2688 8063/8063/2688 8064/8064/2688
f 8065/8065/2689 8066/8066/2689 8067/8067/2689
f 8068/8068/2690 8069/8069/2690 8070/8070/2690
f 8071/8071/2691 8072/8072/2691 8073/8073/2691
f 8074/8074/2692 8075/8075/2692 8076/8076/2692
f 8077/8077/2693 8078/8078/2693 8079/8079/2693
f 8080/8080/2694 8081/8081/2694 8082/8082/2694
f 8083/8083/2695 8084/8084/2695 8085/8085/2695
f 8086/8086/2696 8087/8087/2696 8088/8088/2696
f 8089/8089/2697 8090/8090/2697 8091/8091/2697
f 8092/8092/2698 8093/8093/2698 8094/8094/2698
f 8095/8095/2699 8096/8096/2699 8097/8097/2699
f 8098/8098/2700 8099/8099/2700 8100/8100/2700
f 8101/8101/2701 8102/8102/2701 8103/8103/2701
f 8104/8104/2702 8105/8105/2702 8106/8106/2702
f 8107/8107/2703 8108/8108/2703 8109/8109/2703
f 8110/8110/2704 8111/8111/2704 8112/8112/2704
f 8113/8113/2705 8114/8114/2705 8115/8115/2705
f 8116/8116/2706 8117/8117/2706 8118/8118/2706
f 8119/8119/2707 8120/8120/2707 8121/8121/2707
f 8122/8122/2708 8123/8123/2708 8124/8124/2708
f 8125/8125/2709 8126/8126/2709 8127/8127/2709
f 8128/8128/2710 8129/8129/2710 8130/8130/2710
f 8131/8131/2711 8132/8132/2711 8133/8133/2711
f 8134/8134/2712 8135/8135/2712 8136/8136/2712
f 8137/8137/2713 8138/8138/2713 8139/8139/2713
f 8140/8140/2714 8141/8141/2714 8142/8142/2714
f 8143/8143/2715 8144/8144/2715 8145/8145/2715
f 8146/8146/2716 8147/8147/2716 8148/8148/2716
f 8149/8149/2717 8150/8150/2717 8151/8151/2717
f 8152/8152/2718 8153/8153/2718 8154/8154/2718
f 8155/8155/2719 8156/8156/2719 8157/8157/2719
f 8158/8158/2720 8159/8159/2720 8160/8160/2720
f 8161/8161/2721 8162/8162/2721 8163/8163/2721
f 8164/8164/2722 8165/8165/2722 8166/8166/2722
f 8167/8167/2723 8168/8168/2723 8169/8169/2723
f 8170/8170/2724 8171/8171/2724 8172/8172/2724
f 8173/8173/2725 8174/8174/2725 8175/8175/2725
f 8176/8176/2726 8177/8177/2726 8178/8178/2726
f 8179/8179/2727 8180/8180/2727 8181/8181/2727
f 8182/8182/2728 8183/8183/2728 8184/8184/2728
f 8185/8185/2729 8186/8186/2729 8187/8187/2729
f 8188/8188/2730 8189/8189/2730 8190/8190/2730
f 8191/8191/2731 8192/8192/2731 8193/8193/2731
f 8194/8194/2732 8195/8195/2732 8196/8196/2732
f 8197/8197/2733 8198/8198/2733 8199/8199/2733
f 8200/8200/2734 8201/8201/2734 8202/8202/2734
f 8203/8203/2735 8204/8204/2735 8205/8205/2735
f 8206/8206/2736 8207/8207/2736 8208/8208/2736
f 8209/8209/2737 8210/8210/2737 8211/8211/2737
f 8212/8212/2738 8213/8213/2738 8214/8214/2738
f 8215/8215/2739 8216/8216/2739 8217/8217/2739
f 8218/8218/2740 8219/8219/2740 8220/8220/2740
f 8221/8221/2741 8222/8222/2741 8223/8223/2741
f 8224/8224/2742 8225/8225/2742 8226/8226/2742
f 8227/8227/2743 8228/8228/2743 8229/8229/2743
f 8230/8230/2744 8231/8231/2744 8232/8232/2744
f 8233/8233/2745 8234/8234/2745 8235/8235/2745
f 8236/8236/2746 8237/8237/2746 8238/8238/2746
f 8239/8239/2747 8240/8240/2747 8241/8241/2747
f 8242/8242/2748 8243/8243/2748 8244/8244/2748
f 8245/8245/2749 8246/8246/2749 8247/8247/2749
f 8248/8248/2750 8249/8249/2750 8250/8250/2750
f 8251/8251/2751 8252/8252/2751 8253/8253/2751
f 8254/8254/2752 8255/8255/2752 8256/8256/2752
f 8257/8257/2753 8258/8258/2753 8259/8259/2753
f 8260/8260/2754 8261/8261/2754 8262/8262/2754
f 8263/8263/2755 8264/8264/2755 8265/8265/2755
f 8266/8266/2756 8267/8267/2756 8268/8268/2756
f 8269/8269/2757 8270/8270/2757 8271/8271/2757
f 8272/8272/2758 8273/8273/2758 8274/8274/2758
f 8275/8275/2759 8276/8276/2759 8277/8277/2759
f 8278/8278/2760 8279/8279/2760 8280/8280/2760
f 8281/8281/2761 8282/8282/2761 8283/8283/2761
f 8284/8284/2762 8285/8285/2762 8286/8286/2762
f 8287/8287/2763 8288/8288/2763 8289/8289/2763
f 8290/8290/2764 8291/8291/2764 8292/8292/2764
f 8293/8293/2765 8294/8294/2765 8295/8295/2765
f 8296/8296/2766 8297/8297/2766 8298/8298/2766
f 8299/8299/2767 8300/8300/2767 8301/8301/2767
f 8302/8302/2768 8303/8303/2768 8304/8304/2768
f 8305/8305/2769 8306/8306/2769 8307/8307/2769
f 8308/8308/2770 8309/8309/2770 8310/8310/2770
f 8311/8311/2771 8312/8312/2771 8313/8313/2771
f 8314/8314/2772 8315/8315/2772 8316/8316/2772
f 8317/8317/2773 8318/8318/2773 8319/8319/2773
f 8320/8320/2774 8321/8321/2774 8322/8322/2774
f 8323/8323/2775 8324/8324/2775 8325/8325/2775
f 8326/8326/2776 8327/8327/2776 8328/8328/2776
f 8329/8329/2777 8330/8330/2777 8331/8331/2777
f 8332/8332/2778 8333/8333/2778 8334/8334/2778
f 8335/8335/2779 8336/8336/2779 8337/8337/2779
f 8338/8338/2780 8339/8339/2780 8340/8340/2780
f 8341/8341/2781 8342/8342/2781 8343/8343/2781
f 8344/8344/2782 8345/8345/2782 8346/8346/2782
f 8347/8347/2783 8348/8348/2783 8349/8349/2783
f 8350/8350/2784 8351/8351/2784 8352/8352/2784
f 8353/8353/2785 8354/8354/2785 8355/8355/2785
f 8356/8356/2786 8357/8357/2786 8358/8358/2786
f 8359/8359/2787 8360/8360/2787 8361/8361/2787
f 8362/8362/2788 8363/8363/2788 8364/8364/2788
f 8365/8365/2789 8366/8366/2789 8367/8367/2789
f 8368/8368/2790 8369/8369/2790 8370/8370/2790
f 8371/8371/2791 8372/8372/2791 8373/8373/2791
f 8374/8374/2792 8375/8375/2792 8376/8376/2792
f 8377/8377/2793 8378/8378/2793 8379/8379/2793
f 8380/8380/2794 8381/8381/2794 8382/8382/2794
f 8383/8383/2795 8384/8384/2795 8385/8385/2795
f 8386/8386/2796 8387/8387/2796 8388/8388/2796
f 8389/8389/2797 8390/8390/2797 8391/8391/2797
f 8392/8392/2798 8393/8393/2798 8394/8394/2798
f 8395/8395/2799 8396/8396/2799 8397/8397/2799
f 8398/8398/2800 8399/8399/2800 8400/8400/2800
f 8401/8401/2801 8402/8402/2801 8403/8403/2801
f 8404/8404/2802 8405/8405/2802 8406/8406/2802
f 8407/8407/2803 8408/8408/2803 8409/8409/2803
f 8410/8410/2804 8411/8411/2804 8412/8412/2804
f 8413/8413/2805 8414/8414/2805 8415/8415/2805
f 8416/8416/2806 8417/8417/2806 8418/8418/2806
f 8419/8419/2807 8420/8420/2807 8421/8421/2807
f 8422/8422/2808 8423/8423/2808 8424/8424/2808
f 8425/8425/2809 8426/8426/2809 8427/8427/2809
f 8428/8428/2810 8429/8429/2810 8430/8430/2810
f 8431/8431/2811 8432/8432/2811 8433/8433/2811
f 8434/8434/2812 8435/8435/2812 8436/8436/2812
f 8437/8437/2813 8438/8438/2813 8439/8439/2813
f 8440/8440/2814 8441/8441/2814 8442/8442/2814
f 8443/8443/2815 8444/8444/2815 8445/8445/2815
f 8446/8446/2816 8447/8447/2816 8448/8448/2816
f 8449/8449/2817 8450/8450/2817 8451/8451/2817
f 8452/8452/2818 8453/8453/2818 8454/8454/2818
f 8455/8455/2819 8456/8456/2819 8457/8457/2819
f 8458/8458/2820 8459/8459/2820 8460/8460/2820
f 8461/8461/2821 8462/8462/2821 8463/8463/2821
f 8464/8464/2822 8465/8465/2822 8466/8466/2822
f 8467/8467/2823 8468/8468/2823 8469/8469/2823
f 8470/8470/2824 8471/8471/2824 8472/8472/2824
f 8473/8473/2825 8474/8474/2825 8475/8475/2825
f 8476/8476/2826 8477/8477/2826 8478/8478/2826
f 8479/8479/2827 8480/8480/2827 8481/8481/2827
f 8482/8482/2828 8483/8483/2828 8484/8484/2828
f 8485/8485/2829 8486/8486/2829 8487/8487/2829
f 8488/8488/2830 8489/8489/2830 8490/8490/2830
f 8491/8491/2831 8492/8492/2831 8493/8493/2831
f 8494/8494/2832 8495/8495/2832 8496/8496/2832
f 8497/8497/2833 8498/8498/2833 8499/8499/2833
f 8500/8500/2834 8501/8501/2834 8502/8502/2834
f 8503/8503/2835 8504/8504/2835 8505/8505/2835
f 8506/8506/2836 8507/8507/2836 8508/8508/2836
f 8509/8509/2837 8510/8510/2837 8511/8511/2837
f 8512/8512/2838 8513/8513/2838 8514/8514/2838
f 8515/8515/2839 8516/8516/2839 8517/8517/2839
f 8518/8518/2840 8519/8519/2840 8520/8520/2840
f 8521/8521/2841 8522/8522/2841 8523/8523/2841
f 8524/8524/2842 8525/8525/2842 8526/8526/2842
f 8527/8527/2843 8528/8528/2843 8529/8529/2843
f 8530/8530/2844 8531/8531/2844 8532/8532/2844
f 8533/8533/2845 8534/8534/2845 8535/8535/2845
f 8536/8536/2846 8537/8537/2846 8538/8538/2846
f 8539/8539/2847 8540/8540/2847 8541/8541/2847
f 8542/8542/2848 8543/8543/2848 8544/8544/2848
f 8545/8545/2849 8546/8546/2849 8547/8547/2849
f 8548/8548/2850 8549/8549/2850 8550/8550/2850
f 8551/8551/2851 8552/8552/2851 8553/8553/2851
f 8554/8554/2852 8555/8555/2852 8556/8556/2852
f 8557/8557/2853 8558/8558/2853 8559/8559/2853
f 8560/8560/2854 8561/8561/2854 8562/8562/2854
f 8563/8563/2855 8564/8564/2855 8565/8565/2855
f 8566/8566/2856 8567/8567/2856 8568/8568/2856
f 8569/8569/2857 8570/8570/2857 8571/8571/2857
f 8572/8572/2858 8573/8573/2858 8574/8574/2858
f 8575/8575/2859 8576/8576/2859 8577/8577/2859
f 8578/8578/2860 8579/8579/2860 8580/8580/2860
f 8581/8581/2861 8582/8582/2861 8583/8583/2861
f 8584/8584/2862 8585/8585/2862 8586/8586/2862
f 8587/8587/2863 8588/8588/2863 8589/8589/2863
f 8590/8590/2864 8591/8591/2864 8592/8592/2864
f 8593/8593/2865 8594/8594/2865 8595/8595/2865
f 8596/8596/2866 8597/8597/2866 8598/8598/2866
f 8599/8599/2867 8600/8600/2867 8601/8601/2867
f 8602/8602/2868 8603/8603/2868 8604/8604/2868
f 8605/8605/2869 8606/8606/2869 8607/8607/2869
f 8608/8608/2870 8609/8609/2870 8610/8610/2870
f 8611/8611/2871 8612/8612/2871 8613/8613/2871
f 8614/8614/2872 8615/8615/2872 8616/8616/2872
f 8617/8617/2873 8618/8618/2873 8619/8619/2873
f 8620/8620/2874 8621/8621/2874 8622/8622/2874
f 8623/8623/2875 8624/8624/2875 8625/8625/2875
f 8626/8626/2876 8627/8627/2876 8628/8628/2876
f 8629/8629/2877 8630/8630/2877 8631/8631/2877
f 8632/8632/2878 8633/8633/2878 8634/8634/2878
f 8635/8635/2879 8636/8636/2879 8637/8637/2879
f 8638/8638/2880 8639/8639/2880 8640/8640/2880
f 8641/8641/2881 8642/8642/2881 8643/8643/2881
f 8644/8644/2882 8645/8645/2882 8646/8646/2882
f 8647/8647/2883 8648/8648/2883 8649/8649/2883
f 8650/8650/2884 8651/8651/2884 8652/8652/2884
f 8653/8653/2885 8654/8654/2885 8655/8655/2885
f 8656/8656/2886 8657/8657/2886 8658/8658/2886
f 8659/8659/2887 8660/8660/2887 8661/8661/2887
f 8662/8662/2888 8663/8663/2888 8664/8664/2888
f 8665/8665/2889 8666/8666/2889 8667/8667/2889
f 8668/8668/2890 8669/8669/2890 8670/8670/2890
f 8671/8671/2891 8672/8672/2891 8673/8673/2891
f 8674/8674/2892 8675/8675/2892 8676/8676/2892
f 8677/8677/2893 8678/8678/2893 8679/8679/2893
f 8680/8680/2894 8681/8681/2894 8682/8682/2894
f 8683/8683/2895 8684/8684/2895 8685/8685/2895
f 8686/8686/2896 8687/8687/2896 8688/8688/2896
f 8689/8689/2897 8690/8690/2897 8691/8691/2897
f 8692/8692/2898 8693/8693/2898 8694/8694/2898
f 8695/8695/2899 8696/8696/2899 8697/8697/2899
f 8698/8698/2900 8699/8699/2900 8700/8700/2900
f 8701/8701/2901 8702/8702/2901 8703/8703/2901
f 8704/8704/2902 8705/8705/2902 8706/8706/2902
f 8707/8707/2903 8708/8708/2903 8709/8709/2903
f 8710/8710/2904 8711/8711/2904 8712/8712/2904
f 8713/8713/2905 8714/8714/2905 8715/8715/2905
f 8716/8716/2906 8717/8717/2906 8718/8718/2906
f 8719/8719/2907 8720/8720/2907 8721/8721/2907
f 8722/8722/2908 8723/8723/2908 8724/8724/2908
f 8725/8725/2909 8726/8726/2909 8727/8727/2909
f 8728/8728/2910 8729/8729/2910 8730/8730/2910
f 8731/8731/2911 8732/8732/2911 8733/8733/2911
f 8734/8734/2912 8735/8735/2912 8736/8736/2912
f 8737/8737/2913 8738/8738/2913 8739/8739/2913
f 8740/8740/2914 8741/8741/2914 8742/8742/2914
f 8743/8743/2915 8744/8744/2915 8745/8745/2915
f 8746/8746/2916 8747/8747/2916 8748/8748/2916
f 8749/8749/2917 8750/8750/2917 8751/8751/2917
f 8752/8752/2918 8753/8753/2918 8754/8754/2918
f 8755/8755/2919 8756/8756/2919 8757/8757/2919
f 8758/8758/2920 8759/8759/2920 8760/8760/2920
f 8761/8761/2921 8762/8762/2921 8763/8763/2921
f 8764/8764/2922 8765/8765/2922 8766/8766/2922
f 8767/8767/2923 8768/8768/2923 8769/8769/2923
f 8770/8770/2924 8771/8771/2924 8772/8772/2924
f 8773/8773/2925 8774/8774/2925 8775/8775/2925
f 8776/8776/2926 8777/8777/2926 8778/8778/2926
f 8779/8779/2927 8780/8780/2927 8781/8781/2927
f 8782/8782/2928 8783/8783/2928 8784/8784/2928
f 8785/8785/2929 8786/8786/2929 8787/8787/2929
f 8788/8788/2930 8789/8789/2930 8790/8790/2930
f 8791/8791/2931 8792/8792/2931 8793/8793/2931
f 8794/8794/2932 8795/8795/2932 8796/8796/2932
f 8797/8797/2933 8798/8798/2933 8799/8799/2933
f 8800/8800/2934 8801/8801/2934 8802/8802/2934
f 8803/8803/2935 8804/8804/2935 8805/8805/2935
f 8806/8806/2936 8807/8807/2936 8808/8808/2936
f 8809/8809/2937 8810/8810/2937 8811/8811/2937
f 8812/8812/2938 8813/8813/2938 8814/8814/2938
f 8815/8815/2939 8816/8816/2939 8817/8817/2939
f 8818/8818/2940 8819/8819/2940 8820/8820/2940
f 8821/8821/2941 8822/8822/2941 8823/8823/2941
f 8824/8824/2942 8825/8825/2942 8826/8826/2942
f 8827/8827/2943 8828/8828/2943 8829/8829/2943
f 8830/8830/2944 8831/8831/2944 8832/8832/2944
f 8833/8833/2945 8834/8834/2945 8835/8835/2945
f 8836/8836/2946 8837/8837/2946 8838/8838/2946
f 8839/8839/2947 8840/8840/2947 8841/8841/2947
f 8842/8842/2948 8843/8843/2948 8844/8844/2948
f 8845/8845/2949 8846/8846/2949 8847/8847/2949
f 8848/8848/2950 8849/8849/2950 8850/8850/2950
f 8851/8851/2951 8852/8852/2951 8853/8853/2951
f 8854/8854/2952 8855/8855/2952 8856/8856/2952
f 8857/8857/2953 8858/8858/2953 8859/8859/2953
f 8860/8860/2954 8861/8861/2954 8862/8862/2954
f 8863/8863/2955 8864/8864/2955 8865/8865/2955
f 8866/8866/2956 8867/8867/2956 8868/8868/2956
f 8869/8869/2957 8870/8870/2957 8871/8871/2957
f 8872/8872/2958 8873/8873/2958 8874/8874/2958
f 8875/8875/2959 8876/8876/2959 8877/8877/2959
f 8878/8878/2960 8879/8879/2960 8880/8880/2960
f 8881/8881/2961 8882/8882/2961 8883/8883/2961
f 8884/8884/2962 8885/8885/2962 8886/8886/2962
f 8887/8887/2963 8888/8888/2963 8889/8889/2963
f 8890/8890/2964 8891/8891/2964 8892/8892/2964
f 8893/8893/2965 8894/8894/2965 8895/8895/2965
f 8896/8896/2966 8897/8897/2966 8898/8898/2966
f 8899/8899/2967 8900/8900/2967 8901/8901/2967
f 8902/8902/2968 8903/8903/2968 8904/8904/2968
f 8905/8905/2969 8906/8906/2969 8907/8907/2969
f 8908/8908/2970 8909/8909/2970 8910/8910/2970
f 8911/8911/2971 8912/8912/2971 8913/8913/2971
f 8914/8914/2972 8915/8915/2972 8916/8916/2972
f 8917/8917/2973 8918/8918/2973 8919/8919/2973
f 8920/8920/2974 8921/8921/2974 8922/8922/2974
f 8923/8923/2975 8924/8924/2975 8925/8925/2975
f 8926/8926/2976 8927/8927/2976 8928/8928/2976
f 8929/8929/2977 8930/8930/2977 8931/8931/2977
f 8932/8932/2978 8933/8933/2978 8934/8934/2978
f 8935/8935/2979 8936/8936/2979 8937/8937/2979
f 8938/8938/2980 8939/8939/2980 8940/8940/2980
f 8941/8941/2981 8942/8942/2981 8943/8943/2981
f 8944/8944/2982 8945/8945/2982 8946/8946/2982
f 8947/8947/2983 8948/8948/2983 8949/8949/2983
f 8950/8950/2984 8951/8951/2984 8952/8952/2984
f 8953/8953/2985 8954/8954/2985 8955/8955/2985
f 8956/8956/2986 8957/8957/2986 8958/8958/2986
f 8959/8959/2987 8960/8960/2987 8961/8961/2987
f 8962/8962/2988 8963/8963/2988 8964/8964/2988
f 8965/8965/2989 8966/8966/2989 8967/8967/2989
f 8968/8968/2990 8969/8969/2990 8970/8970/2990
f 8971/8971/2991 8972/8972/2991 8973/8973/2991
f 8974/8974/2992 8975/8975/2992 8976/8976/2992
f 8977/8977/2993 8978/8978/2993 8979/8979/2993
f 8980/8980/2994 8981/8981/2994 8982/8982/2994
f 8983/8983/2995 8984/8984/2995 8985/8985/2995
f 8986/8986/2996 8987/8987/2996 8988/8988/2996
f 8989/8989/2997 8990/8990/2997 8991/8991/2997
f 8992/8992/2998 8993/8993/2998 8994/8994/2998
f 8995/8995/2999 8996/8996/2999 8997/8997/2999
f 8998/8998/3000 8999/8999/3000 9000/9000/3000
f 9001/9001/3001 9002/9002/3001 9003/9003/3001
f 9004/9004/3002 9005/9005/3002 9006/9006/3002
f 9007/9007/3003 9008/9008/3003 9009/9009/3003
f 9010/9010/3004 9011/9011/3004 9012/9012/3004
f 9013/9013/3005 9014/9014/3005 9015/9015/3005
f 9016/9016/3006 9017/9017/3006 9018/9018/3006
f 9019/9019/3007 9020/9020/3007 9021/9021/3007
f 9022/9022/3008 9023/9023/3008 9024/9024/3008
f 9025/9025/3009 9026/9026/3009 9027/9027/3009
f 9028/9028/3010 9029/9029/3010 9030/9030/3010
f 9031/9031/3011 9032/9032/3011 9033/9033/3011
f 9034/9034/3012 9035/9035/3012 9036/9036/3012
f 9037/9037/3013 9038/9038/3013 9039/9039/3013
f 9040/9040/3014 9041/9041/3014 9042/9042/3014
f 9043/9043/3015 9044/9044/3015 9045/9045/3015
f 9046/9046/3016 9047/9047/3016 9048/9048/3016
f 9049/9049/3017 9050/9050/3017 9051/9051/3017
f 9052/9052/3018 9053/9053/3018 9054/9054/3018
f 9055/9055/3019 9056/9056/3019 9057/9057/3019
f 9058/9058/3020 9059/9059/3020 9060/9060/3020
f 9061/9061/3021 9062/9062/3021 9063/9063/3021
f 9064/9064/3022 9065/9065/3022 9066/9066/3022
f 9067/9067/3023 9068/9068/3023 9069/9069/3023
f 9070/9070/3024 9071/9071/3024 9072/9072/3024
f 9073/9073/3025 9074/9074/3025 9075/9075/3025
f 9076/9076/3026 9077/9077/3026 9078/9078/3026
f 9079/9079/3027 9080/9080/3027 9081/9081/3027
f 9082/9082/3028 9083/9083/3028 9084/9084/3028
f 9085/9085/3029 9086/9086/3029 9087/9087/3029
f 9088/9088/3030 9089/9089/3030 9090/9090/3030
f 9091/9091/3031 9092/9092/3031 9093/9093/3031
f 9094/9094/3032 9095/9095/3032 9096/9096/3032
f 9097/9097/3033 9098/9098/3033 9099/9099/3033
f 9100/9100/3034 9101/9101/3034 9102/9102/3034
f 9103/9103/3035 9104/9104/3035 9105/9105/3035
f 9106/9106/3036 9107/9107/3036 9108/9108/3036
f 9109/9109/3037 9110/9110/3037 9111/9111/3037
f 9112/9112/3038 9113/9113/3038 9114/9114/3038
f 9115/9115/3039 9116/9116/3039 9117/9117/3039
f 9118/9118/3040 9119/9119/3040 9120/9120/3040
f 9121/9121/3041 9122/9122/3041 9123/9123/3041
f 9124/9124/3042 9125/9125/3042 9126/9126/3042
f 9127/9127/3043 9128/9128/3043 9129/9129/3043
f 9130/9130/3044 9131/9131/3044 9132/9132/3044
f 9133/9133/3045 9134/9134/3045 9135/9135/3045
f 9136/9136/3046 9137/9137/3046 9138/9138/3046
f 9139/9139/3047 9140/9140/3047 9141/9141/3047
f 9142/9142/3048 9143/9143/3048 9144/9144/3048
f 9145/9145/3049 9146/9146/3049 9147/9147/3049
f 9148/9148/3050 9149/9149/3050 9150/9150/3050
f 9151/9151/3051 9152/9152/3051 9153/9153/3051
f 9154/9154/3052 9155/9155/3052 9156/9156/3052
f 9157/9157/3053 9158/9158/3053 9159/9159/3053
f 9160/9160/3054 9161/9161/3054 9162/9162/3054
f 9163/9163/3055 9164/9164/3055 9165/9165/3055
f 9166/9166/3056 9167/9167/3056 9168/9168/3056
f 9169/9169/3057 9170/9170/3057 9171/9171/3057
f 9172/9172/3058 9173/9173/3058 9174/9174/3058
f 9175/9175/3059 9176/9176/3059 9177/9177/3059
f 9178/9178/3060 9179/9179/3060 9180/9180/3060
f 9181/9181/3061 9182/9182/3061 9183/9183/3061
f 9184/9184/3062 9185/9185/3062 9186/9186/3062
f 9187/9187/3063 9188/9188/3063 9189/9189/3063
f 9190/9190/3064 9191/9191/3064 9192/9192/3064
f 9193/9193/3065 9194/9194/3065 9195/9195/3065
f 9196/9196/3066 9197/9197/3066 9198/9198/3066
f 9199/9199/3067 9200/9200/3067 9201/9201/3067
f 9202/9202/3068 9203/9203/3068 9204/9204/3068
f 9205/9205/3069 9206/9206/3069 9207/9207/3069
f 9208/9208/3070 9209/9209/3070 9210/9210/3070
f 9211/9211/3071 9212/9212/3071 9213/9213/3071
f 9214/9214/3072 9215/9215/3072 9216/9216/3072
f 9217/9217/3073 9218/9218/3073 9219/9219/3073
f 9220/9220/3074 9221/9221/3074 9222/9222/3074
f 9223/9223/3075 9224/9224/3075 9225/9225/3075
f 9226/9226/3076 9227/9227/3076 9228/9228/3076
f 9229/9229/3077 9230/9230/3077 9231/9231/3077
f 9232/9232/3078 9233/9233/3078 9234/9234/3078
f 9235/9235/3079 9236/9236/3079 9237/9237/3079
f 9238/9238/3080 9239/9239/3080 9240/9240/3080
f 9241/9241/3081 9242/9242/3081 9243/9243/3081
f 9244/9244/3082 9245/9245/3082 9246/9246/3082
f 9247/9247/3083 9248/9248/3083 9249/9249/3083
f 9250/9250/3084 9251/9251/3084 9252/9252/3084
f 9253/9253/3085 9254/9254/3085 9255/9255/3085
f 9256/9256/3086 9257/9257/3086 9258/9258/3086
f 9259/9259/3087 9260/9260/3087 9261/9261/3087
f 9262/9262/3088 9263/9263/3088 9264/9264/3088
f 9265/9265/3089 9266/9266/3089 9267/9267/3089
f 9268/9268/3090 9269/9269/3090 9270/9270/3090
f 9271/9271/3091 9272/9272/3091 9273/9273/3091
f 9274/9274/3092 9275/9275/3092 9276/9276/3092
f 9277/9277/3093 9278/9278/3093 9279/9279/3093
f 9280/9280/3094 9281/9281/3094 9282/9282/3094
f 9283/9283/3095 9284/9284/3095 9285/9285/3095
f 9286/9286/3096 9287/9287/3096 9288/9288/3096
f 9289/9289/3097 9290/9290/3097 9291/9291/3097
f 9292/9292/3098 9293/9293/3098 9294/9294/3098
f 9295/9295/3099 9296/9296/3099 9297/9297/3099
f 9298/9298/3100 9299/9299/3100 9300/9300/3100
f 9301/9301/3101 9302/9302/3101 9303/9303/3101
f 9304/9304/3102 9305/9305/3102 9306/9306/3102
f 9307/9307/3103 9308/9308/3103 9309/9309/3103
f 9310/9310/3104 9311/9311/3104 9312/9312/3104
f 9313/9313/3105 9314/9314/3105 9315/9315/3105
f 9316/9316/3106 9317/9317/3106 9318/9318/3106
f 9319/9319/3107 9320/9320/3107 9321/9321/3107
f 9322/9322/3108 9323/9323/3108 9324/9324/3108
f 9325/9325/3109 9326/9326/3109 9327/9327/3109
f 9328/9328/3110 9329/9329/3110 9330/9330/3110
f 9331/9331/3111 9332/9332/3111 9333/9333/3111
f 9334/9334/3112 9335/9335/3112 9336/9336/3112
f 9337/9337/3113 9338/9338/3113 9339/9339/3113
f 9340/9340/3114 9341/9341/3114 9342/9342/3114
f 9343/9343/3115 9344/9344/3115 9345/9345/3115
f 9346/9346/3116 9347/9347/3116 9348/9348/3116
f 9349/9349/3117 9350/9350/3117 9351/9351/3117
f 9352/9352/3118 9353/9353/3118 9354/9354/3118
f 9355/9355/3119 9356/9356/3119 9357/9357/3119
f 9358/9358/3120 9359/9359/3120 9360/9360/3120
f 9361/9361/3121 9362/9362/3121 9363/9363/3121
f 9364/9364/3122 9365/9365/3122 9366/9366/3122
f 9367/9367/3123 9368/9368/3123 9369/9369/3123
f 9370/9370/3124 9371/9371/3124 9372/9372/3124
f 9373/9373/3125 9374/9374/3125 9375/9375/3125
f 9376/9376/3126 9377/9377/3126 9378/9378/3126
f 9379/9379/3127 9380/9380/3127 9381/9381/3127
f 9382/9382/3128 9383/9383/3128 9384/9384/3128
f 9385/9385/3129 9386/9386/3129 9387/9387/3129
f 9388/9388/3130 9389/9389/3130 9390/9390/3130
f 9391/9391/3131 9392/9392/3131 9393/9393/3131
f 9394/9394/3132 9395/9395/3132 9396/9396/3132
f 9397/9397/3133 9398/9398/3133 9399/9399/3133
f 9400/9400/3134 9401/9401/3134 9402/9402/3134
f 9403/9403/3135 9404/9404/3135 9405/9405/3135
f 9406/9406/3136 9407/9407/3136 9408/9408/3136
f 9409/9409/3137 9410/9410/3137 9411/9411/3137
f 9412/9412/3138 9413/9413/3138 9414/9414/3138
f 9415/9415/3139 9416/9416/3139 9417/9417/3139
f 9418/9418/3140 9419/9419/3140 9420/9420/3140
f 9421/9421/3141 9422/9422/3141 9423/9423/3141
f 9424/9424/3142 9425/9425/3142 9426/9426/3142
f 9427/9427/3143 9428/9428/3143 9429/9429/3143
f 9430/9430/3144 9431/9431/3144 9432/9432/3144
f 9433/9433/3145 9434/9434/3145 9435/9435/3145
f 9436/9436/3146 9437/9437/3146 9438/9438/3146
f 9439/9439/3147 9440/9440/3147 9441/9441/3147
f 9442/9442/3148 9443/9443/3148 9444/9444/3148
f 9445/9445/3149 9446/9446/3149 9447/9447/3149
f 9448/9448/3150 9449/9449/3150 9450/9450/3150
f 9451/9451/3151 9452/9452/3151 9453/9453/3151
f 9454/9454/3152 9455/9455/3152 9456/9456/3152
f 9457/9457/3153 9458/9458/3153 9459/9459/3153
f 9460/9460/3154 9461/9461/3154 9462/9462/3154
f 9463/9463/3155 9464/9464/3155 9465/9465/3155
f 9466/9466/3156 9467/9467/3156 9468/9468/3156
f 9469/9469/3157 9470/9470/3157 9471/9471/3157
f 9472/9472/3158 9473/9473/3158 9474/9474/3158
f 9475/9475/3159 9476/9476/3159 9477/9477/3159
f 9478/9478/3160 9479/9479/3160 9480/9480/3160
f 9481/9481/3161 9482/9482/3161 9483/9483/3161
f 9484/9484/3162 9485/9485/3162 9486/9486/3162
f 9487/9487/3163 9488/9488/3163 9489/9489/3163
f 9490/9490/3164 9491/9491/3164 9492/9492/3164
f 9493/9493/3165 9494/9494/3165 9495/9495/3165
f 9496/9496/3166 9497/9497/3166 9498/9498/3166
f 9499/9499/3167 9500/9500/3167 9501/9501/3167
f 9502/9502/3168 9503/9503/3168 9504/9504/3168
f 9505/9505/3169 9506/9506/3169 9507/9507/3169
f 9508/9508/3170 9509/9509/3170 9510/9510/3170
f 9511/9511/3171 9512/9512/3171 9513/9513/3171
f 9514/9514/3172 9515/9515/3172 9516/9516/3172
f 9517/9517/3173 9518/9518/3173 9519/9519/3173
f 9520/9520/3174 9521/9521/3174 9522/9522/3174
f 9523/9523/3175 9524/9524/3175 9525/9525/3175
f 9526/9526/3176 9527/9527/3176 9528/9528/3176
f 9529/9529/3177 9530/9530/3177 9531/9531/3177
f 9532/9532/3178 9533/9533/3178 9534/9534/3178
f 9535/9535/3179 9536/9536/3179 9537/9537/3179
f 9538/9538/3180 9539/9539/3180 9540/9540/3180
f 9541/9541/3181 9542/9542/3181 9543/9543/3181
f 9544/9544/3182 9545/9545/3182 9546/9546/3182
f 9547/9547/3183 9548/9548/3183 9549/9549/3183
f 9550/9550/3184 9551/9551/3184 9552/9552/3184
f 9553/9553/3185 9554/9554/3185 9555/9555/3185
f 9556/9556/3186 9557/9557/3186 9558/9558/3186
f 9559/9559/3187 9560/9560/3187 9561/9561/3187
f 9562/9562/3188 9563/9563/3188 9564/9564/3188
f 9565/9565/3189 9566/9566/3189 9567/9567/3189
f 9568/9568/3190 9569/9569/3190 9570/9570/3190
f 9571/9571/3191 9572/9572/3191 9573/9573/3191
f 9574/9574/3192 9575/9575/3192 9576/9576/3192