v -3.30000 8.60359 2.31706
v -2.32164 9.00372 2.82550
v -2.26780 8.60201 2.31706
v -3.30000 9.27939 2.31706
v -2.67728 9.48041 3.28791
v -2.32164 9.00372 2.82550
v -3.30000 10.02261 2.31706
v -3.30000 9.50256 3.44294
v -2.67728 9.48041 3.28791
v -3.30000 9.65711 2.31706
v -3.76089 8.14715 3.03562
v -3.30000 9.50256 3.44294
v -3.30000 9.22417 2.31706
v -4.32449 9.22313 2.84947
v -3.76089 8.14715 3.03562
v -3.30000 8.74195 2.31706
v -4.56360 9.55525 2.31706
v -4.32449 9.22313 2.84947
v -3.30000 10.33290 2.31706
v -4.30986 9.15354 1.79226
v -4.56360 9.55525 2.31706
v -3.30000 9.65711 2.31706
v -3.82519 8.67685 1.49828
v -4.30986 9.15354 1.79226
v -3.30000 8.91388 2.31706
v -3.30000 8.65470 1.37645
v -3.82519 8.67685 1.49828
v -3.30000 9.27939 2.31706
v -2.61299 10.01011 1.24599
v -3.30000 8.65470 1.37645
v -3.30000 9.71233 2.31706
v -2.33627 8.93413 1.81623
v -2.61299 10.01011 1.24599
v -3.30000 10.19454 2.31706
v -2.26780 8.60201 2.31706
v -2.33627 8.93413 1.81623
v -2.26780 8.60201 2.31706
v -2.32164 9.00372 2.82550
v -1.22933 7.88313 2.31706
v -2.32164 9.00372 2.82550
v -1.10486 8.67500 3.45784
v -1.22933 7.88313 2.31706
v -2.32164 9.00372 2.82550
v -2.67728 9.48041 3.28791
v -1.10486 8.67500 3.45784
v -2.67728 9.48041 3.28791
v -2.33849 7.63120 3.81611
v -1.10486 8.67500 3.45784
v -2.67728 9.48041 3.28791
v -3.30000 9.50256 3.44294
v -2.33849 7.63120 3.81611
v -3.30000 9.50256 3.44294
v -3.30000 7.68705 4.07747
v -2.33849 7.63120 3.81611
v -3.30000 9.50256 3.44294
v -3.76089 8.14715 3.03562
v -3.30000 7.68705 4.07747
v -3.76089 8.14715 3.03562
v -4.36861 7.99670 3.98308
v -3.30000 7.68705 4.07747
v -3.76089 8.14715 3.03562
v -4.32449 9.22313 2.84947
v -4.36861 7.99670 3.98308
v -4.32449 9.22313 2.84947
v -5.33766 8.36471 3.37600
v -4.36861 7.99670 3.98308
v -4.32449 9.22313 2.84947
v -4.56360 9.55525 2.31706
v -5.33766 8.36471 3.37600
v -4.56360 9.55525 2.31706
v -5.47142 8.05506 2.31706
v -5.33766 8.36471 3.37600
v -4.56360 9.55525 2.31706
v -4.30986 9.15354 1.79226
v -5.47142 8.05506 2.31706
v -4.30986 9.15354 1.79226
v -4.77861 7.26319 1.54865
v -5.47142 8.05506 2.31706
v -4.30986 9.15354 1.79226
v -3.82519 8.67685 1.49828
v -4.77861 7.26319 1.54865
v -3.82519 8.67685 1.49828
v -4.45953 8.30699 0.50930
v -4.77861 7.26319 1.54865
v -3.82519 8.67685 1.49828
v -3.30000 8.65470 1.37645
v -4.45953 8.30699 0.50930
v -3.30000 8.65470 1.37645
v -3.30000 8.25114 0.25910
v -4.45953 8.30699 0.50930
v -3.30000 8.65470 1.37645
v -2.61299 10.01011 1.24599
v -3.30000 8.25114 0.25910
v -2.61299 10.01011 1.24599
v -2.24757 7.94148 0.67627
v -3.30000 8.25114 0.25910
v -2.61299 10.01011 1.24599
v -2.33627 8.93413 1.81623
v -2.24757 7.94148 0.67627
v -2.33627 8.93413 1.81623
v -1.66391 7.57348 1.46681
v -2.24757 7.94148 0.67627
v -2.33627 8.93413 1.81623
v -2.26780 8.60201 2.31706
v -1.66391 7.57348 1.46681
v -2.26780 8.60201 2.31706
v -1.22933 7.88313 2.31706
v -1.66391 7.57348 1.46681
v -1.22933 7.88313 2.31706
v -1.10486 8.67500 3.45784
v -0.40900 6.39318 2.31706
v -1.10486 8.67500 3.45784
v -0.97185 6.24992 3.52696
v -0.40900 6.39318 2.31706
v -1.10486 8.67500 3.45784
v -2.33849 7.63120 3.81611
v -0.97185 6.24992 3.52696
v -2.33849 7.63120 3.81611
v -2.07649 6.07937 4.22457
v -0.97185 6.24992 3.52696
v -2.33849 7.63120 3.81611
v -3.30000 7.68705 4.07747
v -2.07649 6.07937 4.22457
v -3.30000 7.68705 4.07747
v -3.30000 6.39819 4.92569
v -2.07649 6.07937 4.22457
v -3.30000 7.68705 4.07747
v -4.36861 7.99670 3.98308
v -3.30000 6.39819 4.92569
v -4.36861 7.99670 3.98308
v -4.91206 6.62863 4.83035
v -3.30000 6.39819 4.92569
v -4.36861 7.99670 3.98308
v -5.33766 8.36471 3.37600
v -4.91206 6.62863 4.83035
v -5.33766 8.36471 3.37600
v -5.35932 6.03051 3.38726
v -4.91206 6.62863 4.83035
v -5.33766 8.36471 3.37600
v -5.47142 8.05506 2.31706
v -5.35932 6.03051 3.38726
v -5.47142 8.05506 2.31706
v -5.95156 6.22394 2.31706
v -5.35932 6.03051 3.38726
v -5.47142 8.05506 2.31706
v -4.77861 7.26319 1.54865
v -5.95156 6.22394 2.31706
v -4.77861 7.26319 1.54865
v -5.77185 6.36719 1.03249
v -5.95156 6.22394 2.31706
v -4.77861 7.26319 1.54865
v -4.45953 8.30699 0.50930
v -5.77185 6.36719 1.03249
v -4.45953 8.30699 0.50930
v -4.84777 6.53775 -0.09599
v -5.77185 6.36719 1.03249
v -4.45953 8.30699 0.50930
v -3.30000 8.25114 0.25910
v -4.84777 6.53775 -0.09599
v -3.30000 8.25114 0.25910
v -3.30000 6.21892 -0.06326
v -4.84777 6.53775 -0.09599
v -3.30000 8.25114 0.25910
v -2.24757 7.94148 0.67627
v -3.30000 6.21892 -0.06326
v -2.24757 7.94148 0.67627
v -2.14078 5.98848 0.50979
v -3.30000 6.21892 -0.06326
v -2.24757 7.94148 0.67627
v -1.66391 7.57348 1.46681
v -2.14078 5.98848 0.50979
v -1.66391 7.57348 1.46681
v -0.55932 6.58660 0.89278
v -2.14078 5.98848 0.50979
v -1.66391 7.57348 1.46681
v -1.22933 7.88313 2.31706
v -0.55932 6.58660 0.89278
v -1.22933 7.88313 2.31706
v -0.40900 6.39318 2.31706
v -0.55932 6.58660 0.89278
v -0.40900 6.39318 2.31706
v -0.97185 6.24992 3.52696
v -0.62527 4.34982 2.31706
v -0.97185 6.24992 3.52696
v -0.97995 4.34982 3.52275
v -0.62527 4.34982 2.31706
v -0.97185 6.24992 3.52696
v -2.07649 6.07937 4.22457
v -0.97995 4.34982 3.52275
v -2.07649 6.07937 4.22457
v -1.54683 4.34982 5.05034
v -0.97995 4.34982 3.52275
v -2.07649 6.07937 4.22457
v -3.30000 6.39819 4.92569
v -1.54683 4.34982 5.05034
v -3.30000 6.39819 4.92569
v -3.30000 4.34982 5.02219
v -1.54683 4.34982 5.05034
v -3.30000 6.39819 4.92569
v -4.91206 6.62863 4.83035
v -3.30000 4.34982 5.02219
v -4.91206 6.62863 4.83035
v -4.72829 4.34982 4.54383
v -3.30000 4.34982 5.02219
v -4.91206 6.62863 4.83035
v -5.35932 6.03051 3.38726
v -4.72829 4.34982 4.54383
v -5.35932 6.03051 3.38726
v -5.62005 4.34982 3.52275
v -4.72829 4.34982 4.54383
v -5.35932 6.03051 3.38726
v -5.95156 6.22394 2.31706
v -5.62005 4.34982 3.52275
v -5.95156 6.22394 2.31706
v -6.62449 4.34982 2.31706
v -5.62005 4.34982 3.52275
v -5.95156 6.22394 2.31706
v -5.77185 6.36719 1.03249
v -6.62449 4.34982 2.31706
v -5.77185 6.36719 1.03249
v -6.17543 4.34982 0.82275
v -6.62449 4.34982 2.31706
v -5.77185 6.36719 1.03249
v -4.84777 6.53775 -0.09599
v -6.17543 4.34982 0.82275
v -4.84777 6.53775 -0.09599
v -4.54644 4.34982 0.37380
v -6.17543 4.34982 0.82275
v -4.84777 6.53775 -0.09599
v -3.30000 6.21892 -0.06326
v -4.54644 4.34982 0.37380
v -3.30000 6.21892 -0.06326
v -3.30000 4.34982 -0.37781
v -4.54644 4.34982 0.37380
v -3.30000 6.21892 -0.06326
v -2.14078 5.98848 0.50979
v -3.30000 4.34982 -0.37781
v -2.14078 5.98848 0.50979
v -1.72867 4.34982 -0.13271
v -3.30000 4.34982 -0.37781
v -2.14078 5.98848 0.50979
v -0.55932 6.58660 0.89278
v -1.72867 4.34982 -0.13271
v -0.55932 6.58660 0.89278
v -0.42457 4.34982 0.82275
v -1.72867 4.34982 -0.13271
v -0.55932 6.58660 0.89278
v -0.40900 6.39318 2.31706
v -0.42457 4.34982 0.82275
v -0.40900 6.39318 2.31706
v -0.62527 4.34982 2.31706
v -0.42457 4.34982 0.82275
v -0.62527 4.34982 2.31706
v -0.97995 4.34982 3.52275
v -0.41872 2.31333 2.31706
v -0.97995 4.34982 3.52275
v -0.76038 2.27713 3.63686
v -0.41872 2.31333 2.31706
v -0.97995 4.34982 3.52275
v -1.54683 4.34982 5.05034
v -0.76038 2.27713 3.63686
v -1.54683 4.34982 5.05034
v -1.80280 2.23338 4.65127
v -0.76038 2.27713 3.63686
v -1.54683 4.34982 5.05034
v -3.30000 4.34982 5.02219
v -1.80280 2.23338 4.65127
v -3.30000 4.34982 5.02219
v -3.30000 2.69345 4.42648
v -1.80280 2.23338 4.65127
v -3.30000 4.34982 5.02219
v -4.72829 4.34982 4.54383
v -3.30000 2.69345 4.42648
v -4.72829 4.34982 4.54383
v -4.63837 2.45790 4.40365
v -3.30000 2.69345 4.42648
v -4.72829 4.34982 4.54383
v -5.62005 4.34982 3.52275
v -4.63837 2.45790 4.40365
v -5.62005 4.34982 3.52275
v -6.10846 2.05772 3.77657
v -4.63837 2.45790 4.40365
v -5.62005 4.34982 3.52275
v -6.62449 4.34982 2.31706
v -6.10846 2.05772 3.77657
v -6.62449 4.34982 2.31706
v -5.96128 2.46883 2.31706
v -6.10846 2.05772 3.77657
v -6.62449 4.34982 2.31706
v -6.17543 4.34982 0.82275
v -5.96128 2.46883 2.31706
v -6.17543 4.34982 0.82275
v -5.56037 2.50504 1.14239
v -5.96128 2.46883 2.31706
v -6.17543 4.34982 0.82275
v -4.54644 4.34982 0.37380
v -5.56037 2.50504 1.14239
v -4.54644 4.34982 0.37380
v -4.57408 2.54879 0.33071
v -5.56037 2.50504 1.14239
v -4.54644 4.34982 0.37380
v -3.30000 4.34982 -0.37781
v -4.57408 2.54879 0.33071
v -3.30000 4.34982 -0.37781
v -3.30000 2.08872 -0.56247
v -4.57408 2.54879 0.33071
v -3.30000 4.34982 -0.37781
v -1.72867 4.34982 -0.13271
v -3.30000 2.08872 -0.56247
v -1.72867 4.34982 -0.13271
v -1.86709 2.32426 0.08309
v -3.30000 2.08872 -0.56247
v -1.72867 4.34982 -0.13271
v -0.42457 4.34982 0.82275
v -1.86709 2.32426 0.08309
v -0.42457 4.34982 0.82275
v -1.30846 2.72444 1.28210
v -1.86709 2.32426 0.08309
v -0.42457 4.34982 0.82275
v -0.62527 4.34982 2.31706
v -1.30846 2.72444 1.28210
v -0.62527 4.34982 2.31706
v -0.41872 2.31333 2.31706
v -1.30846 2.72444 1.28210
v -0.41872 2.31333 2.31706
v -0.76038 2.27713 3.63686
v -0.80369 0.09022 2.31706
v -0.76038 2.27713 3.63686
v -1.54369 0.88930 3.22979
v -0.80369 0.09022 2.31706
v -0.76038 2.27713 3.63686
v -1.80280 2.23338 4.65127
v -1.54369 0.88930 3.22979
v -1.80280 2.23338 4.65127
v -2.39383 1.25730 3.72983
v -1.54369 0.88930 3.22979
v -1.80280 2.23338 4.65127
v -3.30000 2.69345 4.42648
v -2.39383 1.25730 3.72983
v -3.30000 2.69345 4.42648
v -3.30000 0.45822 4.36991
v -2.39383 1.25730 3.72983
v -3.30000 2.69345 4.42648
v -4.63837 2.45790 4.40365
v -3.30000 0.45822 4.36991
v -4.63837 2.45790 4.40365
v -4.42395 0.51408 4.06936
v -3.30000 0.45822 4.36991
v -4.63837 2.45790 4.40365
v -6.10846 2.05772 3.77657
v -4.42395 0.51408 4.06936
v -6.10846 2.05772 3.77657
v -5.21379 0.57901 3.31163
v -4.42395 0.51408 4.06936
v -6.10846 2.05772 3.77657
v -5.96128 2.46883 2.31706
v -5.21379 0.57901 3.31163
v -5.96128 2.46883 2.31706
v -5.04579 1.37088 2.31706
v -5.21379 0.57901 3.31163
v -5.96128 2.46883 2.31706
v -5.56037 2.50504 1.14239
v -5.04579 1.37088 2.31706
v -5.56037 2.50504 1.14239
v -5.21745 0.57179 1.32060
v -5.04579 1.37088 2.31706
v -5.56037 2.50504 1.14239
v -4.57408 2.54879 0.33071
v -5.21745 0.57179 1.32060
v -4.57408 2.54879 0.33071
v -4.51487 0.20379 0.42302
v -5.21745 0.57179 1.32060
v -4.57408 2.54879 0.33071
v -3.30000 2.08872 -0.56247
v -4.51487 0.20379 0.42302
v -3.30000 2.08872 -0.56247
v -3.30000 1.00287 0.55153
v -4.51487 0.20379 0.42302
v -3.30000 2.08872 -0.56247
v -1.86709 2.32426 0.08309
v -3.30000 1.00287 0.55153
v -1.86709 2.32426 0.08309
v -2.30291 0.94702 0.76255
v -3.30000 1.00287 0.55153
v -1.86709 2.32426 0.08309
v -1.30846 2.72444 1.28210
v -2.30291 0.94702 0.76255
v -1.30846 2.72444 1.28210
v -1.54003 0.88208 1.40244
v -2.30291 0.94702 0.76255
v -1.30846 2.72444 1.28210
v -0.41872 2.31333 2.31706
v -1.54003 0.88208 1.40244
v -0.41872 2.31333 2.31706
v -0.80369 0.09022 2.31706
v -1.54003 0.88208 1.40244
v -0.80369 0.09022 2.31706
v -1.54369 0.88930 3.22979
v -2.26613 0.09076 2.31706
v -1.54369 0.88930 3.22979
v -2.35792 -0.13149 2.80665
v -2.26613 0.09076 2.31706
v -1.54369 0.88930 3.22979
v -2.39383 1.25730 3.72983
v -2.35792 -0.13149 2.80665
v -2.39383 1.25730 3.72983
v -2.72424 -0.39388 3.21470
v -2.35792 -0.13149 2.80665
v -2.39383 1.25730 3.72983
v -3.30000 0.45822 4.36991
v -2.72424 -0.39388 3.21470
v -3.30000 0.45822 4.36991
v -3.30000 -1.19492 3.52859
v -2.72424 -0.39388 3.21470
v -3.30000 0.45822 4.36991
v -4.42395 0.51408 4.06936
v -3.30000 -1.19492 3.52859
v -4.42395 0.51408 4.06936
v -3.80785 0.16560 3.10883
v -3.30000 -1.19492 3.52859
v -4.42395 0.51408 4.06936
v -5.21379 0.57901 3.31163
v -3.80785 0.16560 3.10883
v -5.21379 0.57901 3.31163
v -4.19596 0.08792 2.78268
v -3.80785 0.16560 3.10883
v -5.21379 0.57901 3.31163
v -5.04579 1.37088 2.31706
v -4.19596 0.08792 2.78268
v -5.04579 1.37088 2.31706
v -4.56193 -0.84874 2.31706
v -4.19596 0.08792 2.78268
v -5.04579 1.37088 2.31706
v -5.21745 0.57179 1.32060
v -4.56193 -0.84874 2.31706
v -5.21745 0.57179 1.32060
v -4.34614 -0.62649 1.77340
v -4.56193 -0.84874 2.31706
v -5.21745 0.57179 1.32060
v -4.51487 0.20379 0.42302
v -4.34614 -0.62649 1.77340
v -4.51487 0.20379 0.42302
v -3.87214 -0.36410 1.42507
v -4.34614 -0.62649 1.77340
v -4.51487 0.20379 0.42302
v -3.30000 1.00287 0.55153
v -3.87214 -0.36410 1.42507
v -3.30000 1.00287 0.55153
v -3.30000 0.43694 1.46210
v -3.87214 -0.36410 1.42507
v -3.30000 1.00287 0.55153
v -2.30291 0.94702 0.76255
v -3.30000 0.43694 1.46210
v -2.30291 0.94702 0.76255
v -2.65995 -0.92357 1.31920
v -3.30000 0.43694 1.46210
v -2.30291 0.94702 0.76255
v -1.54003 0.88208 1.40244
v -2.65995 -0.92357 1.31920
v -1.54003 0.88208 1.40244
v -2.20773 -0.84589 1.74943
v -2.65995 -0.92357 1.31920
v -1.54003 0.88208 1.40244
v -0.80369 0.09022 2.31706
v -2.20773 -0.84589 1.74943
v -0.80369 0.09022 2.31706
v -2.26613 0.09076 2.31706
v -2.20773 -0.84589 1.74943
v -2.26613 0.09076 2.31706
v -2.35792 -0.13149 2.80665
v -3.30000 -0.04231 2.31706
v -2.35792 -0.13149 2.80665
v -2.72424 -0.39388 3.21470
v -3.30000 -1.63326 2.31706
v -2.72424 -0.39388 3.21470
v -3.30000 -1.19492 3.52859
v -3.30000 -0.95746 2.31706
v -3.30000 -1.19492 3.52859
v -3.80785 0.16560 3.10883
v -3.30000 -0.21424 2.31706
v -3.80785 0.16560 3.10883
v -4.19596 0.08792 2.78268
v -3.30000 -0.57975 2.31706
v -4.19596 0.08792 2.78268
v -4.56193 -0.84874 2.31706
v -3.30000 -1.01268 2.31706
v -4.56193 -0.84874 2.31706
v -4.34614 -0.62649 1.77340
v -3.30000 -1.49490 2.31706
v -4.34614 -0.62649 1.77340
v -3.87214 -0.36410 1.42507
v -3.30000 0.09605 2.31706
v -3.87214 -0.36410 1.42507
v -3.30000 0.43694 1.46210
v -3.30000 -0.57975 2.31706
v -3.30000 0.43694 1.46210
v -2.65995 -0.92357 1.31920
v -3.30000 -1.32297 2.31706
v -2.65995 -0.92357 1.31920
v -2.20773 -0.84589 1.74943
v -3.30000 -0.95746 2.31706
v -2.20773 -0.84589 1.74943
v -2.26613 0.09076 2.31706
v -3.30000 -0.52453 2.31706
v -5.80000 9.63982 2.01754
v -4.97345 8.99821 2.47848
v -4.76247 9.42757 2.01754
v -5.80000 9.48220 2.01754
v -5.25753 9.67243 2.92510
v -4.97345 8.99821 2.47848
v -5.80000 10.09560 2.01754
v -5.80000 10.59708 3.23840
v -5.25753 9.67243 2.92510
v -5.80000 10.61580 2.01754
v -6.26732 8.89605 2.79937
v -5.80000 10.59708 3.23840
v -5.80000 10.36499 2.01754
v -6.66953 9.25460 2.50245
v -6.26732 8.89605 2.79937
v -5.80000 8.85419 2.01754
v -6.90186 9.75988 2.01754
v -6.66953 9.25460 2.50245
v -5.80000 10.45818 2.01754
v -6.82622 10.18924 1.44524
v -6.90186 9.75988 2.01754
v -5.80000 10.61580 2.01754
v -6.32723 9.51501 1.13546
v -6.82622 10.18924 1.44524
v -5.80000 10.00240 2.01754
v -5.80000 8.59036 1.17191
v -6.32723 9.51501 1.13546
v -5.80000 9.48220 2.01754
v -5.19762 10.29140 1.00974
v -5.80000 8.59036 1.17191
v -5.80000 9.73302 2.01754
v -4.81676 9.93285 1.46921
v -5.19762 10.29140 1.00974
v -5.80000 11.24381 2.01754
v -4.76247 9.42757 2.01754
v -4.81676 9.93285 1.46921
v -4.76247 9.42757 2.01754
v -4.97345 8.99821 2.47848
v -4.09176 7.72309 2.01754
v -4.97345 8.99821 2.47848
v -3.80602 8.99452 3.12953
v -4.09176 7.72309 2.01754
v -4.97345 8.99821 2.47848
v -5.25753 9.67243 2.92510
v -3.80602 8.99452 3.12953
v -5.25753 9.67243 2.92510
v -4.79331 8.37601 3.70175
v -3.80602 8.99452 3.12953
v -5.25753 9.67243 2.92510
v -5.80000 10.59708 3.23840
v -4.79331 8.37601 3.70175
v -5.80000 10.59708 3.23840
v -5.80000 8.09516 3.83552
v -4.79331 8.37601 3.70175
v -5.80000 10.59708 3.23840
v -6.26732 8.89605 2.79937
v -5.80000 8.09516 3.83552
v -6.26732 8.89605 2.79937
v -6.68513 7.85580 3.49838
v -5.80000 8.09516 3.83552
v -6.26732 8.89605 2.79937
v -6.66953 9.25460 2.50245
v -6.68513 7.85580 3.49838
v -6.66953 9.25460 2.50245
v -7.64722 8.63194 3.04769
v -6.68513 7.85580 3.49838
v -6.66953 9.25460 2.50245
v -6.90186 9.75988 2.01754
v -7.64722 8.63194 3.04769
v -6.90186 9.75988 2.01754
v -8.04486 8.87130 2.01754
v -7.64722 8.63194 3.04769
v -6.90186 9.75988 2.01754
v -6.82622 10.18924 1.44524
v -8.04486 8.87130 2.01754
v -6.82622 10.18924 1.44524
v -7.22950 7.59987 1.22034
v -8.04486 8.87130 2.01754
v -6.82622 10.18924 1.44524
v -6.32723 9.51501 1.13546
v -7.22950 7.59987 1.22034
v -6.32723 9.51501 1.13546
v -6.76986 8.21839 0.39494
v -7.22950 7.59987 1.22034
v -6.32723 9.51501 1.13546
v -5.80000 8.59036 1.17191
v -6.76986 8.21839 0.39494
v -5.80000 8.59036 1.17191
v -5.80000 8.49923 0.01714
v -6.76986 8.21839 0.39494
v -5.80000 8.59036 1.17191
v -5.19762 10.29140 1.00974
v -5.80000 8.49923 0.01714
v -5.19762 10.29140 1.00974
v -4.70858 8.73859 0.19157
v -5.80000 8.49923 0.01714
v -5.19762 10.29140 1.00974
v -4.81676 9.93285 1.46921
v -4.70858 8.73859 0.19157
v -4.81676 9.93285 1.46921
v -4.22375 7.96245 1.13850
v -4.70858 8.73859 0.19157
v -4.81676 9.93285 1.46921
v -4.76247 9.42757 2.01754
v -4.22375 7.96245 1.13850
v -4.76247 9.42757 2.01754
v -4.09176 7.72309 2.01754
v -4.22375 7.96245 1.13850
v -4.09176 7.72309 2.01754
v -3.80602 8.99452 3.12953
v -3.06722 6.49001 2.01754
v -3.80602 8.99452 3.12953
v -3.37324 6.55153 3.37088
v -3.06722 6.49001 2.01754
v -3.80602 8.99452 3.12953
v -4.79331 8.37601 3.70175
v -3.37324 6.55153 3.37088
v -4.79331 8.37601 3.70175
v -4.67921 6.05466 3.89264
v -3.37324 6.55153 3.37088
v -4.79331 8.37601 3.70175
v -5.80000 8.09516 3.83552
v -4.67921 6.05466 3.89264
v -5.80000 8.09516 3.83552
v -5.80000 6.19831 4.33927
v -4.67921 6.05466 3.89264
v -5.80000 8.09516 3.83552
v -6.68513 7.85580 3.49838
v -5.80000 6.19831 4.33927
v -6.68513 7.85580 3.49838
v -7.32160 6.76515 4.56322
v -5.80000 6.19831 4.33927
v -6.68513 7.85580 3.49838
v -7.64722 8.63194 3.04769
v -7.32160 6.76515 4.56322
v -7.64722 8.63194 3.04769
v -7.97624 6.29514 3.23117
v -7.32160 6.76515 4.56322
v -7.64722 8.63194 3.04769
v -8.04486 8.87130 2.01754
v -7.97624 6.29514 3.23117
v -8.04486 8.87130 2.01754
v -8.23219 6.22360 2.01754
v -7.97624 6.29514 3.23117
v -8.04486 8.87130 2.01754
v -7.22950 7.59987 1.22034
v -8.23219 6.22360 2.01754
v -7.22950 7.59987 1.22034
v -7.84623 6.16208 0.87641
v -8.23219 6.22360 2.01754
v -7.22950 7.59987 1.22034
v -6.76986 8.21839 0.39494
v -7.84623 6.16208 0.87641
v -6.76986 8.21839 0.39494
v -7.26169 6.65895 -0.42791
v -7.84623 6.16208 0.87641
v -6.76986 8.21839 0.39494
v -5.80000 8.49923 0.01714
v -7.26169 6.65895 -0.42791
v -5.80000 8.49923 0.01714
v -5.80000 6.51531 -0.64968
v -7.26169 6.65895 -0.42791
v -5.80000 8.49923 0.01714
v -4.70858 8.73859 0.19157
v -5.80000 6.51531 -0.64968
v -4.70858 8.73859 0.19157
v -4.73912 5.94846 0.24266
v -5.80000 6.51531 -0.64968
v -4.70858 8.73859 0.19157
v -4.22375 7.96245 1.13850
v -4.73912 5.94846 0.24266
v -4.22375 7.96245 1.13850
v -3.50325 6.41847 0.73670
v -4.73912 5.94846 0.24266
v -4.22375 7.96245 1.13850
v -4.09176 7.72309 2.01754
v -3.50325 6.41847 0.73670
v -4.09176 7.72309 2.01754
v -3.06722 6.49001 2.01754
v -3.50325 6.41847 0.73670
v -3.06722 6.49001 2.01754
v -3.37324 6.55153 3.37088
v -3.02652 4.06796 2.01754
v -3.37324 6.55153 3.37088
v -3.77810 4.06796 3.14510
v -3.02652 4.06796 2.01754
v -3.37324 6.55153 3.37088
v -4.67921 6.05466 3.89264
v -3.77810 4.06796 3.14510
v -4.67921 6.05466 3.89264
v -4.30675 4.06796 4.51577
v -3.77810 4.06796 3.14510
v -4.67921 6.05466 3.89264
v -5.80000 6.19831 4.33927
v -4.30675 4.06796 4.51577
v -5.80000 6.19831 4.33927
v -5.80000 4.06796 4.87890
v -4.30675 4.06796 4.51577
v -5.80000 6.19831 4.33927
v -7.32160 6.76515 4.56322
v -5.80000 4.06796 4.87890
v -7.32160 6.76515 4.56322
v -7.27147 4.06796 4.47934
v -5.80000 4.06796 4.87890
v -7.32160 6.76515 4.56322
v -7.97624 6.29514 3.23117
v -7.27147 4.06796 4.47934
v -7.97624 6.29514 3.23117
v -7.82190 4.06796 3.14510
v -7.27147 4.06796 4.47934
v -7.97624 6.29514 3.23117
v -8.23219 6.22360 2.01754
v -7.82190 4.06796 3.14510
v -8.23219 6.22360 2.01754
v -8.61704 4.06796 2.01754
v -7.82190 4.06796 3.14510
v -8.23219 6.22360 2.01754
v -7.84623 6.16208 0.87641
v -8.61704 4.06796 2.01754
v -7.84623 6.16208 0.87641
v -8.61963 4.06796 0.44510
v -8.61704 4.06796 2.01754
v -7.84623 6.16208 0.87641
v -7.26169 6.65895 -0.42791
v -8.61963 4.06796 0.44510
v -7.26169 6.65895 -0.42791
v -7.10201 4.06796 -0.16077
v -8.61963 4.06796 0.44510
v -7.26169 6.65895 -0.42791
v -5.80000 6.51531 -0.64968
v -7.10201 4.06796 -0.16077
v -5.80000 6.51531 -0.64968
v -5.80000 4.06796 -0.52110
v -7.10201 4.06796 -0.16077
v -5.80000 6.51531 -0.64968
v -4.73912 5.94846 0.24266
v -5.80000 4.06796 -0.52110
v -4.73912 5.94846 0.24266
v -4.47621 4.06796 -0.19720
v -5.80000 4.06796 -0.52110
v -4.73912 5.94846 0.24266
v -3.50325 6.41847 0.73670
v -4.47621 4.06796 -0.19720
v -3.50325 6.41847 0.73670
v -2.98037 4.06796 0.44510
v -4.47621 4.06796 -0.19720
v -3.50325 6.41847 0.73670
v -3.06722 6.49001 2.01754
v -2.98037 4.06796 0.44510
v -3.06722 6.49001 2.01754
v -3.02652 4.06796 2.01754
v -2.98037 4.06796 0.44510
v -3.02652 4.06796 2.01754
v -3.77810 4.06796 3.14510
v -3.35241 1.89867 2.01754
v -3.77810 4.06796 3.14510
v -3.59156 1.80782 3.24913
v -3.35241 1.89867 2.01754
v -3.77810 4.06796 3.14510
v -4.30675 4.06796 4.51577
v -3.59156 1.80782 3.24913
v -4.30675 4.06796 4.51577
v -4.28610 1.38442 4.55034
v -3.59156 1.80782 3.24913
v -4.30675 4.06796 4.51577
v -5.80000 4.06796 4.87890
v -4.28610 1.38442 4.55034
v -5.80000 4.06796 4.87890
v -5.80000 1.97056 4.30336
v -4.28610 1.38442 4.55034
v -5.80000 4.06796 4.87890
v -7.27147 4.06796 4.47934
v -5.80000 1.97056 4.30336
v -7.27147 4.06796 4.47934
v -6.92849 2.06761 3.90552
v -5.80000 1.97056 4.30336
v -7.27147 4.06796 4.47934
v -7.82190 4.06796 3.14510
v -6.92849 2.06761 3.90552
v -7.82190 4.06796 3.14510
v -8.25896 1.55144 3.38884
v -6.92849 2.06761 3.90552
v -7.82190 4.06796 3.14510
v -8.61704 4.06796 2.01754
v -8.25896 1.55144 3.38884
v -8.61704 4.06796 2.01754
v -8.51738 1.65955 2.01754
v -8.25896 1.55144 3.38884
v -8.61704 4.06796 2.01754
v -8.61963 4.06796 0.44510
v -8.51738 1.65955 2.01754
v -8.61963 4.06796 0.44510
v -8.06455 1.75040 0.75465
v -8.51738 1.65955 2.01754
v -8.61963 4.06796 0.44510
v -7.10201 4.06796 -0.16077
v -8.06455 1.75040 0.75465
v -7.10201 4.06796 -0.16077
v -6.86858 2.17381 0.22978
v -8.06455 1.75040 0.75465
v -7.10201 4.06796 -0.16077
v -5.80000 4.06796 -0.52110
v -6.86858 2.17381 0.22978
v -5.80000 4.06796 -0.52110
v -5.80000 1.58766 -0.68559
v -6.86858 2.17381 0.22978
v -5.80000 4.06796 -0.52110
v -4.47621 4.06796 -0.19720
v -5.80000 1.58766 -0.68559
v -4.47621 4.06796 -0.19720
v -4.34601 1.49062 -0.41503
v -5.80000 1.58766 -0.68559
v -4.47621 4.06796 -0.19720
v -2.98037 4.06796 0.44510
v -4.34601 1.49062 -0.41503
v -2.98037 4.06796 0.44510
v -3.78597 2.00679 0.89436
v -4.34601 1.49062 -0.41503
v -2.98037 4.06796 0.44510
v -3.02652 4.06796 2.01754
v -3.78597 2.00679 0.89436
v -3.02652 4.06796 2.01754
v -3.35241 1.89867 2.01754
v -3.78597 2.00679 0.89436
v -3.35241 1.89867 2.01754
v -3.59156 1.80782 3.24913
v -3.53337 -0.78198 2.01754
v -3.59156 1.80782 3.24913
v -3.97164 -0.44942 3.03717
v -3.53337 -0.78198 2.01754
v -3.59156 1.80782 3.24913
v -4.28610 1.38442 4.55034
v -3.97164 -0.44942 3.03717
v -4.28610 1.38442 4.55034
v -4.92576 0.32671 3.48016
v -3.97164 -0.44942 3.03717
v -4.28610 1.38442 4.55034
v -5.80000 1.97056 4.30336
v -4.92576 0.32671 3.48016
v -5.80000 1.97056 4.30336
v -5.80000 -0.00584 3.85656
v -4.92576 0.32671 3.48016
v -5.80000 1.97056 4.30336
v -6.92849 2.06761 3.90552
v -5.80000 -0.00584 3.85656
v -6.92849 2.06761 3.90552
v -6.81758 -0.28669 3.71997
v -5.80000 -0.00584 3.85656
v -6.92849 2.06761 3.90552
v -8.25896 1.55144 3.38884
v -6.81758 -0.28669 3.71997
v -8.25896 1.55144 3.38884
v -7.77511 -0.81201 3.11901
v -6.81758 -0.28669 3.71997
v -8.25896 1.55144 3.38884
v -8.51738 1.65955 2.01754
v -7.77511 -0.81201 3.11901
v -8.51738 1.65955 2.01754
v -7.48646 0.45943 2.01754
v -7.77511 -0.81201 3.11901
v -8.51738 1.65955 2.01754
v -8.06455 1.75040 0.75465
v -7.48646 0.45943 2.01754
v -8.06455 1.75040 0.75465
v -7.39511 0.12687 1.12798
v -7.48646 0.45943 2.01754
v -8.06455 1.75040 0.75465
v -6.86858 2.17381 0.22978
v -7.39511 0.12687 1.12798
v -6.86858 2.17381 0.22978
v -6.90231 -0.64927 0.17335
v -7.39511 0.12687 1.12798
v -6.86858 2.17381 0.22978
v -5.80000 1.58766 -0.68559
v -6.90231 -0.64927 0.17335
v -5.80000 1.58766 -0.68559
v -5.80000 -0.31671 0.03818
v -6.90231 -0.64927 0.17335
v -5.80000 1.58766 -0.68559
v -4.34601 1.49062 -0.41503
v -5.80000 -0.31671 0.03818
v -4.34601 1.49062 -0.41503
v -4.84103 -0.03587 0.41316
v -5.80000 -0.31671 0.03818
v -4.34601 1.49062 -0.41503
v -3.78597 2.00679 0.89436
v -4.84103 -0.03587 0.41316
v -3.78597 2.00679 0.89436
v -4.35164 0.48945 1.20982
v -4.84103 -0.03587 0.41316
v -3.78597 2.00679 0.89436
v -3.35241 1.89867 2.01754
v -4.35164 0.48945 1.20982
v -3.35241 1.89867 2.01754
v -3.53337 -0.78198 2.01754
v -4.35164 0.48945 1.20982
v -3.53337 -0.78198 2.01754
v -3.97164 -0.44942 3.03717
v -4.71353 -1.54441 2.01754
v -3.97164 -0.44942 3.03717
v -4.93599 -1.08573 2.49937
v -4.71353 -1.54441 2.01754
v -3.97164 -0.44942 3.03717
v -4.92576 0.32671 3.48016
v -4.93599 -1.08573 2.49937
v -4.92576 0.32671 3.48016
v -5.32498 -0.83968 2.81226
v -4.93599 -1.08573 2.49937
v -4.92576 0.32671 3.48016
v -5.80000 -0.00584 3.85656
v -5.32498 -0.83968 2.81226
v -5.80000 -0.00584 3.85656
v -5.80000 -2.49411 3.24456
v -5.32498 -0.83968 2.81226
v -5.80000 -0.00584 3.85656
v -6.81758 -0.28669 3.71997
v -5.80000 -2.49411 3.24456
v -6.81758 -0.28669 3.71997
v -6.33477 -1.45696 2.91222
v -5.80000 -2.49411 3.24456
v -6.81758 -0.28669 3.71997
v -7.77511 -0.81201 3.11901
v -6.33477 -1.45696 2.91222
v -7.77511 -0.81201 3.11901
v -6.62103 -0.82934 2.47540
v -6.33477 -1.45696 2.91222
v -7.77511 -0.81201 3.11901
v -7.48646 0.45943 2.01754
v -6.62103 -0.82934 2.47540
v -7.48646 0.45943 2.01754
v -6.85293 -1.37120 2.01754
v -6.62103 -0.82934 2.47540
v -7.48646 0.45943 2.01754
v -7.39511 0.12687 1.12798
v -6.85293 -1.37120 2.01754
v -7.39511 0.12687 1.12798
v -6.78877 -1.82988 1.46613
v -6.85293 -1.37120 2.01754
v -7.39511 0.12687 1.12798
v -6.90231 -0.64927 0.17335
v -6.78877 -1.82988 1.46613
v -6.90231 -0.64927 0.17335
v -6.39468 -2.07593 1.02262
v -6.78877 -1.82988 1.46613
v -6.90231 -0.64927 0.17335
v -5.80000 -0.31671 0.03818
v -6.39468 -2.07593 1.02262
v -5.80000 -0.31671 0.03818
v -5.80000 -0.42149 1.17807
v -6.39468 -2.07593 1.02262
v -5.80000 -0.31671 0.03818
v -4.84103 -0.03587 0.41316
v -5.80000 -0.42149 1.17807
v -4.84103 -0.03587 0.41316
v -5.26507 -1.45864 1.12258
v -5.80000 -0.42149 1.17807
v -4.84103 -0.03587 0.41316
v -4.35164 0.48945 1.20982
v -5.26507 -1.45864 1.12258
v -4.35164 0.48945 1.20982
v -4.76825 -2.08627 1.44216
v -5.26507 -1.45864 1.12258
v -4.35164 0.48945 1.20982
v -3.53337 -0.78198 2.01754
v -4.76825 -2.08627 1.44216
v -3.53337 -0.78198 2.01754
v -4.71353 -1.54441 2.01754
v -4.76825 -2.08627 1.44216
v -4.71353 -1.54441 2.01754
v -4.93599 -1.08573 2.49937
v -5.80000 -0.71827 2.01754
v -4.93599 -1.08573 2.49937
v -5.32498 -0.83968 2.81226
v -5.80000 -2.32226 2.01754
v -5.32498 -0.83968 2.81226
v -5.80000 -2.49411 3.24456
v -5.80000 -2.47989 2.01754
v -5.80000 -2.49411 3.24456
v -6.33477 -1.45696 2.91222
v -5.80000 -1.86648 2.01754
v -6.33477 -1.45696 2.91222
v -6.62103 -0.82934 2.47540
v -5.80000 -1.34628 2.01754
v -6.62103 -0.82934 2.47540
v -6.85293 -1.37120 2.01754
v -5.80000 -1.59710 2.01754
v -6.85293 -1.37120 2.01754
v -6.78877 -1.82988 1.46613
v -5.80000 -3.10789 2.01754
v -6.78877 -1.82988 1.46613
v -6.39468 -2.07593 1.02262
v -5.80000 -1.50390 2.01754
v -6.39468 -2.07593 1.02262
v -5.80000 -0.42149 1.17807
v -5.80000 -1.34628 2.01754
v -5.80000 -0.42149 1.17807
v -5.26507 -1.45864 1.12258
v -5.80000 -1.95968 2.01754
v -5.26507 -1.45864 1.12258
v -4.76825 -2.08627 1.44216
v -5.80000 -2.47989 2.01754
v -4.76825 -2.08627 1.44216
v -4.71353 -1.54441 2.01754
v -5.80000 -2.22907 2.01754
v -8.30000 8.59207 2.09614
v -7.30810 8.57708 2.57979
v -7.17543 8.49842 2.09614
v -8.30000 8.88557 2.09614
v -7.64854 9.17395 3.04910
v -7.30810 8.57708 2.57979
v -8.30000 9.61316 2.09614
v -8.30000 9.51064 3.27160
v -7.64854 9.17395 3.04910
v -8.30000 9.62372 2.09614
v -8.80345 8.05269 2.83258
v -8.30000 9.51064 3.27160
v -8.30000 9.20018 2.09614
v -9.34105 8.79208 2.60376
v -8.80345 8.05269 2.83258
v -8.30000 8.35893 2.09614
v -9.62229 9.24728 2.09614
v -9.34105 8.79208 2.60376
v -8.30000 9.91721 2.09614
v -9.42715 9.16862 1.54654
v -9.62229 9.24728 2.09614
v -8.30000 9.62372 2.09614
v -8.87197 8.57175 1.25947
v -9.42715 9.16862 1.54654
v -8.30000 8.89613 2.09614
v -8.30000 8.23506 1.20511
v -8.87197 8.57175 1.25947
v -8.30000 8.88557 2.09614
v -7.58001 9.69301 1.04295
v -8.30000 8.23506 1.20511
v -8.30000 9.30910 2.09614
v -7.22201 8.95362 1.57052
v -7.58001 9.69301 1.04295
v -8.30000 10.15036 2.09614
v -7.17543 8.49842 2.09614
v -7.22201 8.95362 1.57052
v -7.17543 8.49842 2.09614
v -7.30810 8.57708 2.57979
v -6.21060 7.51700 2.09614
v -7.30810 8.57708 2.57979
v -5.96062 8.47697 3.23683
v -6.21060 7.51700 2.09614
v -7.30810 8.57708 2.57979
v -7.64854 9.17395 3.04910
v -5.96062 8.47697 3.23683
v -7.64854 9.17395 3.04910
v -7.21647 7.63885 3.68113
v -5.96062 8.47697 3.23683
v -7.64854 9.17395 3.04910
v -8.30000 9.51064 3.27160
v -7.21647 7.63885 3.68113
v -8.30000 9.51064 3.27160
v -8.30000 7.50958 3.85674
v -7.21647 7.63885 3.68113
v -8.30000 9.51064 3.27160
v -8.80345 8.05269 2.83258
v -8.30000 7.50958 3.85674
v -8.80345 8.05269 2.83258
v -9.38017 7.62829 3.67621
v -8.30000 7.50958 3.85674
v -8.80345 8.05269 2.83258
v -9.34105 8.79208 2.60376
v -9.38017 7.62829 3.67621
v -9.34105 8.79208 2.60376
v -10.47154 8.17291 3.15499
v -9.38017 7.62829 3.67621
v -9.34105 8.79208 2.60376
v -9.62229 9.24728 2.09614
v -10.47154 8.17291 3.15499
v -9.62229 9.24728 2.09614
v -10.73181 8.05420 2.09614
v -10.47154 8.17291 3.15499
v -9.62229 9.24728 2.09614
v -9.42715 9.16862 1.54654
v -10.73181 8.05420 2.09614
v -9.42715 9.16862 1.54654
v -9.87610 7.09423 1.32764
v -10.73181 8.05420 2.09614
v -9.42715 9.16862 1.54654
v -8.87197 8.57175 1.25947
v -9.87610 7.09423 1.32764
v -8.87197 8.57175 1.25947
v -9.47707 7.93235 0.37432
v -9.87610 7.09423 1.32764
v -8.87197 8.57175 1.25947
v -8.30000 8.23506 1.20511
v -9.47707 7.93235 0.37432
v -8.30000 8.23506 1.20511
v -8.30000 8.06162 0.03837
v -9.47707 7.93235 0.37432
v -8.30000 8.23506 1.20511
v -7.58001 9.69301 1.04295
v -8.30000 8.06162 0.03837
v -7.58001 9.69301 1.04295
v -7.11956 7.94291 0.36940
v -8.30000 8.06162 0.03837
v -7.58001 9.69301 1.04295
v -7.22201 8.95362 1.57052
v -7.11956 7.94291 0.36940
v -7.22201 8.95362 1.57052
v -6.55606 7.39829 1.24580
v -7.11956 7.94291 0.36940
v -7.22201 8.95362 1.57052
v -7.17543 8.49842 2.09614
v -6.55606 7.39829 1.24580
v -7.17543 8.49842 2.09614
v -6.21060 7.51700 2.09614
v -6.55606 7.39829 1.24580
v -6.21060 7.51700 2.09614
v -5.96062 8.47697 3.23683
v -5.16029 6.27934 2.09614
v -5.96062 8.47697 3.23683
v -5.69571 6.19321 3.36599
v -5.16029 6.27934 2.09614
v -5.96062 8.47697 3.23683
v -7.21647 7.63885 3.68113
v -5.69571 6.19321 3.36599
v -7.21647 7.63885 3.68113
v -7.02523 5.89582 3.96087
v -5.69571 6.19321 3.36599
v -7.21647 7.63885 3.68113
v -8.30000 7.50958 3.85674
v -7.02523 5.89582 3.96087
v -8.30000 7.50958 3.85674
v -8.30000 6.15399 4.58487
v -7.02523 5.89582 3.96087
v -8.30000 7.50958 3.85674
v -9.38017 7.62829 3.67621
v -8.30000 6.15399 4.58487
v -9.38017 7.62829 3.67621
v -10.04738 6.51006 4.65220
v -8.30000 6.15399 4.58487
v -9.38017 7.62829 3.67621
v -10.47154 8.17291 3.15499
v -10.04738 6.51006 4.65220
v -10.47154 8.17291 3.15499
v -10.61776 5.97821 3.22628
v -10.04738 6.51006 4.65220
v -10.47154 8.17291 3.15499
v -10.73181 8.05420 2.09614
v -10.61776 5.97821 3.22628
v -10.73181 8.05420 2.09614
v -11.06754 6.03749 2.09614
v -10.61776 5.97821 3.22628
v -10.73181 8.05420 2.09614
v -9.87610 7.09423 1.32764
v -11.06754 6.03749 2.09614
v -9.87610 7.09423 1.32764
v -10.81154 6.12362 0.87152
v -11.06754 6.03749 2.09614
v -9.87610 7.09423 1.32764
v -9.47707 7.93235 0.37432
v -10.81154 6.12362 0.87152
v -9.47707 7.93235 0.37432
v -9.97886 6.42101 -0.35968
v -10.81154 6.12362 0.87152
v -9.47707 7.93235 0.37432
v -8.30000 8.06162 0.03837
v -9.97886 6.42101 -0.35968
v -8.30000 8.06162 0.03837
v -8.30000 6.16283 -0.40408
v -9.97886 6.42101 -0.35968
v -8.30000 8.06162 0.03837
v -7.11956 7.94291 0.36940
v -8.30000 6.16283 -0.40408
v -7.11956 7.94291 0.36940
v -7.09375 5.80676 0.33164
v -8.30000 6.16283 -0.40408
v -7.11956 7.94291 0.36940
v -6.55606 7.39829 1.24580
v -7.09375 5.80676 0.33164
v -6.55606 7.39829 1.24580
v -5.50193 6.33862 0.73181
v -7.09375 5.80676 0.33164
v -6.55606 7.39829 1.24580
v -6.21060 7.51700 2.09614
v -5.50193 6.33862 0.73181
v -6.21060 7.51700 2.09614
v -5.16029 6.27934 2.09614
v -5.50193 6.33862 0.73181
v -5.16029 6.27934 2.09614
v -5.69571 6.19321 3.36599
v -5.33154 4.23902 2.09614
v -5.69571 6.19321 3.36599
v -5.92887 4.23902 3.25230
v -5.33154 4.23902 2.09614
v -5.69571 6.19321 3.36599
v -7.02523 5.89582 3.96087
v -5.92887 4.23902 3.25230
v -7.02523 5.89582 3.96087
v -6.49035 4.23902 4.74330
v -5.92887 4.23902 3.25230
v -7.02523 5.89582 3.96087
v -8.30000 6.15399 4.58487
v -6.49035 4.23902 4.74330
v -8.30000 6.15399 4.58487
v -8.30000 4.23902 4.90032
v -6.49035 4.23902 4.74330
v -8.30000 6.15399 4.58487
v -10.04738 6.51006 4.65220
v -8.30000 4.23902 4.90032
v -10.04738 6.51006 4.65220
v -9.88113 4.23902 4.40902
v -8.30000 4.23902 4.90032
v -10.04738 6.51006 4.65220
v -10.61776 5.97821 3.22628
v -9.88113 4.23902 4.40902
v -10.61776 5.97821 3.22628
v -10.67113 4.23902 3.25230
v -9.88113 4.23902 4.40902
v -10.61776 5.97821 3.22628
v -11.06754 6.03749 2.09614
v -10.67113 4.23902 3.25230
v -11.06754 6.03749 2.09614
v -11.72550 4.23902 2.09614
v -10.67113 4.23902 3.25230
v -11.06754 6.03749 2.09614
v -10.81154 6.12362 0.87152
v -11.72550 4.23902 2.09614
v -10.81154 6.12362 0.87152
v -11.46621 4.23902 0.55230
v -11.72550 4.23902 2.09614
v -10.81154 6.12362 0.87152
v -9.97886 6.42101 -0.35968
v -11.46621 4.23902 0.55230
v -9.97886 6.42101 -0.35968
v -9.68733 4.23902 0.06676
v -11.46621 4.23902 0.55230
v -9.97886 6.42101 -0.35968
v -8.30000 6.16283 -0.40408
v -9.68733 4.23902 0.06676
v -8.30000 6.16283 -0.40408
v -8.30000 4.23902 -0.49968
v -9.68733 4.23902 0.06676
v -8.30000 6.16283 -0.40408
v -7.09375 5.80676 0.33164
v -8.30000 4.23902 -0.49968
v -7.09375 5.80676 0.33164
v -6.68415 4.23902 -0.26751
v -8.30000 4.23902 -0.49968
v -7.09375 5.80676 0.33164
v -5.50193 6.33862 0.73181
v -6.68415 4.23902 -0.26751
v -5.50193 6.33862 0.73181
v -5.13379 4.23902 0.55230
v -6.68415 4.23902 -0.26751
v -5.50193 6.33862 0.73181
v -5.16029 6.27934 2.09614
v -5.13379 4.23902 0.55230
v -5.16029 6.27934 2.09614
v -5.33154 4.23902 2.09614
v -5.13379 4.23902 0.55230
v -5.33154 4.23902 2.09614
v -5.92887 4.23902 3.25230
v -5.37087 2.33554 2.09614
v -5.92887 4.23902 3.25230
v -5.64440 2.24632 3.39101
v -5.37087 2.33554 2.09614
v -5.92887 4.23902 3.25230
v -6.49035 4.23902 4.74330
v -5.64440 2.24632 3.39101
v -6.49035 4.23902 4.74330
v -6.63342 2.07298 4.53402
v -5.64440 2.24632 3.39101
v -6.49035 4.23902 4.74330
v -8.30000 4.23902 4.90032
v -6.63342 2.07298 4.53402
v -8.30000 4.23902 4.90032
v -8.30000 2.57755 4.25541
v -6.63342 2.07298 4.53402
v -8.30000 4.23902 4.90032
v -9.88113 4.23902 4.40902
v -8.30000 2.57755 4.25541
v -9.88113 4.23902 4.40902
v -9.65556 2.47721 4.07906
v -8.30000 2.57755 4.25541
v -9.88113 4.23902 4.40902
v -10.67113 4.23902 3.25230
v -9.65556 2.47721 4.07906
v -10.67113 4.23902 3.25230
v -11.24213 2.03132 3.53072
v -9.65556 2.47721 4.07906
v -10.67113 4.23902 3.25230
v -11.72550 4.23902 2.09614
v -11.24213 2.03132 3.53072
v -11.72550 4.23902 2.09614
v -11.27812 2.30370 2.09614
v -11.24213 2.03132 3.53072
v -11.72550 4.23902 2.09614
v -11.46621 4.23902 0.55230
v -11.27812 2.30370 2.09614
v -11.46621 4.23902 0.55230
v -10.76023 2.39292 0.89654
v -11.27812 2.30370 2.09614
v -11.46621 4.23902 0.55230
v -9.68733 4.23902 0.06676
v -10.76023 2.39292 0.89654
v -9.68733 4.23902 0.06676
v -9.58704 2.56626 0.21346
v -10.76023 2.39292 0.89654
v -9.68733 4.23902 0.06676
v -8.30000 4.23902 -0.49968
v -9.58704 2.56626 0.21346
v -8.30000 4.23902 -0.49968
v -8.30000 2.06169 -0.73354
v -9.58704 2.56626 0.21346
v -8.30000 4.23902 -0.49968
v -6.68415 4.23902 -0.26751
v -8.30000 2.06169 -0.73354
v -6.68415 4.23902 -0.26751
v -6.70194 2.16203 -0.24150
v -8.30000 2.06169 -0.73354
v -6.68415 4.23902 -0.26751
v -5.13379 4.23902 0.55230
v -6.70194 2.16203 -0.24150
v -5.13379 4.23902 0.55230
v -6.12630 2.60792 1.03625
v -6.70194 2.16203 -0.24150
v -5.13379 4.23902 0.55230
v -5.33154 4.23902 2.09614
v -6.12630 2.60792 1.03625
v -5.33154 4.23902 2.09614
v -5.37087 2.33554 2.09614
v -6.12630 2.60792 1.03625
v -5.37087 2.33554 2.09614
v -5.64440 2.24632 3.39101
v -5.63967 0.06532 2.09614
v -5.64440 2.24632 3.39101
v -6.32636 0.66363 3.05849
v -5.63967 0.06532 2.09614
v -5.64440 2.24632 3.39101
v -6.63342 2.07298 4.53402
v -6.32636 0.66363 3.05849
v -6.63342 2.07298 4.53402
v -7.33409 1.20826 3.50907
v -6.32636 0.66363 3.05849
v -6.63342 2.07298 4.53402
v -8.30000 2.57755 4.25541
v -7.33409 1.20826 3.50907
v -8.30000 2.57755 4.25541
v -8.30000 0.60994 4.04974
v -7.33409 1.20826 3.50907
v -8.30000 2.57755 4.25541
v -9.65556 2.47721 4.07906
v -8.30000 0.60994 4.04974
v -9.65556 2.47721 4.07906
v -9.49779 0.48067 3.84827
v -8.30000 0.60994 4.04974
v -9.65556 2.47721 4.07906
v -11.24213 2.03132 3.53072
v -9.49779 0.48067 3.84827
v -11.24213 2.03132 3.53072
v -10.44148 0.35958 3.14033
v -9.49779 0.48067 3.84827
v -11.24213 2.03132 3.53072
v -11.27812 2.30370 2.09614
v -10.44148 0.35958 3.14033
v -11.27812 2.30370 2.09614
v -10.16088 1.31955 2.09614
v -10.44148 0.35958 3.14033
v -11.27812 2.30370 2.09614
v -10.76023 2.39292 0.89654
v -10.16088 1.31955 2.09614
v -10.76023 2.39292 0.89654
v -10.24185 0.72123 1.14930
v -10.16088 1.31955 2.09614
v -10.76023 2.39292 0.89654
v -9.58704 2.56626 0.21346
v -10.24185 0.72123 1.14930
v -9.58704 2.56626 0.21346
v -9.59470 0.17661 0.20226
v -10.24185 0.72123 1.14930
v -9.58704 2.56626 0.21346
v -8.30000 2.06169 -0.73354
v -9.59470 0.17661 0.20226
v -8.30000 2.06169 -0.73354
v -8.30000 0.77493 0.23136
v -9.59470 0.17661 0.20226
v -8.30000 2.06169 -0.73354
v -6.70194 2.16203 -0.24150
v -8.30000 0.77493 0.23136
v -6.70194 2.16203 -0.24150
v -7.23719 0.90420 0.54146
v -8.30000 0.77493 0.23136
v -6.70194 2.16203 -0.24150
v -6.12630 2.60792 1.03625
v -7.23719 0.90420 0.54146
v -6.12630 2.60792 1.03625
v -6.52600 1.02529 1.23114
v -7.23719 0.90420 0.54146
v -6.12630 2.60792 1.03625
v -5.37087 2.33554 2.09614
v -6.52600 1.02529 1.23114
v -5.37087 2.33554 2.09614
v -5.63967 0.06532 2.09614
v -6.52600 1.02529 1.23114
v -5.63967 0.06532 2.09614
v -6.32636 0.66363 3.05849
v -7.13930 -0.15723 2.09614
v -6.32636 0.66363 3.05849
v -7.31691 -0.06054 2.57550
v -7.13930 -0.15723 2.09614
v -6.32636 0.66363 3.05849
v -7.33409 1.20826 3.50907
v -7.31691 -0.06054 2.57550
v -7.33409 1.20826 3.50907
v -7.71576 -0.18668 2.95077
v -7.31691 -0.06054 2.57550
v -7.33409 1.20826 3.50907
v -8.30000 0.60994 4.04974
v -7.71576 -0.18668 2.95077
v -8.30000 0.60994 4.04974
v -8.30000 -1.28611 3.32813
v -7.71576 -0.18668 2.95077
v -8.30000 0.60994 4.04974
v -9.49779 0.48067 3.84827
v -8.30000 -1.28611 3.32813
v -9.49779 0.48067 3.84827
v -8.87067 -0.08390 2.93092
v -8.30000 -1.28611 3.32813
v -9.49779 0.48067 3.84827
v -10.44148 0.35958 3.14033
v -8.87067 -0.08390 2.93092
v -10.44148 0.35958 3.14033
v -9.23393 0.15446 2.55153
v -8.87067 -0.08390 2.93092
v -10.44148 0.35958 3.14033
v -10.16088 1.31955 2.09614
v -9.23393 0.15446 2.55153
v -10.16088 1.31955 2.09614
v -9.58616 -0.63241 2.09614
v -9.23393 0.15446 2.55153
v -10.16088 1.31955 2.09614
v -10.24185 0.72123 1.14930
v -9.58616 -0.63241 2.09614
v -10.24185 0.72123 1.14930
v -9.43596 -0.72910 1.54225
v -9.58616 -0.63241 2.09614
v -10.24185 0.72123 1.14930
v -9.59470 0.17661 0.20226
v -9.43596 -0.72910 1.54225
v -9.59470 0.17661 0.20226
v -8.93919 -0.60295 1.16113
v -9.43596 -0.72910 1.54225
v -9.59470 0.17661 0.20226
v -8.30000 0.77493 0.23136
v -8.93919 -0.60295 1.16113
v -8.30000 0.77493 0.23136
v -8.30000 0.49648 1.26164
v -8.93919 -0.60295 1.16113
v -8.30000 0.77493 0.23136
v -7.23719 0.90420 0.54146
v -8.30000 0.49648 1.26164
v -7.23719 0.90420 0.54146
v -7.64724 -0.70574 1.14129
v -8.30000 0.49648 1.26164
v -7.23719 0.90420 0.54146
v -6.52600 1.02529 1.23114
v -7.64724 -0.70574 1.14129
v -6.52600 1.02529 1.23114
v -7.11488 -0.94410 1.51828
v -7.64724 -0.70574 1.14129
v -6.52600 1.02529 1.23114
v -5.63967 0.06532 2.09614
v -7.11488 -0.94410 1.51828
v -5.63967 0.06532 2.09614
v -7.13930 -0.15723 2.09614
v -7.11488 -0.94410 1.51828
v -7.13930 -0.15723 2.09614
v -7.31691 -0.06054 2.57550
v -8.30000 0.11911 2.09614
v -7.31691 -0.06054 2.57550
v -7.71576 -0.18668 2.95077
v -8.30000 -1.43918 2.09614
v -7.71576 -0.18668 2.95077
v -8.30000 -1.28611 3.32813
v -8.30000 -1.14568 2.09614
v -8.30000 -1.28611 3.32813
v -8.87067 -0.08390 2.93092
v -8.30000 -0.41810 2.09614
v -8.87067 -0.08390 2.93092
v -9.23393 0.15446 2.55153
v -8.30000 -0.40754 2.09614
v -9.23393 0.15446 2.55153
v -9.58616 -0.63241 2.09614
v -8.30000 -0.83107 2.09614
v -9.58616 -0.63241 2.09614
v -9.43596 -0.72910 1.54225
v -8.30000 -1.67232 2.09614
v -9.43596 -0.72910 1.54225
v -8.93919 -0.60295 1.16113
v -8.30000 -0.11404 2.09614
v -8.93919 -0.60295 1.16113
v -8.30000 0.49648 1.26164
v -8.30000 -0.40754 2.09614
v -8.30000 0.49648 1.26164
v -7.64724 -0.70574 1.14129
v -8.30000 -1.13512 2.09614
v -7.64724 -0.70574 1.14129
v -7.11488 -0.94410 1.51828
v -8.30000 -1.14568 2.09614
v -7.11488 -0.94410 1.51828
v -7.13930 -0.15723 2.09614
v -8.30000 -0.72215 2.09614
v -10.80000 10.40174 2.52543
v -10.01262 10.41604 3.01050
v -9.91170 10.29297 2.52543
v -10.80000 10.79155 2.52543
v -10.28350 11.14556 3.48002
v -10.01262 10.41604 3.01050
v -10.80000 11.69287 2.52543
v -10.80000 11.53388 3.69802
v -10.28350 11.14556 3.48002
v -10.80000 11.67743 2.52543
v -11.19758 9.74417 3.26023
v -10.80000 11.53388 3.69802
v -10.80000 11.15047 2.52543
v -11.62629 10.68076 3.03447
v -11.19758 9.74417 3.26023
v -10.80000 10.14312 2.52543
v -11.84833 11.23585 2.52543
v -11.62629 10.68076 3.03447
v -10.80000 12.06724 2.52543
v -11.68979 11.11278 1.97726
v -11.84833 11.23585 2.52543
v -10.80000 11.67743 2.52543
v -11.25181 10.38326 1.69039
v -11.68979 11.11278 1.97726
v -10.80000 10.77610 2.52543
v -10.80000 9.99493 1.63153
v -11.25181 10.38326 1.69039
v -10.80000 10.79155 2.52543
v -10.22926 11.78464 1.47060
v -10.80000 9.99493 1.63153
v -10.80000 11.31850 2.52543
v -9.94912 10.84806 2.00123
v -10.22926 11.78464 1.47060
v -10.80000 12.32585 2.52543
v -9.91170 10.29297 2.52543
v -9.94912 10.84806 2.00123
v -9.91170 10.29297 2.52543
v -10.01262 10.41604 3.01050
v -9.14046 9.10925 2.52543
v -10.01262 10.41604 3.01050
v -8.94746 10.27972 3.66671
v -9.14046 9.10925 2.52543
v -10.01262 10.41604 3.01050
v -10.28350 11.14556 3.48002
v -8.94746 10.27972 3.66671
v -10.28350 11.14556 3.48002
v -9.94532 9.23083 4.10503
v -8.94746 10.27972 3.66671
v -10.28350 11.14556 3.48002
v -10.80000 11.53388 3.69802
v -9.94532 9.23083 4.10503
v -10.80000 11.53388 3.69802
v -10.80000 9.08315 4.28483
v -9.94532 9.23083 4.10503
v -10.80000 11.53388 3.69802
v -11.19758 9.74417 3.26023
v -10.80000 9.08315 4.28483
v -11.19758 9.74417 3.26023
v -11.65784 9.24627 4.11088
v -10.80000 9.08315 4.28483
v -11.19758 9.74417 3.26023
v -11.62629 10.68076 3.03447
v -11.65784 9.24627 4.11088
v -11.62629 10.68076 3.03447
v -12.51970 9.90536 3.58487
v -11.65784 9.24627 4.11088
v -11.62629 10.68076 3.03447
v -11.84833 11.23585 2.52543
v -12.51970 9.90536 3.58487
v -11.84833 11.23585 2.52543
v -12.71890 9.74223 2.52543
v -12.51970 9.90536 3.58487
v -11.84833 11.23585 2.52543
v -11.68979 11.11278 1.97726
v -12.71890 9.74223 2.52543
v -11.68979 11.11278 1.97726
v -12.04647 8.57175 1.75752
v -12.71890 9.74223 2.52543
v -11.68979 11.11278 1.97726
v -11.25181 10.38326 1.69039
v -12.04647 8.57175 1.75752
v -11.25181 10.38326 1.69039
v -11.73454 9.62064 0.79822
v -12.04647 8.57175 1.75752
v -11.25181 10.38326 1.69039
v -10.80000 9.99493 1.63153
v -11.73454 9.62064 0.79822
v -10.80000 9.99493 1.63153
v -10.80000 9.76833 0.46645
v -11.73454 9.62064 0.79822
v -10.80000 9.99493 1.63153
v -10.22926 11.78464 1.47060
v -10.80000 9.76833 0.46645
v -10.22926 11.78464 1.47060
v -9.86863 9.60520 0.80407
v -10.80000 9.76833 0.46645
v -10.22926 11.78464 1.47060
v -9.94912 10.84806 2.00123
v -9.86863 9.60520 0.80407
v -9.94912 10.84806 2.00123
v -9.42068 8.94612 1.67568
v -9.86863 9.60520 0.80407
v -9.94912 10.84806 2.00123
v -9.91170 10.29297 2.52543
v -9.42068 8.94612 1.67568
v -9.91170 10.29297 2.52543
v -9.14046 9.10925 2.52543
v -9.42068 8.94612 1.67568
v -9.14046 9.10925 2.52543
v -8.94746 10.27972 3.66671
v -8.31655 7.56959 2.52543
v -8.94746 10.27972 3.66671
v -8.74535 7.45744 3.79122
v -8.31655 7.56959 2.52543
v -8.94746 10.27972 3.66671
v -9.94532 9.23083 4.10503
v -8.74535 7.45744 3.79122
v -9.94532 9.23083 4.10503
v -9.79027 7.10053 4.39160
v -8.74535 7.45744 3.79122
v -9.94532 9.23083 4.10503
v -10.80000 9.08315 4.28483
v -9.79027 7.10053 4.39160
v -10.80000 9.08315 4.28483
v -10.80000 7.42451 5.02226
v -9.79027 7.10053 4.39160
v -10.80000 9.08315 4.28483
v -11.65784 9.24627 4.11088
v -10.80000 7.42451 5.02226
v -11.65784 9.24627 4.11088
v -12.18223 7.85366 5.08005
v -10.80000 7.42451 5.02226
v -11.65784 9.24627 4.11088
v -12.51970 9.90536 3.58487
v -12.18223 7.85366 5.08005
v -12.51970 9.90536 3.58487
v -12.62788 7.19272 3.65151
v -12.18223 7.85366 5.08005
v -12.51970 9.90536 3.58487
v -12.71890 9.74223 2.52543
v -12.62788 7.19272 3.65151
v -12.71890 9.74223 2.52543
v -12.99200 7.27496 2.52543
v -12.62788 7.19272 3.65151
v -12.71890 9.74223 2.52543
v -12.04647 8.57175 1.75752
v -12.99200 7.27496 2.52543
v -12.04647 8.57175 1.75752
v -12.79440 7.38711 1.29675
v -12.99200 7.27496 2.52543
v -12.04647 8.57175 1.75752
v -11.73454 9.62064 0.79822
v -12.79440 7.38711 1.29675
v -11.73454 9.62064 0.79822
v -12.12800 7.74401 0.07104
v -12.79440 7.38711 1.29675
v -11.73454 9.62064 0.79822
v -10.80000 9.76833 0.46645
v -12.12800 7.74401 0.07104
v -10.80000 9.76833 0.46645
v -10.80000 7.42004 0.03331
v -12.12800 7.74401 0.07104
v -10.80000 9.76833 0.46645
v -9.86863 9.60520 0.80407
v -10.80000 7.42004 0.03331
v -9.86863 9.60520 0.80407
v -9.84450 6.99088 0.75949
v -10.80000 7.42004 0.03331
v -9.86863 9.60520 0.80407
v -9.42068 8.94612 1.67568
v -9.84450 6.99088 0.75949
v -9.42068 8.94612 1.67568
v -8.57882 7.65183 1.15704
v -9.84450 6.99088 0.75949
v -9.42068 8.94612 1.67568
v -9.14046 9.10925 2.52543
v -8.57882 7.65183 1.15704
v -9.14046 9.10925 2.52543
v -8.31655 7.56959 2.52543
v -8.57882 7.65183 1.15704
v -8.31655 7.56959 2.52543
v -8.74535 7.45744 3.79122
v -8.45748 5.05903 2.52543
v -8.74535 7.45744 3.79122
v -8.91924 5.05903 3.68410
v -8.45748 5.05903 2.52543
v -8.74535 7.45744 3.79122
v -9.79027 7.10053 4.39160
v -8.91924 5.05903 3.68410
v -9.79027 7.10053 4.39160
v -9.36423 5.05903 5.17901
v -8.91924 5.05903 3.68410
v -9.79027 7.10053 4.39160
v -10.80000 7.42451 5.02226
v -9.36423 5.05903 5.17901
v -10.80000 7.42451 5.02226
v -10.80000 5.05903 5.32459
v -9.36423 5.05903 5.17901
v -10.80000 7.42451 5.02226
v -12.18223 7.85366 5.08005
v -10.80000 5.05903 5.32459
v -12.18223 7.85366 5.08005
v -12.04795 5.05903 4.83188
v -10.80000 5.05903 5.32459
v -12.18223 7.85366 5.08005
v -12.62788 7.19272 3.65151
v -12.04795 5.05903 4.83188
v -12.62788 7.19272 3.65151
v -12.68076 5.05903 3.68410
v -12.04795 5.05903 4.83188
v -12.62788 7.19272 3.65151
v -12.99200 7.27496 2.52543
v -12.68076 5.05903 3.68410
v -12.99200 7.27496 2.52543
v -13.51815 5.05903 2.52543
v -12.68076 5.05903 3.68410
v -12.99200 7.27496 2.52543
v -12.79440 7.38711 1.29675
v -13.51815 5.05903 2.52543
v -12.79440 7.38711 1.29675
v -13.30190 5.05903 0.98410
v -13.51815 5.05903 2.52543
v -12.79440 7.38711 1.29675
v -12.12800 7.74401 0.07104
v -13.30190 5.05903 0.98410
v -12.12800 7.74401 0.07104
v -11.89456 5.05903 0.50247
v -13.30190 5.05903 0.98410
v -12.12800 7.74401 0.07104
v -10.80000 7.42004 0.03331
v -11.89456 5.05903 0.50247
v -10.80000 7.42004 0.03331
v -10.80000 5.05903 -0.07541
v -11.89456 5.05903 0.50247
v -10.80000 7.42004 0.03331
v -9.84450 6.99088 0.75949
v -10.80000 5.05903 -0.07541
v -9.84450 6.99088 0.75949
v -9.51762 5.05903 0.15535
v -10.80000 5.05903 -0.07541
v -9.84450 6.99088 0.75949
v -8.57882 7.65183 1.15704
v -9.51762 5.05903 0.15535
v -8.57882 7.65183 1.15704
v -8.29810 5.05903 0.98410
v -9.51762 5.05903 0.15535
v -8.57882 7.65183 1.15704
v -8.31655 7.56959 2.52543
v -8.29810 5.05903 0.98410
v -8.31655 7.56959 2.52543
v -8.45748 5.05903 2.52543
v -8.29810 5.05903 0.98410
v -8.45748 5.05903 2.52543
v -8.91924 5.05903 3.68410
v -8.47519 2.70884 2.52543
v -8.91924 5.05903 3.68410
v -8.69446 2.60121 3.82257
v -8.47519 2.70884 2.52543
v -8.91924 5.05903 3.68410
v -9.36423 5.05903 5.17901
v -8.69446 2.60121 3.82257
v -9.36423 5.05903 5.17901
v -9.48418 2.39865 4.95732
v -8.69446 2.60121 3.82257
v -9.36423 5.05903 5.17901
v -10.80000 5.05903 5.32459
v -9.48418 2.39865 4.95732
v -10.80000 5.05903 5.32459
v -10.80000 3.01767 4.68014
v -9.48418 2.39865 4.95732
v -10.80000 5.05903 5.32459
v -12.04795 5.05903 4.83188
v -10.80000 3.01767 4.68014
v -12.04795 5.05903 4.83188
v -11.87613 2.88327 4.51432
v -10.80000 3.01767 4.68014
v -12.04795 5.05903 4.83188
v -12.68076 5.05903 3.68410
v -11.87613 2.88327 4.51432
v -12.68076 5.05903 3.68410
v -13.13232 2.33649 3.96228
v -11.87613 2.88327 4.51432
v -12.68076 5.05903 3.68410
v -13.51815 5.05903 2.52543
v -13.13232 2.33649 3.96228
v -13.51815 5.05903 2.52543
v -13.15064 2.68272 2.52543
v -13.13232 2.33649 3.96228
v -13.51815 5.05903 2.52543
v -13.30190 5.05903 0.98410
v -13.15064 2.68272 2.52543
v -13.30190 5.05903 0.98410
v -12.74351 2.79035 1.32810
v -13.15064 2.68272 2.52543
v -13.30190 5.05903 0.98410
v -11.89456 5.05903 0.50247
v -12.74351 2.79035 1.32810
v -11.89456 5.05903 0.50247
v -11.82190 2.99292 0.63676
v -12.74351 2.79035 1.32810
v -11.89456 5.05903 0.50247
v -10.80000 5.05903 -0.07541
v -11.82190 2.99292 0.63676
v -10.80000 5.05903 -0.07541
v -10.80000 2.37389 -0.30881
v -11.82190 2.99292 0.63676
v -10.80000 5.05903 -0.07541
v -9.51762 5.05903 0.15535
v -10.80000 2.37389 -0.30881
v -9.51762 5.05903 0.15535
v -9.53841 2.50830 0.19376
v -10.80000 2.37389 -0.30881
v -9.51762 5.05903 0.15535
v -8.29810 5.05903 0.98410
v -9.53841 2.50830 0.19376
v -8.29810 5.05903 0.98410
v -9.08326 3.05507 1.46781
v -9.53841 2.50830 0.19376
v -8.29810 5.05903 0.98410
v -8.45748 5.05903 2.52543
v -9.08326 3.05507 1.46781
v -8.45748 5.05903 2.52543
v -8.47519 2.70884 2.52543
v -9.08326 3.05507 1.46781
v -8.47519 2.70884 2.52543
v -8.69446 2.60121 3.82257
v -8.69329 -0.08256 2.52543
v -8.69446 2.60121 3.82257
v -9.24296 0.67108 3.48466
v -8.69329 -0.08256 2.52543
v -8.69446 2.60121 3.82257
v -9.48418 2.39865 4.95732
v -9.24296 0.67108 3.48466
v -9.48418 2.39865 4.95732
v -10.03607 1.33016 3.93732
v -9.24296 0.67108 3.48466
v -9.48418 2.39865 4.95732
v -10.80000 3.01767 4.68014
v -10.03607 1.33016 3.93732
v -10.80000 3.01767 4.68014
v -10.80000 0.57653 4.48524
v -10.03607 1.33016 3.93732
v -10.80000 3.01767 4.68014
v -11.87613 2.88327 4.51432
v -10.80000 0.57653 4.48524
v -11.87613 2.88327 4.51432
v -11.74859 0.42884 4.27859
v -10.80000 0.57653 4.48524
v -11.87613 2.88327 4.51432
v -13.13232 2.33649 3.96228
v -11.74859 0.42884 4.27859
v -13.13232 2.33649 3.96228
v -12.48989 0.29671 3.56650
v -11.74859 0.42884 4.27859
v -13.13232 2.33649 3.96228
v -13.15064 2.68272 2.52543
v -12.48989 0.29671 3.56650
v -13.15064 2.68272 2.52543
v -12.27172 1.46719 2.52543
v -12.48989 0.29671 3.56650
v -13.15064 2.68272 2.52543
v -12.74351 2.79035 1.32810
v -12.27172 1.46719 2.52543
v -12.74351 2.79035 1.32810
v -12.34197 0.71355 1.57547
v -12.27172 1.46719 2.52543
v -12.74351 2.79035 1.32810
v -11.82190 2.99292 0.63676
v -12.34197 0.71355 1.57547
v -11.82190 2.99292 0.63676
v -11.82528 0.05447 0.63051
v -12.34197 0.71355 1.57547
v -11.82190 2.99292 0.63676
v -10.80000 2.37389 -0.30881
v -11.82528 0.05447 0.63051
v -10.80000 2.37389 -0.30881
v -10.80000 0.80811 0.66686
v -11.82528 0.05447 0.63051
v -10.80000 2.37389 -0.30881
v -9.53841 2.50830 0.19376
v -10.80000 0.80811 0.66686
v -9.53841 2.50830 0.19376
v -9.95937 0.95580 0.97178
v -10.80000 0.80811 0.66686
v -9.53841 2.50830 0.19376
v -9.08326 3.05507 1.46781
v -9.95937 0.95580 0.97178
v -9.08326 3.05507 1.46781
v -9.39087 1.08792 1.65731
v -9.95937 0.95580 0.97178
v -9.08326 3.05507 1.46781
v -8.47519 2.70884 2.52543
v -9.39087 1.08792 1.65731
v -8.47519 2.70884 2.52543
v -8.69329 -0.08256 2.52543
v -9.39087 1.08792 1.65731
v -8.69329 -0.08256 2.52543
v -9.24296 0.67108 3.48466
v -9.88448 -0.33529 2.52543
v -9.24296 0.67108 3.48466
v -10.02135 -0.23858 3.00512
v -9.88448 -0.33529 2.52543
v -9.24296 0.67108 3.48466
v -10.03607 1.33016 3.93732
v -10.02135 -0.23858 3.00512
v -10.03607 1.33016 3.93732
v -10.33602 -0.40863 3.38296
v -10.02135 -0.23858 3.00512
v -10.03607 1.33016 3.93732
v -10.80000 0.57653 4.48524
v -10.33602 -0.40863 3.38296
v -10.80000 0.57653 4.48524
v -10.80000 -1.73995 3.75672
v -10.33602 -0.40863 3.38296
v -10.80000 0.57653 4.48524
v -11.74859 0.42884 4.27859
v -10.80000 -1.73995 3.75672
v -11.74859 0.42884 4.27859
v -11.25010 -0.24500 3.35729
v -10.80000 -1.73995 3.75672
v -11.74859 0.42884 4.27859
v -12.48989 0.29671 3.56650
v -11.25010 -0.24500 3.35729
v -12.48989 0.29671 3.56650
v -11.53974 0.02614 2.98115
v -11.25010 -0.24500 3.35729
v -12.48989 0.29671 3.56650
v -12.27172 1.46719 2.52543
v -11.53974 0.02614 2.98115
v -12.27172 1.46719 2.52543
v -11.82111 -0.95742 2.52543
v -11.53974 0.02614 2.98115
v -12.27172 1.46719 2.52543
v -12.34197 0.71355 1.57547
v -11.82111 -0.95742 2.52543
v -12.34197 0.71355 1.57547
v -11.69852 -1.05413 1.97188
v -11.82111 -0.95742 2.52543
v -12.34197 0.71355 1.57547
v -11.82528 0.05447 0.63051
v -11.69852 -1.05413 1.97188
v -11.82528 0.05447 0.63051
v -11.30433 -0.88408 1.59332
v -11.69852 -1.05413 1.97188
v -11.82528 0.05447 0.63051
v -10.80000 0.80811 0.66686
v -11.30433 -0.88408 1.59332
v -10.80000 0.80811 0.66686
v -10.80000 0.44725 1.69023
v -11.30433 -0.88408 1.59332
v -10.80000 0.80811 0.66686
v -9.95937 0.95580 0.97178
v -10.80000 0.44725 1.69023
v -9.95937 0.95580 0.97178
v -10.28178 -1.04771 1.56766
v -10.80000 0.44725 1.69023
v -9.95937 0.95580 0.97178
v -9.39087 1.08792 1.65731
v -10.28178 -1.04771 1.56766
v -9.39087 1.08792 1.65731
v -9.86257 -1.31885 1.94791
v -10.28178 -1.04771 1.56766
v -9.39087 1.08792 1.65731
v -8.69329 -0.08256 2.52543
v -9.86257 -1.31885 1.94791
v -8.69329 -0.08256 2.52543
v -9.88448 -0.33529 2.52543
v -9.86257 -1.31885 1.94791
v -9.88448 -0.33529 2.52543
v -10.02135 -0.23858 3.00512
v -10.80000 -0.02507 2.52543
v -10.02135 -0.23858 3.00512
v -10.33602 -0.40863 3.38296
v -10.80000 -1.94918 2.52543
v -10.33602 -0.40863 3.38296
v -10.80000 -1.73995 3.75672
v -10.80000 -1.55937 2.52543
v -10.80000 -1.73995 3.75672
v -11.25010 -0.24500 3.35729
v -10.80000 -0.65805 2.52543
v -11.25010 -0.24500 3.35729
v -11.53974 0.02614 2.98115
v -10.80000 -0.67349 2.52543
v -11.53974 0.02614 2.98115
v -11.82111 -0.95742 2.52543
v -10.80000 -1.20045 2.52543
v -11.82111 -0.95742 2.52543
v -11.69852 -1.05413 1.97188
v -10.80000 -2.20780 2.52543
v -11.69852 -1.05413 1.97188
v -11.30433 -0.88408 1.59332
v -10.80000 -0.28368 2.52543
v -11.30433 -0.88408 1.59332
v -10.80000 0.44725 1.69023
v -10.80000 -0.67349 2.52543
v -10.80000 0.44725 1.69023
v -10.28178 -1.04771 1.56766
v -10.80000 -1.57482 2.52543
v -10.28178 -1.04771 1.56766
v -9.86257 -1.31885 1.94791
v -10.80000 -1.55937 2.52543
v -9.86257 -1.31885 1.94791
v -9.88448 -0.33529 2.52543
v -10.80000 -1.03242 2.52543
v -13.30000 10.27255 3.15542
v -12.31850 9.25340 3.64617
v -11.93687 10.20110 3.15542
v -13.30000 10.03611 3.15542
v -12.79791 8.72078 3.90856
v -12.31850 9.25340 3.64617
v -13.30000 9.21515 3.15542
v -13.30000 10.10952 4.31669
v -12.79791 8.72078 3.90856
v -13.30000 9.77445 3.15542
v -13.92418 9.72780 4.09169
v -13.30000 10.10952 4.31669
v -13.30000 10.91828 3.15542
v -14.32944 9.48169 3.67014
v -13.92418 9.72780 4.09169
v -13.30000 9.47689 3.15542
v -14.32307 8.79865 3.15542
v -14.32944 9.48169 3.67014
v -13.30000 9.53801 3.15542
v -14.38501 9.74635 2.61292
v -14.32307 8.79865 3.15542
v -13.30000 9.77445 3.15542
v -13.99101 10.27896 2.11893
v -14.38501 9.74635 2.61292
v -13.30000 10.59541 3.15542
v -13.30000 8.89022 2.25020
v -13.99101 10.27896 2.11893
v -13.30000 10.03611 3.15542
v -12.73108 9.27194 2.30206
v -13.30000 8.89022 2.25020
v -13.30000 8.89229 3.15542
v -12.26293 9.51805 2.63689
v -12.73108 9.27194 2.30206
v -13.30000 10.33367 3.15542
v -11.93687 10.20110 3.15542
v -12.26293 9.51805 2.63689
v -11.93687 10.20110 3.15542
v -12.31850 9.25340 3.64617
v -11.42282 7.78611 3.15542
v -12.31850 9.25340 3.64617
v -11.42255 8.28272 4.09414
v -11.42282 7.78611 3.15542
v -12.31850 9.25340 3.64617
v -12.79791 8.72078 3.90856
v -11.42255 8.28272 4.09414
v -12.79791 8.72078 3.90856
v -12.16312 8.46358 4.86073
v -11.42255 8.28272 4.09414
v -12.79791 8.72078 3.90856
v -13.30000 10.10952 4.31669
v -12.16312 8.46358 4.86073
v -13.30000 10.10952 4.31669
v -13.30000 8.84905 5.31996
v -12.16312 8.46358 4.86073
v -13.30000 10.10952 4.31669
v -13.92418 9.72780 4.09169
v -13.30000 8.84905 5.31996
v -13.92418 9.72780 4.09169
v -14.27318 7.90428 4.61518
v -13.30000 8.84905 5.31996
v -13.92418 9.72780 4.09169
v -14.32944 9.48169 3.67014
v -14.27318 7.90428 4.61518
v -14.32944 9.48169 3.67014
v -15.01377 7.95986 4.01230
v -14.27318 7.90428 4.61518
v -14.32944 9.48169 3.67014
v -14.32307 8.79865 3.15542
v -15.01377 7.95986 4.01230
v -14.32307 8.79865 3.15542
v -15.83194 8.90462 3.15542
v -15.01377 7.95986 4.01230
v -14.32307 8.79865 3.15542
v -14.38501 9.74635 2.61292
v -15.83194 8.90462 3.15542
v -14.38501 9.74635 2.61292
v -15.24096 8.40801 2.18495
v -15.83194 8.90462 3.15542
v -14.38501 9.74635 2.61292
v -13.99101 10.27896 2.11893
v -15.24096 8.40801 2.18495
v -13.99101 10.27896 2.11893
v -14.36768 8.22715 1.55392
v -15.24096 8.40801 2.18495
v -13.99101 10.27896 2.11893
v -13.30000 8.89022 2.25020
v -14.36768 8.22715 1.55392
v -13.30000 8.89022 2.25020
v -13.30000 7.84168 1.50158
v -14.36768 8.22715 1.55392
v -13.30000 8.89022 2.25020
v -12.73108 9.27194 2.30206
v -13.30000 7.84168 1.50158
v -12.73108 9.27194 2.30206
v -12.06862 8.78645 1.30837
v -13.30000 7.84168 1.50158
v -12.73108 9.27194 2.30206
v -12.26293 9.51805 2.63689
v -12.06862 8.78645 1.30837
v -12.26293 9.51805 2.63689
v -11.19536 8.73087 2.10311
v -12.06862 8.78645 1.30837
v -12.26293 9.51805 2.63689
v -11.93687 10.20110 3.15542
v -11.19536 8.73087 2.10311
v -11.93687 10.20110 3.15542
v -11.42282 7.78611 3.15542
v -11.19536 8.73087 2.10311
v -11.42282 7.78611 3.15542
v -11.42255 8.28272 4.09414
v -10.72095 6.40430 3.15542
v -11.42255 8.28272 4.09414
v -10.39061 6.95651 4.61011
v -10.72095 6.40430 3.15542
v -11.42255 8.28272 4.09414
v -12.16312 8.46358 4.86073
v -10.39061 6.95651 4.61011
v -12.16312 8.46358 4.86073
v -11.81543 6.68032 5.38226
v -10.39061 6.95651 4.61011
v -12.16312 8.46358 4.86073
v -13.30000 8.84905 5.31996
v -11.81543 6.68032 5.38226
v -13.30000 8.84905 5.31996
v -13.30000 6.31079 5.27449
v -11.81543 6.68032 5.38226
v -13.30000 8.84905 5.31996
v -14.27318 7.90428 4.61518
v -13.30000 6.31079 5.27449
v -14.27318 7.90428 4.61518
v -14.76265 6.64929 5.34938
v -13.30000 6.31079 5.27449
v -14.27318 7.90428 4.61518
v -15.01377 7.95986 4.01230
v -14.76265 6.64929 5.34938
v -15.01377 7.95986 4.01230
v -15.92997 6.72821 4.47040
v -14.76265 6.64929 5.34938
v -15.01377 7.95986 4.01230
v -15.83194 8.90462 3.15542
v -15.92997 6.72821 4.47040
v -15.83194 8.90462 3.15542
v -16.48174 6.83075 3.15542
v -15.92997 6.72821 4.47040
v -15.83194 8.90462 3.15542
v -15.24096 8.40801 2.18495
v -16.48174 6.83075 3.15542
v -15.24096 8.40801 2.18495
v -15.37960 6.27854 2.11563
v -16.48174 6.83075 3.15542
v -15.24096 8.40801 2.18495
v -14.36768 8.22715 1.55392
v -15.37960 6.27854 2.11563
v -14.36768 8.22715 1.55392
v -14.69582 6.55473 1.06171
v -15.37960 6.27854 2.11563
v -14.36768 8.22715 1.55392
v -13.30000 7.84168 1.50158
v -14.69582 6.55473 1.06171
v -13.30000 7.84168 1.50158
v -13.30000 6.92426 0.28554
v -14.69582 6.55473 1.06171
v -13.30000 7.84168 1.50158
v -12.06862 8.78645 1.30837
v -13.30000 6.92426 0.28554
v -12.06862 8.78645 1.30837
v -11.88225 6.58576 1.02882
v -13.30000 6.92426 0.28554
v -12.06862 8.78645 1.30837
v -11.19536 8.73087 2.10311
v -11.88225 6.58576 1.02882
v -11.19536 8.73087 2.10311
v -10.94098 6.50684 1.97592
v -11.88225 6.58576 1.02882
v -11.19536 8.73087 2.10311
v -11.42282 7.78611 3.15542
v -10.94098 6.50684 1.97592
v -11.42282 7.78611 3.15542
v -10.72095 6.40430 3.15542
v -10.94098 6.50684 1.97592
v -10.72095 6.40430 3.15542
v -10.39061 6.95651 4.61011
v -9.77829 4.57940 3.15542
v -10.39061 6.95651 4.61011
v -10.72265 4.57940 4.44409
v -9.77829 4.57940 3.15542
v -10.39061 6.95651 4.61011
v -11.81543 6.68032 5.38226
v -10.72265 4.57940 4.44409
v -11.81543 6.68032 5.38226
v -11.84864 4.57940 5.33245
v -10.72265 4.57940 4.44409
v -11.81543 6.68032 5.38226
v -13.30000 6.31079 5.27449
v -11.84864 4.57940 5.33245
v -13.30000 6.31079 5.27449
v -13.30000 4.57940 5.69460
v -11.84864 4.57940 5.33245
v -13.30000 6.31079 5.27449
v -14.76265 6.64929 5.34938
v -13.30000 4.57940 5.69460
v -14.76265 6.64929 5.34938
v -15.15536 4.57940 5.93844
v -13.30000 4.57940 5.69460
v -14.76265 6.64929 5.34938
v -15.92997 6.72821 4.47040
v -15.15536 4.57940 5.93844
v -15.92997 6.72821 4.47040
v -15.87735 4.57940 4.44409
v -15.15536 4.57940 5.93844
v -15.92997 6.72821 4.47040
v -16.48174 6.83075 3.15542
v -15.87735 4.57940 4.44409
v -16.48174 6.83075 3.15542
v -16.01372 4.57940 3.15542
v -15.87735 4.57940 4.44409
v -16.48174 6.83075 3.15542
v -15.37960 6.27854 2.11563
v -16.01372 4.57940 3.15542
v -15.37960 6.27854 2.11563
v -16.12270 4.57940 1.74409
v -16.01372 4.57940 3.15542
v -15.37960 6.27854 2.11563
v -14.69582 6.55473 1.06171
v -16.12270 4.57940 1.74409
v -14.69582 6.55473 1.06171
v -14.96636 4.57940 0.65591
v -16.12270 4.57940 1.74409
v -14.69582 6.55473 1.06171
v -13.30000 6.92426 0.28554
v -14.96636 4.57940 0.65591
v -13.30000 6.92426 0.28554
v -13.30000 4.57940 0.29460
v -14.96636 4.57940 0.65591
v -13.30000 6.92426 0.28554
v -11.88225 6.58576 1.02882
v -13.30000 4.57940 0.29460
v -11.88225 6.58576 1.02882
v -12.03764 4.57940 1.26190
v -13.30000 4.57940 0.29460
v -11.88225 6.58576 1.02882
v -10.94098 6.50684 1.97592
v -12.03764 4.57940 1.26190
v -10.94098 6.50684 1.97592
v -10.47730 4.57940 1.74409
v -12.03764 4.57940 1.26190
v -10.94098 6.50684 1.97592
v -10.72095 6.40430 3.15542
v -10.47730 4.57940 1.74409
v -10.72095 6.40430 3.15542
v -9.77829 4.57940 3.15542
v -10.47730 4.57940 1.74409
v -9.77829 4.57940 3.15542
v -10.72265 4.57940 4.44409
v -10.40393 2.53018 3.15542
v -10.72265 4.57940 4.44409
v -11.26730 2.91858 4.17177
v -10.40393 2.53018 3.15542
v -10.72265 4.57940 4.44409
v -11.84864 4.57940 5.33245
v -11.26730 2.91858 4.17177
v -11.84864 4.57940 5.33245
v -11.69452 2.30737 5.56362
v -11.26730 2.91858 4.17177
v -11.84864 4.57940 5.33245
v -13.30000 4.57940 5.69460
v -11.69452 2.30737 5.56362
v -13.30000 4.57940 5.69460
v -13.30000 2.36001 5.87175
v -11.69452 2.30737 5.56362
v -13.30000 4.57940 5.69460
v -15.15536 4.57940 5.93844
v -13.30000 2.36001 5.87175
v -15.15536 4.57940 5.93844
v -14.64174 2.68061 5.16801
v -13.30000 2.36001 5.87175
v -15.15536 4.57940 5.93844
v -15.87735 4.57940 4.44409
v -14.64174 2.68061 5.16801
v -15.87735 4.57940 4.44409
v -15.61212 2.69028 4.31148
v -14.64174 2.68061 5.16801
v -15.87735 4.57940 4.44409
v -16.01372 4.57940 3.15542
v -15.61212 2.69028 4.31148
v -16.01372 4.57940 3.15542
v -16.16472 2.55236 3.15542
v -15.61212 2.69028 4.31148
v -16.01372 4.57940 3.15542
v -16.12270 4.57940 1.74409
v -16.16472 2.55236 3.15542
v -16.12270 4.57940 1.74409
v -16.25629 2.16396 1.67729
v -16.16472 2.55236 3.15542
v -16.12270 4.57940 1.74409
v -14.96636 4.57940 0.65591
v -16.25629 2.16396 1.67729
v -14.96636 4.57940 0.65591
v -14.57492 2.77517 1.24307
v -16.25629 2.16396 1.67729
v -14.96636 4.57940 0.65591
v -13.30000 4.57940 0.29460
v -14.57492 2.77517 1.24307
v -13.30000 4.57940 0.29460
v -13.30000 2.72253 0.88280
v -14.57492 2.77517 1.24307
v -13.30000 4.57940 0.29460
v -12.03764 4.57940 1.26190
v -13.30000 2.72253 0.88280
v -12.03764 4.57940 1.26190
v -11.76134 2.40193 0.84746
v -13.30000 2.72253 0.88280
v -12.03764 4.57940 1.26190
v -10.47730 4.57940 1.74409
v -11.76134 2.40193 0.84746
v -10.47730 4.57940 1.74409
v -10.62313 2.39226 1.81700
v -11.76134 2.40193 0.84746
v -10.47730 4.57940 1.74409
v -9.77829 4.57940 3.15542
v -10.62313 2.39226 1.81700
v -9.77829 4.57940 3.15542
v -10.40393 2.53018 3.15542
v -10.62313 2.39226 1.81700
v -10.40393 2.53018 3.15542
v -11.26730 2.91858 4.17177
v -11.17205 0.94430 3.15542
v -11.26730 2.91858 4.17177
v -11.23636 0.50881 4.18723
v -11.17205 0.94430 3.15542
v -11.26730 2.91858 4.17177
v -11.69452 2.30737 5.56362
v -11.23636 0.50881 4.18723
v -11.69452 2.30737 5.56362
v -12.12482 0.56438 4.91817
v -11.23636 0.50881 4.18723
v -11.69452 2.30737 5.56362
v -13.30000 2.36001 5.87175
v -12.12482 0.56438 4.91817
v -13.30000 2.36001 5.87175
v -13.30000 0.99988 4.97009
v -12.12482 0.56438 4.91817
v -13.30000 2.36001 5.87175
v -14.64174 2.68061 5.16801
v -13.30000 0.99988 4.97009
v -14.64174 2.68061 5.16801
v -14.23488 1.38534 4.55774
v -13.30000 0.99988 4.97009
v -14.64174 2.68061 5.16801
v -15.61212 2.69028 4.31148
v -14.23488 1.38534 4.55774
v -15.61212 2.69028 4.31148
v -15.52732 0.18594 4.26907
v -14.23488 1.38534 4.55774
v -15.61212 2.69028 4.31148
v -16.16472 2.55236 3.15542
v -15.52732 0.18594 4.26907
v -16.16472 2.55236 3.15542
v -15.58117 0.68256 3.15542
v -15.52732 0.18594 4.26907
v -16.16472 2.55236 3.15542
v -16.25629 2.16396 1.67729
v -15.58117 0.68256 3.15542
v -16.25629 2.16396 1.67729
v -15.05477 1.11805 2.27805
v -15.58117 0.68256 3.15542
v -16.25629 2.16396 1.67729
v -14.57492 2.77517 1.24307
v -15.05477 1.11805 2.27805
v -14.57492 2.77517 1.24307
v -14.32938 1.06248 1.61136
v -15.05477 1.11805 2.27805
v -14.57492 2.77517 1.24307
v -13.30000 2.72253 0.88280
v -14.32938 1.06248 1.61136
v -13.30000 2.72253 0.88280
v -13.30000 0.62698 1.15172
v -14.32938 1.06248 1.61136
v -13.30000 2.72253 0.88280
v -11.76134 2.40193 0.84746
v -13.30000 0.62698 1.15172
v -11.76134 2.40193 0.84746
v -12.03032 0.24152 1.25093
v -13.30000 0.62698 1.15172
v -11.76134 2.40193 0.84746
v -10.62313 2.39226 1.81700
v -12.03032 0.24152 1.25093
v -10.62313 2.39226 1.81700
v -11.70891 1.44092 2.35989
v -12.03032 0.24152 1.25093
v -10.62313 2.39226 1.81700
v -10.40393 2.53018 3.15542
v -11.70891 1.44092 2.35989
v -10.40393 2.53018 3.15542
v -11.17205 0.94430 3.15542
v -11.70891 1.44092 2.35989
v -11.17205 0.94430 3.15542
v -11.23636 0.50881 4.18723
v -11.99126 -0.81798 3.15542
v -11.23636 0.50881 4.18723
v -12.16809 -0.81089 3.72138
v -11.99126 -0.81798 3.15542
v -11.23636 0.50881 4.18723
v -12.12482 0.56438 4.91817
v -12.16809 -0.81089 3.72138
v -12.12482 0.56438 4.91817
v -12.81865 0.60912 3.87744
v -12.16809 -0.81089 3.72138
v -12.12482 0.56438 4.91817
v -13.30000 0.99988 4.97009
v -12.81865 0.60912 3.87744
v -13.30000 0.99988 4.97009
v -13.30000 -0.46273 4.21422
v -12.81865 0.60912 3.87744
v -13.30000 0.99988 4.97009
v -14.23488 1.38534 4.55774
v -13.30000 -0.46273 4.21422
v -14.23488 1.38534 4.55774
v -13.94493 -0.74011 4.12281
v -13.30000 -0.46273 4.21422
v -14.23488 1.38534 4.55774
v -15.52732 0.18594 4.26907
v -13.94493 -0.74011 4.12281
v -15.52732 0.18594 4.26907
v -14.38397 -0.58259 3.69741
v -13.94493 -0.74011 4.12281
v -15.52732 0.18594 4.26907
v -15.58117 0.68256 3.15542
v -14.38397 -0.58259 3.69741
v -15.58117 0.68256 3.15542
v -14.37746 0.13583 3.15542
v -14.38397 -0.58259 3.69741
v -15.58117 0.68256 3.15542
v -15.05477 1.11805 2.27805
v -14.37746 0.13583 3.15542
v -15.05477 1.11805 2.27805
v -14.23460 0.12874 2.68813
v -14.37746 0.13583 3.15542
v -15.05477 1.11805 2.27805
v -14.32938 1.06248 1.61136
v -14.23460 0.12874 2.68813
v -14.32938 1.06248 1.61136
v -14.01175 -1.29127 2.08781
v -14.23460 0.12874 2.68813
v -14.32938 1.06248 1.61136
v -13.30000 0.62698 1.15172
v -14.01175 -1.29127 2.08781
v -13.30000 0.62698 1.15172
v -13.30000 -0.21942 2.14773
v -14.01175 -1.29127 2.08781
v -13.30000 0.62698 1.15172
v -12.03032 0.24152 1.25093
v -13.30000 -0.21942 2.14773
v -12.03032 0.24152 1.25093
v -12.75183 0.05796 2.33317
v -13.30000 -0.21942 2.14773
v -12.03032 0.24152 1.25093
v -11.70891 1.44092 2.35989
v -12.75183 0.05796 2.33317
v -11.70891 1.44092 2.35989
v -12.31746 -0.09956 2.66416
v -12.75183 0.05796 2.33317
v -11.70891 1.44092 2.35989
v -11.17205 0.94430 3.15542
v -12.31746 -0.09956 2.66416
v -11.17205 0.94430 3.15542
v -11.99126 -0.81798 3.15542
v -12.31746 -0.09956 2.66416
v -11.99126 -0.81798 3.15542
v -12.16809 -0.81089 3.72138
v -13.30000 -0.31810 3.15542
v -12.16809 -0.81089 3.72138
v -12.81865 0.60912 3.87744
v -13.30000 -0.37922 3.15542
v -12.81865 0.60912 3.87744
v -13.30000 -0.46273 4.21422
v -13.30000 -0.61565 3.15542
v -13.30000 -0.46273 4.21422
v -13.94493 -0.74011 4.12281
v -13.30000 -1.43661 3.15542
v -13.94493 -0.74011 4.12281
v -14.38397 -0.58259 3.69741
v -13.30000 -0.87731 3.15542
v -14.38397 -0.58259 3.69741
v -14.37746 0.13583 3.15542
v -13.30000 0.26651 3.15542
v -14.37746 0.13583 3.15542
v -14.23460 0.12874 2.68813
v -13.30000 -1.17487 3.15542
v -14.23460 0.12874 2.68813
v -14.01175 -1.29127 2.08781
v -13.30000 -1.11375 3.15542
v -14.01175 -1.29127 2.08781
v -13.30000 -0.21942 2.14773
v -13.30000 -0.87731 3.15542
v -13.30000 -0.21942 2.14773
v -12.75183 0.05796 2.33317
v -13.30000 -0.05635 3.15542
v -12.75183 0.05796 2.33317
v -12.31746 -0.09956 2.66416
v -13.30000 -0.61565 3.15542
v -12.31746 -0.09956 2.66416
v -11.99126 -0.81798 3.15542
v -13.30000 -1.75948 3.15542
v -15.80000 10.48984 3.76606
v -14.98181 9.18748 4.23541
v -14.64664 10.31221 3.76606
v -15.80000 10.00179 3.76606
v -15.34497 9.00032 4.54912
v -14.98181 9.18748 4.23541
v -15.80000 9.46750 3.76606
v -15.80000 10.62765 4.97012
v -15.34497 9.00032 4.54912
v -15.80000 10.32348 3.76606
v -16.32666 9.77284 4.67240
v -15.80000 10.62765 4.97012
v -15.80000 11.22571 3.76606
v -16.65998 9.44766 4.25938
v -16.32666 9.77284 4.67240
v -15.80000 9.36450 3.76606
v -16.72651 9.08906 3.76606
v -16.65998 9.44766 4.25938
v -15.80000 9.83543 3.76606
v -16.78303 10.21378 3.20216
v -16.72651 9.08906 3.76606
v -15.80000 10.32348 3.76606
v -16.38491 10.40095 2.75949
v -16.78303 10.21378 3.20216
v -15.80000 10.85777 3.76606
v -15.80000 8.77361 2.90363
v -16.38491 10.40095 2.75949
v -15.80000 10.00179 3.76606
v -15.28673 9.62842 2.88277
v -15.80000 8.77361 2.90363
v -15.80000 9.09956 3.76606
v -14.85876 9.95361 3.22613
v -15.28673 9.62842 2.88277
v -15.80000 10.96077 3.76606
v -14.64664 10.31221 3.76606
v -14.85876 9.95361 3.22613
v -14.64664 10.31221 3.76606
v -14.98181 9.18748 4.23541
v -14.21274 7.63832 3.76606
v -14.98181 9.18748 4.23541
v -14.08577 8.51420 4.74940
v -14.21274 7.63832 3.76606
v -14.98181 9.18748 4.23541
v -15.34497 9.00032 4.54912
v -14.08577 8.51420 4.74940
v -15.34497 9.00032 4.54912
v -14.78460 8.62898 5.51348
v -14.08577 8.51420 4.74940
v -15.34497 9.00032 4.54912
v -15.80000 10.62765 4.97012
v -14.78460 8.62898 5.51348
v -15.80000 10.62765 4.97012
v -15.80000 8.75831 5.84134
v -14.78460 8.62898 5.51348
v -15.80000 10.62765 4.97012
v -16.32666 9.77284 4.67240
v -15.80000 8.75831 5.84134
v -16.32666 9.77284 4.67240
v -16.62378 7.77299 5.18371
v -15.80000 8.75831 5.84134
v -16.32666 9.77284 4.67240
v -16.65998 9.44766 4.25938
v -16.62378 7.77299 5.18371
v -16.65998 9.44766 4.25938
v -17.37156 8.14627 4.66757
v -16.62378 7.77299 5.18371
v -16.65998 9.44766 4.25938
v -16.72651 9.08906 3.76606
v -17.37156 8.14627 4.66757
v -16.72651 9.08906 3.76606
v -18.05585 9.13159 3.76606
v -17.37156 8.14627 4.66757
v -16.72651 9.08906 3.76606
v -16.78303 10.21378 3.20216
v -18.05585 9.13159 3.76606
v -16.78303 10.21378 3.20216
v -17.41399 8.25570 2.84022
v -18.05585 9.13159 3.76606
v -16.78303 10.21378 3.20216
v -16.38491 10.40095 2.75949
v -17.41399 8.25570 2.84022
v -16.38491 10.40095 2.75949
v -16.70615 8.14093 2.20667
v -17.41399 8.25570 2.84022
v -16.38491 10.40095 2.75949
v -15.80000 8.77361 2.90363
v -16.70615 8.14093 2.20667
v -15.80000 8.77361 2.90363
v -15.80000 8.01159 2.02296
v -16.70615 8.14093 2.20667
v -15.80000 8.77361 2.90363
v -15.28673 9.62842 2.88277
v -15.80000 8.01159 2.02296
v -15.28673 9.62842 2.88277
v -14.70223 8.99691 1.87689
v -15.80000 8.01159 2.02296
v -15.28673 9.62842 2.88277
v -14.85876 9.95361 3.22613
v -14.70223 8.99691 1.87689
v -14.85876 9.95361 3.22613
v -14.04334 8.62364 2.75838
v -14.70223 8.99691 1.87689
v -14.85876 9.95361 3.22613
v -14.64664 10.31221 3.76606
v -14.04334 8.62364 2.75838
v -14.64664 10.31221 3.76606
v -14.21274 7.63832 3.76606
v -14.04334 8.62364 2.75838
v -14.21274 7.63832 3.76606
v -14.08577 8.51420 4.74940
v -13.41912 6.29586 3.76606
v -14.08577 8.51420 4.74940
v -13.25184 6.81531 5.22778
v -13.41912 6.29586 3.76606
v -14.08577 8.51420 4.74940
v -14.78460 8.62898 5.51348
v -13.25184 6.81531 5.22778
v -14.78460 8.62898 5.51348
v -14.57246 6.36451 5.87854
v -13.25184 6.81531 5.22778
v -14.78460 8.62898 5.51348
v -15.80000 8.75831 5.84134
v -14.57246 6.36451 5.87854
v -15.80000 8.75831 5.84134
v -15.80000 6.05325 5.87106
v -14.57246 6.36451 5.87854
v -15.80000 8.75831 5.84134
v -16.62378 7.77299 5.18371
v -15.80000 6.05325 5.87106
v -16.62378 7.77299 5.18371
v -17.14133 6.57506 6.07437
v -15.80000 6.05325 5.87106
v -16.62378 7.77299 5.18371
v -17.37156 8.14627 4.66757
v -17.14133 6.57506 6.07437
v -17.37156 8.14627 4.66757
v -18.10461 6.55514 5.08807
v -17.14133 6.57506 6.07437
v -17.37156 8.14627 4.66757
v -18.05585 9.13159 3.76606
v -18.10461 6.55514 5.08807
v -18.05585 9.13159 3.76606
v -18.44038 6.53594 3.76606
v -18.10461 6.55514 5.08807
v -18.05585 9.13159 3.76606
v -17.41399 8.25570 2.84022
v -18.44038 6.53594 3.76606
v -17.41399 8.25570 2.84022
v -17.60037 6.01649 2.73330
v -18.44038 6.53594 3.76606
v -17.41399 8.25570 2.84022
v -16.70615 8.14093 2.20667
v -17.60037 6.01649 2.73330
v -16.70615 8.14093 2.20667
v -17.08309 6.46730 1.55798
v -17.60037 6.01649 2.73330
v -16.70615 8.14093 2.20667
v -15.80000 8.01159 2.02296
v -17.08309 6.46730 1.55798
v -15.80000 8.01159 2.02296
v -15.80000 6.77855 0.88211
v -17.08309 6.46730 1.55798
v -15.80000 8.01159 2.02296
v -14.70223 8.99691 1.87689
v -15.80000 6.77855 0.88211
v -14.70223 8.99691 1.87689
v -14.63071 6.25674 1.75382
v -15.80000 6.77855 0.88211
v -14.70223 8.99691 1.87689
v -14.04334 8.62364 2.75838
v -14.63071 6.25674 1.75382
v -14.04334 8.62364 2.75838
v -13.75608 6.27666 2.59359
v -14.63071 6.25674 1.75382
v -14.04334 8.62364 2.75838
v -14.21274 7.63832 3.76606
v -13.75608 6.27666 2.59359
v -14.21274 7.63832 3.76606
v -13.41912 6.29586 3.76606
v -13.75608 6.27666 2.59359
v -13.41912 6.29586 3.76606
v -13.25184 6.81531 5.22778
v -12.77128 4.09325 3.76606
v -13.25184 6.81531 5.22778
v -13.67370 4.09325 4.98578
v -12.77128 4.09325 3.76606
v -13.25184 6.81531 5.22778
v -14.57246 6.36451 5.87854
v -13.67370 4.09325 4.98578
v -14.57246 6.36451 5.87854
v -14.51451 4.09325 5.97827
v -13.67370 4.09325 4.98578
v -14.57246 6.36451 5.87854
v -15.80000 6.05325 5.87106
v -14.51451 4.09325 5.97827
v -15.80000 6.05325 5.87106
v -15.80000 4.09325 6.44312
v -14.51451 4.09325 5.97827
v -15.80000 6.05325 5.87106
v -17.14133 6.57506 6.07437
v -15.80000 4.09325 6.44312
v -17.14133 6.57506 6.07437
v -17.39673 4.09325 6.51389
v -15.80000 4.09325 6.44312
v -17.14133 6.57506 6.07437
v -18.10461 6.55514 5.08807
v -17.39673 4.09325 6.51389
v -18.10461 6.55514 5.08807
v -17.92630 4.09325 4.98578
v -17.39673 4.09325 6.51389
v -18.10461 6.55514 5.08807
v -18.44038 6.53594 3.76606
v -17.92630 4.09325 4.98578
v -18.44038 6.53594 3.76606
v -18.20624 4.09325 3.76606
v -17.92630 4.09325 4.98578
v -18.44038 6.53594 3.76606
v -17.60037 6.01649 2.73330
v -18.20624 4.09325 3.76606
v -17.60037 6.01649 2.73330
v -18.38052 4.09325 2.28578
v -18.20624 4.09325 3.76606
v -17.60037 6.01649 2.73330
v -17.08309 6.46730 1.55798
v -18.38052 4.09325 2.28578
v -17.08309 6.46730 1.55798
v -17.23199 4.09325 1.30174
v -18.38052 4.09325 2.28578
v -17.08309 6.46730 1.55798
v -15.80000 6.77855 0.88211
v -17.23199 4.09325 1.30174
v -15.80000 6.77855 0.88211
v -15.80000 4.09325 1.04312
v -17.23199 4.09325 1.30174
v -15.80000 6.77855 0.88211
v -14.63071 6.25674 1.75382
v -15.80000 4.09325 1.04312
v -14.63071 6.25674 1.75382
v -14.67925 4.09325 1.83735
v -15.80000 4.09325 1.04312
v -14.63071 6.25674 1.75382
v -13.75608 6.27666 2.59359
v -14.67925 4.09325 1.83735
v -13.75608 6.27666 2.59359
v -13.21948 4.09325 2.28578
v -14.67925 4.09325 1.83735
v -13.75608 6.27666 2.59359
v -13.41912 6.29586 3.76606
v -13.21948 4.09325 2.28578
v -13.41912 6.29586 3.76606
v -12.77128 4.09325 3.76606
v -13.21948 4.09325 2.28578
v -12.77128 4.09325 3.76606
v -13.67370 4.09325 4.98578
v -13.37970 1.85416 3.76606
v -13.67370 4.09325 4.98578
v -13.95552 2.12289 4.82412
v -13.37970 1.85416 3.76606
v -13.67370 4.09325 4.98578
v -14.51451 4.09325 5.97827
v -13.95552 2.12289 4.82412
v -14.51451 4.09325 5.97827
v -14.34863 1.40783 6.26374
v -13.95552 2.12289 4.82412
v -14.51451 4.09325 5.97827
v -15.80000 4.09325 6.44312
v -14.34863 1.40783 6.26374
v -15.80000 4.09325 6.44312
v -15.80000 1.64171 6.39896
v -14.34863 1.40783 6.26374
v -15.80000 4.09325 6.44312
v -17.39673 4.09325 6.51389
v -15.80000 1.64171 6.39896
v -17.39673 4.09325 6.51389
v -16.91750 2.02559 5.68917
v -15.80000 1.64171 6.39896
v -17.39673 4.09325 6.51389
v -17.92630 4.09325 4.98578
v -16.91750 2.02559 5.68917
v -17.92630 4.09325 4.98578
v -17.88803 1.86272 4.96383
v -16.91750 2.02559 5.68917
v -17.92630 4.09325 4.98578
v -18.20624 4.09325 3.76606
v -17.88803 1.86272 4.96383
v -18.20624 4.09325 3.76606
v -18.40095 1.68703 3.76606
v -17.88803 1.86272 4.96383
v -18.20624 4.09325 3.76606
v -18.38052 4.09325 2.28578
v -18.40095 1.68703 3.76606
v -18.38052 4.09325 2.28578
v -18.30406 1.41829 2.32964
v -18.40095 1.68703 3.76606
v -18.38052 4.09325 2.28578
v -17.23199 4.09325 1.30174
v -18.30406 1.41829 2.32964
v -17.23199 4.09325 1.30174
v -16.85925 2.13335 1.94318
v -18.30406 1.41829 2.32964
v -17.23199 4.09325 1.30174
v -15.80000 4.09325 1.04312
v -16.85925 2.13335 1.94318
v -15.80000 4.09325 1.04312
v -15.80000 1.89948 1.41001
v -16.85925 2.13335 1.94318
v -15.80000 4.09325 1.04312
v -14.67925 4.09325 1.83735
v -15.80000 1.89948 1.41001
v -14.67925 4.09325 1.83735
v -14.40687 1.51560 1.36861
v -15.80000 1.89948 1.41001
v -14.67925 4.09325 1.83735
v -13.21948 4.09325 2.28578
v -14.40687 1.51560 1.36861
v -13.21948 4.09325 2.28578
v -13.53949 1.67846 2.46935
v -14.40687 1.51560 1.36861
v -13.21948 4.09325 2.28578
v -12.77128 4.09325 3.76606
v -13.53949 1.67846 2.46935
v -12.77128 4.09325 3.76606
v -13.37970 1.85416 3.76606
v -13.53949 1.67846 2.46935
v -13.37970 1.85416 3.76606
v -13.95552 2.12289 4.82412
v -13.85539 -0.24996 3.76606
v -13.95552 2.12289 4.82412
v -13.95890 -0.65491 4.82218
v -13.85539 -0.24996 3.76606
v -13.95552 2.12289 4.82412
v -14.34863 1.40783 6.26374
v -13.95890 -0.65491 4.82218
v -14.34863 1.40783 6.26374
v -14.82060 -0.28164 5.45151
v -13.95890 -0.65491 4.82218
v -14.34863 1.40783 6.26374
v -15.80000 1.64171 6.39896
v -14.82060 -0.28164 5.45151
v -15.80000 1.64171 6.39896
v -15.80000 0.12332 5.53210
v -14.82060 -0.28164 5.45151
v -15.80000 1.64171 6.39896
v -16.91750 2.02559 5.68917
v -15.80000 0.12332 5.53210
v -16.91750 2.02559 5.68917
v -16.65979 0.25265 5.24567
v -15.80000 0.12332 5.53210
v -16.91750 2.02559 5.68917
v -17.88803 1.86272 4.96383
v -16.65979 0.25265 5.24567
v -17.88803 1.86272 4.96383
v -17.78377 -1.02285 4.90402
v -16.65979 0.25265 5.24567
v -17.88803 1.86272 4.96383
v -18.40095 1.68703 3.76606
v -17.78377 -1.02285 4.90402
v -18.40095 1.68703 3.76606
v -17.69849 -0.14696 3.76606
v -17.78377 -1.02285 4.90402
v -18.40095 1.68703 3.76606
v -18.30406 1.41829 2.32964
v -17.69849 -0.14696 3.76606
v -18.30406 1.41829 2.32964
v -17.28712 0.25799 2.91300
v -17.69849 -0.14696 3.76606
v -18.30406 1.41829 2.32964
v -16.85925 2.13335 1.94318
v -17.28712 0.25799 2.91300
v -16.85925 2.13335 1.94318
v -16.74215 -0.11528 2.14470
v -17.28712 0.25799 2.91300
v -16.85925 2.13335 1.94318
v -15.80000 1.89948 1.41001
v -16.74215 -0.11528 2.14470
v -15.80000 1.89948 1.41001
v -15.80000 -0.52024 1.71373
v -16.74215 -0.11528 2.14470
v -15.80000 1.89948 1.41001
v -14.40687 1.51560 1.36861
v -15.80000 -0.52024 1.71373
v -14.40687 1.51560 1.36861
v -14.73823 -0.64957 1.93886
v -15.80000 -0.52024 1.71373
v -14.40687 1.51560 1.36861
v -13.53949 1.67846 2.46935
v -14.73823 -0.64957 1.93886
v -13.53949 1.67846 2.46935
v -14.45555 0.62593 2.99483
v -14.73823 -0.64957 1.93886
v -13.53949 1.67846 2.46935
v -13.37970 1.85416 3.76606
v -14.45555 0.62593 2.99483
v -13.37970 1.85416 3.76606
v -13.85539 -0.24996 3.76606
v -14.45555 0.62593 2.99483
v -13.85539 -0.24996 3.76606
v -13.95890 -0.65491 4.82218
v -14.65341 -2.08924 3.76606
v -13.95890 -0.65491 4.82218
v -14.86107 -1.75270 4.30466
v -14.65341 -2.08924 3.76606
v -13.95890 -0.65491 4.82218
v -14.82060 -0.28164 5.45151
v -14.86107 -1.75270 4.30466
v -14.82060 -0.28164 5.45151
v -15.38338 -0.39967 4.48303
v -14.86107 -1.75270 4.30466
v -14.82060 -0.28164 5.45151
v -15.80000 0.12332 5.53210
v -15.38338 -0.39967 4.48303
v -15.80000 0.12332 5.53210
v -15.80000 -1.94962 4.87955
v -15.38338 -0.39967 4.48303
v -15.80000 0.12332 5.53210
v -16.65979 0.25265 5.24567
v -15.80000 -1.94962 4.87955
v -16.65979 0.25265 5.24567
v -16.36507 -2.00050 4.73849
v -15.80000 -1.94962 4.87955
v -16.65979 0.25265 5.24567
v -17.78377 -1.02285 4.90402
v -16.36507 -2.00050 4.73849
v -17.78377 -1.02285 4.90402
v -16.69714 -1.49253 4.28069
v -16.36507 -2.00050 4.73849
v -17.78377 -1.02285 4.90402
v -17.69849 -0.14696 3.76606
v -16.69714 -1.49253 4.28069
v -17.69849 -0.14696 3.76606
v -16.73328 -0.93904 3.76606
v -16.69714 -1.49253 4.28069
v -17.69849 -0.14696 3.76606
v -17.28712 0.25799 2.91300
v -16.73328 -0.93904 3.76606
v -17.28712 0.25799 2.91300
v -16.66230 -1.27558 3.27142
v -16.73328 -0.93904 3.76606
v -17.28712 0.25799 2.91300
v -16.74215 -0.11528 2.14470
v -16.66230 -1.27558 3.27142
v -16.74215 -0.11528 2.14470
v -16.42331 -2.62861 2.69340
v -16.66230 -1.27558 3.27142
v -16.74215 -0.11528 2.14470
v -15.80000 -0.52024 1.71373
v -16.42331 -2.62861 2.69340
v -15.80000 -0.52024 1.71373
v -15.80000 -1.07866 2.81306
v -16.42331 -2.62861 2.69340
v -15.80000 -0.52024 1.71373
v -14.73823 -0.64957 1.93886
v -15.80000 -1.07866 2.81306
v -14.73823 -0.64957 1.93886
v -15.32513 -1.02778 2.94886
v -15.80000 -1.07866 2.81306
v -14.73823 -0.64957 1.93886
v -14.45555 0.62593 2.99483
v -15.32513 -1.02778 2.94886
v -14.45555 0.62593 2.99483
v -14.89592 -1.53575 3.24745
v -15.32513 -1.02778 2.94886
v -14.45555 0.62593 2.99483
v -13.85539 -0.24996 3.76606
v -14.89592 -1.53575 3.24745
v -13.85539 -0.24996 3.76606
v -14.65341 -2.08924 3.76606
v -14.89592 -1.53575 3.24745
v -14.65341 -2.08924 3.76606
v -14.86107 -1.75270 4.30466
v -15.80000 -1.17801 3.76606
v -14.86107 -1.75270 4.30466
v -15.38338 -0.39967 4.48303
v -15.80000 -1.64894 3.76606
v -15.38338 -0.39967 4.48303
v -15.80000 -1.94962 4.87955
v -15.80000 -2.13699 3.76606
v -15.80000 -1.94962 4.87955
v -16.36507 -2.00050 4.73849
v -15.80000 -2.67128 3.76606
v -16.36507 -2.00050 4.73849
v -16.69714 -1.49253 4.28069
v -15.80000 -1.81530 3.76606
v -16.69714 -1.49253 4.28069
v -16.73328 -0.93904 3.76606
v -15.80000 -0.91307 3.76606
v -16.73328 -0.93904 3.76606
v -16.66230 -1.27558 3.27142
v -15.80000 -2.77428 3.76606
v -16.66230 -1.27558 3.27142
v -16.42331 -2.62861 2.69340
v -15.80000 -2.30334 3.76606
v -16.42331 -2.62861 2.69340
v -15.80000 -1.07866 2.81306
v -15.80000 -1.81530 3.76606
v -15.80000 -1.07866 2.81306
v -15.32513 -1.02778 2.94886
v -15.80000 -1.28100 3.76606
v -15.32513 -1.02778 2.94886
v -14.89592 -1.53575 3.24745
v -15.80000 -2.13699 3.76606
v -14.89592 -1.53575 3.24745
v -14.65341 -2.08924 3.76606
v -15.80000 -3.03922 3.76606
v -18.30000 10.30831 4.14402
v -17.41138 10.08772 4.69449
v -17.19839 10.47163 4.14402
v -18.30000 10.86934 4.14402
v -17.89542 8.98495 4.89589
v -17.41138 10.08772 4.69449
v -18.30000 9.71122 4.14402
v -18.30000 9.80766 5.18585
v -17.89542 8.98495 4.89589
v -18.30000 9.47141 4.14402
v -18.80449 10.00074 5.08156
v -18.30000 9.80766 5.18585
v -18.30000 10.95075 4.14402
v -19.22731 10.31486 4.71846
v -18.80449 10.00074 5.08156
v -18.30000 10.31296 4.14402
v -19.12440 9.06242 4.14402
v -19.22731 10.31486 4.71846
v -18.30000 10.03244 4.14402
v -19.07935 9.44633 3.66124
v -19.12440 9.06242 4.14402
v -18.30000 9.47141 4.14402
v -18.85842 10.54910 3.10626
v -19.07935 9.44633 3.66124
v -18.30000 10.62953 4.14402
v -18.30000 9.72639 3.11935
v -18.85842 10.54910 3.10626
v -18.30000 10.86934 4.14402
v -17.84149 9.53331 3.29193
v -18.30000 9.72639 3.11935
v -18.30000 9.38999 4.14402
v -17.55934 9.21919 3.68522
v -17.84149 9.53331 3.29193
v -18.30000 10.02779 4.14402
v -17.19839 10.47163 4.14402
v -17.55934 9.21919 3.68522
v -17.19839 10.47163 4.14402
v -17.41138 10.08772 4.69449
v -16.59577 8.46010 4.14402
v -17.41138 10.08772 4.69449
v -16.85482 8.38540 5.03926
v -16.59577 8.46010 4.14402
v -17.41138 10.08772 4.69449
v -17.89542 8.98495 4.89589
v -16.85482 8.38540 5.03926
v -17.89542 8.98495 4.89589
v -17.47691 8.33787 5.67364
v -16.85482 8.38540 5.03926
v -17.89542 8.98495 4.89589
v -18.30000 9.80766 5.18585
v -17.47691 8.33787 5.67364
v -18.30000 9.80766 5.18585
v -18.30000 9.29017 6.39552
v -17.47691 8.33787 5.67364
v -18.30000 9.80766 5.18585
v -18.80449 10.00074 5.08156
v -18.30000 9.29017 6.39552
v -18.80449 10.00074 5.08156
v -19.18003 8.57768 5.77947
v -18.30000 9.29017 6.39552
v -18.80449 10.00074 5.08156
v -19.22731 10.31486 4.71846
v -19.18003 8.57768 5.77947
v -19.22731 10.31486 4.71846
v -19.61306 8.06417 4.95742
v -19.18003 8.57768 5.77947
v -19.22731 10.31486 4.71846
v -19.12440 9.06242 4.14402
v -19.61306 8.06417 4.95742
v -19.12440 9.06242 4.14402
v -20.15457 8.77667 4.14402
v -19.61306 8.06417 4.95742
v -19.12440 9.06242 4.14402
v -19.07935 9.44633 3.66124
v -20.15457 8.77667 4.14402
v -19.07935 9.44633 3.66124
v -19.93683 8.85137 3.13007
v -20.15457 8.77667 4.14402
v -19.07935 9.44633 3.66124
v -18.85842 10.54910 3.10626
v -19.93683 8.85137 3.13007
v -18.85842 10.54910 3.10626
v -19.25631 8.89890 2.36683
v -19.93683 8.85137 3.13007
v -18.85842 10.54910 3.10626
v -18.30000 9.72639 3.11935
v -19.25631 8.89890 2.36683
v -18.30000 9.72639 3.11935
v -18.30000 7.94660 2.57714
v -19.25631 8.89890 2.36683
v -18.30000 9.72639 3.11935
v -17.84149 9.53331 3.29193
v -18.30000 7.94660 2.57714
v -17.84149 9.53331 3.29193
v -17.40064 8.65909 2.47265
v -18.30000 7.94660 2.57714
v -17.84149 9.53331 3.29193
v -17.55934 9.21919 3.68522
v -17.40064 8.65909 2.47265
v -17.55934 9.21919 3.68522
v -16.53106 9.17260 3.04823
v -17.40064 8.65909 2.47265
v -17.55934 9.21919 3.68522
v -17.19839 10.47163 4.14402
v -16.53106 9.17260 3.04823
v -17.19839 10.47163 4.14402
v -16.59577 8.46010 4.14402
v -16.53106 9.17260 3.04823
v -16.59577 8.46010 4.14402
v -16.85482 8.38540 5.03926
v -16.41071 6.51939 4.14402
v -16.85482 8.38540 5.03926
v -16.11427 7.07287 5.49801
v -16.41071 6.51939 4.14402
v -16.85482 8.38540 5.03926
v -17.47691 8.33787 5.67364
v -16.11427 7.07287 5.49801
v -17.47691 8.33787 5.67364
v -17.00555 7.12959 6.54962
v -16.11427 7.07287 5.49801
v -17.47691 8.33787 5.67364
v -18.30000 9.29017 6.39552
v -17.00555 7.12959 6.54962
v -18.30000 9.29017 6.39552
v -18.30000 6.75787 6.46449
v -17.00555 7.12959 6.54962
v -18.30000 9.29017 6.39552
v -19.18003 8.57768 5.77947
v -18.30000 6.75787 6.46449
v -19.18003 8.57768 5.77947
v -19.38438 6.76314 6.15922
v -18.30000 6.75787 6.46449
v -19.18003 8.57768 5.77947
v -19.61306 8.06417 4.95742
v -19.38438 6.76314 6.15922
v -19.61306 8.06417 4.95742
v -20.26020 6.84573 5.35830
v -19.38438 6.76314 6.15922
v -19.61306 8.06417 4.95742
v -20.15457 8.77667 4.14402
v -20.26020 6.84573 5.35830
v -20.15457 8.77667 4.14402
v -21.06049 7.27925 4.14402
v -20.26020 6.84573 5.35830
v -20.15457 8.77667 4.14402
v -19.93683 8.85137 3.13007
v -21.06049 7.27925 4.14402
v -19.93683 8.85137 3.13007
v -20.14110 6.72578 3.00353
v -21.06049 7.27925 4.14402
v -19.93683 8.85137 3.13007
v -19.25631 8.89890 2.36683
v -20.14110 6.72578 3.00353
v -19.25631 8.89890 2.36683
v -19.33044 6.66906 2.22906
v -20.14110 6.72578 3.00353
v -19.25631 8.89890 2.36683
v -18.30000 7.94660 2.57714
v -19.33044 6.66906 2.22906
v -18.30000 7.94660 2.57714
v -18.30000 7.04078 1.47554
v -19.33044 6.66906 2.22906
v -18.30000 7.94660 2.57714
v -17.40064 8.65909 2.47265
v -18.30000 7.04078 1.47554
v -17.40064 8.65909 2.47265
v -17.05949 7.03550 1.83867
v -18.30000 7.04078 1.47554
v -17.40064 8.65909 2.47265
v -16.53106 9.17260 3.04823
v -17.05949 7.03550 1.83867
v -16.53106 9.17260 3.04823
v -16.23337 6.95292 2.86382
v -17.05949 7.03550 1.83867
v -16.53106 9.17260 3.04823
v -16.59577 8.46010 4.14402
v -16.23337 6.95292 2.86382
v -16.59577 8.46010 4.14402
v -16.41071 6.51939 4.14402
v -16.23337 6.95292 2.86382
v -16.41071 6.51939 4.14402
v -16.11427 7.07287 5.49801
v -15.56550 4.87155 4.14402
v -16.11427 7.07287 5.49801
v -15.98578 4.87155 5.57760
v -15.56550 4.87155 4.14402
v -16.11427 7.07287 5.49801
v -17.00555 7.12959 6.54962
v -15.98578 4.87155 5.57760
v -17.00555 7.12959 6.54962
v -17.07453 4.87155 6.42143
v -15.98578 4.87155 5.57760
v -17.00555 7.12959 6.54962
v -18.30000 6.75787 6.46449
v -17.07453 4.87155 6.42143
v -18.30000 6.75787 6.46449
v -18.30000 4.87155 6.39337
v -17.07453 4.87155 6.42143
v -18.30000 6.75787 6.46449
v -19.38438 6.76314 6.15922
v -18.30000 4.87155 6.39337
v -19.38438 6.76314 6.15922
v -19.74353 4.87155 6.82666
v -18.30000 4.87155 6.39337
v -19.38438 6.76314 6.15922
v -20.26020 6.84573 5.35830
v -19.74353 4.87155 6.82666
v -20.26020 6.84573 5.35830
v -20.61422 4.87155 5.57760
v -19.74353 4.87155 6.82666
v -20.26020 6.84573 5.35830
v -21.06049 7.27925 4.14402
v -20.61422 4.87155 5.57760
v -21.06049 7.27925 4.14402
v -20.59839 4.87155 4.14402
v -20.61422 4.87155 5.57760
v -21.06049 7.27925 4.14402
v -20.14110 6.72578 3.00353
v -20.59839 4.87155 4.14402
v -20.14110 6.72578 3.00353
v -20.34439 4.87155 2.87760
v -20.59839 4.87155 4.14402
v -20.14110 6.72578 3.00353
v -19.33044 6.66906 2.22906
v -20.34439 4.87155 2.87760
v -19.33044 6.66906 2.22906
v -19.59098 4.87155 1.74489
v -20.34439 4.87155 2.87760
v -19.33044 6.66906 2.22906
v -18.30000 7.04078 1.47554
v -19.59098 4.87155 1.74489
v -18.30000 7.04078 1.47554
v -18.30000 4.87155 0.99337
v -19.59098 4.87155 1.74489
v -18.30000 7.04078 1.47554
v -17.05949 7.03550 1.83867
v -18.30000 4.87155 0.99337
v -17.05949 7.03550 1.83867
v -17.22708 4.87155 2.15012
v -18.30000 4.87155 0.99337
v -17.05949 7.03550 1.83867
v -16.23337 6.95292 2.86382
v -17.22708 4.87155 2.15012
v -16.23337 6.95292 2.86382
v -16.25561 4.87155 2.87760
v -17.22708 4.87155 2.15012
v -16.23337 6.95292 2.86382
v -16.41071 6.51939 4.14402
v -16.25561 4.87155 2.87760
v -16.41071 6.51939 4.14402
v -15.56550 4.87155 4.14402
v -16.25561 4.87155 2.87760
v -15.56550 4.87155 4.14402
v -15.98578 4.87155 5.57760
v -15.69369 2.59833 4.14402
v -15.98578 4.87155 5.57760
v -16.66217 3.22205 5.15860
v -15.69369 2.59833 4.14402
v -15.98578 4.87155 5.57760
v -17.07453 4.87155 6.42143
v -16.66217 3.22205 5.15860
v -17.07453 4.87155 6.42143
v -17.13853 2.84548 6.30249
v -16.66217 3.22205 5.15860
v -17.07453 4.87155 6.42143
v -18.30000 4.87155 6.39337
v -17.13853 2.84548 6.30249
v -18.30000 4.87155 6.39337
v -18.30000 2.66056 6.86388
v -17.13853 2.84548 6.30249
v -18.30000 4.87155 6.39337
v -19.74353 4.87155 6.82666
v -18.30000 2.66056 6.86388
v -19.74353 4.87155 6.82666
v -19.51735 2.74800 6.40634
v -18.30000 2.66056 6.86388
v -19.74353 4.87155 6.82666
v -20.61422 4.87155 5.57760
v -19.51735 2.74800 6.40634
v -20.61422 4.87155 5.57760
v -20.16336 2.99491 5.29831
v -19.51735 2.74800 6.40634
v -20.61422 4.87155 5.57760
v -20.59839 4.87155 4.14402
v -20.16336 2.99491 5.29831
v -20.59839 4.87155 4.14402
v -20.34348 3.08923 4.14402
v -20.16336 2.99491 5.29831
v -20.59839 4.87155 4.14402
v -20.34439 4.87155 2.87760
v -20.34348 3.08923 4.14402
v -20.34439 4.87155 2.87760
v -20.68900 2.46551 2.66412
v -20.34348 3.08923 4.14402
v -20.34439 4.87155 2.87760
v -19.59098 4.87155 1.74489
v -20.68900 2.46551 2.66412
v -19.59098 4.87155 1.74489
v -19.46342 2.84208 1.98194
v -20.68900 2.46551 2.66412
v -19.59098 4.87155 1.74489
v -18.30000 4.87155 0.99337
v -19.46342 2.84208 1.98194
v -18.30000 4.87155 0.99337
v -18.30000 3.02700 1.87494
v -19.46342 2.84208 1.98194
v -18.30000 4.87155 0.99337
v -17.22708 4.87155 2.15012
v -18.30000 3.02700 1.87494
v -17.22708 4.87155 2.15012
v -17.19246 2.93956 2.08579
v -18.30000 3.02700 1.87494
v -17.22708 4.87155 2.15012
v -16.25561 4.87155 2.87760
v -17.19246 2.93956 2.08579
v -16.25561 4.87155 2.87760
v -16.13653 2.69265 2.80383
v -17.19246 2.93956 2.08579
v -16.25561 4.87155 2.87760
v -15.56550 4.87155 4.14402
v -16.13653 2.69265 2.80383
v -15.56550 4.87155 4.14402
v -15.69369 2.59833 4.14402
v -16.13653 2.69265 2.80383
v -15.69369 2.59833 4.14402
v -16.66217 3.22205 5.15860
v -16.66349 1.42559 4.14402
v -16.66217 3.22205 5.15860
v -16.79809 1.21977 5.07440
v -16.66349 1.42559 4.14402
v -16.66217 3.22205 5.15860
v -17.13853 2.84548 6.30249
v -16.79809 1.21977 5.07440
v -17.13853 2.84548 6.30249
v -17.31094 0.70627 5.98208
v -16.79809 1.21977 5.07440
v -17.13853 2.84548 6.30249
v -18.30000 2.66056 6.86388
v -17.31094 0.70627 5.98208
v -18.30000 2.66056 6.86388
v -18.30000 0.91208 6.16156
v -17.31094 0.70627 5.98208
v -18.30000 2.66056 6.86388
v -19.51735 2.74800 6.40634
v -18.30000 0.91208 6.16156
v -19.51735 2.74800 6.40634
v -19.01406 1.86439 5.47103
v -18.30000 0.91208 6.16156
v -19.51735 2.74800 6.40634
v -20.16336 2.99491 5.29831
v -19.01406 1.86439 5.47103
v -20.16336 2.99491 5.29831
v -19.93402 0.89855 5.15624
v -19.01406 1.86439 5.47103
v -20.16336 2.99491 5.29831
v -20.34348 3.08923 4.14402
v -19.93402 0.89855 5.15624
v -20.34348 3.08923 4.14402
v -20.22228 0.82385 4.14402
v -19.93402 0.89855 5.15624
v -20.34348 3.08923 4.14402
v -20.68900 2.46551 2.66412
v -20.22228 0.82385 4.14402
v -20.68900 2.46551 2.66412
v -19.88010 1.02966 3.16521
v -20.22228 0.82385 4.14402
v -20.68900 2.46551 2.66412
v -19.46342 2.84208 1.98194
v -19.88010 1.02966 3.16521
v -19.46342 2.84208 1.98194
v -19.09034 1.54316 2.67527
v -19.88010 1.02966 3.16521
v -19.46342 2.84208 1.98194
v -18.30000 3.02700 1.87494
v -19.09034 1.54316 2.67527
v -18.30000 3.02700 1.87494
v -18.30000 1.33735 2.34318
v -19.09034 1.54316 2.67527
v -18.30000 3.02700 1.87494
v -17.19246 2.93956 2.08579
v -18.30000 1.33735 2.34318
v -17.19246 2.93956 2.08579
v -17.23466 0.38505 2.16422
v -18.30000 1.33735 2.34318
v -17.19246 2.93956 2.08579
v -16.13653 2.69265 2.80383
v -17.23466 0.38505 2.16422
v -16.13653 2.69265 2.80383
v -16.85202 1.35088 3.24705
v -17.23466 0.38505 2.16422
v -16.13653 2.69265 2.80383
v -15.69369 2.59833 4.14402
v -16.85202 1.35088 3.24705
v -15.69369 2.59833 4.14402
v -16.66349 1.42559 4.14402
v -16.85202 1.35088 3.24705
v -16.66349 1.42559 4.14402
v -16.79809 1.21977 5.07440
v -17.32141 -0.10315 4.14402
v -16.79809 1.21977 5.07440
v -17.31738 -0.89643 4.75272
v -17.32141 -0.10315 4.14402
v -16.79809 1.21977 5.07440
v -17.31094 0.70627 5.98208
v -17.31738 -0.89643 4.75272
v -17.31094 0.70627 5.98208
v -17.87261 0.52619 4.93829
v -17.31738 -0.89643 4.75272
v -17.31094 0.70627 5.98208
v -18.30000 0.91208 6.16156
v -17.87261 0.52619 4.93829
v -18.30000 0.91208 6.16156
v -18.30000 0.26012 5.11732
v -17.87261 0.52619 4.93829
v -18.30000 0.91208 6.16156
v -19.01406 1.86439 5.47103
v -18.30000 0.26012 5.11732
v -19.01406 1.86439 5.47103
v -18.78167 -0.02567 5.03916
v -18.30000 0.26012 5.11732
v -19.01406 1.86439 5.47103
v -19.93402 0.89855 5.15624
v -18.78167 -0.02567 5.03916
v -19.93402 0.89855 5.15624
v -19.24393 -0.66929 4.72875
v -18.78167 -0.02567 5.03916
v -19.93402 0.89855 5.15624
v -20.22228 0.82385 4.14402
v -19.24393 -0.66929 4.72875
v -20.22228 0.82385 4.14402
v -19.24742 0.05530 4.14402
v -19.24393 -0.66929 4.72875
v -20.22228 0.82385 4.14402
v -19.88010 1.02966 3.16521
v -19.24742 0.05530 4.14402
v -19.88010 1.02966 3.16521
v -18.98535 0.84858 3.71948
v -19.24742 0.05530 4.14402
v -19.88010 1.02966 3.16521
v -19.09034 1.54316 2.67527
v -18.98535 0.84858 3.71948
v -19.09034 1.54316 2.67527
v -18.83561 -0.57404 3.14866
v -18.98535 0.84858 3.71948
v -19.09034 1.54316 2.67527
v -18.30000 1.33735 2.34318
v -18.83561 -0.57404 3.14866
v -18.30000 1.33735 2.34318
v -18.30000 -0.30796 3.05083
v -18.83561 -0.57404 3.14866
v -18.30000 1.33735 2.34318
v -17.23466 0.38505 2.16422
v -18.30000 -0.30796 3.05083
v -17.23466 0.38505 2.16422
v -17.81867 -0.02217 3.24953
v -18.30000 -0.30796 3.05083
v -17.23466 0.38505 2.16422
v -16.85202 1.35088 3.24705
v -17.81867 -0.02217 3.24953
v -16.85202 1.35088 3.24705
v -17.57596 0.62144 3.69551
v -17.81867 -0.02217 3.24953
v -16.85202 1.35088 3.24705
v -16.66349 1.42559 4.14402
v -17.57596 0.62144 3.69551
v -16.66349 1.42559 4.14402
v -17.32141 -0.10315 4.14402
v -17.57596 0.62144 3.69551
v -17.32141 -0.10315 4.14402
v -17.31738 -0.89643 4.75272
v -18.30000 -0.56986 4.14402
v -17.31738 -0.89643 4.75272
v -17.87261 0.52619 4.93829
v -18.30000 -0.28934 4.14402
v -17.87261 0.52619 4.93829
v -18.30000 0.26012 5.11732
v -18.30000 0.27169 4.14402
v -18.30000 0.26012 5.11732
v -18.78167 -0.02567 5.03916
v -18.30000 -0.88643 4.14402
v -18.78167 -0.02567 5.03916
v -19.24393 -0.66929 4.72875
v -18.30000 -1.12623 4.14402
v -19.24393 -0.66929 4.72875
v -19.24742 0.05530 4.14402
v -18.30000 0.35311 4.14402
v -19.24742 0.05530 4.14402
v -18.98535 0.84858 3.71948
v -18.30000 -0.28469 4.14402
v -18.98535 0.84858 3.71948
v -18.83561 -0.57404 3.14866
v -18.30000 -0.56520 4.14402
v -18.83561 -0.57404 3.14866
v -18.30000 -0.30796 3.05083
v -18.30000 -1.12623 4.14402
v -18.30000 -0.30796 3.05083
v -17.81867 -0.02217 3.24953
v -18.30000 0.03188 4.14402
v -17.81867 -0.02217 3.24953
v -17.57596 0.62144 3.69551
v -18.30000 0.27169 4.14402
v -17.57596 0.62144 3.69551
v -17.32141 -0.10315 4.14402
v -18.30000 -1.20765 4.14402
v 3.30000 11.05582 3.88294
v 4.35113 9.87824 4.37422
v 4.75891 10.97536 3.88294
v 3.30000 10.78805 3.88294
v 3.83679 9.25099 4.63560
v 4.35113 9.87824 4.37422
v 3.30000 9.82732 3.88294
v 3.30000 10.86006 5.04312
v 3.83679 9.25099 4.63560
v 3.30000 10.46987 3.88294
v 2.63193 10.42597 4.81968
v 3.30000 10.86006 5.04312
v 3.30000 11.80537 3.88294
v 2.19758 10.14324 4.39819
v 2.63193 10.42597 4.81968
v 3.30000 10.13892 3.88294
v 2.20623 9.34138 3.88294
v 2.19758 10.14324 4.39819
v 3.30000 10.20210 3.88294
v 2.14044 10.43850 3.34097
v 2.20623 9.34138 3.88294
v 3.30000 10.46987 3.88294
v 2.56044 11.06575 2.84596
v 2.14044 10.43850 3.34097
v 3.30000 11.43060 3.88294
v 3.30000 9.45667 2.97663
v 2.56044 11.06575 2.84596
v 3.30000 10.78805 3.88294
v 3.90827 9.89077 3.03004
v 3.30000 9.45667 2.97663
v 3.30000 9.45255 3.88294
v 4.40827 10.17350 3.36494
v 3.90827 9.89077 3.03004
v 3.30000 11.11900 3.88294
v 4.75891 10.97536 3.88294
v 4.40827 10.17350 3.36494
v 4.75891 10.97536 3.88294
v 4.35113 9.87824 4.37422
v 5.30995 8.17241 3.88294
v 4.35113 9.87824 4.37422
v 5.30662 8.74164 4.82080
v 5.30995 8.17241 3.88294
v 4.35113 9.87824 4.37422
v 3.83679 9.25099 4.63560
v 5.30662 8.74164 4.82080
v 3.83679 9.25099 4.63560
v 4.51530 8.95213 5.58698
v 5.30662 8.74164 4.82080
v 3.83679 9.25099 4.63560
v 3.30000 10.86006 5.04312
v 4.51530 8.95213 5.58698
v 3.30000 10.86006 5.04312
v 3.30000 9.40680 6.04917
v 4.51530 8.95213 5.58698
v 3.30000 10.86006 5.04312
v 2.63193 10.42597 4.81968
v 3.30000 9.40680 6.04917
v 2.63193 10.42597 4.81968
v 2.25802 8.30958 5.34395
v 3.30000 9.40680 6.04917
v 2.63193 10.42597 4.81968
v 2.19758 10.14324 4.39819
v 2.25802 8.30958 5.34395
v 2.19758 10.14324 4.39819
v 1.46848 8.36687 4.73896
v 2.25802 8.30958 5.34395
v 2.19758 10.14324 4.39819
v 2.20623 9.34138 3.88294
v 1.46848 8.36687 4.73896
v 2.20623 9.34138 3.88294
v 0.59320 9.46408 3.88294
v 1.46848 8.36687 4.73896
v 2.20623 9.34138 3.88294
v 2.14044 10.43850 3.34097
v 0.59320 9.46408 3.88294
v 2.14044 10.43850 3.34097
v 1.22180 8.89485 2.91161
v 0.59320 9.46408 3.88294
v 2.14044 10.43850 3.34097
v 2.56044 11.06575 2.84596
v 1.22180 8.89485 2.91161
v 2.56044 11.06575 2.84596
v 2.15693 8.68436 2.28017
v 1.22180 8.89485 2.91161
v 2.56044 11.06575 2.84596
v 3.30000 9.45667 2.97663
v 2.15693 8.68436 2.28017
v 3.30000 9.45667 2.97663
v 3.30000 8.22969 2.23079
v 2.15693 8.68436 2.28017
v 3.30000 9.45667 2.97663
v 3.90827 9.89077 3.03004
v 3.30000 8.22969 2.23079
v 3.90827 9.89077 3.03004
v 4.61640 9.32691 2.03714
v 3.30000 8.22969 2.23079
v 3.90827 9.89077 3.03004
v 4.40827 10.17350 3.36494
v 4.61640 9.32691 2.03714
v 4.40827 10.17350 3.36494
v 5.55330 9.26962 2.82977
v 4.61640 9.32691 2.03714
v 4.40827 10.17350 3.36494
v 4.75891 10.97536 3.88294
v 5.55330 9.26962 2.82977
v 4.75891 10.97536 3.88294
v 5.30995 8.17241 3.88294
v 5.55330 9.26962 2.82977
v 5.30995 8.17241 3.88294
v 5.30662 8.74164 4.82080
v 6.05556 6.56246 3.88294
v 5.30662 8.74164 4.82080
v 6.41141 7.20523 5.33716
v 6.05556 6.56246 3.88294
v 5.30662 8.74164 4.82080
v 4.51530 8.95213 5.58698
v 6.41141 7.20523 5.33716
v 4.51530 8.95213 5.58698
v 4.88987 6.88813 6.11218
v 6.41141 7.20523 5.33716
v 4.51530 8.95213 5.58698
v 3.30000 9.40680 6.04917
v 4.88987 6.88813 6.11218
v 3.30000 9.40680 6.04917
v 3.30000 6.45742 6.00291
v 4.88987 6.88813 6.11218
v 3.30000 9.40680 6.04917
v 2.25802 8.30958 5.34395
v 3.30000 6.45742 6.00291
v 2.25802 8.30958 5.34395
v 1.73702 6.84685 6.07448
v 3.30000 6.45742 6.00291
v 2.25802 8.30958 5.34395
v 1.46848 8.36687 4.73896
v 1.73702 6.84685 6.07448
v 1.46848 8.36687 4.73896
v 0.48751 6.94023 5.19745
v 1.73702 6.84685 6.07448
v 1.46848 8.36687 4.73896
v 0.59320 9.46408 3.88294
v 0.48751 6.94023 5.19745
v 0.59320 9.46408 3.88294
v -0.10717 7.06275 3.88294
v 0.48751 6.94023 5.19745
v 0.59320 9.46408 3.88294
v 1.22180 8.89485 2.91161
v -0.10717 7.06275 3.88294
v 1.22180 8.89485 2.91161
v 1.07433 6.41998 2.84269
v -0.10717 7.06275 3.88294
v 1.22180 8.89485 2.91161
v 2.15693 8.68436 2.28017
v 1.07433 6.41998 2.84269
v 2.15693 8.68436 2.28017
v 1.80850 6.73708 1.79162
v 1.07433 6.41998 2.84269
v 2.15693 8.68436 2.28017
v 3.30000 8.22969 2.23079
v 1.80850 6.73708 1.79162
v 3.30000 8.22969 2.23079
v 3.30000 7.16779 1.01396
v 1.80850 6.73708 1.79162
v 3.30000 8.22969 2.23079
v 4.61640 9.32691 2.03714
v 3.30000 7.16779 1.01396
v 4.61640 9.32691 2.03714
v 4.81838 6.77836 1.75392
v 3.30000 7.16779 1.01396
v 4.61640 9.32691 2.03714
v 5.55330 9.26962 2.82977
v 4.81838 6.77836 1.75392
v 5.55330 9.26962 2.82977
v 5.82459 6.68498 2.70298
v 4.81838 6.77836 1.75392
v 5.55330 9.26962 2.82977
v 5.30995 8.17241 3.88294
v 5.82459 6.68498 2.70298
v 5.30995 8.17241 3.88294
v 6.05556 6.56246 3.88294
v 5.82459 6.68498 2.70298
v 6.05556 6.56246 3.88294
v 6.41141 7.20523 5.33716
v 7.06773 4.44679 3.88294
v 6.41141 7.20523 5.33716
v 6.06055 4.44679 5.17318
v 7.06773 4.44679 3.88294
v 6.41141 7.20523 5.33716
v 4.88987 6.88813 6.11218
v 6.06055 4.44679 5.17318
v 4.88987 6.88813 6.11218
v 4.85248 4.44679 6.05975
v 6.06055 4.44679 5.17318
v 4.88987 6.88813 6.11218
v 3.30000 6.45742 6.00291
v 4.85248 4.44679 6.05975
v 3.30000 6.45742 6.00291
v 3.30000 4.44679 6.41895
v 4.85248 4.44679 6.05975
v 3.30000 6.45742 6.00291
v 1.73702 6.84685 6.07448
v 3.30000 4.44679 6.41895
v 1.73702 6.84685 6.07448
v 1.31504 4.44679 6.66616
v 3.30000 4.44679 6.41895
v 1.73702 6.84685 6.07448
v 0.48751 6.94023 5.19745
v 1.31504 4.44679 6.66616
v 0.48751 6.94023 5.19745
v 0.53945 4.44679 5.17318
v 1.31504 4.44679 6.66616
v 0.48751 6.94023 5.19745
v -0.10717 7.06275 3.88294
v 0.53945 4.44679 5.17318
v -0.10717 7.06275 3.88294
v 0.39723 4.44679 3.88294
v 0.53945 4.44679 5.17318
v -0.10717 7.06275 3.88294
v 1.07433 6.41998 2.84269
v 0.39723 4.44679 3.88294
v 1.07433 6.41998 2.84269
v 0.28373 4.44679 2.47318
v 0.39723 4.44679 3.88294
v 1.07433 6.41998 2.84269
v 1.80850 6.73708 1.79162
v 0.28373 4.44679 2.47318
v 1.80850 6.73708 1.79162
v 1.51723 4.44679 1.38322
v 0.28373 4.44679 2.47318
v 1.80850 6.73708 1.79162
v 3.30000 7.16779 1.01396
v 1.51723 4.44679 1.38322
v 3.30000 7.16779 1.01396
v 3.30000 4.44679 1.01895
v 1.51723 4.44679 1.38322
v 3.30000 7.16779 1.01396
v 4.81838 6.77836 1.75392
v 3.30000 4.44679 1.01895
v 4.81838 6.77836 1.75392
v 4.65029 4.44679 1.98962
v 3.30000 4.44679 1.01895
v 4.81838 6.77836 1.75392
v 5.82459 6.68498 2.70298
v 4.65029 4.44679 1.98962
v 5.82459 6.68498 2.70298
v 6.31627 4.44679 2.47318
v 4.65029 4.44679 1.98962
v 5.82459 6.68498 2.70298
v 6.05556 6.56246 3.88294
v 6.31627 4.44679 2.47318
v 6.05556 6.56246 3.88294
v 7.06773 4.44679 3.88294
v 6.31627 4.44679 2.47318
v 7.06773 4.44679 3.88294
v 6.06055 4.44679 5.17318
v 6.40136 2.06563 3.88294
v 6.06055 4.44679 5.17318
v 5.47312 2.52020 4.89862
v 6.40136 2.06563 3.88294
v 6.06055 4.44679 5.17318
v 4.85248 4.44679 6.05975
v 5.47312 2.52020 4.89862
v 4.85248 4.44679 6.05975
v 5.01589 1.81194 6.28888
v 5.47312 2.52020 4.89862
v 4.85248 4.44679 6.05975
v 3.30000 4.44679 6.41895
v 5.01589 1.81194 6.28888
v 3.30000 4.44679 6.41895
v 3.30000 1.86932 6.60058
v 5.01589 1.81194 6.28888
v 3.30000 4.44679 6.41895
v 1.31504 4.44679 6.66616
v 3.30000 1.86932 6.60058
v 1.31504 4.44679 6.66616
v 1.86304 2.24025 5.89778
v 3.30000 1.86932 6.60058
v 1.31504 4.44679 6.66616
v 0.53945 4.44679 5.17318
v 1.86304 2.24025 5.89778
v 0.53945 4.44679 5.17318
v 0.82797 2.25520 5.03833
v 1.86304 2.24025 5.89778
v 0.53945 4.44679 5.17318
v 0.39723 4.44679 3.88294
v 0.82797 2.25520 5.03833
v 0.39723 4.44679 3.88294
v 0.23863 2.09633 3.88294
v 0.82797 2.25520 5.03833
v 0.39723 4.44679 3.88294
v 0.28373 4.44679 2.47318
v 0.23863 2.09633 3.88294
v 0.28373 4.44679 2.47318
v 0.13603 1.64176 2.40414
v 0.23863 2.09633 3.88294
v 0.28373 4.44679 2.47318
v 1.51723 4.44679 1.38322
v 0.13603 1.64176 2.40414
v 1.51723 4.44679 1.38322
v 1.93452 2.35002 1.96832
v 0.13603 1.64176 2.40414
v 1.51723 4.44679 1.38322
v 3.30000 4.44679 1.01895
v 1.93452 2.35002 1.96832
v 3.30000 4.44679 1.01895
v 3.30000 2.29264 1.61163
v 1.93452 2.35002 1.96832
v 3.30000 4.44679 1.01895
v 4.65029 4.44679 1.98962
v 3.30000 2.29264 1.61163
v 4.65029 4.44679 1.98962
v 4.94440 1.92171 1.57723
v 3.30000 2.29264 1.61163
v 4.65029 4.44679 1.98962
v 6.31627 4.44679 2.47318
v 4.94440 1.92171 1.57723
v 6.31627 4.44679 2.47318
v 6.16505 1.90676 2.54385
v 4.94440 1.92171 1.57723
v 6.31627 4.44679 2.47318
v 7.06773 4.44679 3.88294
v 6.16505 1.90676 2.54385
v 7.06773 4.44679 3.88294
v 6.40136 2.06563 3.88294
v 6.16505 1.90676 2.54385
v 6.40136 2.06563 3.88294
v 5.47312 2.52020 4.89862
v 5.57432 0.23114 3.88294
v 5.47312 2.52020 4.89862
v 5.50606 -0.27492 4.91402
v 5.57432 0.23114 3.88294
v 5.47312 2.52020 4.89862
v 5.01589 1.81194 6.28888
v 5.50606 -0.27492 4.91402
v 5.01589 1.81194 6.28888
v 4.55822 -0.21764 5.64715
v 5.50606 -0.27492 4.91402
v 5.01589 1.81194 6.28888
v 3.30000 1.86932 6.60058
v 4.55822 -0.21764 5.64715
v 3.30000 1.86932 6.60058
v 3.30000 0.28843 5.69906
v 4.55822 -0.21764 5.64715
v 3.30000 1.86932 6.60058
v 1.86304 2.24025 5.89778
v 3.30000 0.28843 5.69906
v 1.86304 2.24025 5.89778
v 2.30094 0.74309 5.28378
v 3.30000 0.28843 5.69906
v 1.86304 2.24025 5.89778
v 0.82797 2.25520 5.03833
v 2.30094 0.74309 5.28378
v 0.82797 2.25520 5.03833
v 0.91884 -0.64970 4.99586
v 2.30094 0.74309 5.28378
v 0.82797 2.25520 5.03833
v 0.23863 2.09633 3.88294
v 0.91884 -0.64970 4.99586
v 0.23863 2.09633 3.88294
v 0.85757 -0.08046 3.88294
v 0.91884 -0.64970 4.99586
v 0.23863 2.09633 3.88294
v 0.13603 1.64176 2.40414
v 0.85757 -0.08046 3.88294
v 0.13603 1.64176 2.40414
v 1.42124 0.42560 3.00483
v 0.85757 -0.08046 3.88294
v 0.13603 1.64176 2.40414
v 1.93452 2.35002 1.96832
v 1.42124 0.42560 3.00483
v 1.93452 2.35002 1.96832
v 2.19984 0.36832 2.34034
v 1.42124 0.42560 3.00483
v 1.93452 2.35002 1.96832
v 3.30000 2.29264 1.61163
v 2.19984 0.36832 2.34034
v 3.30000 2.29264 1.61163
v 3.30000 -0.13775 1.88068
v 2.19984 0.36832 2.34034
v 3.30000 2.29264 1.61163
v 4.94440 1.92171 1.57723
v 3.30000 -0.13775 1.88068
v 4.94440 1.92171 1.57723
v 4.65931 -0.59241 1.97697
v 3.30000 -0.13775 1.88068
v 4.94440 1.92171 1.57723
v 6.16505 1.90676 2.54385
v 4.65931 -0.59241 1.97697
v 6.16505 1.90676 2.54385
v 5.00366 0.80038 3.08667
v 4.65931 -0.59241 1.97697
v 6.16505 1.90676 2.54385
v 6.40136 2.06563 3.88294
v 5.00366 0.80038 3.08667
v 6.40136 2.06563 3.88294
v 5.57432 0.23114 3.88294
v 5.00366 0.80038 3.08667
v 5.57432 0.23114 3.88294
v 5.50606 -0.27492 4.91402
v 4.69958 -1.81628 3.88294
v 5.50606 -0.27492 4.91402
v 4.51212 -1.81650 4.44946
v 4.69958 -1.81628 3.88294
v 5.50606 -0.27492 4.91402
v 4.55822 -0.21764 5.64715
v 4.51212 -1.81650 4.44946
v 4.55822 -0.21764 5.64715
v 3.81517 -0.16390 4.60528
v 4.51212 -1.81650 4.44946
v 4.55822 -0.21764 5.64715
v 3.30000 0.28843 5.69906
v 3.81517 -0.16390 4.60528
v 3.30000 0.28843 5.69906
v 3.30000 -1.39964 4.94058
v 3.81517 -0.16390 4.60528
v 3.30000 0.28843 5.69906
v 2.30094 0.74309 5.28378
v 3.30000 -1.39964 4.94058
v 2.30094 0.74309 5.28378
v 2.61031 -1.72589 4.84999
v 3.30000 -1.39964 4.94058
v 2.30094 0.74309 5.28378
v 0.91884 -0.64970 4.99586
v 2.61031 -1.72589 4.84999
v 0.91884 -0.64970 4.99586
v 2.13917 -1.55150 4.42549
v 2.61031 -1.72589 4.84999
v 0.91884 -0.64970 4.99586
v 0.85757 -0.08046 3.88294
v 2.13917 -1.55150 4.42549
v 0.85757 -0.08046 3.88294
v 2.14690 -0.71329 3.88294
v 2.13917 -1.55150 4.42549
v 0.85757 -0.08046 3.88294
v 1.42124 0.42560 3.00483
v 2.14690 -0.71329 3.88294
v 1.42124 0.42560 3.00483
v 2.30143 -0.71307 3.41622
v 2.14690 -0.71329 3.88294
v 1.42124 0.42560 3.00483
v 2.19984 0.36832 2.34034
v 2.30143 -0.71307 3.41622
v 2.19984 0.36832 2.34034
v 2.53882 -2.36567 2.81565
v 2.30143 -0.71307 3.41622
v 2.19984 0.36832 2.34034
v 3.30000 -0.13775 1.88068
v 2.53882 -2.36567 2.81565
v 3.30000 -0.13775 1.88068
v 3.30000 -1.12993 2.87409
v 2.53882 -2.36567 2.81565
v 3.30000 -0.13775 1.88068
v 4.65931 -0.59241 1.97697
v 3.30000 -1.12993 2.87409
v 4.65931 -0.59241 1.97697
v 3.88665 -0.80368 3.06036
v 3.30000 -1.12993 2.87409
v 4.65931 -0.59241 1.97697
v 5.00366 0.80038 3.08667
v 3.88665 -0.80368 3.06036
v 5.00366 0.80038 3.08667
v 4.34986 -0.97807 3.39225
v 3.88665 -0.80368 3.06036
v 5.00366 0.80038 3.08667
v 5.57432 0.23114 3.88294
v 4.34986 -0.97807 3.39225
v 5.57432 0.23114 3.88294
v 4.69958 -1.81628 3.88294
v 4.34986 -0.97807 3.39225
v 4.69958 -1.81628 3.88294
v 4.51212 -1.81650 4.44946
v 3.30000 -1.24534 3.88294
v 4.51212 -1.81650 4.44946
v 3.81517 -0.16390 4.60528
v 3.30000 -1.30851 3.88294
v 3.81517 -0.16390 4.60528
v 3.30000 -1.39964 4.94058
v 3.30000 -1.57628 3.88294
v 3.30000 -1.39964 4.94058
v 2.61031 -1.72589 4.84999
v 3.30000 -2.53701 3.88294
v 2.61031 -1.72589 4.84999
v 2.13917 -1.55150 4.42549
v 3.30000 -1.89446 3.88294
v 2.13917 -1.55150 4.42549
v 2.14690 -0.71329 3.88294
v 3.30000 -0.55896 3.88294
v 2.14690 -0.71329 3.88294
v 2.30143 -0.71307 3.41622
v 3.30000 -2.22541 3.88294
v 2.30143 -0.71307 3.41622
v 2.53882 -2.36567 2.81565
v 3.30000 -2.16224 3.88294
v 2.53882 -2.36567 2.81565
v 3.30000 -1.12993 2.87409
v 3.30000 -1.89446 3.88294
v 3.30000 -1.12993 2.87409
v 3.88665 -0.80368 3.06036
v 3.30000 -0.93374 3.88294
v 3.88665 -0.80368 3.06036
v 4.34986 -0.97807 3.39225
v 3.30000 -1.57628 3.88294
v 4.34986 -0.97807 3.39225
v 4.69958 -1.81628 3.88294
v 3.30000 -2.91179 3.88294
v 5.80000 11.23783 4.18246
v 6.88166 11.56385 4.75659
v 7.04434 11.53997 4.18246
v 5.80000 12.39773 4.18246
v 6.29283 10.21111 4.96722
v 6.88166 11.56385 4.75659
v 5.80000 11.17716 4.18246
v 5.80000 10.70473 5.17697
v 6.29283 10.21111 4.96722
v 5.80000 10.39609 4.18246
v 5.23188 10.98463 5.08711
v 5.80000 10.70473 5.17697
v 5.80000 11.99550 4.18246
v 4.67318 11.83172 4.78056
v 5.23188 10.98463 5.08711
v 5.80000 11.74157 4.18246
v 4.79655 10.30248 4.18246
v 4.67318 11.83172 4.78056
v 5.80000 11.55599 4.18246
v 4.93501 10.27860 3.72335
v 4.79655 10.30248 4.18246
v 5.80000 10.39609 4.18246
v 5.16893 11.63134 3.17759
v 4.93501 10.27860 3.72335
v 5.80000 11.61667 4.18246
v 5.80000 11.13772 3.11047
v 5.16893 11.63134 3.17759
v 5.80000 12.39773 4.18246
v 6.35578 10.85782 3.29747
v 5.80000 11.13772 3.11047
v 5.80000 10.79832 4.18246
v 6.61982 10.01073 3.74732
v 6.35578 10.85782 3.29747
v 5.80000 11.05225 4.18246
v 7.04434 11.53997 4.18246
v 6.61982 10.01073 3.74732
v 7.04434 11.53997 4.18246
v 6.88166 11.56385 4.75659
v 7.90604 9.62904 4.18246
v 6.88166 11.56385 4.75659
v 7.51619 9.36443 5.09339
v 7.90604 9.62904 4.18246
v 6.88166 11.56385 4.75659
v 6.29283 10.21111 4.96722
v 7.51619 9.36443 5.09339
v 6.29283 10.21111 4.96722
v 6.70207 8.98663 5.61887
v 7.51619 9.36443 5.09339
v 6.29283 10.21111 4.96722
v 5.80000 10.70473 5.17697
v 6.70207 8.98663 5.61887
v 5.80000 10.70473 5.17697
v 5.80000 10.28623 6.40258
v 6.70207 8.98663 5.61887
v 5.80000 10.70473 5.17697
v 5.23188 10.98463 5.08711
v 5.80000 10.28623 6.40258
v 5.23188 10.98463 5.08711
v 4.71440 9.76770 5.91112
v 5.80000 10.28623 6.40258
v 5.23188 10.98463 5.08711
v 4.67318 11.83172 4.78056
v 4.71440 9.76770 5.91112
v 4.67318 11.83172 4.78056
v 4.23800 8.98560 5.01155
v 4.71440 9.76770 5.91112
v 4.67318 11.83172 4.78056
v 4.79655 10.30248 4.18246
v 4.23800 8.98560 5.01155
v 4.79655 10.30248 4.18246
v 3.75266 9.50413 4.18246
v 4.23800 8.98560 5.01155
v 4.79655 10.30248 4.18246
v 4.93501 10.27860 3.72335
v 3.75266 9.50413 4.18246
v 4.93501 10.27860 3.72335
v 3.91926 9.76873 3.18420
v 3.75266 9.50413 4.18246
v 4.93501 10.27860 3.72335
v 5.16893 11.63134 3.17759
v 3.91926 9.76873 3.18420
v 5.16893 11.63134 3.17759
v 4.62538 10.14653 2.31206
v 3.91926 9.76873 3.18420
v 5.16893 11.63134 3.17759
v 5.80000 11.13772 3.11047
v 4.62538 10.14653 2.31206
v 5.80000 11.13772 3.11047
v 5.80000 8.84693 2.58421
v 4.62538 10.14653 2.31206
v 5.80000 11.13772 3.11047
v 6.35578 10.85782 3.29747
v 5.80000 8.84693 2.58421
v 6.35578 10.85782 3.29747
v 6.79108 9.36547 2.60431
v 5.80000 8.84693 2.58421
v 6.35578 10.85782 3.29747
v 6.61982 10.01073 3.74732
v 6.79108 9.36547 2.60431
v 6.61982 10.01073 3.74732
v 7.83493 10.14757 3.10236
v 6.79108 9.36547 2.60431
v 6.61982 10.01073 3.74732
v 7.04434 11.53997 4.18246
v 7.83493 10.14757 3.10236
v 7.04434 11.53997 4.18246
v 7.90604 9.62904 4.18246
v 7.83493 10.14757 3.10236
v 7.90604 9.62904 4.18246
v 7.51619 9.36443 5.09339
v 7.98760 7.07586 4.18246
v 7.51619 9.36443 5.09339
v 8.21374 7.60428 5.46364
v 7.98760 7.07586 4.18246
v 7.51619 9.36443 5.09339
v 6.70207 8.98663 5.61887
v 8.21374 7.60428 5.46364
v 6.70207 8.98663 5.61887
v 7.31939 7.82606 6.60186
v 8.21374 7.60428 5.46364
v 6.70207 8.98663 5.61887
v 5.80000 10.28623 6.40258
v 7.31939 7.82606 6.60186
v 5.80000 10.28623 6.40258
v 5.80000 7.51199 6.64855
v 7.31939 7.82606 6.60186
v 5.80000 10.28623 6.40258
v 4.71440 9.76770 5.91112
v 5.80000 7.51199 6.64855
v 4.71440 9.76770 5.91112
v 4.54312 7.36333 6.18386
v 5.80000 7.51199 6.64855
v 4.71440 9.76770 5.91112
v 4.23800 8.98560 5.01155
v 4.54312 7.36333 6.18386
v 4.23800 8.98560 5.01155
v 3.64947 7.33641 5.32393
v 4.54312 7.36333 6.18386
v 4.23800 8.98560 5.01155
v 3.75266 9.50413 4.18246
v 3.64947 7.33641 5.32393
v 3.75266 9.50413 4.18246
v 2.56096 8.00257 4.18246
v 3.64947 7.33641 5.32393
v 3.75266 9.50413 4.18246
v 3.91926 9.76873 3.18420
v 2.56096 8.00257 4.18246
v 3.91926 9.76873 3.18420
v 3.51413 7.47415 2.96916
v 2.56096 8.00257 4.18246
v 3.91926 9.76873 3.18420
v 4.62538 10.14653 2.31206
v 3.51413 7.47415 2.96916
v 4.62538 10.14653 2.31206
v 4.60607 7.25237 2.28131
v 3.51413 7.47415 2.96916
v 4.62538 10.14653 2.31206
v 5.80000 8.84693 2.58421
v 4.60607 7.25237 2.28131
v 5.80000 8.84693 2.58421
v 5.80000 7.56644 1.65960
v 4.60607 7.25237 2.28131
v 5.80000 8.84693 2.58421
v 6.79108 9.36547 2.60431
v 5.80000 7.56644 1.65960
v 6.79108 9.36547 2.60431
v 7.25644 7.71510 1.86330
v 5.80000 7.56644 1.65960
v 6.79108 9.36547 2.60431
v 7.83493 10.14757 3.10236
v 7.25644 7.71510 1.86330
v 7.83493 10.14757 3.10236
v 8.34909 7.74202 2.82945
v 7.25644 7.71510 1.86330
v 7.83493 10.14757 3.10236
v 7.90604 9.62904 4.18246
v 8.34909 7.74202 2.82945
v 7.90604 9.62904 4.18246
v 7.98760 7.07586 4.18246
v 8.34909 7.74202 2.82945
v 7.98760 7.07586 4.18246
v 8.21374 7.60428 5.46364
v 8.84016 5.14777 4.18246
v 8.21374 7.60428 5.46364
v 8.57271 5.14777 5.65417
v 8.84016 5.14777 4.18246
v 8.21374 7.60428 5.46364
v 7.31939 7.82606 6.60186
v 8.57271 5.14777 5.65417
v 7.31939 7.82606 6.60186
v 7.30582 5.14777 6.58026
v 8.57271 5.14777 5.65417
v 7.31939 7.82606 6.60186
v 5.80000 7.51199 6.64855
v 7.30582 5.14777 6.58026
v 5.80000 7.51199 6.64855
v 5.80000 5.14777 6.35555
v 7.30582 5.14777 6.58026
v 5.80000 7.51199 6.64855
v 4.54312 7.36333 6.18386
v 5.80000 5.14777 6.35555
v 4.54312 7.36333 6.18386
v 4.19090 5.14777 6.74471
v 5.80000 5.14777 6.35555
v 4.54312 7.36333 6.18386
v 3.64947 7.33641 5.32393
v 4.19090 5.14777 6.74471
v 3.64947 7.33641 5.32393
v 3.02729 5.14777 5.65417
v 4.19090 5.14777 6.74471
v 3.64947 7.33641 5.32393
v 2.56096 8.00257 4.18246
v 3.02729 5.14777 5.65417
v 2.56096 8.00257 4.18246
v 2.96640 5.14777 4.18246
v 3.02729 5.14777 5.65417
v 2.56096 8.00257 4.18246
v 3.51413 7.47415 2.96916
v 2.96640 5.14777 4.18246
v 3.51413 7.47415 2.96916
v 3.48588 5.14777 2.95417
v 2.96640 5.14777 4.18246
v 3.51413 7.47415 2.96916
v 4.60607 7.25237 2.28131
v 3.48588 5.14777 2.95417
v 4.60607 7.25237 2.28131
v 4.36894 5.14777 1.90372
v 3.48588 5.14777 2.95417
v 4.60607 7.25237 2.28131
v 5.80000 7.56644 1.65960
v 4.36894 5.14777 1.90372
v 5.80000 7.56644 1.65960
v 5.80000 5.14777 0.95555
v 4.36894 5.14777 1.90372
v 5.80000 7.56644 1.65960
v 7.25644 7.71510 1.86330
v 5.80000 5.14777 0.95555
v 7.25644 7.71510 1.86330
v 7.12778 5.14777 2.06817
v 5.80000 5.14777 0.95555
v 7.25644 7.71510 1.86330
v 8.34909 7.74202 2.82945
v 7.12778 5.14777 2.06817
v 8.34909 7.74202 2.82945
v 8.11412 5.14777 2.95417
v 7.12778 5.14777 2.06817
v 8.34909 7.74202 2.82945
v 7.98760 7.07586 4.18246
v 8.11412 5.14777 2.95417
v 7.98760 7.07586 4.18246
v 8.84016 5.14777 4.18246
v 8.11412 5.14777 2.95417
v 8.84016 5.14777 4.18246
v 8.57271 5.14777 5.65417
v 8.96602 2.35734 4.18246
v 8.57271 5.14777 5.65417
v 7.79784 3.11453 5.24289
v 8.96602 2.35734 4.18246
v 8.57271 5.14777 5.65417
v 7.30582 5.14777 6.58026
v 7.79784 3.11453 5.24289
v 7.30582 5.14777 6.58026
v 7.09339 2.86785 6.24200
v 7.79784 3.11453 5.24289
v 7.30582 5.14777 6.58026
v 5.80000 5.14777 6.35555
v 7.09339 2.86785 6.24200
v 5.80000 5.14777 6.35555
v 5.80000 2.62816 6.81063
v 7.09339 2.86785 6.24200
v 5.80000 5.14777 6.35555
v 4.19090 5.14777 6.74471
v 5.80000 2.62816 6.81063
v 4.19090 5.14777 6.74471
v 4.31712 2.53385 6.54372
v 5.80000 2.62816 6.81063
v 4.19090 5.14777 6.74471
v 3.02729 5.14777 5.65417
v 4.31712 2.53385 6.54372
v 3.02729 5.14777 5.65417
v 3.53894 2.84665 5.38259
v 4.31712 2.53385 6.54372
v 3.02729 5.14777 5.65417
v 2.96640 5.14777 4.18246
v 3.53894 2.84665 5.38259
v 2.96640 5.14777 4.18246
v 3.53937 3.15532 4.18246
v 3.53894 2.84665 5.38259
v 2.96640 5.14777 4.18246
v 3.48588 5.14777 2.95417
v 3.53937 3.15532 4.18246
v 3.48588 5.14777 2.95417
v 3.09823 2.39813 2.74841
v 3.53937 3.15532 4.18246
v 3.48588 5.14777 2.95417
v 4.36894 5.14777 1.90372
v 3.09823 2.39813 2.74841
v 4.36894 5.14777 1.90372
v 4.38007 2.64481 1.92144
v 3.09823 2.39813 2.74841
v 4.36894 5.14777 1.90372
v 5.80000 5.14777 0.95555
v 4.38007 2.64481 1.92144
v 5.80000 5.14777 0.95555
v 5.80000 2.88450 1.82168
v 4.38007 2.64481 1.92144
v 5.80000 5.14777 0.95555
v 7.12778 5.14777 2.06817
v 5.80000 2.88450 1.82168
v 7.12778 5.14777 2.06817
v 7.03045 2.97881 2.22316
v 5.80000 2.88450 1.82168
v 7.12778 5.14777 2.06817
v 8.11412 5.14777 2.95417
v 7.03045 2.97881 2.22316
v 8.11412 5.14777 2.95417
v 8.23856 2.66601 2.88812
v 7.03045 2.97881 2.22316
v 8.11412 5.14777 2.95417
v 8.84016 5.14777 4.18246
v 8.23856 2.66601 2.88812
v 8.84016 5.14777 4.18246
v 8.96602 2.35734 4.18246
v 8.23856 2.66601 2.88812
v 8.96602 2.35734 4.18246
v 7.79784 3.11453 5.24289
v 7.74406 1.01117 4.18246
v 7.79784 3.11453 5.24289
v 7.45144 1.09019 5.05902
v 7.74406 1.01117 4.18246
v 7.79784 3.11453 5.24289
v 7.09339 2.86785 6.24200
v 7.45144 1.09019 5.05902
v 7.09339 2.86785 6.24200
v 6.93724 0.30809 5.99335
v 7.45144 1.09019 5.05902
v 7.09339 2.86785 6.24200
v 5.80000 2.62816 6.81063
v 6.93724 0.30809 5.99335
v 5.80000 2.62816 6.81063
v 5.80000 0.22907 6.30764
v 6.93724 0.30809 5.99335
v 5.80000 2.62816 6.81063
v 4.31712 2.53385 6.54372
v 5.80000 0.22907 6.30764
v 4.31712 2.53385 6.54372
v 4.94957 1.52867 5.53664
v 5.80000 0.22907 6.30764
v 4.31712 2.53385 6.54372
v 3.53894 2.84665 5.38259
v 4.94957 1.52867 5.53664
v 3.53894 2.84665 5.38259
v 3.99437 0.71136 5.14086
v 4.94957 1.52867 5.53664
v 3.53894 2.84665 5.38259
v 3.53937 3.15532 4.18246
v 3.99437 0.71136 5.14086
v 3.53937 3.15532 4.18246
v 3.59068 0.44675 4.18246
v 3.99437 0.71136 5.14086
v 3.53937 3.15532 4.18246
v 3.09823 2.39813 2.74841
v 3.59068 0.44675 4.18246
v 3.09823 2.39813 2.74841
v 3.85451 0.36773 3.14983
v 3.59068 0.44675 4.18246
v 3.09823 2.39813 2.74841
v 4.38007 2.64481 1.92144
v 3.85451 0.36773 3.14983
v 4.38007 2.64481 1.92144
v 4.86055 1.14983 2.68654
v 3.85451 0.36773 3.14983
v 4.38007 2.64481 1.92144
v 5.80000 2.88450 1.82168
v 4.86055 1.14983 2.68654
v 5.80000 2.88450 1.82168
v 5.80000 1.22886 2.48926
v 4.86055 1.14983 2.68654
v 5.80000 2.88450 1.82168
v 7.03045 2.97881 2.22316
v 5.80000 1.22886 2.48926
v 7.03045 2.97881 2.22316
v 7.02626 -0.07074 2.22983
v 5.80000 1.22886 2.48926
v 7.03045 2.97881 2.22316
v 8.23856 2.66601 2.88812
v 7.02626 -0.07074 2.22983
v 8.23856 2.66601 2.88812
v 7.59130 0.74657 3.23167
v 7.02626 -0.07074 2.22983
v 8.23856 2.66601 2.88812
v 8.96602 2.35734 4.18246
v 7.59130 0.74657 3.23167
v 8.96602 2.35734 4.18246
v 7.74406 1.01117 4.18246
v 7.59130 0.74657 3.23167
v 7.74406 1.01117 4.18246
v 7.45144 1.09019 5.05902
v 6.87647 -0.38208 4.18246
v 7.45144 1.09019 5.05902
v 6.95302 -1.69157 4.79447
v 6.87647 -0.38208 4.18246
v 7.45144 1.09019 5.05902
v 6.93724 0.30809 5.99335
v 6.95302 -1.69157 4.79447
v 6.93724 0.30809 5.99335
v 6.33160 -0.31394 5.02896
v 6.95302 -1.69157 4.79447
v 6.93724 0.30809 5.99335
v 5.80000 0.22907 6.30764
v 6.33160 -0.31394 5.02896
v 5.80000 0.22907 6.30764
v 5.80000 -0.25380 5.14916
v 6.33160 -0.31394 5.02896
v 5.80000 0.22907 6.30764
v 4.94957 1.52867 5.53664
v 5.80000 -0.25380 5.14916
v 4.94957 1.52867 5.53664
v 5.27066 -0.29071 5.02536
v 5.80000 -0.25380 5.14916
v 4.94957 1.52867 5.53664
v 3.99437 0.71136 5.14086
v 5.27066 -0.29071 5.02536
v 3.99437 0.71136 5.14086
v 4.69214 -1.42369 4.77049
v 5.27066 -0.29071 5.02536
v 3.99437 0.71136 5.14086
v 3.59068 0.44675 4.18246
v 4.69214 -1.42369 4.77049
v 3.59068 0.44675 4.18246
v 4.62868 -0.86928 4.18246
v 4.69214 -1.42369 4.77049
v 3.59068 0.44675 4.18246
v 3.85451 0.36773 3.14983
v 4.62868 -0.86928 4.18246
v 3.85451 0.36773 3.14983
v 5.00637 0.44021 3.76122
v 4.62868 -0.86928 4.18246
v 3.85451 0.36773 3.14983
v 4.86055 1.14983 2.68654
v 5.00637 0.44021 3.76122
v 4.86055 1.14983 2.68654
v 5.20771 -0.93742 3.23933
v 5.00637 0.44021 3.76122
v 4.86055 1.14983 2.68654
v 5.80000 1.22886 2.48926
v 5.20771 -0.93742 3.23933
v 5.80000 1.22886 2.48926
v 5.80000 -0.99756 3.08267
v 5.20771 -0.93742 3.23933
v 5.80000 1.22886 2.48926
v 7.02626 -0.07074 2.22983
v 5.80000 -0.99756 3.08267
v 7.02626 -0.07074 2.22983
v 6.39455 -0.96065 3.23573
v 5.80000 -0.99756 3.08267
v 7.02626 -0.07074 2.22983
v 7.59130 0.74657 3.23167
v 6.39455 -0.96065 3.23573
v 7.59130 0.74657 3.23167
v 6.63879 0.17233 3.73725
v 6.39455 -0.96065 3.23573
v 7.59130 0.74657 3.23167
v 7.74406 1.01117 4.18246
v 6.63879 0.17233 3.73725
v 7.74406 1.01117 4.18246
v 6.87647 -0.38208 4.18246
v 6.63879 0.17233 3.73725
v 6.87647 -0.38208 4.18246
v 6.95302 -1.69157 4.79447
v 5.80000 -1.44603 4.18246
v 6.95302 -1.69157 4.79447
v 6.33160 -0.31394 5.02896
v 5.80000 -1.26045 4.18246
v 6.33160 -0.31394 5.02896
v 5.80000 -0.25380 5.14916
v 5.80000 -0.10055 4.18246
v 5.80000 -0.25380 5.14916
v 5.27066 -0.29071 5.02536
v 5.80000 -1.32112 4.18246
v 5.27066 -0.29071 5.02536
v 4.69214 -1.42369 4.77049
v 5.80000 -2.10219 4.18246
v 4.69214 -1.42369 4.77049
v 4.62868 -0.86928 4.18246
v 5.80000 -0.50278 4.18246
v 4.62868 -0.86928 4.18246
v 5.00637 0.44021 3.76122
v 5.80000 -0.75671 4.18246
v 5.00637 0.44021 3.76122
v 5.20771 -0.93742 3.23933
v 5.80000 -0.94229 4.18246
v 5.20771 -0.93742 3.23933
v 5.80000 -0.99756 3.08267
v 5.80000 -2.10219 4.18246
v 5.80000 -0.99756 3.08267
v 6.39455 -0.96065 3.23573
v 5.80000 -0.88161 4.18246
v 6.39455 -0.96065 3.23573
v 6.63879 0.17233 3.73725
v 5.80000 -0.10055 4.18246
v 6.63879 0.17233 3.73725
v 6.87647 -0.38208 4.18246
v 5.80000 -1.69996 4.18246
v 8.30000 9.85579 4.10386
v 9.14478 9.21906 4.56289
v 9.37404 9.65971 4.10386
v 8.30000 9.66597 4.10386
v 8.85216 9.79509 5.00393
v 9.14478 9.21906 4.56289
v 8.30000 10.16342 4.10386
v 8.30000 10.67568 5.32855
v 8.85216 9.79509 5.00393
v 8.30000 10.67530 4.10386
v 7.81578 9.18759 4.89318
v 8.30000 10.67568 5.32855
v 8.30000 10.49991 4.10386
v 7.41110 9.44679 4.58686
v 7.81578 9.18759 4.89318
v 8.30000 9.10814 4.10386
v 7.17831 9.87276 4.10386
v 7.41110 9.44679 4.58686
v 8.30000 10.48548 4.10386
v 7.24323 10.31341 3.52964
v 7.17831 9.87276 4.10386
v 8.30000 10.67530 4.10386
v 7.75429 9.73738 3.21430
v 7.24323 10.31341 3.52964
v 8.30000 10.17785 4.10386
v 8.30000 8.85679 3.26206
v 7.75429 9.73738 3.21430
v 8.30000 9.66597 4.10386
v 8.91365 10.34488 3.10355
v 8.30000 8.85679 3.26206
v 8.30000 9.84136 4.10386
v 9.31266 10.08568 3.55361
v 8.91365 10.34488 3.10355
v 8.30000 11.23313 4.10386
v 9.37404 9.65971 4.10386
v 9.31266 10.08568 3.55361
v 9.37404 9.65971 4.10386
v 9.14478 9.21906 4.56289
v 10.03976 8.07974 4.10386
v 9.14478 9.21906 4.56289
v 10.33539 9.21030 5.20982
v 10.03976 8.07974 4.10386
v 9.14478 9.21906 4.56289
v 8.85216 9.79509 5.00393
v 10.33539 9.21030 5.20982
v 8.85216 9.79509 5.00393
v 9.33992 8.70951 5.79904
v 10.33539 9.21030 5.20982
v 8.85216 9.79509 5.00393
v 8.30000 10.67568 5.32855
v 9.33992 8.70951 5.79904
v 8.30000 10.67568 5.32855
v 8.30000 8.45884 5.93389
v 9.33992 8.70951 5.79904
v 8.30000 10.67568 5.32855
v 7.81578 9.18759 4.89318
v 8.30000 8.45884 5.93389
v 7.81578 9.18759 4.89318
v 7.39829 8.19763 5.57374
v 8.30000 8.45884 5.93389
v 7.81578 9.18759 4.89318
v 7.41110 9.44679 4.58686
v 7.39829 8.19763 5.57374
v 7.41110 9.44679 4.58686
v 6.41522 8.88823 5.12799
v 7.39829 8.19763 5.57374
v 7.41110 9.44679 4.58686
v 7.17831 9.87276 4.10386
v 6.41522 8.88823 5.12799
v 7.17831 9.87276 4.10386
v 5.98259 9.14945 4.10386
v 6.41522 8.88823 5.12799
v 7.17831 9.87276 4.10386
v 7.24323 10.31341 3.52964
v 5.98259 9.14945 4.10386
v 7.24323 10.31341 3.52964
v 6.82177 8.01890 3.30064
v 5.98259 9.14945 4.10386
v 7.24323 10.31341 3.52964
v 7.75429 9.73738 3.21430
v 6.82177 8.01890 3.30064
v 7.75429 9.73738 3.21430
v 7.31133 8.51969 2.49222
v 6.82177 8.01890 3.30064
v 7.75429 9.73738 3.21430
v 8.30000 8.85679 3.26206
v 7.31133 8.51969 2.49222
v 8.30000 8.85679 3.26206
v 8.30000 8.77035 2.11551
v 7.31133 8.51969 2.49222
v 8.30000 8.85679 3.26206
v 8.91365 10.34488 3.10355
v 8.30000 8.77035 2.11551
v 8.91365 10.34488 3.10355
v 9.42688 9.03157 2.26693
v 8.30000 8.77035 2.11551
v 8.91365 10.34488 3.10355
v 9.31266 10.08568 3.55361
v 9.42688 9.03157 2.26693
v 9.31266 10.08568 3.55361
v 9.92884 8.34096 3.21880
v 9.42688 9.03157 2.26693
v 9.31266 10.08568 3.55361
v 9.37404 9.65971 4.10386
v 9.92884 8.34096 3.21880
v 9.37404 9.65971 4.10386
v 10.03976 8.07974 4.10386
v 9.92884 8.34096 3.21880
v 10.03976 8.07974 4.10386
v 10.33539 9.21030 5.20982
v 11.09601 7.00268 4.10386
v 10.33539 9.21030 5.20982
v 10.81026 7.08137 5.46785
v 11.09601 7.00268 4.10386
v 10.33539 9.21030 5.20982
v 9.33992 8.70951 5.79904
v 10.81026 7.08137 5.46785
v 9.33992 8.70951 5.79904
v 9.45466 6.62936 5.98608
v 10.81026 7.08137 5.46785
v 9.33992 8.70951 5.79904
v 8.30000 8.45884 5.93389
v 9.45466 6.62936 5.98608
v 8.30000 8.45884 5.93389
v 8.30000 6.73290 6.40429
v 9.45466 6.62936 5.98608
v 8.30000 8.45884 5.93389
v 7.39829 8.19763 5.57374
v 8.30000 6.73290 6.40429
v 7.39829 8.19763 5.57374
v 6.74269 7.24707 6.64243
v 8.30000 6.73290 6.40429
v 7.39829 8.19763 5.57374
v 6.41522 8.88823 5.12799
v 6.74269 7.24707 6.64243
v 6.41522 8.88823 5.12799
v 6.04685 6.85364 5.32815
v 6.74269 7.24707 6.64243
v 6.41522 8.88823 5.12799
v 5.98259 9.14945 4.10386
v 6.04685 6.85364 5.32815
v 5.98259 9.14945 4.10386
v 5.79505 6.77942 4.10386
v 6.04685 6.85364 5.32815
v 5.98259 9.14945 4.10386
v 6.82177 8.01890 3.30064
v 5.79505 6.77942 4.10386
v 6.82177 8.01890 3.30064
v 6.21950 6.70073 2.97338
v 5.79505 6.77942 4.10386
v 6.82177 8.01890 3.30064
v 7.31133 8.51969 2.49222
v 6.21950 6.70073 2.97338
v 7.31133 8.51969 2.49222
v 6.80418 7.15274 1.66552
v 6.21950 6.70073 2.97338
v 7.31133 8.51969 2.49222
v 8.30000 8.77035 2.11551
v 6.80418 7.15274 1.66552
v 8.30000 8.77035 2.11551
v 8.30000 7.04920 1.41534
v 6.80418 7.15274 1.66552
v 8.30000 8.77035 2.11551
v 9.42688 9.03157 2.26693
v 8.30000 7.04920 1.41534
v 9.42688 9.03157 2.26693
v 9.39317 6.53503 2.32187
v 8.30000 7.04920 1.41534
v 9.42688 9.03157 2.26693
v 9.92884 8.34096 3.21880
v 9.39317 6.53503 2.32187
v 9.92884 8.34096 3.21880
v 10.63762 6.92846 2.83367
v 9.39317 6.53503 2.32187
v 9.92884 8.34096 3.21880
v 10.03976 8.07974 4.10386
v 10.63762 6.92846 2.83367
v 10.03976 8.07974 4.10386
v 11.09601 7.00268 4.10386
v 10.63762 6.92846 2.83367
v 11.09601 7.00268 4.10386
v 10.81026 7.08137 5.46785
v 11.17275 4.85799 4.10386
v 10.81026 7.08137 5.46785
v 10.37458 4.85799 5.23112
v 11.17275 4.85799 4.10386
v 10.81026 7.08137 5.46785
v 9.45466 6.62936 5.98608
v 10.37458 4.85799 5.23112
v 9.45466 6.62936 5.98608
v 9.81944 4.85799 6.58070
v 10.37458 4.85799 5.23112
v 9.45466 6.62936 5.98608
v 8.30000 6.73290 6.40429
v 9.81944 4.85799 6.58070
v 8.30000 6.73290 6.40429
v 8.30000 4.85799 6.96584
v 9.81944 4.85799 6.58070
v 8.30000 6.73290 6.40429
v 6.74269 7.24707 6.64243
v 8.30000 4.85799 6.96584
v 6.74269 7.24707 6.64243
v 6.77667 4.85799 6.58705
v 8.30000 4.85799 6.96584
v 6.74269 7.24707 6.64243
v 6.04685 6.85364 5.32815
v 6.77667 4.85799 6.58705
v 6.04685 6.85364 5.32815
v 6.22542 4.85799 5.23112
v 6.77667 4.85799 6.58705
v 6.04685 6.85364 5.32815
v 5.79505 6.77942 4.10386
v 6.22542 4.85799 5.23112
v 5.79505 6.77942 4.10386
v 5.43504 4.85799 4.10386
v 6.22542 4.85799 5.23112
v 5.79505 6.77942 4.10386
v 6.21950 6.70073 2.97338
v 5.43504 4.85799 4.10386
v 6.21950 6.70073 2.97338
v 5.40557 4.85799 2.53112
v 5.43504 4.85799 4.10386
v 6.21950 6.70073 2.97338
v 6.80418 7.15274 1.66552
v 5.40557 4.85799 2.53112
v 6.80418 7.15274 1.66552
v 6.95058 4.85799 1.90416
v 5.40557 4.85799 2.53112
v 6.80418 7.15274 1.66552
v 8.30000 7.04920 1.41534
v 6.95058 4.85799 1.90416
v 8.30000 7.04920 1.41534
v 8.30000 4.85799 1.56584
v 6.95058 4.85799 1.90416
v 8.30000 7.04920 1.41534
v 9.39317 6.53503 2.32187
v 8.30000 4.85799 1.56584
v 9.39317 6.53503 2.32187
v 9.64552 4.85799 1.91051
v 8.30000 4.85799 1.56584
v 9.39317 6.53503 2.32187
v 10.63762 6.92846 2.83367
v 9.64552 4.85799 1.91051
v 10.63762 6.92846 2.83367
v 11.19443 4.85799 2.53112
v 9.64552 4.85799 1.91051
v 10.63762 6.92846 2.83367
v 11.09601 7.00268 4.10386
v 11.19443 4.85799 2.53112
v 11.09601 7.00268 4.10386
v 11.17275 4.85799 4.10386
v 11.19443 4.85799 2.53112
v 11.17275 4.85799 4.10386
v 10.37458 4.85799 5.23112
v 10.80219 2.93867 4.10386
v 10.37458 4.85799 5.23112
v 10.54738 2.86744 5.32502
v 10.80219 2.93867 4.10386
v 10.37458 4.85799 5.23112
v 9.81944 4.85799 6.58070
v 10.54738 2.86744 5.32502
v 9.81944 4.85799 6.58070
v 9.85868 2.46680 6.64467
v 10.54738 2.86744 5.32502
v 9.81944 4.85799 6.58070
v 8.30000 4.85799 6.96584
v 9.85868 2.46680 6.64467
v 8.30000 4.85799 6.96584
v 8.30000 2.97797 6.41055
v 9.85868 2.46680 6.64467
v 8.30000 4.85799 6.96584
v 6.77667 4.85799 6.58705
v 8.30000 2.97797 6.41055
v 6.77667 4.85799 6.58705
v 7.14672 3.08872 5.98383
v 8.30000 2.97797 6.41055
v 6.77667 4.85799 6.58705
v 6.22542 4.85799 5.23112
v 7.14672 3.08872 5.98383
v 6.22542 4.85799 5.23112
v 5.79550 2.63970 5.46472
v 7.14672 3.08872 5.98383
v 6.22542 4.85799 5.23112
v 5.43504 4.85799 4.10386
v 5.79550 2.63970 5.46472
v 5.43504 4.85799 4.10386
v 5.50124 2.71118 4.10386
v 5.79550 2.63970 5.46472
v 5.43504 4.85799 4.10386
v 5.40557 4.85799 2.53112
v 5.50124 2.71118 4.10386
v 5.40557 4.85799 2.53112
v 5.95662 2.78241 2.83054
v 5.50124 2.71118 4.10386
v 5.40557 4.85799 2.53112
v 6.95058 4.85799 1.90416
v 5.95662 2.78241 2.83054
v 6.95058 4.85799 1.90416
v 7.20821 3.18305 2.32412
v 5.95662 2.78241 2.83054
v 6.95058 4.85799 1.90416
v 8.30000 4.85799 1.56584
v 7.20821 3.18305 2.32412
v 8.30000 4.85799 1.56584
v 8.30000 2.67188 1.42160
v 7.20821 3.18305 2.32412
v 8.30000 4.85799 1.56584
v 9.64552 4.85799 1.91051
v 8.30000 2.67188 1.42160
v 9.64552 4.85799 1.91051
v 9.79719 2.56113 1.66327
v 8.30000 2.67188 1.42160
v 9.64552 4.85799 1.91051
v 11.19443 4.85799 2.53112
v 9.79719 2.56113 1.66327
v 11.19443 4.85799 2.53112
v 10.38626 3.01015 2.97025
v 9.79719 2.56113 1.66327
v 11.19443 4.85799 2.53112
v 11.17275 4.85799 4.10386
v 10.38626 3.01015 2.97025
v 11.17275 4.85799 4.10386
v 10.80219 2.93867 4.10386
v 10.38626 3.01015 2.97025
v 10.80219 2.93867 4.10386
v 10.54738 2.86744 5.32502
v 10.61351 0.57374 4.10386
v 10.54738 2.86744 5.32502
v 10.18815 0.82053 5.12982
v 10.61351 0.57374 4.10386
v 10.54738 2.86744 5.32502
v 9.85868 2.46680 6.64467
v 10.18815 0.82053 5.12982
v 9.85868 2.46680 6.64467
v 9.20366 1.51113 5.57692
v 10.18815 0.82053 5.12982
v 9.85868 2.46680 6.64467
v 8.30000 2.97797 6.41055
v 9.20366 1.51113 5.57692
v 8.30000 2.97797 6.41055
v 8.30000 1.26435 5.93022
v 9.20366 1.51113 5.57692
v 8.30000 2.97797 6.41055
v 7.14672 3.08872 5.98383
v 8.30000 1.26435 5.93022
v 7.14672 3.08872 5.98383
v 7.26203 1.01368 5.79586
v 8.30000 1.26435 5.93022
v 7.14672 3.08872 5.98383
v 5.79550 2.63970 5.46472
v 7.26203 1.01368 5.79586
v 5.79550 2.63970 5.46472
v 6.26123 0.49846 5.21166
v 7.26203 1.01368 5.79586
v 5.79550 2.63970 5.46472
v 5.50124 2.71118 4.10386
v 6.26123 0.49846 5.21166
v 5.50124 2.71118 4.10386
v 6.55634 1.62902 4.10386
v 6.26123 0.49846 5.21166
v 5.50124 2.71118 4.10386
v 5.95662 2.78241 2.83054
v 6.55634 1.62902 4.10386
v 5.95662 2.78241 2.83054
v 6.67453 1.38223 3.22063
v 6.55634 1.62902 4.10386
v 5.95662 2.78241 2.83054
v 7.20821 3.18305 2.32412
v 6.67453 1.38223 3.22063
v 7.20821 3.18305 2.32412
v 7.17507 0.69162 2.27011
v 6.67453 1.38223 3.22063
v 7.20821 3.18305 2.32412
v 8.30000 2.67188 1.42160
v 7.17507 0.69162 2.27011
v 8.30000 2.67188 1.42160
v 8.30000 0.93841 2.11184
v 7.17507 0.69162 2.27011
v 8.30000 2.67188 1.42160
v 9.79719 2.56113 1.66327
v 8.30000 0.93841 2.11184
v 9.79719 2.56113 1.66327
v 9.29062 1.18907 2.48905
v 8.30000 0.93841 2.11184
v 9.79719 2.56113 1.66327
v 10.38626 3.01015 2.97025
v 9.29062 1.18907 2.48905
v 10.38626 3.01015 2.97025
v 9.77485 1.70429 3.30247
v 9.29062 1.18907 2.48905
v 10.38626 3.01015 2.97025
v 10.80219 2.93867 4.10386
v 9.77485 1.70429 3.30247
v 10.80219 2.93867 4.10386
v 10.61351 0.57374 4.10386
v 9.77485 1.70429 3.30247
v 10.61351 0.57374 4.10386
v 10.18815 0.82053 5.12982
v 9.42445 -0.16910 4.10386
v 10.18815 0.82053 5.12982
v 9.18989 0.26408 4.58739
v 9.42445 -0.16910 4.10386
v 10.18815 0.82053 5.12982
v 9.20366 1.51113 5.57692
v 9.18989 0.26408 4.58739
v 9.20366 1.51113 5.57692
v 8.78284 0.54070 4.89094
v 9.18989 0.26408 4.58739
v 9.20366 1.51113 5.57692
v 8.30000 1.26435 5.93022
v 8.78284 0.54070 4.89094
v 8.30000 1.26435 5.93022
v 8.30000 -0.95460 5.32748
v 8.78284 0.54070 4.89094
v 8.30000 1.26435 5.93022
v 7.26203 1.01368 5.79586
v 8.30000 -0.95460 5.32748
v 7.26203 1.01368 5.79586
v 7.74646 -0.09143 5.00618
v 8.30000 -0.95460 5.32748
v 7.26203 1.01368 5.79586
v 6.26123 0.49846 5.21166
v 7.74646 -0.09143 5.00618
v 6.26123 0.49846 5.21166
v 7.45423 0.49181 4.56342
v 7.74646 -0.09143 5.00618
v 6.26123 0.49846 5.21166
v 6.55634 1.62902 4.10386
v 7.45423 0.49181 4.56342
v 6.55634 1.62902 4.10386
v 7.22872 0.06858 4.10386
v 7.45423 0.49181 4.56342
v 6.55634 1.62902 4.10386
v 6.67453 1.38223 3.22063
v 7.22872 0.06858 4.10386
v 6.67453 1.38223 3.22063
v 7.28833 -0.36460 3.55415
v 7.22872 0.06858 4.10386
v 6.67453 1.38223 3.22063
v 7.17507 0.69162 2.27011
v 7.28833 -0.36460 3.55415
v 7.17507 0.69162 2.27011
v 7.68498 -0.64122 3.10130
v 7.28833 -0.36460 3.55415
v 7.17507 0.69162 2.27011
v 8.30000 0.93841 2.11184
v 7.68498 -0.64122 3.10130
v 8.30000 0.93841 2.11184
v 8.30000 0.85408 3.26099
v 7.68498 -0.64122 3.10130
v 8.30000 0.93841 2.11184
v 9.29062 1.18907 2.48905
v 8.30000 0.85408 3.26099
v 9.29062 1.18907 2.48905
v 8.84433 -0.00909 3.21655
v 8.30000 0.85408 3.26099
v 9.29062 1.18907 2.48905
v 9.77485 1.70429 3.30247
v 8.84433 -0.00909 3.21655
v 9.77485 1.70429 3.30247
v 9.35578 -0.59233 3.53018
v 8.84433 -0.00909 3.21655
v 9.77485 1.70429 3.30247
v 10.61351 0.57374 4.10386
v 9.35578 -0.59233 3.53018
v 10.61351 0.57374 4.10386
v 9.42445 -0.16910 4.10386
v 9.35578 -0.59233 3.53018
v 9.42445 -0.16910 4.10386
v 9.18989 0.26408 4.58739
v 8.30000 0.60783 4.10386
v 9.18989 0.26408 4.58739
v 8.78284 0.54070 4.89094
v 8.30000 -0.76951 4.10386
v 8.78284 0.54070 4.89094
v 8.30000 -0.95460 5.32748
v 8.30000 -0.95933 4.10386
v 8.30000 -0.95460 5.32748
v 7.74646 -0.09143 5.00618
v 8.30000 -0.46188 4.10386
v 7.74646 -0.09143 5.00618
v 7.45423 0.49181 4.56342
v 8.30000 0.05000 4.10386
v 7.45423 0.49181 4.56342
v 7.22872 0.06858 4.10386
v 8.30000 -0.12538 4.10386
v 7.22872 0.06858 4.10386
v 7.28833 -0.36460 3.55415
v 8.30000 -1.51715 4.10386
v 7.28833 -0.36460 3.55415
v 7.68498 -0.64122 3.10130
v 8.30000 -0.13982 4.10386
v 7.68498 -0.64122 3.10130
v 8.30000 0.85408 3.26099
v 8.30000 0.05000 4.10386
v 8.30000 0.85408 3.26099
v 8.84433 -0.00909 3.21655
v 8.30000 -0.44745 4.10386
v 8.84433 -0.00909 3.21655
v 9.35578 -0.59233 3.53018
v 8.30000 -0.95933 4.10386
v 9.35578 -0.59233 3.53018
v 9.42445 -0.16910 4.10386
v 8.30000 -0.78394 4.10386
v 10.80000 10.20302 3.67457
v 11.79349 9.54765 4.13526
v 12.04913 9.98827 3.67457
v 10.80000 10.03709 3.67457
v 11.45173 10.22313 4.58121
v 11.79349 9.54765 4.13526
v 10.80000 10.64782 3.67457
v 10.80000 11.16218 4.89595
v 11.45173 10.22313 4.58121
v 10.80000 11.17862 3.67457
v 10.23731 9.45340 4.45734
v 10.80000 11.16218 4.89595
v 10.80000 10.93277 3.67457
v 9.75481 9.80565 4.15923
v 10.23731 9.45340 4.45734
v 10.80000 9.40511 3.67457
v 9.47618 10.31113 3.67457
v 9.75481 9.80565 4.15923
v 10.80000 11.01269 3.67457
v 9.56525 10.75175 3.10202
v 9.47618 10.31113 3.67457
v 10.80000 11.17862 3.67457
v 10.16526 10.07627 2.79157
v 9.56525 10.75175 3.10202
v 10.80000 10.56789 3.67457
v 10.80000 9.13723 2.82946
v 10.16526 10.07627 2.79157
v 10.80000 10.03709 3.67457
v 11.52378 10.84600 2.66771
v 10.80000 9.13723 2.82946
v 10.80000 10.28295 3.67457
v 11.98305 10.49375 3.12599
v 11.52378 10.84600 2.66771
v 10.80000 11.81060 3.67457
v 12.04913 9.98827 3.67457
v 11.98305 10.49375 3.12599
v 12.04913 9.98827 3.67457
v 11.79349 9.54765 4.13526
v 12.85237 8.26360 3.67457
v 11.79349 9.54765 4.13526
v 13.19647 9.54344 4.78583
v 12.85237 8.26360 3.67457
v 11.79349 9.54765 4.13526
v 11.45173 10.22313 4.58121
v 13.19647 9.54344 4.78583
v 11.45173 10.22313 4.58121
v 12.01172 8.92795 5.36021
v 13.19647 9.54344 4.78583
v 11.45173 10.22313 4.58121
v 10.80000 11.16218 4.89595
v 12.01172 8.92795 5.36021
v 10.80000 11.16218 4.89595
v 10.80000 8.64495 5.49403
v 12.01172 8.92795 5.36021
v 10.80000 11.16218 4.89595
v 10.23731 9.45340 4.45734
v 10.80000 8.64495 5.49403
v 10.23731 9.45340 4.45734
v 9.73652 8.39715 5.15400
v 10.80000 8.64495 5.49403
v 10.23731 9.45340 4.45734
v 9.75481 9.80565 4.15923
v 9.73652 8.39715 5.15400
v 9.75481 9.80565 4.15923
v 8.58002 9.17857 4.70399
v 9.73652 8.39715 5.15400
v 9.75481 9.80565 4.15923
v 9.47618 10.31113 3.67457
v 8.58002 9.17857 4.70399
v 9.47618 10.31113 3.67457
v 8.09818 9.42638 3.67457
v 8.58002 9.17857 4.70399
v 9.47618 10.31113 3.67457
v 9.56525 10.75175 3.10202
v 8.09818 9.42638 3.67457
v 9.56525 10.75175 3.10202
v 9.07922 8.14653 2.87664
v 8.09818 9.42638 3.67457
v 9.56525 10.75175 3.10202
v 10.16526 10.07627 2.79157
v 9.07922 8.14653 2.87664
v 10.16526 10.07627 2.79157
v 9.63462 8.76202 2.05340
v 9.07922 8.14653 2.87664
v 10.16526 10.07627 2.79157
v 10.80000 9.13723 2.82946
v 9.63462 8.76202 2.05340
v 10.80000 9.13723 2.82946
v 10.80000 9.04502 1.67565
v 9.63462 8.76202 2.05340
v 10.80000 9.13723 2.82946
v 11.52378 10.84600 2.66771
v 10.80000 9.04502 1.67565
v 11.52378 10.84600 2.66771
v 12.11362 9.29282 1.84719
v 10.80000 9.04502 1.67565
v 11.52378 10.84600 2.66771
v 11.98305 10.49375 3.12599
v 12.11362 9.29282 1.84719
v 11.98305 10.49375 3.12599
v 12.69727 8.51140 2.79480
v 12.11362 9.29282 1.84719
v 11.98305 10.49375 3.12599
v 12.04913 9.98827 3.67457
v 12.69727 8.51140 2.79480
v 12.04913 9.98827 3.67457
v 12.85237 8.26360 3.67457
v 12.69727 8.51140 2.79480
v 12.85237 8.26360 3.67457
v 13.19647 9.54344 4.78583
v 14.08540 7.02551 3.67457
v 13.19647 9.54344 4.78583
v 13.72148 7.09080 5.02928
v 14.08540 7.02551 3.67457
v 13.19647 9.54344 4.78583
v 12.01172 8.92795 5.36021
v 13.72148 7.09080 5.02928
v 12.01172 8.92795 5.36021
v 12.14851 6.58917 5.55051
v 13.72148 7.09080 5.02928
v 12.01172 8.92795 5.36021
v 10.80000 8.64495 5.49403
v 12.14851 6.58917 5.55051
v 10.80000 8.64495 5.49403
v 10.80000 6.73033 5.99359
v 12.14851 6.58917 5.55051
v 10.80000 8.64495 5.49403
v 9.73652 8.39715 5.15400
v 10.80000 6.73033 5.99359
v 9.73652 8.39715 5.15400
v 8.97063 7.30238 6.21943
v 10.80000 6.73033 5.99359
v 9.73652 8.39715 5.15400
v 8.58002 9.17857 4.70399
v 8.97063 7.30238 6.21943
v 8.58002 9.17857 4.70399
v 8.17981 6.83280 4.88957
v 8.97063 7.30238 6.21943
v 8.58002 9.17857 4.70399
v 8.09818 9.42638 3.67457
v 8.17981 6.83280 4.88957
v 8.09818 9.42638 3.67457
v 7.87374 6.75917 3.67457
v 8.17981 6.83280 4.88957
v 8.09818 9.42638 3.67457
v 9.07922 8.14653 2.87664
v 7.87374 6.75917 3.67457
v 9.07922 8.14653 2.87664
v 8.34203 6.69388 2.53480
v 7.87374 6.75917 3.67457
v 9.07922 8.14653 2.87664
v 9.63462 8.76202 2.05340
v 8.34203 6.69388 2.53480
v 9.63462 8.76202 2.05340
v 9.04268 7.19551 1.22995
v 8.34203 6.69388 2.53480
v 9.63462 8.76202 2.05340
v 10.80000 9.04502 1.67565
v 9.04268 7.19551 1.22995
v 10.80000 9.04502 1.67565
v 10.80000 7.05435 1.00464
v 9.04268 7.19551 1.22995
v 10.80000 9.04502 1.67565
v 12.11362 9.29282 1.84719
v 10.80000 7.05435 1.00464
v 12.11362 9.29282 1.84719
v 12.07646 6.48230 1.89887
v 10.80000 7.05435 1.00464
v 12.11362 9.29282 1.84719
v 12.69727 8.51140 2.79480
v 12.07646 6.48230 1.89887
v 12.69727 8.51140 2.79480
v 13.55926 6.95189 2.39509
v 12.07646 6.48230 1.89887
v 12.69727 8.51140 2.79480
v 12.85237 8.26360 3.67457
v 13.55926 6.95189 2.39509
v 12.85237 8.26360 3.67457
v 14.08540 7.02551 3.67457
v 13.55926 6.95189 2.39509
v 14.08540 7.02551 3.67457
v 13.72148 7.09080 5.02928
v 14.13940 4.58904 3.67457
v 13.72148 7.09080 5.02928
v 13.23146 4.58904 4.80205
v 14.13940 4.58904 3.67457
v 13.72148 7.09080 5.02928
v 12.14851 6.58917 5.55051
v 13.23146 4.58904 4.80205
v 12.14851 6.58917 5.55051
v 12.59392 4.58904 6.17012
v 13.23146 4.58904 4.80205
v 12.14851 6.58917 5.55051
v 10.80000 6.73033 5.99359
v 12.59392 4.58904 6.17012
v 10.80000 6.73033 5.99359
v 10.80000 4.58904 6.53612
v 12.59392 4.58904 6.17012
v 10.80000 6.73033 5.99359
v 8.97063 7.30238 6.21943
v 10.80000 4.58904 6.53612
v 8.97063 7.30238 6.21943
v 9.02840 4.58904 6.13907
v 10.80000 4.58904 6.53612
v 8.97063 7.30238 6.21943
v 8.17981 6.83280 4.88957
v 9.02840 4.58904 6.13907
v 8.17981 6.83280 4.88957
v 8.36854 4.58904 4.80205
v 9.02840 4.58904 6.13907
v 8.17981 6.83280 4.88957
v 7.87374 6.75917 3.67457
v 8.36854 4.58904 4.80205
v 7.87374 6.75917 3.67457
v 7.41596 4.58904 3.67457
v 8.36854 4.58904 4.80205
v 7.87374 6.75917 3.67457
v 8.34203 6.69388 2.53480
v 7.41596 4.58904 3.67457
v 8.34203 6.69388 2.53480
v 7.40879 4.58904 2.10205
v 7.41596 4.58904 3.67457
v 8.34203 6.69388 2.53480
v 9.04268 7.19551 1.22995
v 7.40879 4.58904 2.10205
v 9.04268 7.19551 1.22995
v 9.23220 4.58904 1.49358
v 7.40879 4.58904 2.10205
v 9.04268 7.19551 1.22995
v 10.80000 7.05435 1.00464
v 9.23220 4.58904 1.49358
v 10.80000 7.05435 1.00464
v 10.80000 4.58904 1.13612
v 9.23220 4.58904 1.49358
v 10.80000 7.05435 1.00464
v 12.07646 6.48230 1.89887
v 10.80000 4.58904 1.13612
v 12.07646 6.48230 1.89887
v 12.39012 4.58904 1.46253
v 10.80000 4.58904 1.13612
v 12.07646 6.48230 1.89887
v 13.55926 6.95189 2.39509
v 12.39012 4.58904 1.46253
v 13.55926 6.95189 2.39509
v 14.19121 4.58904 2.10205
v 12.39012 4.58904 1.46253
v 13.55926 6.95189 2.39509
v 14.08540 7.02551 3.67457
v 14.19121 4.58904 2.10205
v 14.08540 7.02551 3.67457
v 14.13940 4.58904 3.67457
v 14.19121 4.58904 2.10205
v 14.13940 4.58904 3.67457
v 13.23146 4.58904 4.80205
v 13.74204 2.40721 3.67457
v 13.23146 4.58904 4.80205
v 13.45319 2.31703 4.90487
v 13.74204 2.40721 3.67457
v 13.23146 4.58904 4.80205
v 12.59392 4.58904 6.17012
v 13.45319 2.31703 4.90487
v 12.59392 4.58904 6.17012
v 12.62148 1.88741 6.20845
v 13.45319 2.31703 4.90487
v 12.59392 4.58904 6.17012
v 10.80000 4.58904 6.53612
v 12.62148 1.88741 6.20845
v 10.80000 4.58904 6.53612
v 10.80000 2.47601 5.96299
v 12.62148 1.88741 6.20845
v 10.80000 4.58904 6.53612
v 9.02840 4.58904 6.13907
v 10.80000 2.47601 5.96299
v 9.02840 4.58904 6.13907
v 9.44360 2.57721 5.56148
v 10.80000 2.47601 5.96299
v 9.02840 4.58904 6.13907
v 8.36854 4.58904 4.80205
v 9.44360 2.57721 5.56148
v 8.36854 4.58904 4.80205
v 7.84552 2.05902 5.04458
v 9.44360 2.57721 5.56148
v 8.36854 4.58904 4.80205
v 7.41596 4.58904 3.67457
v 7.84552 2.05902 5.04458
v 7.41596 4.58904 3.67457
v 7.53039 2.16428 3.67457
v 7.84552 2.05902 5.04458
v 7.41596 4.58904 3.67457
v 7.40879 4.58904 2.10205
v 7.53039 2.16428 3.67457
v 7.40879 4.58904 2.10205
v 8.07374 2.25446 2.41040
v 7.53039 2.16428 3.67457
v 7.40879 4.58904 2.10205
v 9.23220 4.58904 1.49358
v 8.07374 2.25446 2.41040
v 9.23220 4.58904 1.49358
v 9.51565 2.68408 1.88790
v 8.07374 2.25446 2.41040
v 9.23220 4.58904 1.49358
v 10.80000 4.58904 1.13612
v 9.51565 2.68408 1.88790
v 10.80000 4.58904 1.13612
v 10.80000 2.09548 0.97404
v 9.51565 2.68408 1.88790
v 10.80000 4.58904 1.13612
v 12.39012 4.58904 1.46253
v 10.80000 2.09548 0.97404
v 12.39012 4.58904 1.46253
v 12.54942 1.99427 1.24093
v 10.80000 2.09548 0.97404
v 12.39012 4.58904 1.46253
v 14.19121 4.58904 2.10205
v 12.54942 1.99427 1.24093
v 14.19121 4.58904 2.10205
v 13.22497 2.51246 2.55010
v 12.54942 1.99427 1.24093
v 14.19121 4.58904 2.10205
v 14.13940 4.58904 3.67457
v 13.22497 2.51246 2.55010
v 14.13940 4.58904 3.67457
v 13.74204 2.40721 3.67457
v 13.22497 2.51246 2.55010
v 13.74204 2.40721 3.67457
v 13.45319 2.31703 4.90487
v 13.52414 -0.28825 3.67457
v 13.45319 2.31703 4.90487
v 13.00065 0.03947 4.69503
v 13.52414 -0.28825 3.67457
v 13.45319 2.31703 4.90487
v 12.62148 1.88741 6.20845
v 13.00065 0.03947 4.69503
v 12.62148 1.88741 6.20845
v 11.85232 0.82090 5.13847
v 13.00065 0.03947 4.69503
v 12.62148 1.88741 6.20845
v 10.80000 2.47601 5.96299
v 11.85232 0.82090 5.13847
v 10.80000 2.47601 5.96299
v 10.80000 0.49317 5.51195
v 11.85232 0.82090 5.13847
v 10.80000 2.47601 5.96299
v 9.44360 2.57721 5.56148
v 10.80000 0.49317 5.51195
v 9.44360 2.57721 5.56148
v 9.57712 0.21017 5.37574
v 10.80000 0.49317 5.51195
v 9.44360 2.57721 5.56148
v 7.84552 2.05902 5.04458
v 9.57712 0.21017 5.37574
v 7.84552 2.05902 5.04458
v 8.42286 -0.32540 4.77687
v 9.57712 0.21017 5.37574
v 7.84552 2.05902 5.04458
v 7.53039 2.16428 3.67457
v 8.42286 -0.32540 4.77687
v 7.53039 2.16428 3.67457
v 8.76995 0.95445 3.67457
v 8.42286 -0.32540 4.77687
v 7.53039 2.16428 3.67457
v 8.07374 2.25446 2.41040
v 8.76995 0.95445 3.67457
v 8.07374 2.25446 2.41040
v 8.88340 0.62672 2.78584
v 8.76995 0.95445 3.67457
v 8.07374 2.25446 2.41040
v 9.51565 2.68408 1.88790
v 8.88340 0.62672 2.78584
v 9.51565 2.68408 1.88790
v 9.47522 -0.15470 1.83166
v 8.88340 0.62672 2.78584
v 9.51565 2.68408 1.88790
v 10.80000 2.09548 0.97404
v 9.47522 -0.15470 1.83166
v 10.80000 2.09548 0.97404
v 10.80000 0.17302 1.69358
v 9.47522 -0.15470 1.83166
v 10.80000 2.09548 0.97404
v 12.54942 1.99427 1.24093
v 10.80000 0.17302 1.69358
v 12.54942 1.99427 1.24093
v 11.95422 0.45603 2.06893
v 10.80000 0.17302 1.69358
v 12.54942 1.99427 1.24093
v 13.22497 2.51246 2.55010
v 11.95422 0.45603 2.06893
v 13.22497 2.51246 2.55010
v 12.54011 0.99159 2.86768
v 11.95422 0.45603 2.06893
v 13.22497 2.51246 2.55010
v 13.74204 2.40721 3.67457
v 12.54011 0.99159 2.86768
v 13.74204 2.40721 3.67457
v 13.52414 -0.28825 3.67457
v 12.54011 0.99159 2.86768
v 13.52414 -0.28825 3.67457
v 13.00065 0.03947 4.69503
v 12.10804 -1.06483 3.67457
v 13.00065 0.03947 4.69503
v 11.83953 -0.59931 4.15661
v 12.10804 -1.06483 3.67457
v 13.00065 0.03947 4.69503
v 11.85232 0.82090 5.13847
v 11.83953 -0.59931 4.15661
v 11.85232 0.82090 5.13847
v 11.37058 -0.34353 4.46832
v 11.83953 -0.59931 4.15661
v 11.85232 0.82090 5.13847
v 10.80000 0.49317 5.51195
v 11.37058 -0.34353 4.46832
v 10.80000 0.49317 5.51195
v 10.80000 -2.01235 4.90120
v 11.37058 -0.34353 4.46832
v 10.80000 0.49317 5.51195
v 9.57712 0.21017 5.37574
v 10.80000 -2.01235 4.90120
v 9.57712 0.21017 5.37574
v 10.15616 -0.97683 4.57023
v 10.80000 -2.01235 4.90120
v 9.57712 0.21017 5.37574
v 8.42286 -0.32540 4.77687
v 10.15616 -0.97683 4.57023
v 8.42286 -0.32540 4.77687
v 9.81217 -0.34131 4.13264
v 10.15616 -0.97683 4.57023
v 8.42286 -0.32540 4.77687
v 8.76995 0.95445 3.67457
v 9.81217 -0.34131 4.13264
v 8.76995 0.95445 3.67457
v 9.53509 -0.87841 3.67457
v 9.81217 -0.34131 4.13264
v 8.76995 0.95445 3.67457
v 8.88340 0.62672 2.78584
v 9.53509 -0.87841 3.67457
v 8.88340 0.62672 2.78584
v 9.61129 -1.34392 3.12336
v 9.53509 -0.87841 3.67457
v 8.88340 0.62672 2.78584
v 9.47522 -0.15470 1.83166
v 9.61129 -1.34392 3.12336
v 9.47522 -0.15470 1.83166
v 10.08411 -1.59970 2.67869
v 9.61129 -1.34392 3.12336
v 9.47522 -0.15470 1.83166
v 10.80000 0.17302 1.69358
v 10.08411 -1.59970 2.67869
v 10.80000 0.17302 1.69358
v 10.80000 0.06912 2.83471
v 10.08411 -1.59970 2.67869
v 10.80000 0.17302 1.69358
v 11.95422 0.45603 2.06893
v 10.80000 0.06912 2.83471
v 11.95422 0.45603 2.06893
v 11.44264 -0.96641 2.78060
v 10.80000 0.06912 2.83471
v 11.95422 0.45603 2.06893
v 12.54011 0.99159 2.86768
v 11.44264 -0.96641 2.78060
v 12.54011 0.99159 2.86768
v 12.04041 -1.60193 3.09939
v 11.44264 -0.96641 2.78060
v 12.54011 0.99159 2.86768
v 13.52414 -0.28825 3.67457
v 12.04041 -1.60193 3.09939
v 13.52414 -0.28825 3.67457
v 12.10804 -1.06483 3.67457
v 12.04041 -1.60193 3.09939
v 12.10804 -1.06483 3.67457
v 11.83953 -0.59931 4.15661
v 10.80000 -0.22703 3.67457
v 11.83953 -0.59931 4.15661
v 11.37058 -0.34353 4.46832
v 10.80000 -1.83460 3.67457
v 11.37058 -0.34353 4.46832
v 10.80000 -2.01235 4.90120
v 10.80000 -2.00054 3.67457
v 10.80000 -2.01235 4.90120
v 10.15616 -0.97683 4.57023
v 10.80000 -1.38981 3.67457
v 10.15616 -0.97683 4.57023
v 9.81217 -0.34131 4.13264
v 10.80000 -0.85901 3.67457
v 9.81217 -0.34131 4.13264
v 9.53509 -0.87841 3.67457
v 10.80000 -1.10486 3.67457
v 9.53509 -0.87841 3.67457
v 9.61129 -1.34392 3.12336
v 10.80000 -2.63251 3.67457
v 9.61129 -1.34392 3.12336
v 10.08411 -1.59970 2.67869
v 10.80000 -1.02494 3.67457
v 10.08411 -1.59970 2.67869
v 10.80000 0.06912 2.83471
v 10.80000 -0.85901 3.67457
v 10.80000 0.06912 2.83471
v 11.44264 -0.96641 2.78060
v 10.80000 -1.46973 3.67457
v 11.44264 -0.96641 2.78060
v 12.04041 -1.60193 3.09939
v 10.80000 -2.00054 3.67457
v 12.04041 -1.60193 3.09939
v 12.10804 -1.06483 3.67457
v 10.80000 -1.75468 3.67457
v 13.30000 9.93221 3.04458
v 14.07665 9.05630 3.49877
v 14.34517 9.72940 3.04458
v 13.30000 9.56642 3.04458
v 13.78941 9.42839 3.90321
v 14.07665 9.05630 3.49877
v 13.30000 9.75770 3.04458
v 13.30000 10.51626 4.27895
v 13.78941 9.42839 3.90321
v 13.30000 10.42713 3.04458
v 12.82647 9.28429 3.87534
v 13.30000 10.51626 4.27895
v 13.30000 10.53949 3.04458
v 12.48236 9.27101 3.52274
v 12.82647 9.28429 3.87534
v 13.30000 9.04051 3.04458
v 12.30504 9.50162 3.04458
v 12.48236 9.27101 3.52274
v 13.30000 10.06134 3.04458
v 12.30984 10.17471 2.46552
v 12.30504 9.50162 3.04458
v 13.30000 10.42713 3.04458
v 12.76934 9.80263 2.11358
v 12.30984 10.17471 2.46552
v 13.30000 10.23585 3.04458
v 13.30000 8.71476 2.21245
v 12.76934 9.80263 2.11358
v 13.30000 9.56642 3.04458
v 13.84654 9.94673 2.08571
v 13.30000 8.71476 2.21245
v 13.30000 9.45407 3.04458
v 14.24917 9.96001 2.48949
v 13.84654 9.94673 2.08571
v 13.30000 10.95304 3.04458
v 14.34517 9.72940 3.04458
v 14.24917 9.96001 2.48949
v 14.34517 9.72940 3.04458
v 14.07665 9.05630 3.49877
v 14.86677 7.93208 3.04458
v 14.07665 9.05630 3.49877
v 15.12716 8.95252 4.11312
v 14.86677 7.93208 3.04458
v 14.07665 9.05630 3.49877
v 13.78941 9.42839 3.90321
v 15.12716 8.95252 4.11312
v 13.78941 9.42839 3.90321
v 14.29108 8.71265 4.78336
v 15.12716 8.95252 4.11312
v 13.78941 9.42839 3.90321
v 13.30000 10.51626 4.27895
v 14.29108 8.71265 4.78336
v 13.30000 10.51626 4.27895
v 13.30000 8.52177 4.94946
v 14.29108 8.71265 4.78336
v 13.30000 10.51626 4.27895
v 12.82647 9.28429 3.87534
v 13.30000 8.52177 4.94946
v 12.82647 9.28429 3.87534
v 12.48704 8.04322 4.47085
v 13.30000 8.52177 4.94946
v 12.82647 9.28429 3.87534
v 12.48236 9.27101 3.52274
v 12.48704 8.04322 4.47085
v 12.48236 9.27101 3.52274
v 11.61278 8.64888 4.03128
v 12.48704 8.04322 4.47085
v 12.48236 9.27101 3.52274
v 12.30504 9.50162 3.04458
v 11.61278 8.64888 4.03128
v 12.30504 9.50162 3.04458
v 11.09709 9.12742 3.04458
v 11.61278 8.64888 4.03128
v 12.30504 9.50162 3.04458
v 12.30984 10.17471 2.46552
v 11.09709 9.12742 3.04458
v 12.30984 10.17471 2.46552
v 11.86253 8.10699 2.20393
v 11.09709 9.12742 3.04458
v 12.30984 10.17471 2.46552
v 12.76934 9.80263 2.11358
v 11.86253 8.10699 2.20393
v 12.76934 9.80263 2.11358
v 12.40625 8.34686 1.47655
v 11.86253 8.10699 2.20393
v 12.76934 9.80263 2.11358
v 13.30000 8.71476 2.21245
v 12.40625 8.34686 1.47655
v 13.30000 8.71476 2.21245
v 13.30000 8.53774 1.13108
v 12.40625 8.34686 1.47655
v 13.30000 8.71476 2.21245
v 13.84654 9.94673 2.08571
v 13.30000 8.53774 1.13108
v 13.84654 9.94673 2.08571
v 14.37188 9.01629 1.16404
v 13.30000 8.53774 1.13108
v 13.84654 9.94673 2.08571
v 14.24917 9.96001 2.48949
v 14.37188 9.01629 1.16404
v 14.24917 9.96001 2.48949
v 14.87741 8.41063 2.12209
v 14.37188 9.01629 1.16404
v 14.24917 9.96001 2.48949
v 14.34517 9.72940 3.04458
v 14.87741 8.41063 2.12209
v 14.34517 9.72940 3.04458
v 14.86677 7.93208 3.04458
v 14.87741 8.41063 2.12209
v 14.86677 7.93208 3.04458
v 15.12716 8.95252 4.11312
v 15.83353 6.95997 3.04458
v 15.12716 8.95252 4.11312
v 15.71634 7.15971 4.45768
v 15.83353 6.95997 3.04458
v 15.12716 8.95252 4.11312
v 14.29108 8.71265 4.78336
v 15.71634 7.15971 4.45768
v 14.29108 8.71265 4.78336
v 14.40501 6.70817 4.98324
v 15.71634 7.15971 4.45768
v 14.29108 8.71265 4.78336
v 13.30000 8.52177 4.94946
v 14.40501 6.70817 4.98324
v 13.30000 8.52177 4.94946
v 13.30000 6.68024 5.24680
v 14.40501 6.70817 4.98324
v 13.30000 8.52177 4.94946
v 12.48704 8.04322 4.47085
v 13.30000 6.68024 5.24680
v 12.48704 8.04322 4.47085
v 11.88522 7.19037 5.52670
v 13.30000 6.68024 5.24680
v 12.48704 8.04322 4.47085
v 11.61278 8.64888 4.03128
v 11.88522 7.19037 5.52670
v 11.61278 8.64888 4.03128
v 11.12255 6.94500 4.31797
v 11.88522 7.19037 5.52670
v 11.61278 8.64888 4.03128
v 11.09709 9.12742 3.04458
v 11.12255 6.94500 4.31797
v 11.09709 9.12742 3.04458
v 10.90821 6.84965 3.04458
v 11.12255 6.94500 4.31797
v 11.09709 9.12742 3.04458
v 11.86253 8.10699 2.20393
v 10.90821 6.84965 3.04458
v 11.86253 8.10699 2.20393
v 11.45090 6.64991 1.96320
v 10.90821 6.84965 3.04458
v 11.86253 8.10699 2.20393
v 12.40625 8.34686 1.47655
v 11.45090 6.64991 1.96320
v 12.40625 8.34686 1.47655
v 11.94235 7.10144 0.66268
v 11.45090 6.64991 1.96320
v 12.40625 8.34686 1.47655
v 13.30000 8.53774 1.13108
v 11.94235 7.10144 0.66268
v 13.30000 8.53774 1.13108
v 13.30000 7.12937 0.25785
v 11.94235 7.10144 0.66268
v 13.30000 8.53774 1.13108
v 14.37188 9.01629 1.16404
v 13.30000 7.12937 0.25785
v 14.37188 9.01629 1.16404
v 14.34788 6.61924 1.20615
v 13.30000 7.12937 0.25785
v 14.37188 9.01629 1.16404
v 14.87741 8.41063 2.12209
v 14.34788 6.61924 1.20615
v 14.87741 8.41063 2.12209
v 15.38800 6.86461 1.82349
v 14.34788 6.61924 1.20615
v 14.87741 8.41063 2.12209
v 14.86677 7.93208 3.04458
v 15.38800 6.86461 1.82349
v 14.86677 7.93208 3.04458
v 15.83353 6.95997 3.04458
v 15.38800 6.86461 1.82349
v 15.83353 6.95997 3.04458
v 15.71634 7.15971 4.45768
v 16.09279 4.98805 3.04458
v 15.71634 7.15971 4.45768
v 15.24851 4.98805 4.18408
v 16.09279 4.98805 3.04458
v 15.71634 7.15971 4.45768
v 14.40501 6.70817 4.98324
v 15.24851 4.98805 4.18408
v 14.40501 6.70817 4.98324
v 14.64996 4.98805 5.41299
v 15.24851 4.98805 4.18408
v 14.40501 6.70817 4.98324
v 13.30000 6.68024 5.24680
v 14.64996 4.98805 5.41299
v 13.30000 6.68024 5.24680
v 13.30000 4.98805 5.88206
v 14.64996 4.98805 5.41299
v 13.30000 6.68024 5.24680
v 11.88522 7.19037 5.52670
v 13.30000 4.98805 5.88206
v 11.88522 7.19037 5.52670
v 11.82281 4.98805 5.63620
v 13.30000 4.98805 5.88206
v 11.88522 7.19037 5.52670
v 11.12255 6.94500 4.31797
v 11.82281 4.98805 5.63620
v 11.12255 6.94500 4.31797
v 11.35149 4.98805 4.18408
v 11.82281 4.98805 5.63620
v 11.12255 6.94500 4.31797
v 10.90821 6.84965 3.04458
v 11.35149 4.98805 4.18408
v 10.90821 6.84965 3.04458
v 10.76167 4.98805 3.04458
v 11.35149 4.98805 4.18408
v 10.90821 6.84965 3.04458
v 11.45090 6.64991 1.96320
v 10.76167 4.98805 3.04458
v 11.45090 6.64991 1.96320
v 10.63162 4.98805 1.48408
v 10.76167 4.98805 3.04458
v 11.45090 6.64991 1.96320
v 11.94235 7.10144 0.66268
v 10.63162 4.98805 1.48408
v 11.94235 7.10144 0.66268
v 11.98440 4.98805 0.73645
v 10.63162 4.98805 1.48408
v 11.94235 7.10144 0.66268
v 13.30000 7.12937 0.25785
v 11.98440 4.98805 0.73645
v 13.30000 7.12937 0.25785
v 13.30000 4.98805 0.48206
v 11.98440 4.98805 0.73645
v 13.30000 7.12937 0.25785
v 14.34788 6.61924 1.20615
v 13.30000 4.98805 0.48206
v 14.34788 6.61924 1.20615
v 14.48837 4.98805 0.95967
v 13.30000 4.98805 0.48206
v 14.34788 6.61924 1.20615
v 15.38800 6.86461 1.82349
v 14.48837 4.98805 0.95967
v 15.38800 6.86461 1.82349
v 15.96838 4.98805 1.48408
v 14.48837 4.98805 0.95967
v 15.38800 6.86461 1.82349
v 15.83353 6.95997 3.04458
v 15.96838 4.98805 1.48408
v 15.83353 6.95997 3.04458
v 16.09279 4.98805 3.04458
v 15.96838 4.98805 1.48408
v 16.09279 4.98805 3.04458
v 15.24851 4.98805 4.18408
v 15.60182 3.19648 3.04458
v 15.24851 4.98805 4.18408
v 15.28935 3.20015 4.20797
v 15.60182 3.19648 3.04458
v 15.24851 4.98805 4.18408
v 14.64996 4.98805 5.41299
v 15.28935 3.20015 4.20797
v 14.64996 4.98805 5.41299
v 14.75976 2.71571 5.60562
v 15.28935 3.20015 4.20797
v 14.64996 4.98805 5.41299
v 13.30000 4.98805 5.88206
v 14.75976 2.71571 5.60562
v 13.30000 4.98805 5.88206
v 13.30000 3.12681 5.46680
v 14.75976 2.71571 5.60562
v 13.30000 4.98805 5.88206
v 11.82281 4.98805 5.63620
v 13.30000 3.12681 5.46680
v 11.82281 4.98805 5.63620
v 12.23997 3.33795 4.90432
v 13.30000 3.12681 5.46680
v 11.82281 4.98805 5.63620
v 11.35149 4.98805 4.18408
v 12.23997 3.33795 4.90432
v 11.35149 4.98805 4.18408
v 11.07175 2.98545 4.34768
v 12.23997 3.33795 4.90432
v 11.35149 4.98805 4.18408
v 10.76167 4.98805 3.04458
v 11.07175 2.98545 4.34768
v 10.76167 4.98805 3.04458
v 10.67651 2.94611 3.04458
v 11.07175 2.98545 4.34768
v 10.76167 4.98805 3.04458
v 10.63162 4.98805 1.48408
v 10.67651 2.94611 3.04458
v 10.63162 4.98805 1.48408
v 11.02391 2.94244 1.71349
v 10.67651 2.94611 3.04458
v 10.63162 4.98805 1.48408
v 11.98440 4.98805 0.73645
v 11.02391 2.94244 1.71349
v 11.98440 4.98805 0.73645
v 12.29710 3.42689 1.28506
v 11.02391 2.94244 1.71349
v 11.98440 4.98805 0.73645
v 13.30000 4.98805 0.48206
v 12.29710 3.42689 1.28506
v 13.30000 4.98805 0.48206
v 13.30000 3.01578 0.47785
v 12.29710 3.42689 1.28506
v 13.30000 4.98805 0.48206
v 14.48837 4.98805 0.95967
v 13.30000 3.01578 0.47785
v 14.48837 4.98805 0.95967
v 14.70263 2.80464 0.58376
v 13.30000 3.01578 0.47785
v 14.48837 4.98805 0.95967
v 15.96838 4.98805 1.48408
v 14.70263 2.80464 0.58376
v 15.96838 4.98805 1.48408
v 15.33720 3.15715 1.85320
v 14.70263 2.80464 0.58376
v 15.96838 4.98805 1.48408
v 16.09279 4.98805 3.04458
v 15.33720 3.15715 1.85320
v 16.09279 4.98805 3.04458
v 15.60182 3.19648 3.04458
v 15.33720 3.15715 1.85320
v 15.60182 3.19648 3.04458
v 15.28935 3.20015 4.20797
v 15.37567 1.08775 3.04458
v 15.28935 3.20015 4.20797
v 15.09740 1.08815 4.09571
v 15.37567 1.08775 3.04458
v 15.28935 3.20015 4.20797
v 14.75976 2.71571 5.60562
v 15.09740 1.08815 4.09571
v 14.75976 2.71571 5.60562
v 14.17657 1.69381 4.58246
v 15.09740 1.08815 4.09571
v 14.75976 2.71571 5.60562
v 13.30000 3.12681 5.46680
v 14.17657 1.69381 4.58246
v 13.30000 3.12681 5.46680
v 13.30000 1.69341 4.82058
v 14.17657 1.69381 4.58246
v 13.30000 3.12681 5.46680
v 12.23997 3.33795 4.90432
v 13.30000 1.69341 4.82058
v 12.23997 3.33795 4.90432
v 12.37253 1.50253 4.67175
v 13.30000 1.69341 4.82058
v 12.23997 3.33795 4.90432
v 11.07175 2.98545 4.34768
v 12.37253 1.50253 4.67175
v 11.07175 2.98545 4.34768
v 11.36265 0.78451 4.17755
v 12.37253 1.50253 4.67175
v 11.07175 2.98545 4.34768
v 10.67651 2.94611 3.04458
v 11.36265 0.78451 4.17755
v 10.67651 2.94611 3.04458
v 11.60600 1.80495 3.04458
v 11.36265 0.78451 4.17755
v 10.67651 2.94611 3.04458
v 11.02391 2.94244 1.71349
v 11.60600 1.80495 3.04458
v 11.02391 2.94244 1.71349
v 11.83277 1.80455 2.18653
v 11.60600 1.80495 3.04458
v 11.02391 2.94244 1.71349
v 12.29710 3.42689 1.28506
v 11.83277 1.80455 2.18653
v 12.29710 3.42689 1.28506
v 12.29174 1.19889 1.27565
v 11.83277 1.80455 2.18653
v 12.29710 3.42689 1.28506
v 13.30000 3.01578 0.47785
v 12.29174 1.19889 1.27565
v 13.30000 3.01578 0.47785
v 13.30000 1.19929 1.00221
v 12.29174 1.19889 1.27565
v 13.30000 3.01578 0.47785
v 14.70263 2.80464 0.58376
v 13.30000 1.19929 1.00221
v 14.70263 2.80464 0.58376
v 14.25737 1.39017 1.36494
v 13.30000 1.19929 1.00221
v 14.70263 2.80464 0.58376
v 15.33720 3.15715 1.85320
v 14.25737 1.39017 1.36494
v 15.33720 3.15715 1.85320
v 14.62729 2.10819 2.26837
v 14.25737 1.39017 1.36494
v 15.33720 3.15715 1.85320
v 15.60182 3.19648 3.04458
v 14.62729 2.10819 2.26837
v 15.60182 3.19648 3.04458
v 15.37567 1.08775 3.04458
v 14.62729 2.10819 2.26837
v 15.37567 1.08775 3.04458
v 15.09740 1.08815 4.09571
v 14.38493 0.06636 3.04458
v 15.09740 1.08815 4.09571
v 14.14991 0.53604 3.54161
v 14.38493 0.06636 3.04458
v 15.09740 1.08815 4.09571
v 14.17657 1.69381 4.58246
v 14.14991 0.53604 3.54161
v 14.17657 1.69381 4.58246
v 13.72854 1.09994 3.79642
v 14.14991 0.53604 3.54161
v 14.17657 1.69381 4.58246
v 13.30000 1.69341 4.82058
v 13.72854 1.09994 3.79642
v 13.30000 1.69341 4.82058
v 13.30000 -0.37111 4.24120
v 13.72854 1.09994 3.79642
v 13.30000 1.69341 4.82058
v 12.37253 1.50253 4.67175
v 13.30000 -0.37111 4.24120
v 12.37253 1.50253 4.67175
v 12.76561 0.13959 3.98213
v 13.30000 -0.37111 4.24120
v 12.37253 1.50253 4.67175
v 11.36265 0.78451 4.17755
v 12.76561 0.13959 3.98213
v 11.36265 0.78451 4.17755
v 12.49108 0.75075 3.51764
v 12.76561 0.13959 3.98213
v 11.36265 0.78451 4.17755
v 11.60600 1.80495 3.04458
v 12.49108 0.75075 3.51764
v 11.60600 1.80495 3.04458
v 12.34479 0.65483 3.04458
v 12.49108 0.75075 3.51764
v 11.60600 1.80495 3.04458
v 11.83277 1.80455 2.18653
v 12.34479 0.65483 3.04458
v 11.83277 1.80455 2.18653
v 12.38310 0.18514 2.50836
v 12.34479 0.65483 3.04458
v 11.83277 1.80455 2.18653
v 12.29174 1.19889 1.27565
v 12.38310 0.18514 2.50836
v 12.29174 1.19889 1.27565
v 12.70848 -0.37875 2.00679
v 12.38310 0.18514 2.50836
v 12.29174 1.19889 1.27565
v 13.30000 1.19929 1.00221
v 12.70848 -0.37875 2.00679
v 13.30000 1.19929 1.00221
v 13.30000 1.09229 2.17471
v 12.70848 -0.37875 2.00679
v 13.30000 1.19929 1.00221
v 14.25737 1.39017 1.36494
v 13.30000 1.09229 2.17471
v 14.25737 1.39017 1.36494
v 13.78567 0.58160 2.19249
v 13.30000 1.09229 2.17471
v 14.25737 1.39017 1.36494
v 14.62729 2.10819 2.26837
v 13.78567 0.58160 2.19249
v 14.62729 2.10819 2.26837
v 14.25789 -0.02956 2.48439
v 13.78567 0.58160 2.19249
v 14.62729 2.10819 2.26837
v 15.37567 1.08775 3.04458
v 14.25789 -0.02956 2.48439
v 15.37567 1.08775 3.04458
v 14.38493 0.06636 3.04458
v 14.25789 -0.02956 2.48439
v 14.38493 0.06636 3.04458
v 14.14991 0.53604 3.54161
v 13.30000 0.93560 3.04458
v 14.14991 0.53604 3.54161
v 13.72854 1.09994 3.79642
v 13.30000 -0.08524 3.04458
v 13.72854 1.09994 3.79642
v 13.30000 -0.37111 4.24120
v 13.30000 -0.45102 3.04458
v 13.30000 -0.37111 4.24120
v 12.76561 0.13959 3.98213
v 13.30000 -0.25974 3.04458
v 12.76561 0.13959 3.98213
v 12.49108 0.75075 3.51764
v 13.30000 0.40968 3.04458
v 12.49108 0.75075 3.51764
v 12.34479 0.65483 3.04458
v 13.30000 0.52204 3.04458
v 12.34479 0.65483 3.04458
v 12.38310 0.18514 2.50836
v 13.30000 -0.97694 3.04458
v 12.38310 0.18514 2.50836
v 12.70848 -0.37875 2.00679
v 13.30000 0.04389 3.04458
v 12.70848 -0.37875 2.00679
v 13.30000 1.09229 2.17471
v 13.30000 0.40968 3.04458
v 13.30000 1.09229 2.17471
v 13.78567 0.58160 2.19249
v 13.30000 0.21840 3.04458
v 13.78567 0.58160 2.19249
v 14.25789 -0.02956 2.48439
v 13.30000 -0.45102 3.04458
v 14.25789 -0.02956 2.48439
v 14.38493 0.06636 3.04458
v 13.30000 -0.56338 3.04458
v 15.80000 10.57110 2.43394
v 16.71094 9.76194 2.95267
v 17.01173 10.61539 2.43394
v 15.80000 10.68440 2.43394
v 16.23343 8.77432 3.17439
v 16.71094 9.76194 2.95267
v 15.80000 9.46171 2.43394
v 15.80000 10.12904 3.53923
v 16.23343 8.77432 3.17439
v 15.80000 9.71537 2.43394
v 15.24452 10.07746 3.38289
v 15.80000 10.12904 3.53923
v 15.80000 11.30502 2.43394
v 14.84697 10.02142 2.97664
v 15.24452 10.07746 3.38289
v 15.80000 10.04881 2.43394
v 14.91656 8.86283 2.43394
v 14.84697 10.02142 2.97664
v 15.80000 9.82866 2.43394
v 14.89647 9.71627 1.91943
v 14.91656 8.86283 2.43394
v 15.80000 9.71537 2.43394
v 15.18585 10.70389 1.38475
v 14.89647 9.71627 1.91943
v 15.80000 10.93806 2.43394
v 15.80000 9.34917 1.47274
v 15.18585 10.70389 1.38475
v 15.80000 10.68440 2.43394
v 16.29210 9.40076 1.59326
v 15.80000 9.34917 1.47274
v 15.80000 9.09475 2.43394
v 16.66143 9.45679 1.94340
v 16.29210 9.40076 1.59326
v 15.80000 10.35096 2.43394
v 17.01173 10.61539 2.43394
v 16.66143 9.45679 1.94340
v 17.01173 10.61539 2.43394
v 16.71094 9.76194 2.95267
v 17.53461 7.98230 2.43394
v 16.71094 9.76194 2.95267
v 17.39175 8.21093 3.34036
v 17.53461 7.98230 2.43394
v 16.71094 9.76194 2.95267
v 16.23343 8.77432 3.17439
v 17.39175 8.21093 3.34036
v 16.23343 8.77432 3.17439
v 16.75503 8.37028 4.06546
v 17.39175 8.21093 3.34036
v 16.23343 8.77432 3.17439
v 15.80000 10.12904 3.53923
v 16.75503 8.37028 4.06546
v 15.80000 10.12904 3.53923
v 15.80000 9.14421 4.66306
v 16.75503 8.37028 4.06546
v 15.80000 10.12904 3.53923
v 15.24452 10.07746 3.38289
v 15.80000 9.14421 4.66306
v 15.24452 10.07746 3.38289
v 14.90233 8.11662 3.96748
v 15.80000 9.14421 4.66306
v 15.24452 10.07746 3.38289
v 14.84697 10.02142 2.97664
v 14.90233 8.11662 3.96748
v 14.84697 10.02142 2.97664
v 14.35197 7.84397 3.25852
v 14.90233 8.11662 3.96748
v 14.84697 10.02142 2.97664
v 14.91656 8.86283 2.43394
v 14.35197 7.84397 3.25852
v 14.91656 8.86283 2.43394
v 13.66325 8.87156 2.43394
v 14.35197 7.84397 3.25852
v 14.91656 8.86283 2.43394
v 14.89647 9.71627 1.91943
v 13.66325 8.87156 2.43394
v 14.89647 9.71627 1.91943
v 14.03906 8.64293 1.43117
v 13.66325 8.87156 2.43394
v 14.89647 9.71627 1.91943
v 15.18585 10.70389 1.38475
v 14.03906 8.64293 1.43117
v 15.18585 10.70389 1.38475
v 14.81935 8.48358 0.75865
v 14.03906 8.64293 1.43117
v 15.18585 10.70389 1.38475
v 15.80000 9.34917 1.47274
v 14.81935 8.48358 0.75865
v 15.80000 9.34917 1.47274
v 15.80000 7.70965 0.84469
v 14.81935 8.48358 0.75865
v 15.80000 9.34917 1.47274
v 16.29210 9.40076 1.59326
v 15.80000 7.70965 0.84469
v 16.29210 9.40076 1.59326
v 16.83801 8.73724 0.66066
v 15.80000 7.70965 0.84469
v 16.29210 9.40076 1.59326
v 16.66143 9.45679 1.94340
v 16.83801 8.73724 0.66066
v 16.66143 9.45679 1.94340
v 17.70466 9.00989 1.34933
v 16.83801 8.73724 0.66066
v 16.66143 9.45679 1.94340
v 17.01173 10.61539 2.43394
v 17.70466 9.00989 1.34933
v 17.01173 10.61539 2.43394
v 17.53461 7.98230 2.43394
v 17.70466 9.00989 1.34933
v 17.53461 7.98230 2.43394
v 17.39175 8.21093 3.34036
v 17.94226 6.10881 2.43394
v 17.39175 8.21093 3.34036
v 18.29260 6.78289 3.85335
v 17.94226 6.10881 2.43394
v 17.39175 8.21093 3.34036
v 16.75503 8.37028 4.06546
v 18.29260 6.78289 3.85335
v 16.75503 8.37028 4.06546
v 17.16462 6.64645 4.76519
v 18.29260 6.78289 3.85335
v 16.75503 8.37028 4.06546
v 15.80000 9.14421 4.66306
v 17.16462 6.64645 4.76519
v 15.80000 9.14421 4.66306
v 15.80000 6.18001 4.62355
v 17.16462 6.64645 4.76519
v 15.80000 9.14421 4.66306
v 14.90233 8.11662 3.96748
v 15.80000 6.18001 4.62355
v 14.90233 8.11662 3.96748
v 14.57687 6.38726 4.52348
v 15.80000 6.18001 4.62355
v 14.90233 8.11662 3.96748
v 14.35197 7.84397 3.25852
v 14.57687 6.38726 4.52348
v 14.35197 7.84397 3.25852
v 13.55274 6.52341 3.71364
v 14.57687 6.38726 4.52348
v 14.35197 7.84397 3.25852
v 13.66325 8.87156 2.43394
v 13.55274 6.52341 3.71364
v 13.66325 8.87156 2.43394
v 12.88408 6.81743 2.43394
v 13.55274 6.52341 3.71364
v 13.66325 8.87156 2.43394
v 14.03906 8.64293 1.43117
v 12.88408 6.81743 2.43394
v 14.03906 8.64293 1.43117
v 13.91209 6.14335 1.35887
v 12.88408 6.81743 2.43394
v 14.03906 8.64293 1.43117
v 14.81935 8.48358 0.75865
v 13.91209 6.14335 1.35887
v 14.81935 8.48358 0.75865
v 14.63554 6.27978 0.44463
v 13.91209 6.14335 1.35887
v 14.81935 8.48358 0.75865
v 15.80000 7.70965 0.84469
v 14.63554 6.27978 0.44463
v 15.80000 7.70965 0.84469
v 15.80000 6.74623 -0.36540
v 14.63554 6.27978 0.44463
v 15.80000 7.70965 0.84469
v 16.83801 8.73724 0.66066
v 15.80000 6.74623 -0.36540
v 16.83801 8.73724 0.66066
v 17.10595 6.53897 0.20292
v 15.80000 6.74623 -0.36540
v 16.83801 8.73724 0.66066
v 17.70466 9.00989 1.34933
v 17.10595 6.53897 0.20292
v 17.70466 9.00989 1.34933
v 17.93325 6.40283 1.21916
v 17.10595 6.53897 0.20292
v 17.70466 9.00989 1.34933
v 17.53461 7.98230 2.43394
v 17.93325 6.40283 1.21916
v 17.53461 7.98230 2.43394
v 17.94226 6.10881 2.43394
v 17.93325 6.40283 1.21916
v 17.94226 6.10881 2.43394
v 18.29260 6.78289 3.85335
v 18.87129 4.14664 2.43394
v 18.29260 6.78289 3.85335
v 18.19452 4.14664 3.79750
v 18.87129 4.14664 2.43394
v 18.29260 6.78289 3.85335
v 17.16462 6.64645 4.76519
v 18.19452 4.14664 3.79750
v 17.16462 6.64645 4.76519
v 17.08479 4.14664 4.62881
v 18.19452 4.14664 3.79750
v 17.16462 6.64645 4.76519
v 15.80000 6.18001 4.62355
v 17.08479 4.14664 4.62881
v 15.80000 6.18001 4.62355
v 15.80000 4.14664 4.82332
v 17.08479 4.14664 4.62881
v 15.80000 6.18001 4.62355
v 14.57687 6.38726 4.52348
v 15.80000 4.14664 4.82332
v 14.57687 6.38726 4.52348
v 14.18138 4.14664 5.19910
v 15.80000 4.14664 4.82332
v 14.57687 6.38726 4.52348
v 13.55274 6.52341 3.71364
v 14.18138 4.14664 5.19910
v 13.55274 6.52341 3.71364
v 13.40548 4.14664 3.79750
v 14.18138 4.14664 5.19910
v 13.55274 6.52341 3.71364
v 12.88408 6.81743 2.43394
v 13.40548 4.14664 3.79750
v 12.88408 6.81743 2.43394
v 13.39636 4.14664 2.43394
v 13.40548 4.14664 3.79750
v 12.88408 6.81743 2.43394
v 13.91209 6.14335 1.35887
v 13.39636 4.14664 2.43394
v 13.91209 6.14335 1.35887
v 13.45309 4.14664 1.09750
v 13.39636 4.14664 2.43394
v 13.91209 6.14335 1.35887
v 14.63554 6.27978 0.44463
v 13.45309 4.14664 1.09750
v 14.63554 6.27978 0.44463
v 14.34733 4.14664 -0.04773
v 13.45309 4.14664 1.09750
v 14.63554 6.27978 0.44463
v 15.80000 6.74623 -0.36540
v 14.34733 4.14664 -0.04773
v 15.80000 6.74623 -0.36540
v 15.80000 4.14664 -0.57668
v 14.34733 4.14664 -0.04773
v 15.80000 6.74623 -0.36540
v 17.10595 6.53897 0.20292
v 15.80000 4.14664 -0.57668
v 17.10595 6.53897 0.20292
v 16.91884 4.14664 0.52257
v 15.80000 4.14664 -0.57668
v 17.10595 6.53897 0.20292
v 17.93325 6.40283 1.21916
v 16.91884 4.14664 0.52257
v 17.93325 6.40283 1.21916
v 18.14691 4.14664 1.09750
v 16.91884 4.14664 0.52257
v 17.93325 6.40283 1.21916
v 17.94226 6.10881 2.43394
v 18.14691 4.14664 1.09750
v 17.94226 6.10881 2.43394
v 18.87129 4.14664 2.43394
v 18.14691 4.14664 1.09750
v 18.87129 4.14664 2.43394
v 18.19452 4.14664 3.79750
v 18.47987 1.69207 2.43394
v 18.19452 4.14664 3.79750
v 17.55373 2.29185 3.43260
v 18.47987 1.69207 2.43394
v 18.19452 4.14664 3.79750
v 17.08479 4.14664 4.62881
v 17.55373 2.29185 3.43260
v 17.08479 4.14664 4.62881
v 17.14116 1.68982 4.72510
v 17.55373 2.29185 3.43260
v 17.08479 4.14664 4.62881
v 15.80000 4.14664 4.82332
v 17.14116 1.68982 4.72510
v 15.80000 4.14664 4.82332
v 15.80000 1.59131 5.18563
v 17.14116 1.68982 4.72510
v 15.80000 4.14664 4.82332
v 14.18138 4.14664 5.19910
v 15.80000 1.59131 5.18563
v 14.18138 4.14664 5.19910
v 14.55340 1.86304 4.56356
v 15.80000 1.59131 5.18563
v 14.18138 4.14664 5.19910
v 13.40548 4.14664 3.79750
v 14.55340 1.86304 4.56356
v 13.40548 4.14664 3.79750
v 13.80093 2.03237 3.57231
v 14.55340 1.86304 4.56356
v 13.40548 4.14664 3.79750
v 13.39636 4.14664 2.43394
v 13.80093 2.03237 3.57231
v 13.39636 4.14664 2.43394
v 13.42169 1.96827 2.43394
v 13.80093 2.03237 3.57231
v 13.39636 4.14664 2.43394
v 13.45309 4.14664 1.09750
v 13.42169 1.96827 2.43394
v 13.45309 4.14664 1.09750
v 13.17322 1.36849 0.93812
v 13.42169 1.96827 2.43394
v 13.45309 4.14664 1.09750
v 14.34733 4.14664 -0.04773
v 13.17322 1.36849 0.93812
v 14.34733 4.14664 -0.04773
v 14.61207 1.97052 0.40455
v 13.17322 1.36849 0.93812
v 14.34733 4.14664 -0.04773
v 15.80000 4.14664 -0.57668
v 14.61207 1.97052 0.40455
v 15.80000 4.14664 -0.57668
v 15.80000 2.06903 0.19668
v 14.61207 1.97052 0.40455
v 15.80000 4.14664 -0.57668
v 16.91884 4.14664 0.52257
v 15.80000 2.06903 0.19668
v 16.91884 4.14664 0.52257
v 17.08249 1.79730 0.24300
v 15.80000 2.06903 0.19668
v 16.91884 4.14664 0.52257
v 18.14691 4.14664 1.09750
v 17.08249 1.79730 0.24300
v 18.14691 4.14664 1.09750
v 18.18144 1.62797 1.07783
v 17.08249 1.79730 0.24300
v 18.14691 4.14664 1.09750
v 18.87129 4.14664 2.43394
v 18.18144 1.62797 1.07783
v 18.87129 4.14664 2.43394
v 18.47987 1.69207 2.43394
v 18.18144 1.62797 1.07783
v 18.47987 1.69207 2.43394
v 17.55373 2.29185 3.43260
v 17.60293 0.15991 2.43394
v 17.55373 2.29185 3.43260
v 17.53714 -0.28886 3.42315
v 17.60293 0.15991 2.43394
v 17.55373 2.29185 3.43260
v 17.14116 1.68982 4.72510
v 17.53714 -0.28886 3.42315
v 17.14116 1.68982 4.72510
v 16.86459 -0.56151 4.25262
v 17.53714 -0.28886 3.42315
v 17.14116 1.68982 4.72510
v 15.80000 1.59131 5.18563
v 16.86459 -0.56151 4.25262
v 15.80000 1.59131 5.18563
v 15.80000 -0.11274 4.33380
v 16.86459 -0.56151 4.25262
v 15.80000 1.59131 5.18563
v 14.55340 1.86304 4.56356
v 15.80000 -0.11274 4.33380
v 14.55340 1.86304 4.56356
v 15.01188 0.66118 3.78032
v 15.80000 -0.11274 4.33380
v 14.55340 1.86304 4.56356
v 13.80093 2.03237 3.57231
v 15.01188 0.66118 3.78032
v 13.80093 2.03237 3.57231
v 13.91915 -0.65582 3.50499
v 15.01188 0.66118 3.78032
v 13.80093 2.03237 3.57231
v 13.42169 1.96827 2.43394
v 13.91915 -0.65582 3.50499
v 13.42169 1.96827 2.43394
v 13.73157 -0.42719 2.43394
v 13.91915 -0.65582 3.50499
v 13.42169 1.96827 2.43394
v 13.17322 1.36849 0.93812
v 13.73157 -0.42719 2.43394
v 13.17322 1.36849 0.93812
v 14.18444 0.02157 1.51396
v 13.73157 -0.42719 2.43394
v 13.17322 1.36849 0.93812
v 14.61207 1.97052 0.40455
v 14.18444 0.02157 1.51396
v 14.61207 1.97052 0.40455
v 14.92891 0.29422 0.94581
v 14.18444 0.02157 1.51396
v 14.61207 1.97052 0.40455
v 15.80000 2.06903 0.19668
v 14.92891 0.29422 0.94581
v 15.80000 2.06903 0.19668
v 15.80000 -0.15454 0.51543
v 14.92891 0.29422 0.94581
v 15.80000 2.06903 0.19668
v 17.08249 1.79730 0.24300
v 15.80000 -0.15454 0.51543
v 17.08249 1.79730 0.24300
v 16.94756 -0.92847 0.47350
v 15.80000 -0.15454 0.51543
v 17.08249 1.79730 0.24300
v 18.18144 1.62797 1.07783
v 16.94756 -0.92847 0.47350
v 18.18144 1.62797 1.07783
v 17.27184 0.38853 1.59580
v 16.94756 -0.92847 0.47350
v 18.18144 1.62797 1.07783
v 18.47987 1.69207 2.43394
v 17.27184 0.38853 1.59580
v 18.47987 1.69207 2.43394
v 17.60293 0.15991 2.43394
v 17.27184 0.38853 1.59580
v 17.60293 0.15991 2.43394
v 17.53714 -0.28886 3.42315
v 16.91949 -1.82969 2.43394
v 17.53714 -0.28886 3.42315
v 16.83771 -2.25010 3.02486
v 16.91949 -1.82969 2.43394
v 17.53714 -0.28886 3.42315
v 16.86459 -0.56151 4.25262
v 16.83771 -2.25010 3.02486
v 16.86459 -0.56151 4.25262
v 16.23746 -0.52402 3.18126
v 16.83771 -2.25010 3.02486
v 16.86459 -0.56151 4.25262
v 15.80000 -0.11274 4.33380
v 16.23746 -0.52402 3.18126
v 15.80000 -0.11274 4.33380
v 15.80000 -1.31379 3.44279
v 16.23746 -0.52402 3.18126
v 15.80000 -0.11274 4.33380
v 15.01188 0.66118 3.78032
v 15.80000 -1.31379 3.44279
v 15.01188 0.66118 3.78032
v 15.24855 -1.74118 3.37601
v 15.80000 -1.31379 3.44279
v 15.01188 0.66118 3.78032
v 13.91915 -0.65582 3.50499
v 15.24855 -1.74118 3.37601
v 13.91915 -0.65582 3.50499
v 14.80439 -1.99063 3.00089
v 15.24855 -1.74118 3.37601
v 13.91915 -0.65582 3.50499
v 13.73157 -0.42719 2.43394
v 14.80439 -1.99063 3.00089
v 13.73157 -0.42719 2.43394
v 14.82432 -1.06195 2.43394
v 14.80439 -1.99063 3.00089
v 13.73157 -0.42719 2.43394
v 14.18444 0.02157 1.51396
v 14.82432 -1.06195 2.43394
v 14.18444 0.02157 1.51396
v 15.02324 -0.64154 1.99161
v 14.82432 -1.06195 2.43394
v 14.18444 0.02157 1.51396
v 14.92891 0.29422 0.94581
v 15.02324 -0.64154 1.99161
v 14.92891 0.29422 0.94581
v 15.18987 -2.36762 1.39163
v 15.02324 -0.64154 1.99161
v 14.92891 0.29422 0.94581
v 15.80000 -0.15454 0.51543
v 15.18987 -2.36762 1.39163
v 15.80000 -0.15454 0.51543
v 15.80000 -1.57786 1.37630
v 15.18987 -2.36762 1.39163
v 15.80000 -0.15454 0.51543
v 16.94756 -0.92847 0.47350
v 15.80000 -1.57786 1.37630
v 16.94756 -0.92847 0.47350
v 16.29613 -1.15046 1.58638
v 15.80000 -1.57786 1.37630
v 16.94756 -0.92847 0.47350
v 17.27184 0.38853 1.59580
v 16.29613 -1.15046 1.58638
v 17.27184 0.38853 1.59580
v 16.61885 -0.90102 1.96764
v 16.29613 -1.15046 1.58638
v 17.27184 0.38853 1.59580
v 17.60293 0.15991 2.43394
v 16.61885 -0.90102 1.96764
v 17.60293 0.15991 2.43394
v 16.91949 -1.82969 2.43394
v 16.61885 -0.90102 1.96764
v 16.91949 -1.82969 2.43394
v 16.83771 -2.25010 3.02486
v 15.80000 -1.75552 2.43394
v 16.83771 -2.25010 3.02486
v 16.23746 -0.52402 3.18126
v 15.80000 -1.53538 2.43394
v 16.23746 -0.52402 3.18126
v 15.80000 -1.31379 3.44279
v 15.80000 -1.42208 2.43394
v 15.80000 -1.31379 3.44279
v 15.24855 -1.74118 3.37601
v 15.80000 -2.64477 2.43394
v 15.24855 -1.74118 3.37601
v 14.80439 -1.99063 3.00089
v 15.80000 -2.39111 2.43394
v 14.80439 -1.99063 3.00089
v 14.82432 -1.06195 2.43394
v 15.80000 -0.80146 2.43394
v 14.82432 -1.06195 2.43394
v 15.02324 -0.64154 1.99161
v 15.80000 -2.05767 2.43394
v 15.02324 -0.64154 1.99161
v 15.18987 -2.36762 1.39163
v 15.80000 -2.27782 2.43394
v 15.18987 -2.36762 1.39163
v 15.80000 -1.57786 1.37630
v 15.80000 -2.39111 2.43394
v 15.80000 -1.57786 1.37630
v 16.29613 -1.15046 1.58638
v 15.80000 -1.16842 2.43394
v 16.29613 -1.15046 1.58638
v 16.61885 -0.90102 1.96764
v 15.80000 -1.42208 2.43394
v 16.61885 -0.90102 1.96764
v 16.91949 -1.82969 2.43394
v 15.80000 -3.01173 2.43394
v 18.30000 9.78303 2.05598
v 19.24340 8.75372 2.51076
v 19.59208 9.56764 2.05598
v 18.30000 9.34155 2.05598
v 18.88164 9.05054 2.89714
v 19.24340 8.75372 2.51076
v 18.30000 9.40644 2.05598
v 18.30000 10.30976 3.28916
v 18.88164 9.05054 2.89714
v 18.30000 10.17390 2.05598
v 17.71348 9.08978 2.90421
v 18.30000 10.30976 3.28916
v 18.30000 10.43500 2.05598
v 17.30688 8.98423 2.53473
v 17.71348 9.08978 2.90421
v 18.30000 8.77693 2.05598
v 17.11714 9.12916 2.05598
v 17.30688 8.98423 2.53473
v 18.30000 9.73242 2.05598
v 17.10004 9.94308 1.47751
v 17.11714 9.12916 2.05598
v 18.30000 10.17390 2.05598
v 17.64417 9.64627 1.10751
v 17.10004 9.94308 1.47751
v 18.30000 10.10901 2.05598
v 18.30000 8.38704 1.22267
v 17.64417 9.64627 1.10751
v 18.30000 9.34155 2.05598
v 18.95094 9.60703 1.11458
v 18.30000 8.38704 1.22267
v 18.30000 9.08046 2.05598
v 19.45024 9.71257 1.50148
v 18.95094 9.60703 1.11458
v 18.30000 10.73852 2.05598
v 19.59208 9.56764 2.05598
v 19.45024 9.71257 1.50148
v 19.59208 9.56764 2.05598
v 19.24340 8.75372 2.51076
v 20.18602 7.51670 2.05598
v 19.24340 8.75372 2.51076
v 20.48000 8.56638 3.10688
v 20.18602 7.51670 2.05598
v 19.24340 8.75372 2.51076
v 18.88164 9.05054 2.89714
v 20.48000 8.56638 3.10688
v 18.88164 9.05054 2.89714
v 19.50964 8.40348 3.80537
v 20.48000 8.56638 3.10688
v 18.88164 9.05054 2.89714
v 18.30000 10.30976 3.28916
v 19.50964 8.40348 3.80537
v 18.30000 10.30976 3.28916
v 18.30000 8.24440 3.99612
v 19.50964 8.40348 3.80537
v 18.30000 10.30976 3.28916
v 17.71348 9.08978 2.90421
v 18.30000 8.24440 3.99612
v 17.71348 9.08978 2.90421
v 17.32111 7.63602 3.47165
v 18.30000 8.24440 3.99612
v 17.71348 9.08978 2.90421
v 17.30688 8.98423 2.53473
v 17.32111 7.63602 3.47165
v 17.30688 8.98423 2.53473
v 16.28977 8.24040 3.02505
v 17.32111 7.63602 3.47165
v 17.30688 8.98423 2.53473
v 17.11714 9.12916 2.05598
v 16.28977 8.24040 3.02505
v 17.11714 9.12916 2.05598
v 15.61293 8.84878 2.05598
v 16.28977 8.24040 3.02505
v 17.11714 9.12916 2.05598
v 17.10004 9.94308 1.47751
v 15.61293 8.84878 2.05598
v 17.10004 9.94308 1.47751
v 16.51959 7.79910 1.19770
v 15.61293 8.84878 2.05598
v 17.10004 9.94308 1.47751
v 17.64417 9.64627 1.10751
v 16.51959 7.79910 1.19770
v 17.64417 9.64627 1.10751
v 17.22310 7.96200 0.49856
v 16.51959 7.79910 1.19770
v 17.64417 9.64627 1.10751
v 18.30000 8.38704 1.22267
v 17.22310 7.96200 0.49856
v 18.30000 8.38704 1.22267
v 18.30000 8.12108 0.17775
v 17.22310 7.96200 0.49856
v 18.30000 8.38704 1.22267
v 18.95094 9.60703 1.11458
v 18.30000 8.12108 0.17775
v 18.95094 9.60703 1.11458
v 19.60766 8.72946 0.16484
v 18.30000 8.12108 0.17775
v 18.95094 9.60703 1.11458
v 19.45024 9.71257 1.50148
v 19.60766 8.72946 0.16484
v 19.45024 9.71257 1.50148
v 20.25018 8.12508 1.11586
v 19.60766 8.72946 0.16484
v 19.45024 9.71257 1.50148
v 19.59208 9.56764 2.05598
v 20.25018 8.12508 1.11586
v 19.59208 9.56764 2.05598
v 20.18602 7.51670 2.05598
v 20.25018 8.12508 1.11586
v 20.18602 7.51670 2.05598
v 20.48000 8.56638 3.10688
v 21.32984 6.46736 2.05598
v 20.48000 8.56638 3.10688
v 21.26495 6.73861 3.48528
v 21.32984 6.46736 2.05598
v 20.48000 8.56638 3.10688
v 19.50964 8.40348 3.80537
v 21.26495 6.73861 3.48528
v 19.50964 8.40348 3.80537
v 19.66234 6.25717 4.02620
v 21.26495 6.73861 3.48528
v 19.50964 8.40348 3.80537
v 18.30000 8.24440 3.99612
v 19.66234 6.25717 4.02620
v 18.30000 8.24440 3.99612
v 18.30000 6.17038 4.22579
v 19.66234 6.25717 4.02620
v 18.30000 8.24440 3.99612
v 17.32111 7.63602 3.47165
v 18.30000 6.17038 4.22579
v 17.32111 7.63602 3.47165
v 16.60552 6.71472 4.50654
v 18.30000 6.17038 4.22579
v 17.32111 7.63602 3.47165
v 16.28977 8.24040 3.02505
v 16.60552 6.71472 4.50654
v 16.28977 8.24040 3.02505
v 15.62486 6.50810 3.34557
v 16.60552 6.71472 4.50654
v 16.28977 8.24040 3.02505
v 15.61293 8.84878 2.05598
v 15.62486 6.50810 3.34557
v 15.61293 8.84878 2.05598
v 15.35481 6.40905 2.05598
v 15.62486 6.50810 3.34557
v 15.61293 8.84878 2.05598
v 16.51959 7.79910 1.19770
v 15.35481 6.40905 2.05598
v 16.51959 7.79910 1.19770
v 16.09042 6.13781 0.99081
v 15.35481 6.40905 2.05598
v 16.51959 7.79910 1.19770
v 17.22310 7.96200 0.49856
v 16.09042 6.13781 0.99081
v 17.22310 7.96200 0.49856
v 16.67483 6.61925 -0.29435
v 16.09042 6.13781 0.99081
v 17.22310 7.96200 0.49856
v 18.30000 8.12108 0.17775
v 16.67483 6.61925 -0.29435
v 18.30000 8.12108 0.17775
v 18.30000 6.70604 -0.76316
v 16.67483 6.61925 -0.29435
v 18.30000 8.12108 0.17775
v 19.60766 8.72946 0.16484
v 18.30000 6.70604 -0.76316
v 19.60766 8.72946 0.16484
v 19.59303 6.16169 0.18598
v 18.30000 6.70604 -0.76316
v 19.60766 8.72946 0.16484
v 20.25018 8.12508 1.11586
v 19.59303 6.16169 0.18598
v 20.25018 8.12508 1.11586
v 20.79939 6.36832 0.85110
v 19.59303 6.16169 0.18598
v 20.25018 8.12508 1.11586
v 20.18602 7.51670 2.05598
v 20.79939 6.36832 0.85110
v 20.18602 7.51670 2.05598
v 21.32984 6.46736 2.05598
v 20.79939 6.36832 0.85110
v 21.32984 6.46736 2.05598
v 21.26495 6.73861 3.48528
v 21.74491 4.38039 2.05598
v 21.26495 6.73861 3.48528
v 20.68767 4.38039 3.20699
v 21.74491 4.38039 2.05598
v 21.26495 6.73861 3.48528
v 19.66234 6.25717 4.02620
v 20.68767 4.38039 3.20699
v 19.66234 6.25717 4.02620
v 19.90922 4.38039 4.38324
v 20.68767 4.38039 3.20699
v 19.66234 6.25717 4.02620
v 18.30000 6.17038 4.22579
v 19.90922 4.38039 4.38324
v 18.30000 6.17038 4.22579
v 18.30000 4.38039 4.87044
v 19.90922 4.38039 4.38324
v 18.30000 6.17038 4.22579
v 16.60552 6.71472 4.50654
v 18.30000 4.38039 4.87044
v 16.60552 6.71472 4.50654
v 16.47953 4.38039 4.68875
v 18.30000 4.38039 4.87044
v 16.60552 6.71472 4.50654
v 15.62486 6.50810 3.34557
v 16.47953 4.38039 4.68875
v 15.62486 6.50810 3.34557
v 15.91233 4.38039 3.20699
v 16.47953 4.38039 4.68875
v 15.62486 6.50810 3.34557
v 15.35481 6.40905 2.05598
v 15.91233 4.38039 3.20699
v 15.35481 6.40905 2.05598
v 15.27759 4.38039 2.05598
v 15.91233 4.38039 3.20699
v 15.35481 6.40905 2.05598
v 16.09042 6.13781 0.99081
v 15.27759 4.38039 2.05598
v 16.09042 6.13781 0.99081
v 15.08680 4.38039 0.50699
v 15.27759 4.38039 2.05598
v 16.09042 6.13781 0.99081
v 16.67483 6.61925 -0.29435
v 15.08680 4.38039 0.50699
v 16.67483 6.61925 -0.29435
v 16.67556 4.38039 -0.29330
v 15.08680 4.38039 0.50699
v 16.67483 6.61925 -0.29435
v 18.30000 6.70604 -0.76316
v 16.67556 4.38039 -0.29330
v 18.30000 6.70604 -0.76316
v 18.30000 4.38039 -0.52956
v 16.67556 4.38039 -0.29330
v 18.30000 6.70604 -0.76316
v 19.59303 6.16169 0.18598
v 18.30000 4.38039 -0.52956
v 19.59303 6.16169 0.18598
v 19.71319 4.38039 0.01221
v 18.30000 4.38039 -0.52956
v 19.59303 6.16169 0.18598
v 20.79939 6.36832 0.85110
v 19.71319 4.38039 0.01221
v 20.79939 6.36832 0.85110
v 21.51320 4.38039 0.50699
v 19.71319 4.38039 0.01221
v 20.79939 6.36832 0.85110
v 21.32984 6.46736 2.05598
v 21.51320 4.38039 0.50699
v 21.32984 6.46736 2.05598
v 21.74491 4.38039 2.05598
v 21.51320 4.38039 0.50699
v 21.74491 4.38039 2.05598
v 20.68767 4.38039 3.20699
v 21.09581 2.45462 2.05598
v 20.68767 4.38039 3.20699
v 20.66283 2.50108 3.19502
v 21.09581 2.45462 2.05598
v 20.68767 4.38039 3.20699
v 19.90922 4.38039 4.38324
v 20.66283 2.50108 3.19502
v 19.90922 4.38039 4.38324
v 20.06916 1.94317 4.61455
v 20.66283 2.50108 3.19502
v 19.90922 4.38039 4.38324
v 18.30000 4.38039 4.87044
v 20.06916 1.94317 4.61455
v 18.30000 4.38039 4.87044
v 18.30000 2.34201 4.52689
v 20.06916 1.94317 4.61455
v 18.30000 4.38039 4.87044
v 16.47953 4.38039 4.68875
v 18.30000 2.34201 4.52689
v 16.47953 4.38039 4.68875
v 17.01234 2.60650 3.91819
v 18.30000 2.34201 4.52689
v 16.47953 4.38039 4.68875
v 15.91233 4.38039 3.20699
v 17.01234 2.60650 3.91819
v 15.91233 4.38039 3.20699
v 15.64736 2.27057 3.33473
v 17.01234 2.60650 3.91819
v 15.91233 4.38039 3.20699
v 15.27759 4.38039 2.05598
v 15.64736 2.27057 3.33473
v 15.27759 4.38039 2.05598
v 15.12079 2.19053 2.05598
v 15.64736 2.27057 3.33473
v 15.27759 4.38039 2.05598
v 15.08680 4.38039 0.50699
v 15.12079 2.19053 2.05598
v 15.08680 4.38039 0.50699
v 15.48831 2.14407 0.70055
v 15.12079 2.19053 2.05598
v 15.08680 4.38039 0.50699
v 16.67556 4.38039 -0.29330
v 15.48831 2.14407 0.70055
v 16.67556 4.38039 -0.29330
v 17.08165 2.70198 0.29399
v 15.48831 2.14407 0.70055
v 16.67556 4.38039 -0.29330
v 18.30000 4.38039 -0.52956
v 17.08165 2.70198 0.29399
v 18.30000 4.38039 -0.52956
v 18.30000 2.30314 -0.46206
v 17.08165 2.70198 0.29399
v 18.30000 4.38039 -0.52956
v 19.71319 4.38039 0.01221
v 18.30000 2.30314 -0.46206
v 19.71319 4.38039 0.01221
v 19.99986 2.03865 -0.40237
v 18.30000 2.30314 -0.46206
v 19.71319 4.38039 0.01221
v 21.51320 4.38039 0.50699
v 19.99986 2.03865 -0.40237
v 21.51320 4.38039 0.50699
v 20.82188 2.37457 0.84026
v 19.99986 2.03865 -0.40237
v 21.51320 4.38039 0.50699
v 21.74491 4.38039 2.05598
v 20.82188 2.37457 0.84026
v 21.74491 4.38039 2.05598
v 21.09581 2.45462 2.05598
v 20.82188 2.37457 0.84026
v 21.09581 2.45462 2.05598
v 20.66283 2.50108 3.19502
v 20.77582 0.26329 2.05598
v 20.66283 2.50108 3.19502
v 20.49318 0.16910 3.11324
v 20.77582 0.26329 2.05598
v 20.66283 2.50108 3.19502
v 20.06916 1.94317 4.61455
v 20.49318 0.16910 3.11324
v 20.06916 1.94317 4.61455
v 19.38451 0.77347 3.62440
v 20.49318 0.16910 3.11324
v 20.06916 1.94317 4.61455
v 18.30000 2.34201 4.52689
v 19.38451 0.77347 3.62440
v 18.30000 2.34201 4.52689
v 18.30000 0.86767 3.81974
v 19.38451 0.77347 3.62440
v 18.30000 2.34201 4.52689
v 17.01234 2.60650 3.91819
v 18.30000 0.86767 3.81974
v 17.01234 2.60650 3.91819
v 17.19598 0.70859 3.65261
v 18.30000 0.86767 3.81974
v 17.01234 2.60650 3.91819
v 15.64736 2.27057 3.33473
v 17.19598 0.70859 3.65261
v 15.64736 2.27057 3.33473
v 15.93706 -0.15689 3.19508
v 17.19598 0.70859 3.65261
v 15.64736 2.27057 3.33473
v 15.12079 2.19053 2.05598
v 15.93706 -0.15689 3.19508
v 15.12079 2.19053 2.05598
v 16.20273 0.89279 2.05598
v 15.93706 -0.15689 3.19508
v 15.12079 2.19053 2.05598
v 15.48831 2.14407 0.70055
v 16.20273 0.89279 2.05598
v 15.48831 2.14407 0.70055
v 16.53277 0.98698 1.20405
v 16.20273 0.89279 2.05598
v 15.48831 2.14407 0.70055
v 17.08165 2.70198 0.29399
v 16.53277 0.98698 1.20405
v 17.08165 2.70198 0.29399
v 17.09797 0.38260 0.31759
v 16.53277 0.98698 1.20405
v 17.08165 2.70198 0.29399
v 18.30000 2.30314 -0.46206
v 17.09797 0.38260 0.31759
v 18.30000 2.30314 -0.46206
v 18.30000 0.28841 0.00136
v 17.09797 0.38260 0.31759
v 18.30000 2.30314 -0.46206
v 19.99986 2.03865 -0.40237
v 18.30000 0.28841 0.00136
v 19.99986 2.03865 -0.40237
v 19.48252 0.44749 0.34580
v 18.30000 0.28841 0.00136
v 19.99986 2.03865 -0.40237
v 20.82188 2.37457 0.84026
v 19.48252 0.44749 0.34580
v 20.82188 2.37457 0.84026
v 19.89747 1.31297 1.28589
v 19.48252 0.44749 0.34580
v 20.82188 2.37457 0.84026
v 21.09581 2.45462 2.05598
v 19.89747 1.31297 1.28589
v 21.09581 2.45462 2.05598
v 20.77582 0.26329 2.05598
v 19.89747 1.31297 1.28589
v 20.77582 0.26329 2.05598
v 20.49318 0.16910 3.11324
v 19.63223 -0.96806 2.05598
v 20.49318 0.16910 3.11324
v 19.34670 -0.47185 2.56056
v 19.63223 -0.96806 2.05598
v 20.49318 0.16910 3.11324
v 19.38451 0.77347 3.62440
v 19.34670 -0.47185 2.56056
v 19.38451 0.77347 3.62440
v 18.81184 0.27069 2.79620
v 19.34670 -0.47185 2.56056
v 19.38451 0.77347 3.62440
v 18.30000 0.86767 3.81974
v 18.81184 0.27069 2.79620
v 18.30000 0.86767 3.81974
v 18.30000 -1.30058 3.23750
v 18.81184 0.27069 2.79620
v 18.30000 0.86767 3.81974
v 17.19598 0.70859 3.65261
v 18.30000 -1.30058 3.23750
v 17.19598 0.70859 3.65261
v 17.64368 -0.88944 3.00515
v 18.30000 -1.30058 3.23750
v 17.19598 0.70859 3.65261
v 15.93706 -0.15689 3.19508
v 17.64368 -0.88944 3.00515
v 15.93706 -0.15689 3.19508
v 17.30302 -0.24134 2.53659
v 17.64368 -0.88944 3.00515
v 15.93706 -0.15689 3.19508
v 16.20273 0.89279 2.05598
v 17.30302 -0.24134 2.53659
v 16.20273 0.89279 2.05598
v 17.15729 -0.20718 2.05598
v 17.30302 -0.24134 2.53659
v 16.20273 0.89279 2.05598
v 16.53277 0.98698 1.20405
v 17.15729 -0.20718 2.05598
v 16.53277 0.98698 1.20405
v 17.20335 -0.70339 1.52731
v 17.15729 -0.20718 2.05598
v 16.53277 0.98698 1.20405
v 17.09797 0.38260 0.31759
v 17.20335 -0.70339 1.52731
v 17.09797 0.38260 0.31759
v 17.57437 -1.44593 1.00656
v 17.20335 -0.70339 1.52731
v 17.09797 0.38260 0.31759
v 18.30000 0.28841 0.00136
v 17.57437 -1.44593 1.00656
v 18.30000 0.28841 0.00136
v 18.30000 0.12534 1.17101
v 17.57437 -1.44593 1.00656
v 18.30000 0.28841 0.00136
v 19.48252 0.44749 0.34580
v 18.30000 0.12534 1.17101
v 19.48252 0.44749 0.34580
v 18.88114 -0.28580 1.21552
v 18.30000 0.12534 1.17101
v 19.48252 0.44749 0.34580
v 19.89747 1.31297 1.28589
v 18.88114 -0.28580 1.21552
v 19.89747 1.31297 1.28589
v 19.44638 -0.93390 1.50334
v 18.88114 -0.28580 1.21552
v 19.89747 1.31297 1.28589
v 20.77582 0.26329 2.05598
v 19.44638 -0.93390 1.50334
v 20.77582 0.26329 2.05598
v 19.63223 -0.96806 2.05598
v 19.44638 -0.93390 1.50334
v 19.63223 -0.96806 2.05598
v 19.34670 -0.47185 2.56056
v 18.30000 -0.01615 2.05598
v 19.34670 -0.47185 2.56056
v 18.81184 0.27069 2.79620
v 18.30000 -0.97164 2.05598
v 18.81184 0.27069 2.79620
v 18.30000 -1.30058 3.23750
v 18.30000 -1.41312 2.05598
v 18.30000 -1.30058 3.23750
v 17.64368 -0.88944 3.00515
v 18.30000 -1.34823 2.05598
v 17.64368 -0.88944 3.00515
v 17.30302 -0.24134 2.53659
v 18.30000 -0.58077 2.05598
v 17.30302 -0.24134 2.53659
v 17.15729 -0.20718 2.05598
v 18.30000 -0.31968 2.05598
v 17.15729 -0.20718 2.05598
v 17.20335 -0.70339 1.52731
v 18.30000 -1.97774 2.05598
v 17.20335 -0.70339 1.52731
v 17.57437 -1.44593 1.00656
v 18.30000 -1.02225 2.05598
v 17.57437 -1.44593 1.00656
v 18.30000 0.12534 1.17101
v 18.30000 -0.58077 2.05598
v 18.30000 0.12534 1.17101
v 18.88114 -0.28580 1.21552
v 18.30000 -0.64566 2.05598
v 18.88114 -0.28580 1.21552
v 19.44638 -0.93390 1.50334
v 18.30000 -1.41312 2.05598
v 19.44638 -0.93390 1.50334
v 19.63223 -0.96806 2.05598
v 18.30000 -1.67422 2.05598
vt -0.75829 3.04449
vt -0.41394 3.26622
vt -0.44863 3.04402
vt -0.75829 3.24723
vt -0.47439 3.50171
vt -0.41394 3.26622
vt -0.75829 3.47020
vt -0.64571 3.53936
vt -0.47439 3.50171
vt -0.75829 3.36054
vt -0.82471 3.05127
vt -0.64571 3.53936
vt -0.75829 3.23066
vt -1.01240 3.33683
vt -0.82471 3.05127
vt -0.75829 3.08600
vt -1.13737 3.32999
vt -1.01240 3.33683
vt -0.75829 3.56328
vt -1.11373 3.10451
vt -1.13737 3.32999
vt -0.75829 3.36054
vt -0.99773 2.90271
vt -1.11373 3.10451
vt -0.75829 3.13758
vt -0.85236 2.87170
vt -0.99773 2.90271
vt -0.75829 3.24723
vt -0.65930 3.25223
vt -0.85236 2.87170
vt -0.75829 3.37711
vt -0.51926 3.04348
vt -0.65930 3.25223
vt -0.75829 3.52177
vt -0.44863 3.04402
vt -0.51926 3.04348
vt -0.44863 3.04402
vt -0.41394 3.26622
vt -0.13709 2.82835
vt -0.41394 3.26622
vt 0.01433 3.29407
vt -0.13709 2.82835
vt -0.41394 3.26622
vt -0.47439 3.50171
vt 0.01433 3.29407
vt -0.47439 3.50171
vt -0.31994 3.05258
vt 0.01433 3.29407
vt -0.47439 3.50171
vt -0.64571 3.53936
vt -0.31994 3.05258
vt -0.64571 3.53936
vt -0.58225 3.12161
vt -0.31994 3.05258
vt -0.64571 3.53936
vt -0.82471 3.05127
vt -0.58225 3.12161
vt -0.82471 3.05127
vt -0.91228 3.19563
vt -0.58225 3.12161
vt -0.82471 3.05127
vt -1.01240 3.33683
vt -0.91228 3.19563
vt -1.01240 3.33683
vt -1.26370 3.18461
vt -0.91228 3.19563
vt -1.01240 3.33683
vt -1.13737 3.32999
vt -1.26370 3.18461
vt -1.13737 3.32999
vt -1.40972 2.87993
vt -1.26370 3.18461
vt -1.13737 3.32999
vt -1.11373 3.10451
vt -1.40972 2.87993
vt -1.11373 3.10451
vt -1.27872 2.48869
vt -1.40972 2.87993
vt -1.11373 3.10451
vt -0.99773 2.90271
vt -1.27872 2.48869
vt -0.99773 2.90271
vt -1.28693 2.59396
vt -1.27872 2.48869
vt -0.99773 2.90271
vt -0.85236 2.87170
vt -1.28693 2.59396
vt -0.85236 2.87170
vt -0.96409 2.52716
vt -1.28693 2.59396
vt -0.85236 2.87170
vt -0.65930 3.25223
vt -0.96409 2.52716
vt -0.65930 3.25223
vt -0.60664 2.51770
vt -0.96409 2.52716
vt -0.65930 3.25223
vt -0.51926 3.04348
vt -0.60664 2.51770
vt -0.51926 3.04348
vt -0.35249 2.56541
vt -0.60664 2.51770
vt -0.51926 3.04348
vt -0.44863 3.04402
vt -0.35249 2.56541
vt -0.44863 3.04402
vt -0.13709 2.82835
vt -0.35249 2.56541
vt -0.13709 2.82835
vt 0.01433 3.29407
vt 0.10901 2.38137
vt 0.01433 3.29407
vt 0.06114 2.58037
vt 0.10901 2.38137
vt 0.01433 3.29407
vt -0.31994 3.05258
vt 0.06114 2.58037
vt -0.31994 3.05258
vt -0.20049 2.66872
vt 0.06114 2.58037
vt -0.31994 3.05258
vt -0.58225 3.12161
vt -0.20049 2.66872
vt -0.58225 3.12161
vt -0.49743 2.90460
vt -0.20049 2.66872
vt -0.58225 3.12161
vt -0.91228 3.19563
vt -0.49743 2.90460
vt -0.91228 3.19563
vt -0.99058 2.95466
vt -0.49743 2.90460
vt -0.91228 3.19563
vt -1.26370 3.18461
vt -0.99058 2.95466
vt -1.26370 3.18461
vt -1.26907 2.48660
vt -0.99058 2.95466
vt -1.26370 3.18461
vt -1.40972 2.87993
vt -1.26907 2.48660
vt -1.40972 2.87993
vt -1.55376 2.33059
vt -1.26907 2.48660
vt -1.40972 2.87993
vt -1.27872 2.48869
vt -1.55376 2.33059
vt -1.27872 2.48869
vt -1.62830 2.11666
vt -1.55376 2.33059
vt -1.27872 2.48869
vt -1.28693 2.59396
vt -1.62830 2.11666
vt -1.28693 2.59396
vt -1.46393 1.94213
vt -1.62830 2.11666
vt -1.28693 2.59396
vt -0.96409 2.52716
vt -1.46393 1.94213
vt -0.96409 2.52716
vt -0.99633 1.85302
vt -1.46393 1.94213
vt -0.96409 2.52716
vt -0.60664 2.51770
vt -0.99633 1.85302
vt -0.60664 2.51770
vt -0.59126 1.89850
vt -0.99633 1.85302
vt -0.60664 2.51770
vt -0.35249 2.56541
vt -0.59126 1.89850
vt -0.35249 2.56541
vt -0.07852 2.15454
vt -0.59126 1.89850
vt -0.35249 2.56541
vt -0.13709 2.82835
vt -0.07852 2.15454
vt -0.13709 2.82835
vt 0.10901 2.38137
vt -0.07852 2.15454
vt 0.10901 2.38137
vt 0.06114 2.58037
vt 0.04413 1.76836
vt 0.06114 2.58037
vt 0.05829 2.00950
vt 0.04413 1.76836
vt 0.06114 2.58037
vt -0.20049 2.66872
vt 0.05829 2.00950
vt -0.20049 2.66872
vt 0.04098 2.31501
vt 0.05829 2.00950
vt -0.20049 2.66872
vt -0.49743 2.90460
vt 0.04098 2.31501
vt -0.49743 2.90460
vt -0.48778 2.30938
vt 0.04098 2.31501
vt -0.49743 2.90460
vt -0.99058 2.95466
vt -0.48778 2.30938
vt -0.99058 2.95466
vt -0.96410 2.21371
vt -0.48778 2.30938
vt -0.99058 2.95466
vt -1.26907 2.48660
vt -0.96410 2.21371
vt -1.26907 2.48660
vt -1.33374 2.00950
vt -0.96410 2.21371
vt -1.26907 2.48660
vt -1.55376 2.33059
vt -1.33374 2.00950
vt -1.55376 2.33059
vt -1.75564 1.76836
vt -1.33374 2.00950
vt -1.55376 2.33059
vt -1.62830 2.11666
vt -1.75564 1.76836
vt -1.62830 2.11666
vt -1.77035 1.46950
vt -1.75564 1.76836
vt -1.62830 2.11666
vt -1.46393 1.94213
vt -1.77035 1.46950
vt -1.46393 1.94213
vt -1.32655 1.37971
vt -1.77035 1.46950
vt -1.46393 1.94213
vt -0.99633 1.85302
vt -1.32655 1.37971
vt -0.99633 1.85302
vt -1.02778 1.22938
vt -1.32655 1.37971
vt -0.99633 1.85302
vt -0.59126 1.89850
vt -1.02778 1.22938
vt -0.59126 1.89850
vt -0.53187 1.27840
vt -1.02778 1.22938
vt -0.59126 1.89850
vt -0.07852 2.15454
vt -0.53187 1.27840
vt -0.07852 2.15454
vt -0.04509 1.46950
vt -0.53187 1.27840
vt -0.07852 2.15454
vt 0.10901 2.38137
vt -0.04509 1.46950
vt 0.10901 2.38137
vt 0.04413 1.76836
vt -0.04509 1.46950
vt 0.04413 1.76836
vt 0.05829 2.00950
vt 0.10609 1.15741
vt 0.05829 2.00950
vt 0.13557 1.41051
vt 0.10609 1.15741
vt 0.05829 2.00950
vt 0.04098 2.31501
vt 0.13557 1.41051
vt 0.04098 2.31501
vt -0.07571 1.60027
vt 0.13557 1.41051
vt 0.04098 2.31501
vt -0.48778 2.30938
vt -0.07571 1.60027
vt -0.48778 2.30938
vt -0.54735 1.69333
vt -0.07571 1.60027
vt -0.48778 2.30938
vt -0.96410 2.21371
vt -0.54735 1.69333
vt -0.96410 2.21371
vt -0.95115 1.61810
vt -0.54735 1.69333
vt -0.96410 2.21371
vt -1.33374 2.00950
vt -0.95115 1.61810
vt -1.33374 2.00950
vt -1.45488 1.37263
vt -0.95115 1.61810
vt -1.33374 2.00950
vt -1.75564 1.76836
vt -1.45488 1.37263
vt -1.75564 1.76836
vt -1.55668 1.20406
vt -1.45488 1.37263
vt -1.75564 1.76836
vt -1.77035 1.46950
vt -1.55668 1.20406
vt -1.77035 1.46950
vt -1.55387 0.97999
vt -1.55668 1.20406
vt -1.77035 1.46950
vt -1.32655 1.37971
vt -1.55387 0.97999
vt -1.32655 1.37971
vt -1.33915 0.83078
vt -1.55387 0.97999
vt -1.32655 1.37971
vt -1.02778 1.22938
vt -1.33915 0.83078
vt -1.02778 1.22938
vt -1.04625 0.51412
vt -1.33915 0.83078
vt -1.02778 1.22938
vt -0.53187 1.27840
vt -1.04625 0.51412
vt -0.53187 1.27840
vt -0.55182 0.71390
vt -1.04625 0.51412
vt -0.53187 1.27840
vt -0.04509 1.46950
vt -0.55182 0.71390
vt -0.04509 1.46950
vt -0.26433 1.07375
vt -0.55182 0.71390
vt -0.04509 1.46950
vt 0.04413 1.76836
vt -0.26433 1.07375
vt 0.04413 1.76836
vt 0.10609 1.15741
vt -0.26433 1.07375
vt 0.10609 1.15741
vt 0.13557 1.41051
vt -0.00940 0.49048
vt 0.13557 1.41051
vt -0.14013 0.91275
vt -0.00940 0.49048
vt 0.13557 1.41051
vt -0.07571 1.60027
vt -0.14013 0.91275
vt -0.07571 1.60027
vt -0.34517 1.12316
vt -0.14013 0.91275
vt -0.07571 1.60027
vt -0.54735 1.69333
vt -0.34517 1.12316
vt -0.54735 1.69333
vt -0.55301 1.01145
vt -0.34517 1.12316
vt -0.54735 1.69333
vt -0.95115 1.61810
vt -0.55301 1.01145
vt -0.95115 1.61810
vt -0.92025 0.96810
vt -0.55301 1.01145
vt -0.95115 1.61810
vt -1.45488 1.37263
vt -0.92025 0.96810
vt -1.45488 1.37263
vt -1.23297 0.83603
vt -0.92025 0.96810
vt -1.45488 1.37263
vt -1.55668 1.20406
vt -1.23297 0.83603
vt -1.55668 1.20406
vt -1.28203 0.87468
vt -1.23297 0.83603
vt -1.55668 1.20406
vt -1.55387 0.97999
vt -1.28203 0.87468
vt -1.55387 0.97999
vt -1.43318 0.43566
vt -1.28203 0.87468
vt -1.55387 0.97999
vt -1.33915 0.83078
vt -1.43318 0.43566
vt -1.33915 0.83078
vt -1.31216 0.14574
vt -1.43318 0.43566
vt -1.33915 0.83078
vt -1.04625 0.51412
vt -1.31216 0.14574
vt -1.04625 0.51412
vt -0.93485 0.41117
vt -1.31216 0.14574
vt -1.04625 0.51412
vt -0.55182 0.71390
vt -0.93485 0.41117
vt -0.55182 0.71390
vt -0.61462 0.43661
vt -0.93485 0.41117
vt -0.55182 0.71390
vt -0.26433 1.07375
vt -0.61462 0.43661
vt -0.26433 1.07375
vt -0.32176 0.54511
vt -0.61462 0.43661
vt -0.26433 1.07375
vt 0.10609 1.15741
vt -0.32176 0.54511
vt 0.10609 1.15741
vt -0.00940 0.49048
vt -0.32176 0.54511
vt -0.00940 0.49048
vt -0.14013 0.91275
vt -0.44813 0.49064
vt -0.14013 0.91275
vt -0.42671 0.52188
vt -0.44813 0.49064
vt -0.14013 0.91275
vt -0.34517 1.12316
vt -0.42671 0.52188
vt -0.34517 1.12316
vt -0.49580 0.52478
vt -0.42671 0.52188
vt -0.34517 1.12316
vt -0.55301 1.01145
vt -0.49580 0.52478
vt -0.55301 1.01145
vt -0.63714 0.34724
vt -0.49580 0.52478
vt -0.55301 1.01145
vt -0.92025 0.96810
vt -0.63714 0.34724
vt -0.92025 0.96810
vt -0.83147 0.67144
vt -0.63714 0.34724
vt -0.92025 0.96810
vt -1.23297 0.83603
vt -0.83147 0.67144
vt -1.23297 0.83603
vt -0.98052 0.58291
vt -0.83147 0.67144
vt -1.23297 0.83603
vt -1.28203 0.87468
vt -0.98052 0.58291
vt -1.28203 0.87468
vt -1.13687 0.20879
vt -0.98052 0.58291
vt -1.28203 0.87468
vt -1.43318 0.43566
vt -1.13687 0.20879
vt -1.43318 0.43566
vt -1.12650 0.16674
vt -1.13687 0.20879
vt -1.43318 0.43566
vt -1.31216 0.14574
vt -1.12650 0.16674
vt -1.31216 0.14574
vt -1.01914 0.17578
vt -1.12650 0.16674
vt -1.31216 0.14574
vt -0.93485 0.41117
vt -1.01914 0.17578
vt -0.93485 0.41117
vt -0.84379 0.42350
vt -1.01914 0.17578
vt -0.93485 0.41117
vt -0.61462 0.43661
vt -0.84379 0.42350
vt -0.61462 0.43661
vt -0.66607 -0.01323
vt -0.84379 0.42350
vt -0.61462 0.43661
vt -0.32176 0.54511
vt -0.66607 -0.01323
vt -0.32176 0.54511
vt -0.48738 0.09612
vt -0.66607 -0.01323
vt -0.32176 0.54511
vt -0.00940 0.49048
vt -0.48738 0.09612
vt -0.00940 0.49048
vt -0.44813 0.49064
vt -0.48738 0.09612
vt -0.44813 0.49064
vt -0.42671 0.52188
vt -0.75829 0.45072
vt -0.42671 0.52188
vt -0.49580 0.52478
vt -0.75829 -0.02657
vt -0.49580 0.52478
vt -0.63714 0.34724
vt -0.75829 0.17617
vt -0.63714 0.34724
vt -0.83147 0.67144
vt -0.75829 0.39914
vt -0.83147 0.67144
vt -0.98052 0.58291
vt -0.75829 0.28949
vt -0.98052 0.58291
vt -1.13687 0.20879
vt -0.75829 0.15961
vt -1.13687 0.20879
vt -1.12650 0.16674
vt -0.75829 0.01494
vt -1.12650 0.16674
vt -1.01914 0.17578
vt -0.75829 0.49223
vt -1.01914 0.17578
vt -0.84379 0.42350
vt -0.75829 0.28949
vt -0.84379 0.42350
vt -0.66607 -0.01323
vt -0.75829 0.06652
vt -0.66607 -0.01323
vt -0.48738 0.09612
vt -0.75829 0.17617
vt -0.48738 0.09612
vt -0.44813 0.49064
vt -0.75829 0.30606
vt -1.53825 3.29545
vt -1.24419 3.19516
vt -1.22699 3.23178
vt -1.53825 3.24817
vt -1.28475 3.48675
vt -1.24419 3.19516
vt -1.53825 3.43219
vt -1.41616 3.82680
vt -1.28475 3.48675
vt -1.53825 3.58825
vt -1.60026 3.22869
vt -1.41616 3.82680
vt -1.53825 3.51300
vt -1.75061 3.27687
vt -1.60026 3.22869
vt -1.53825 3.05976
vt -1.86881 3.33147
vt -1.75061 3.27687
vt -1.53825 3.54096
vt -1.90334 3.34582
vt -1.86881 3.33147
vt -1.53825 3.58825
vt -1.78462 3.08160
vt -1.90334 3.34582
vt -1.53825 3.40423
vt -1.62281 2.81149
vt -1.78462 3.08160
vt -1.53825 3.24817
vt -1.45831 3.28937
vt -1.62281 2.81149
vt -1.53825 3.32341
vt -1.29811 3.27370
vt -1.45831 3.28937
vt -1.53825 3.77665
vt -1.22699 3.23178
vt -1.29811 3.27370
vt -1.22699 3.23178
vt -1.24419 3.19516
vt -1.02578 2.72043
vt -1.24419 3.19516
vt -0.82885 3.32426
vt -1.02578 2.72043
vt -1.24419 3.19516
vt -1.28475 3.48675
vt -0.82885 3.32426
vt -1.28475 3.48675
vt -1.06782 3.25315
vt -0.82885 3.32426
vt -1.28475 3.48675
vt -1.41616 3.82680
vt -1.06782 3.25315
vt -1.41616 3.82680
vt -1.35645 3.19565
vt -1.06782 3.25315
vt -1.41616 3.82680
vt -1.60026 3.22869
vt -1.35645 3.19565
vt -1.60026 3.22869
vt -1.65570 3.05642
vt -1.35645 3.19565
vt -1.60026 3.22869
vt -1.75061 3.27687
vt -1.65570 3.05642
vt -1.75061 3.27687
vt -1.98940 3.19912
vt -1.65570 3.05642
vt -1.75061 3.27687
vt -1.86881 3.33147
vt -1.98940 3.19912
vt -1.86881 3.33147
vt -2.21170 3.06490
vt -1.98940 3.19912
vt -1.86881 3.33147
vt -1.90334 3.34582
vt -2.21170 3.06490
vt -1.90334 3.34582
vt -2.04682 2.52403
vt -2.21170 3.06490
vt -1.90334 3.34582
vt -1.78462 3.08160
vt -2.04682 2.52403
vt -1.78462 3.08160
vt -1.99146 2.54450
vt -2.04682 2.52403
vt -1.78462 3.08160
vt -1.62281 2.81149
vt -1.99146 2.54450
vt -1.62281 2.81149
vt -1.73829 2.55320
vt -1.99146 2.54450
vt -1.62281 2.81149
vt -1.45831 3.28937
vt -1.73829 2.55320
vt -1.45831 3.28937
vt -1.39342 2.65989
vt -1.73829 2.55320
vt -1.45831 3.28937
vt -1.29811 3.27370
vt -1.39342 2.65989
vt -1.29811 3.27370
vt -1.15327 2.61643
vt -1.39342 2.65989
vt -1.29811 3.27370
vt -1.22699 3.23178
vt -1.15327 2.61643
vt -1.22699 3.23178
vt -1.02578 2.72043
vt -1.15327 2.61643
vt -1.02578 2.72043
vt -0.82885 3.32426
vt -0.71841 2.35051
vt -0.82885 3.32426
vt -0.67488 2.63963
vt -0.71841 2.35051
vt -0.82885 3.32426
vt -1.06782 3.25315
vt -0.67488 2.63963
vt -1.06782 3.25315
vt -1.01450 2.59493
vt -0.67488 2.63963
vt -1.06782 3.25315
vt -1.35645 3.19565
vt -1.01450 2.59493
vt -1.35645 3.19565
vt -1.30607 2.72735
vt -1.01450 2.59493
vt -1.35645 3.19565
vt -1.65570 3.05642
vt -1.30607 2.72735
vt -1.65570 3.05642
vt -1.74016 2.94219
vt -1.30607 2.72735
vt -1.65570 3.05642
vt -1.98940 3.19912
vt -1.74016 2.94219
vt -1.98940 3.19912
vt -2.06976 2.53478
vt -1.74016 2.94219
vt -1.98940 3.19912
vt -2.21170 3.06490
vt -2.06976 2.53478
vt -2.21170 3.06490
vt -2.26790 2.27059
vt -2.06976 2.53478
vt -2.21170 3.06490
vt -2.04682 2.52403
vt -2.26790 2.27059
vt -2.04682 2.52403
vt -2.26623 2.02391
vt -2.26790 2.27059
vt -2.04682 2.52403
vt -1.99146 2.54450
vt -2.26623 2.02391
vt -1.99146 2.54450
vt -2.22130 1.91210
vt -2.26623 2.02391
vt -1.99146 2.54450
vt -1.73829 2.55320
vt -2.22130 1.91210
vt -1.73829 2.55320
vt -1.80497 1.82466
vt -2.22130 1.91210
vt -1.73829 2.55320
vt -1.39342 2.65989
vt -1.80497 1.82466
vt -1.39342 2.65989
vt -1.39747 1.83307
vt -1.80497 1.82466
vt -1.39342 2.65989
vt -1.15327 2.61643
vt -1.39747 1.83307
vt -1.15327 2.61643
vt -0.97731 2.07288
vt -1.39747 1.83307
vt -1.15327 2.61643
vt -1.02578 2.72043
vt -0.97731 2.07288
vt -1.02578 2.72043
vt -0.71841 2.35051
vt -0.97731 2.07288
vt -0.71841 2.35051
vt -0.67488 2.63963
vt -0.70620 1.62390
vt -0.67488 2.63963
vt -0.81892 1.84941
vt -0.70620 1.62390
vt -0.67488 2.63963
vt -1.01450 2.59493
vt -0.81892 1.84941
vt -1.01450 2.59493
vt -0.84045 2.12354
vt -0.81892 1.84941
vt -1.01450 2.59493
vt -1.30607 2.72735
vt -0.84045 2.12354
vt -1.30607 2.72735
vt -1.25211 2.19617
vt -0.84045 2.12354
vt -1.30607 2.72735
vt -1.74016 2.94219
vt -1.25211 2.19617
vt -1.74016 2.94219
vt -1.73351 2.11626
vt -1.25211 2.19617
vt -1.74016 2.94219
vt -2.06976 2.53478
vt -1.73351 2.11626
vt -2.06976 2.53478
vt -2.03206 1.84941
vt -1.73351 2.11626
vt -2.06976 2.53478
vt -2.26790 2.27059
vt -2.03206 1.84941
vt -2.26790 2.27059
vt -2.38336 1.62390
vt -2.03206 1.84941
vt -2.26790 2.27059
vt -2.26623 2.02391
vt -2.38336 1.62390
vt -2.26623 2.02391
vt -2.54138 1.30941
vt -2.38336 1.62390
vt -2.26623 2.02391
vt -2.22130 1.91210
vt -2.54138 1.30941
vt -2.22130 1.91210
vt -2.14668 1.18823
vt -2.54138 1.30941
vt -2.22130 1.91210
vt -1.80497 1.82466
vt -2.14668 1.18823
vt -1.80497 1.82466
vt -1.79211 1.11617
vt -2.14668 1.18823
vt -1.80497 1.82466
vt -1.39747 1.83307
vt -1.79211 1.11617
vt -1.39747 1.83307
vt -1.36258 1.18095
vt -1.79211 1.11617
vt -1.39747 1.83307
vt -0.97731 2.07288
vt -1.36258 1.18095
vt -0.97731 2.07288
vt -0.84960 1.30941
vt -1.36258 1.18095
vt -0.97731 2.07288
vt -0.71841 2.35051
vt -0.84960 1.30941
vt -0.71841 2.35051
vt -0.70620 1.62390
vt -0.84960 1.30941
vt -0.70620 1.62390
vt -0.81892 1.84941
vt -0.80397 0.97311
vt -0.81892 1.84941
vt -0.75255 1.19217
vt -0.80397 0.97311
vt -0.81892 1.84941
vt -0.84045 2.12354
vt -0.75255 1.19217
vt -0.84045 2.12354
vt -0.83079 1.32539
vt -0.75255 1.19217
vt -0.84045 2.12354
vt -1.25211 2.19617
vt -0.83079 1.32539
vt -1.25211 2.19617
vt -1.30966 1.45184
vt -0.83079 1.32539
vt -1.25211 2.19617
vt -1.73351 2.11626
vt -1.30966 1.45184
vt -1.73351 2.11626
vt -1.68799 1.40139
vt -1.30966 1.45184
vt -1.73351 2.11626
vt -2.03206 1.84941
vt -1.68799 1.40139
vt -2.03206 1.84941
vt -2.13880 1.14320
vt -1.68799 1.40139
vt -2.03206 1.84941
vt -2.38336 1.62390
vt -2.13880 1.14320
vt -2.38336 1.62390
vt -2.35346 0.90137
vt -2.13880 1.14320
vt -2.38336 1.62390
vt -2.54138 1.30941
vt -2.35346 0.90137
vt -2.54138 1.30941
vt -2.34390 0.67605
vt -2.35346 0.90137
vt -2.54138 1.30941
vt -2.14668 1.18823
vt -2.34390 0.67605
vt -2.14668 1.18823
vt -2.03760 0.69810
vt -2.34390 0.67605
vt -2.14668 1.18823
vt -1.79211 1.11617
vt -2.03760 0.69810
vt -1.79211 1.11617
vt -1.80856 0.33918
vt -2.03760 0.69810
vt -1.79211 1.11617
vt -1.36258 1.18095
vt -1.80856 0.33918
vt -1.36258 1.18095
vt -1.34531 0.36418
vt -1.80856 0.33918
vt -1.36258 1.18095
vt -0.84960 1.30941
vt -1.34531 0.36418
vt -0.84960 1.30941
vt -1.04636 0.78091
vt -1.34531 0.36418
vt -0.84960 1.30941
vt -0.70620 1.62390
vt -1.04636 0.78091
vt -0.70620 1.62390
vt -0.80397 0.97311
vt -1.04636 0.78091
vt -0.80397 0.97311
vt -0.75255 1.19217
vt -0.85826 0.16891
vt -0.75255 1.19217
vt -0.88777 0.47261
vt -0.85826 0.16891
vt -0.75255 1.19217
vt -0.83079 1.32539
vt -0.88777 0.47261
vt -0.83079 1.32539
vt -1.12971 0.79405
vt -0.88777 0.47261
vt -0.83079 1.32539
vt -1.30966 1.45184
vt -1.12971 0.79405
vt -1.30966 1.45184
vt -1.35434 0.76956
vt -1.12971 0.79405
vt -1.30966 1.45184
vt -1.68799 1.40139
vt -1.35434 0.76956
vt -1.68799 1.40139
vt -1.67328 0.65799
vt -1.35434 0.76956
vt -1.68799 1.40139
vt -2.13880 1.14320
vt -1.67328 0.65799
vt -2.13880 1.14320
vt -2.02063 0.38020
vt -1.67328 0.65799
vt -2.13880 1.14320
vt -2.35346 0.90137
vt -2.02063 0.38020
vt -2.35346 0.90137
vt -2.04418 0.54134
vt -2.02063 0.38020
vt -2.35346 0.90137
vt -2.34390 0.67605
vt -2.04418 0.54134
vt -2.34390 0.67605
vt -2.10574 0.26366
vt -2.04418 0.54134
vt -2.34390 0.67605
vt -2.03760 0.69810
vt -2.10574 0.26366
vt -2.03760 0.69810
vt -2.05336 -0.16011
vt -2.10574 0.26366
vt -2.03760 0.69810
vt -1.80856 0.33918
vt -2.05336 -0.16011
vt -1.80856 0.33918
vt -1.73618 -0.08738
vt -2.05336 -0.16011
vt -1.80856 0.33918
vt -1.34531 0.36418
vt -1.73618 -0.08738
vt -1.34531 0.36418
vt -1.41099 0.07187
vt -1.73618 -0.08738
vt -1.34531 0.36418
vt -1.04636 0.78091
vt -1.41099 0.07187
vt -1.04636 0.78091
vt -1.18451 0.38880
vt -1.41099 0.07187
vt -1.04636 0.78091
vt -0.80397 0.97311
vt -1.18451 0.38880
vt -0.80397 0.97311
vt -0.85826 0.16891
vt -1.18451 0.38880
vt -0.85826 0.16891
vt -0.88777 0.47261
vt -1.21231 -0.05982
vt -0.88777 0.47261
vt -1.23086 0.17416
vt -1.21231 -0.05982
vt -0.88777 0.47261
vt -1.12971 0.79405
vt -1.23086 0.17416
vt -1.12971 0.79405
vt -1.31627 0.31055
vt -1.23086 0.17416
vt -1.12971 0.79405
vt -1.35434 0.76956
vt -1.31627 0.31055
vt -1.35434 0.76956
vt -1.41554 -0.09932
vt -1.31627 0.31055
vt -1.35434 0.76956
vt -1.67328 0.65799
vt -1.41554 -0.09932
vt -1.67328 0.65799
vt -1.60921 0.14535
vt -1.41554 -0.09932
vt -1.67328 0.65799
vt -2.02063 0.38020
vt -1.60921 0.14535
vt -2.02063 0.38020
vt -1.73877 0.24628
vt -1.60921 0.14535
vt -2.02063 0.38020
vt -2.04418 0.54134
vt -1.73877 0.24628
vt -2.04418 0.54134
vt -1.85413 -0.00785
vt -1.73877 0.24628
vt -2.04418 0.54134
vt -2.10574 0.26366
vt -1.85413 -0.00785
vt -2.10574 0.26366
vt -1.89002 -0.25574
vt -1.85413 -0.00785
vt -2.10574 0.26366
vt -2.05336 -0.16011
vt -1.89002 -0.25574
vt -2.05336 -0.16011
vt -1.81614 -0.41825
vt -1.89002 -0.25574
vt -2.05336 -0.16011
vt -1.73618 -0.08738
vt -1.81614 -0.41825
vt -1.73618 -0.08738
vt -1.62219 0.10917
vt -1.81614 -0.41825
vt -1.73618 -0.08738
vt -1.41099 0.07187
vt -1.62219 0.10917
vt -1.41099 0.07187
vt -1.46726 -0.21308
vt -1.62219 0.10917
vt -1.41099 0.07187
vt -1.18451 0.38880
vt -1.46726 -0.21308
vt -1.18451 0.38880
vt -1.28626 -0.33745
vt -1.46726 -0.21308
vt -1.18451 0.38880
vt -0.85826 0.16891
vt -1.28626 -0.33745
vt -0.85826 0.16891
vt -1.21231 -0.05982
vt -1.28626 -0.33745
vt -1.21231 -0.05982
vt -1.23086 0.17416
vt -1.53825 0.18803
vt -1.23086 0.17416
vt -1.31627 0.31055
vt -1.53825 -0.29317
vt -1.31627 0.31055
vt -1.41554 -0.09932
vt -1.53825 -0.34046
vt -1.41554 -0.09932
vt -1.60921 0.14535
vt -1.53825 -0.15644
vt -1.60921 0.14535
vt -1.73877 0.24628
vt -1.53825 -0.00038
vt -1.73877 0.24628
vt -1.85413 -0.00785
vt -1.53825 -0.07562
vt -1.85413 -0.00785
vt -1.89002 -0.25574
vt -1.53825 -0.52886
vt -1.89002 -0.25574
vt -1.81614 -0.41825
vt -1.53825 -0.04766
vt -1.81614 -0.41825
vt -1.62219 0.10917
vt -1.53825 -0.00038
vt -1.62219 0.10917
vt -1.46726 -0.21308
vt -1.53825 -0.18440
vt -1.46726 -0.21308
vt -1.28626 -0.33745
vt -1.53825 -0.34046
vt -1.28626 -0.33745
vt -1.21231 -0.05982
vt -1.53825 -0.26521
vt -2.28039 2.99685
vt -1.93445 3.08908
vt -1.94301 2.96875
vt -2.28039 3.08490
vt -1.98965 3.36201
vt -1.93445 3.08908
vt -2.28039 3.30318
vt -2.16284 3.50751
vt -1.98965 3.36201
vt -2.28039 3.30634
vt -2.35778 2.98232
vt -2.16284 3.50751
vt -2.28039 3.17928
vt -2.54194 3.15838
vt -2.35778 2.98232
vt -2.28039 2.92691
vt -2.67707 3.19341
vt -2.54194 3.15838
vt -2.28039 3.39439
vt -2.67349 3.05990
vt -2.67707 3.19341
vt -2.28039 3.30634
vt -2.53564 2.82342
vt -2.67349 3.05990
vt -2.28039 3.08807
vt -2.36949 2.71154
vt -2.53564 2.82342
vt -2.28039 3.08490
vt -2.16971 3.11649
vt -2.36949 2.71154
vt -2.28039 3.21196
vt -2.00955 3.00019
vt -2.16971 3.11649
vt -2.28039 3.46434
vt -1.94301 2.96875
vt -2.00955 3.00019
vt -1.94301 2.96875
vt -1.93445 3.08908
vt -1.65357 2.67433
vt -1.93445 3.08908
vt -1.46450 3.19046
vt -1.65357 2.67433
vt -1.93445 3.08908
vt -1.98965 3.36201
vt -1.46450 3.19046
vt -1.98965 3.36201
vt -1.79683 3.02788
vt -1.46450 3.19046
vt -1.98965 3.36201
vt -2.16284 3.50751
vt -1.79683 3.02788
vt -2.16284 3.50751
vt -2.10433 3.02422
vt -1.79683 3.02788
vt -2.16284 3.50751
vt -2.35778 2.98232
vt -2.10433 3.02422
vt -2.35778 2.98232
vt -2.44643 3.02373
vt -2.10433 3.02422
vt -2.35778 2.98232
vt -2.54194 3.15838
vt -2.44643 3.02373
vt -2.54194 3.15838
vt -2.82596 3.08287
vt -2.44643 3.02373
vt -2.54194 3.15838
vt -2.67707 3.19341
vt -2.82596 3.08287
vt -2.67707 3.19341
vt -3.00993 2.83549
vt -2.82596 3.08287
vt -2.67707 3.19341
vt -2.67349 3.05990
vt -3.00993 2.83549
vt -2.67349 3.05990
vt -2.83007 2.39380
vt -3.00993 2.83549
vt -2.67349 3.05990
vt -2.53564 2.82342
vt -2.83007 2.39380
vt -2.53564 2.82342
vt -2.80569 2.45457
vt -2.83007 2.39380
vt -2.53564 2.82342
vt -2.36949 2.71154
vt -2.80569 2.45457
vt -2.36949 2.71154
vt -2.48616 2.42616
vt -2.80569 2.45457
vt -2.36949 2.71154
vt -2.16971 3.11649
vt -2.48616 2.42616
vt -2.16971 3.11649
vt -2.09893 2.45675
vt -2.48616 2.42616
vt -2.16971 3.11649
vt -2.00955 3.00019
vt -2.09893 2.45675
vt -2.00955 3.00019
vt -1.84224 2.46865
vt -2.09893 2.45675
vt -2.00955 3.00019
vt -1.94301 2.96875
vt -1.84224 2.46865
vt -1.94301 2.96875
vt -1.65357 2.67433
vt -1.84224 2.46865
vt -1.65357 2.67433
vt -1.46450 3.19046
vt -1.33847 2.30303
vt -1.46450 3.19046
vt -1.37212 2.53116
vt -1.33847 2.30303
vt -1.46450 3.19046
vt -1.79683 3.02788
vt -1.37212 2.53116
vt -1.79683 3.02788
vt -1.71148 2.56092
vt -1.37212 2.53116
vt -1.79683 3.02788
vt -2.10433 3.02422
vt -1.71148 2.56092
vt -2.10433 3.02422
vt -2.03151 2.76317
vt -1.71148 2.56092
vt -2.10433 3.02422
vt -2.44643 3.02373
vt -2.03151 2.76317
vt -2.44643 3.02373
vt -2.54899 2.88346
vt -2.03151 2.76317
vt -2.44643 3.02373
vt -2.82596 3.08287
vt -2.54899 2.88346
vt -2.82596 3.08287
vt -2.86270 2.43872
vt -2.54899 2.88346
vt -2.82596 3.08287
vt -3.00993 2.83549
vt -2.86270 2.43872
vt -3.00993 2.83549
vt -3.11065 2.23047
vt -2.86270 2.43872
vt -3.00993 2.83549
vt -2.83007 2.39380
vt -3.11065 2.23047
vt -2.83007 2.39380
vt -3.15631 2.01139
vt -3.11065 2.23047
vt -2.83007 2.39380
vt -2.80569 2.45457
vt -3.15631 2.01139
vt -2.80569 2.45457
vt -3.02963 1.85437
vt -3.15631 2.01139
vt -2.80569 2.45457
vt -2.48616 2.42616
vt -3.02963 1.85437
vt -2.48616 2.42616
vt -2.53041 1.76803
vt -3.02963 1.85437
vt -2.48616 2.42616
vt -2.09893 2.45675
vt -2.53041 1.76803
vt -2.09893 2.45675
vt -2.09496 1.80836
vt -2.53041 1.76803
vt -2.09893 2.45675
vt -1.84224 2.46865
vt -2.09496 1.80836
vt -1.84224 2.46865
vt -1.57740 2.04795
vt -2.09496 1.80836
vt -1.84224 2.46865
vt -1.65357 2.67433
vt -1.57740 2.04795
vt -1.65357 2.67433
vt -1.33847 2.30303
vt -1.57740 2.04795
vt -1.33847 2.30303
vt -1.37212 2.53116
vt -1.38985 1.69093
vt -1.37212 2.53116
vt -1.45343 1.92217
vt -1.38985 1.69093
vt -1.37212 2.53116
vt -1.71148 2.56092
vt -1.45343 1.92217
vt -1.71148 2.56092
vt -1.47277 2.22036
vt -1.45343 1.92217
vt -1.71148 2.56092
vt -2.03151 2.76317
vt -1.47277 2.22036
vt -2.03151 2.76317
vt -1.99997 2.25177
vt -1.47277 2.22036
vt -2.03151 2.76317
vt -2.54899 2.88346
vt -1.99997 2.25177
vt -2.54899 2.88346
vt -2.52344 2.15351
vt -1.99997 2.25177
vt -2.54899 2.88346
vt -2.86270 2.43872
vt -2.52344 2.15351
vt -2.86270 2.43872
vt -2.87611 1.92217
vt -2.52344 2.15351
vt -2.86270 2.43872
vt -3.11065 2.23047
vt -2.87611 1.92217
vt -3.11065 2.23047
vt -3.30804 1.69093
vt -2.87611 1.92217
vt -3.11065 2.23047
vt -3.15631 2.01139
vt -3.30804 1.69093
vt -3.15631 2.01139
vt -3.38463 1.38217
vt -3.30804 1.69093
vt -3.15631 2.01139
vt -3.02963 1.85437
vt -3.38463 1.38217
vt -3.02963 1.85437
vt -2.89952 1.28506
vt -3.38463 1.38217
vt -3.02963 1.85437
vt -2.53041 1.76803
vt -2.89952 1.28506
vt -2.53041 1.76803
vt -2.53997 1.17177
vt -2.89952 1.28506
vt -2.53041 1.76803
vt -2.09496 1.80836
vt -2.53997 1.17177
vt -2.09496 1.80836
vt -2.03200 1.21820
vt -2.53997 1.17177
vt -2.09496 1.80836
vt -1.57740 2.04795
vt -2.03200 1.21820
vt -1.57740 2.04795
vt -1.48491 1.38217
vt -2.03200 1.21820
vt -1.57740 2.04795
vt -1.33847 2.30303
vt -1.48491 1.38217
vt -1.33847 2.30303
vt -1.38985 1.69093
vt -1.48491 1.38217
vt -1.38985 1.69093
vt -1.45343 1.92217
vt -1.40165 1.11989
vt -1.45343 1.92217
vt -1.35422 1.35210
vt -1.40165 1.11989
vt -1.45343 1.92217
vt -1.47277 2.22036
vt -1.35422 1.35210
vt -1.47277 2.22036
vt -1.53662 1.52870
vt -1.35422 1.35210
vt -1.47277 2.22036
vt -1.99997 2.25177
vt -1.53662 1.52870
vt -1.99997 2.25177
vt -2.06446 1.62435
vt -1.53662 1.52870
vt -1.99997 2.25177
vt -2.52344 2.15351
vt -2.06446 1.62435
vt -2.52344 2.15351
vt -2.48876 1.55897
vt -2.06446 1.62435
vt -2.52344 2.15351
vt -2.87611 1.92217
vt -2.48876 1.55897
vt -2.87611 1.92217
vt -3.01957 1.31554
vt -2.48876 1.55897
vt -2.87611 1.92217
vt -3.30804 1.69093
vt -3.01957 1.31554
vt -3.30804 1.69093
vt -3.17382 1.11034
vt -3.01957 1.31554
vt -3.30804 1.69093
vt -3.38463 1.38217
vt -3.17382 1.11034
vt -3.38463 1.38217
vt -3.13841 0.89718
vt -3.17382 1.11034
vt -3.38463 1.38217
vt -2.89952 1.28506
vt -3.13841 0.89718
vt -2.89952 1.28506
vt -2.85477 0.81257
vt -3.13841 0.89718
vt -2.89952 1.28506
vt -2.53997 1.17177
vt -2.85477 0.81257
vt -2.53997 1.17177
vt -2.56335 0.47180
vt -2.85477 0.81257
vt -2.53997 1.17177
vt -2.03200 1.21820
vt -2.56335 0.47180
vt -2.03200 1.21820
vt -2.03473 0.60031
vt -2.56335 0.47180
vt -2.03200 1.21820
vt -1.48491 1.38217
vt -2.03473 0.60031
vt -1.48491 1.38217
vt -1.73426 0.98963
vt -2.03473 0.60031
vt -1.48491 1.38217
vt -1.38985 1.69093
vt -1.73426 0.98963
vt -1.38985 1.69093
vt -1.40165 1.11989
vt -1.73426 0.98963
vt -1.40165 1.11989
vt -1.35422 1.35210
vt -1.48229 0.43882
vt -1.35422 1.35210
vt -1.59206 0.81079
vt -1.48229 0.43882
vt -1.35422 1.35210
vt -1.53662 1.52870
vt -1.59206 0.81079
vt -1.53662 1.52870
vt -1.84932 1.06429
vt -1.59206 0.81079
vt -1.53662 1.52870
vt -2.06446 1.62435
vt -1.84932 1.06429
vt -2.06446 1.62435
vt -2.08503 0.99293
vt -1.84932 1.06429
vt -2.06446 1.62435
vt -2.48876 1.55897
vt -2.08503 0.99293
vt -2.48876 1.55897
vt -2.46451 0.91385
vt -2.08503 0.99293
vt -2.48876 1.55897
vt -3.01957 1.31554
vt -2.46451 0.91385
vt -3.01957 1.31554
vt -2.81841 0.73594
vt -2.46451 0.91385
vt -3.01957 1.31554
vt -3.17382 1.11034
vt -2.81841 0.73594
vt -3.17382 1.11034
vt -2.83865 0.81509
vt -2.81841 0.73594
vt -3.17382 1.11034
vt -3.13841 0.89718
vt -2.83865 0.81509
vt -3.13841 0.89718
vt -2.95762 0.44623
vt -2.83865 0.81509
vt -3.13841 0.89718
vt -2.85477 0.81257
vt -2.95762 0.44623
vt -2.85477 0.81257
vt -2.85818 0.09344
vt -2.95762 0.44623
vt -2.85477 0.81257
vt -2.56335 0.47180
vt -2.85818 0.09344
vt -2.56335 0.47180
vt -2.46686 0.27875
vt -2.85818 0.09344
vt -2.56335 0.47180
vt -2.03473 0.60031
vt -2.46686 0.27875
vt -2.03473 0.60031
vt -2.11701 0.37955
vt -2.46686 0.27875
vt -2.03473 0.60031
vt -1.73426 0.98963
vt -2.11701 0.37955
vt -1.73426 0.98963
vt -1.83468 0.55381
vt -2.11701 0.37955
vt -1.73426 0.98963
vt -1.40165 1.11989
vt -1.83468 0.55381
vt -1.40165 1.11989
vt -1.48229 0.43882
vt -1.83468 0.55381
vt -1.48229 0.43882
vt -1.59206 0.81079
vt -1.93217 0.37206
vt -1.59206 0.81079
vt -1.93752 0.49694
vt -1.93217 0.37206
vt -1.59206 0.81079
vt -1.84932 1.06429
vt -1.93752 0.49694
vt -1.84932 1.06429
vt -2.01965 0.53415
vt -1.93752 0.49694
vt -1.84932 1.06429
vt -2.08503 0.99293
vt -2.01965 0.53415
vt -2.08503 0.99293
vt -2.15719 0.27979
vt -2.01965 0.53415
vt -2.08503 0.99293
vt -2.46451 0.91385
vt -2.15719 0.27979
vt -2.46451 0.91385
vt -2.36811 0.56101
vt -2.15719 0.27979
vt -2.46451 0.91385
vt -2.81841 0.73594
vt -2.36811 0.56101
vt -2.81841 0.73594
vt -2.51503 0.55664
vt -2.36811 0.56101
vt -2.81841 0.73594
vt -2.83865 0.81509
vt -2.51503 0.55664
vt -2.83865 0.81509
vt -2.66623 0.22951
vt -2.51503 0.55664
vt -2.83865 0.81509
vt -2.95762 0.44623
vt -2.66623 0.22951
vt -2.95762 0.44623
vt -2.67656 0.08972
vt -2.66623 0.22951
vt -2.95762 0.44623
vt -2.85818 0.09344
vt -2.67656 0.08972
vt -2.85818 0.09344
vt -2.56564 0.05134
vt -2.67656 0.08972
vt -2.85818 0.09344
vt -2.46686 0.27875
vt -2.56564 0.05134
vt -2.46686 0.27875
vt -2.36384 0.40127
vt -2.56564 0.05134
vt -2.46686 0.27875
vt -2.11701 0.37955
vt -2.36384 0.40127
vt -2.11701 0.37955
vt -2.18004 0.01654
vt -2.36384 0.40127
vt -2.11701 0.37955
vt -1.83468 0.55381
vt -2.18004 0.01654
vt -1.83468 0.55381
vt -1.98264 0.02043
vt -2.18004 0.01654
vt -1.83468 0.55381
vt -1.48229 0.43882
vt -1.98264 0.02043
vt -1.48229 0.43882
vt -1.93217 0.37206
vt -1.98264 0.02043
vt -1.93217 0.37206
vt -1.93752 0.49694
vt -2.28039 0.45496
vt -1.93752 0.49694
vt -2.01965 0.53415
vt -2.28039 -0.01253
vt -2.01965 0.53415
vt -2.15719 0.27979
vt -2.28039 0.07552
vt -2.15719 0.27979
vt -2.36811 0.56101
vt -2.28039 0.29380
vt -2.36811 0.56101
vt -2.51503 0.55664
vt -2.28039 0.29697
vt -2.51503 0.55664
vt -2.66623 0.22951
vt -2.28039 0.16991
vt -2.66623 0.22951
vt -2.67656 0.08972
vt -2.28039 -0.08247
vt -2.67656 0.08972
vt -2.56564 0.05134
vt -2.28039 0.38502
vt -2.56564 0.05134
vt -2.36384 0.40127
vt -2.28039 0.29697
vt -2.36384 0.40127
vt -2.18004 0.01654
vt -2.28039 0.07869
vt -2.18004 0.01654
vt -1.98264 0.02043
vt -2.28039 0.07552
vt -1.98264 0.02043
vt -1.93217 0.37206
vt -2.28039 0.20258
vt -2.98746 3.62561
vt -2.70273 3.72691
vt -2.72097 3.59298
vt -2.98746 3.74255
vt -2.73705 4.03967
vt -2.70273 3.72691
vt -2.98746 4.01295
vt -2.87020 4.19977
vt -2.73705 4.03967
vt -2.98746 4.00831
vt -3.03325 3.57530
vt -2.87020 4.19977
vt -2.98746 3.85023
vt -3.18444 3.81112
vt -3.03325 3.57530
vt -2.98746 3.54802
vt -3.30196 3.87584
vt -3.18444 3.81112
vt -2.98746 4.12526
vt -3.30921 3.72929
vt -3.30196 3.87584
vt -2.98746 4.00831
vt -3.20651 3.45306
vt -3.30921 3.72929
vt -2.98746 3.73792
vt -3.07685 3.32479
vt -3.20651 3.45306
vt -2.98746 3.74255
vt -2.92172 3.82951
vt -3.07685 3.32479
vt -2.98746 3.90064
vt -2.78461 3.65466
vt -2.92172 3.82951
vt -2.98746 4.20284
vt -2.72097 3.59298
vt -2.78461 3.65466
vt -2.72097 3.59298
vt -2.70273 3.72691
vt -2.48960 3.23786
vt -2.70273 3.72691
vt -2.31757 3.81726
vt -2.48960 3.23786
vt -2.70273 3.72691
vt -2.73705 4.03967
vt -2.31757 3.81726
vt -2.73705 4.03967
vt -2.57309 3.59026
vt -2.31757 3.81726
vt -2.73705 4.03967
vt -2.87020 4.19977
vt -2.57309 3.59026
vt -2.87020 4.19977
vt -2.81152 3.58191
vt -2.57309 3.59026
vt -2.87020 4.19977
vt -3.03325 3.57530
vt -2.81152 3.58191
vt -3.03325 3.57530
vt -3.08626 3.59606
vt -2.81152 3.58191
vt -3.03325 3.57530
vt -3.18444 3.81112
vt -3.08626 3.59606
vt -3.18444 3.81112
vt -3.39742 3.68858
vt -3.08626 3.59606
vt -3.18444 3.81112
vt -3.30196 3.87584
vt -3.39742 3.68858
vt -3.30196 3.87584
vt -3.56313 3.42775
vt -3.39742 3.68858
vt -3.30196 3.87584
vt -3.30921 3.72929
vt -3.56313 3.42775
vt -3.30921 3.72929
vt -3.43819 2.92303
vt -3.56313 3.42775
vt -3.30921 3.72929
vt -3.20651 3.45306
vt -3.43819 2.92303
vt -3.20651 3.45306
vt -3.44054 3.04584
vt -3.43819 2.92303
vt -3.20651 3.45306
vt -3.07685 3.32479
vt -3.44054 3.04584
vt -3.07685 3.32479
vt -3.19335 3.02379
vt -3.44054 3.04584
vt -3.07685 3.32479
vt -2.92172 3.82951
vt -3.19335 3.02379
vt -2.92172 3.82951
vt -2.88018 3.04237
vt -3.19335 3.02379
vt -2.92172 3.82951
vt -2.78461 3.65466
vt -2.88018 3.04237
vt -2.78461 3.65466
vt -2.65864 3.01897
vt -2.88018 3.04237
vt -2.78461 3.65466
vt -2.72097 3.59298
vt -2.65864 3.01897
vt -2.72097 3.59298
vt -2.48960 3.23786
vt -2.65864 3.01897
vt -2.48960 3.23786
vt -2.31757 3.81726
vt -2.24242 2.77596
vt -2.31757 3.81726
vt -2.24448 2.99548
vt -2.24242 2.77596
vt -2.31757 3.81726
vt -2.57309 3.59026
vt -2.24448 2.99548
vt -2.57309 3.59026
vt -2.49792 3.00848
vt -2.24448 2.99548
vt -2.57309 3.59026
vt -2.81152 3.58191
vt -2.49792 3.00848
vt -2.81152 3.58191
vt -2.73777 3.23180
vt -2.49792 3.00848
vt -2.81152 3.58191
vt -3.08626 3.59606
vt -2.73777 3.23180
vt -3.08626 3.59606
vt -3.14666 3.37211
vt -2.73777 3.23180
vt -3.08626 3.59606
vt -3.39742 3.68858
vt -3.14666 3.37211
vt -3.39742 3.68858
vt -3.42321 2.88812
vt -3.14666 3.37211
vt -3.39742 3.68858
vt -3.56313 3.42775
vt -3.42321 2.88812
vt -3.56313 3.42775
vt -3.64506 2.68757
vt -3.42321 2.88812
vt -3.56313 3.42775
vt -3.43819 2.92303
vt -3.64506 2.68757
vt -3.43819 2.92303
vt -3.70865 2.47548
vt -3.64506 2.68757
vt -3.43819 2.92303
vt -3.44054 3.04584
vt -3.70865 2.47548
vt -3.44054 3.04584
vt -3.63129 2.33741
vt -3.70865 2.47548
vt -3.44054 3.04584
vt -3.19335 3.02379
vt -3.63129 2.33741
vt -3.19335 3.02379
vt -3.23667 2.23267
vt -3.63129 2.33741
vt -3.19335 3.02379
vt -2.88018 3.04237
vt -3.23667 2.23267
vt -2.88018 3.04237
vt -2.87740 2.24916
vt -3.23667 2.23267
vt -2.88018 3.04237
vt -2.65864 3.01897
vt -2.87740 2.24916
vt -2.65864 3.01897
vt -2.45794 2.52696
vt -2.87740 2.24916
vt -2.65864 3.01897
vt -2.48960 3.23786
vt -2.45794 2.52696
vt -2.48960 3.23786
vt -2.24242 2.77596
vt -2.45794 2.52696
vt -2.24242 2.77596
vt -2.24448 2.99548
vt -2.28470 2.02279
vt -2.24448 2.99548
vt -2.30736 2.25453
vt -2.28470 2.02279
vt -2.24448 2.99548
vt -2.49792 3.00848
vt -2.30736 2.25453
vt -2.49792 3.00848
vt -2.29137 2.55351
vt -2.30736 2.25453
vt -2.49792 3.00848
vt -2.73777 3.23180
vt -2.29137 2.55351
vt -2.73777 3.23180
vt -2.70754 2.58263
vt -2.29137 2.55351
vt -2.73777 3.23180
vt -3.14666 3.37211
vt -2.70754 2.58263
vt -3.14666 3.37211
vt -3.13120 2.48408
vt -2.70754 2.58263
vt -3.14666 3.37211
vt -3.42321 2.88812
vt -3.13120 2.48408
vt -3.42321 2.88812
vt -3.43582 2.25453
vt -3.13120 2.48408
vt -3.42321 2.88812
vt -3.64506 2.68757
vt -3.43582 2.25453
vt -3.64506 2.68757
vt -3.80290 2.02279
vt -3.43582 2.25453
vt -3.64506 2.68757
vt -3.70865 2.47548
vt -3.80290 2.02279
vt -3.70865 2.47548
vt -3.89216 1.71453
vt -3.80290 2.02279
vt -3.70865 2.47548
vt -3.63129 2.33741
vt -3.89216 1.71453
vt -3.63129 2.33741
vt -3.51812 1.61820
vt -3.89216 1.71453
vt -3.63129 2.33741
vt -3.23667 2.23267
vt -3.51812 1.61820
vt -3.23667 2.23267
vt -3.24754 1.50263
vt -3.51812 1.61820
vt -3.23667 2.23267
vt -2.87740 2.24916
vt -3.24754 1.50263
vt -2.87740 2.24916
vt -2.83975 1.54878
vt -3.24754 1.50263
vt -2.87740 2.24916
vt -2.45794 2.52696
vt -2.83975 1.54878
vt -2.45794 2.52696
vt -2.39102 1.71453
vt -2.83975 1.54878
vt -2.45794 2.52696
vt -2.24242 2.77596
vt -2.39102 1.71453
vt -2.24242 2.77596
vt -2.28470 2.02279
vt -2.39102 1.71453
vt -2.28470 2.02279
vt -2.30736 2.25453
vt -2.29002 1.31774
vt -2.30736 2.25453
vt -2.22608 1.54488
vt -2.29002 1.31774
vt -2.30736 2.25453
vt -2.29137 2.55351
vt -2.22608 1.54488
vt -2.29137 2.55351
vt -2.34952 1.71106
vt -2.22608 1.54488
vt -2.29137 2.55351
vt -2.70754 2.58263
vt -2.34952 1.71106
vt -2.70754 2.58263
vt -2.77199 1.84133
vt -2.34952 1.71106
vt -2.70754 2.58263
vt -3.13120 2.48408
vt -2.77199 1.84133
vt -3.13120 2.48408
vt -3.11141 1.76784
vt -2.77199 1.84133
vt -3.13120 2.48408
vt -3.43582 2.25453
vt -3.11141 1.76784
vt -3.43582 2.25453
vt -3.54347 1.49340
vt -3.11141 1.76784
vt -3.43582 2.25453
vt -3.80290 2.02279
vt -3.54347 1.49340
vt -3.80290 2.02279
vt -3.69265 1.30990
vt -3.54347 1.49340
vt -3.80290 2.02279
vt -3.89216 1.71453
vt -3.69265 1.30990
vt -3.89216 1.71453
vt -3.69024 1.10273
vt -3.69265 1.30990
vt -3.89216 1.71453
vt -3.51812 1.61820
vt -3.69024 1.10273
vt -3.51812 1.61820
vt -3.48289 1.02523
vt -3.69024 1.10273
vt -3.51812 1.61820
vt -3.24754 1.50263
vt -3.48289 1.02523
vt -3.24754 1.50263
vt -3.27088 0.65041
vt -3.48289 1.02523
vt -3.24754 1.50263
vt -2.83975 1.54878
vt -3.27088 0.65041
vt -2.83975 1.54878
vt -2.84215 0.79124
vt -3.27088 0.65041
vt -2.83975 1.54878
vt -2.39102 1.71453
vt -2.84215 0.79124
vt -2.39102 1.71453
vt -2.57820 1.21008
vt -2.84215 0.79124
vt -2.39102 1.71453
vt -2.28470 2.02279
vt -2.57820 1.21008
vt -2.28470 2.02279
vt -2.29002 1.31774
vt -2.57820 1.21008
vt -2.29002 1.31774
vt -2.22608 1.54488
vt -2.35544 0.48032
vt -2.22608 1.54488
vt -2.42442 0.89826
vt -2.35544 0.48032
vt -2.22608 1.54488
vt -2.34952 1.71106
vt -2.42442 0.89826
vt -2.34952 1.71106
vt -2.61709 1.18651
vt -2.42442 0.89826
vt -2.34952 1.71106
vt -2.77199 1.84133
vt -2.61709 1.18651
vt -2.77199 1.84133
vt -2.79148 1.07001
vt -2.61709 1.18651
vt -2.77199 1.84133
vt -3.11141 1.76784
vt -2.79148 1.07001
vt -3.11141 1.76784
vt -3.09672 0.98437
vt -2.79148 1.07001
vt -3.11141 1.76784
vt -3.54347 1.49340
vt -3.09672 0.98437
vt -3.54347 1.49340
vt -3.39032 0.80231
vt -3.09672 0.98437
vt -3.54347 1.49340
vt -3.69265 1.30990
vt -3.39032 0.80231
vt -3.69265 1.30990
vt -3.42897 0.94524
vt -3.39032 0.80231
vt -3.69265 1.30990
vt -3.69024 1.10273
vt -3.42897 0.94524
vt -3.69024 1.10273
vt -3.54504 0.52916
vt -3.42897 0.94524
vt -3.69024 1.10273
vt -3.48289 1.02523
vt -3.54504 0.52916
vt -3.48289 1.02523
vt -3.48453 0.14244
vt -3.54504 0.52916
vt -3.48289 1.02523
vt -3.27088 0.65041
vt -3.48453 0.14244
vt -3.27088 0.65041
vt -3.17331 0.37581
vt -3.48453 0.14244
vt -3.27088 0.65041
vt -2.84215 0.79124
vt -3.17331 0.37581
vt -2.84215 0.79124
vt -2.89063 0.48110
vt -3.17331 0.37581
vt -2.84215 0.79124
vt -2.57820 1.21008
vt -2.89063 0.48110
vt -2.57820 1.21008
vt -2.65153 0.65784
vt -2.89063 0.48110
vt -2.57820 1.21008
vt -2.29002 1.31774
vt -2.65153 0.65784
vt -2.29002 1.31774
vt -2.35544 0.48032
vt -2.65153 0.65784
vt -2.35544 0.48032
vt -2.42442 0.89826
vt -2.71280 0.40450
vt -2.42442 0.89826
vt -2.70589 0.52945
vt -2.71280 0.40450
vt -2.42442 0.89826
vt -2.61709 1.18651
vt -2.70589 0.52945
vt -2.61709 1.18651
vt -2.76251 0.55400
vt -2.70589 0.52945
vt -2.61709 1.18651
vt -2.79148 1.07001
vt -2.76251 0.55400
vt -2.79148 1.07001
vt -2.86433 0.22936
vt -2.76251 0.55400
vt -2.79148 1.07001
vt -3.09672 0.98437
vt -2.86433 0.22936
vt -3.09672 0.98437
vt -3.03930 0.59796
vt -2.86433 0.22936
vt -3.09672 0.98437
vt -3.39032 0.80231
vt -3.03930 0.59796
vt -3.39032 0.80231
vt -3.16381 0.60407
vt -3.03930 0.59796
vt -3.39032 0.80231
vt -3.42897 0.94524
vt -3.16381 0.60407
vt -3.42897 0.94524
vt -3.29379 0.21786
vt -3.16381 0.60407
vt -3.42897 0.94524
vt -3.54504 0.52916
vt -3.29379 0.21786
vt -3.54504 0.52916
vt -3.31237 0.07814
vt -3.29379 0.21786
vt -3.54504 0.52916
vt -3.48453 0.14244
vt -3.31237 0.07814
vt -3.48453 0.14244
vt -3.23197 0.05344
vt -3.31237 0.07814
vt -3.48453 0.14244
vt -3.17331 0.37581
vt -3.23197 0.05344
vt -3.17331 0.37581
vt -3.07098 0.47222
vt -3.23197 0.05344
vt -3.17331 0.37581
vt -2.89063 0.48110
vt -3.07098 0.47222
vt -2.89063 0.48110
vt -2.92777 -0.00078
vt -3.07098 0.47222
vt -2.89063 0.48110
vt -2.65153 0.65784
vt -2.92777 -0.00078
vt -2.65153 0.65784
vt -2.76398 -0.00607
vt -2.92777 -0.00078
vt -2.65153 0.65784
vt -2.35544 0.48032
vt -2.76398 -0.00607
vt -2.35544 0.48032
vt -2.71280 0.40450
vt -2.76398 -0.00607
vt -2.71280 0.40450
vt -2.70589 0.52945
vt -2.98746 0.49756
vt -2.70589 0.52945
vt -2.76251 0.55400
vt -2.98746 -0.07967
vt -2.76251 0.55400
vt -2.86433 0.22936
vt -2.98746 0.03727
vt -2.86433 0.22936
vt -3.03930 0.59796
vt -2.98746 0.30767
vt -3.03930 0.59796
vt -3.16381 0.60407
vt -2.98746 0.30304
vt -3.16381 0.60407
vt -3.29379 0.21786
vt -2.98746 0.14495
vt -3.29379 0.21786
vt -3.31237 0.07814
vt -2.98746 -0.15725
vt -3.31237 0.07814
vt -3.23197 0.05344
vt -2.98746 0.41998
vt -3.23197 0.05344
vt -3.07098 0.47222
vt -2.98746 0.30304
vt -3.07098 0.47222
vt -2.92777 -0.00078
vt -2.98746 0.03264
vt -2.92777 -0.00078
vt -2.76398 -0.00607
vt -2.98746 0.03727
vt -2.76398 -0.00607
vt -2.71280 0.40450
vt -2.98746 0.19536
vt -3.67446 3.71285
vt -3.33093 3.50525
vt -3.26552 3.69141
vt -3.67446 3.64192
vt -3.44852 3.39795
vt -3.33093 3.50525
vt -3.67446 3.39563
vt -3.55833 3.89619
vt -3.44852 3.39795
vt -3.67446 3.56342
vt -3.76809 3.73668
vt -3.55833 3.89619
vt -3.67446 3.90657
vt -3.93182 3.57854
vt -3.76809 3.73668
vt -3.67446 3.47415
vt -3.98138 3.27068
vt -3.93182 3.57854
vt -3.67446 3.49249
vt -4.05421 3.44649
vt -3.98138 3.27068
vt -3.67446 3.56342
vt -3.98541 3.50747
vt -4.05421 3.44649
vt -3.67446 3.80971
vt -3.76498 3.11711
vt -3.98541 3.50747
vt -3.67446 3.64192
vt -3.58912 3.24199
vt -3.76498 3.11711
vt -3.67446 3.29877
vt -3.41519 3.38279
vt -3.58912 3.24199
vt -3.67446 3.73118
vt -3.26552 3.69141
vt -3.41519 3.38279
vt -3.26552 3.69141
vt -3.33093 3.50525
vt -3.11130 2.96692
vt -3.33093 3.50525
vt -3.01735 3.30364
vt -3.11130 2.96692
vt -3.33093 3.50525
vt -3.44852 3.39795
vt -3.01735 3.30364
vt -3.44852 3.39795
vt -3.16286 3.51122
vt -3.01735 3.30364
vt -3.44852 3.39795
vt -3.55833 3.89619
vt -3.16286 3.51122
vt -3.55833 3.89619
vt -3.45800 3.71871
vt -3.16286 3.51122
vt -3.55833 3.89619
vt -3.76809 3.73668
vt -3.45800 3.71871
vt -3.76809 3.73668
vt -3.82044 3.29432
vt -3.45800 3.71871
vt -3.76809 3.73668
vt -3.93182 3.57854
vt -3.82044 3.29432
vt -3.93182 3.57854
vt -4.10290 3.19042
vt -3.82044 3.29432
vt -3.93182 3.57854
vt -3.98138 3.27068
vt -4.10290 3.19042
vt -3.98138 3.27068
vt -4.43404 3.30247
vt -4.10290 3.19042
vt -3.98138 3.27068
vt -4.05421 3.44649
vt -4.43404 3.30247
vt -4.05421 3.44649
vt -4.35379 2.95939
vt -4.43404 3.30247
vt -4.05421 3.44649
vt -3.98541 3.50747
vt -4.35379 2.95939
vt -3.98541 3.50747
vt -4.15491 2.77893
vt -4.35379 2.95939
vt -3.98541 3.50747
vt -3.76498 3.11711
vt -4.15491 2.77893
vt -3.76498 3.11711
vt -3.83984 2.65282
vt -4.15491 2.77893
vt -3.76498 3.11711
vt -3.58912 3.24199
vt -3.83984 2.65282
vt -3.58912 3.24199
vt -3.48975 2.89761
vt -3.83984 2.65282
vt -3.58912 3.24199
vt -3.41519 3.38279
vt -3.48975 2.89761
vt -3.41519 3.38279
vt -3.14830 3.03988
vt -3.48975 2.89761
vt -3.41519 3.38279
vt -3.26552 3.69141
vt -3.14830 3.03988
vt -3.26552 3.69141
vt -3.11130 2.96692
vt -3.14830 3.03988
vt -3.11130 2.96692
vt -3.01735 3.30364
vt -2.90074 2.55237
vt -3.01735 3.30364
vt -2.65617 3.00898
vt -2.90074 2.55237
vt -3.01735 3.30364
vt -3.16286 3.51122
vt -2.65617 3.00898
vt -3.16286 3.51122
vt -3.00640 3.08055
vt -2.65617 3.00898
vt -3.16286 3.51122
vt -3.45800 3.71871
vt -3.00640 3.08055
vt -3.45800 3.71871
vt -3.46255 2.94813
vt -3.00640 3.08055
vt -3.45800 3.71871
vt -3.82044 3.29432
vt -3.46255 2.94813
vt -3.82044 3.29432
vt -3.89386 3.06466
vt -3.46255 2.94813
vt -3.82044 3.29432
vt -4.10290 3.19042
vt -3.89386 3.06466
vt -4.10290 3.19042
vt -4.33195 2.91254
vt -3.89386 3.06466
vt -4.10290 3.19042
vt -4.43404 3.30247
vt -4.33195 2.91254
vt -4.43404 3.30247
vt -4.62898 2.68031
vt -4.33195 2.91254
vt -4.43404 3.30247
vt -4.35379 2.95939
vt -4.62898 2.68031
vt -4.35379 2.95939
vt -4.40232 2.30669
vt -4.62898 2.68031
vt -4.35379 2.95939
vt -4.15491 2.77893
vt -4.40232 2.30669
vt -4.15491 2.77893
vt -4.30258 2.17876
vt -4.40232 2.30669
vt -4.15491 2.77893
vt -3.83984 2.65282
vt -4.30258 2.17876
vt -3.83984 2.65282
vt -3.96145 2.13439
vt -4.30258 2.17876
vt -3.83984 2.65282
vt -3.48975 2.89761
vt -3.96145 2.13439
vt -3.48975 2.89761
vt -3.46179 2.18149
vt -3.96145 2.13439
vt -3.48975 2.89761
vt -3.14830 3.03988
vt -3.46179 2.18149
vt -3.14830 3.03988
vt -3.08470 2.34724
vt -3.46179 2.18149
vt -3.14830 3.03988
vt -3.11130 2.96692
vt -3.08470 2.34724
vt -3.11130 2.96692
vt -2.90074 2.55237
vt -3.08470 2.34724
vt -2.90074 2.55237
vt -2.65617 3.00898
vt -2.61794 2.00490
vt -2.65617 3.00898
vt -2.77239 2.26264
vt -2.61794 2.00490
vt -2.65617 3.00898
vt -3.00640 3.08055
vt -2.77239 2.26264
vt -3.00640 3.08055
vt -3.02135 2.44031
vt -2.77239 2.26264
vt -3.00640 3.08055
vt -3.46255 2.94813
vt -3.02135 2.44031
vt -3.46255 2.94813
vt -3.42054 2.51274
vt -3.02135 2.44031
vt -3.46255 2.94813
vt -3.89386 3.06466
vt -3.42054 2.51274
vt -3.89386 3.06466
vt -3.95276 2.56151
vt -3.42054 2.51274
vt -3.89386 3.06466
vt -4.33195 2.91254
vt -3.95276 2.56151
vt -4.33195 2.91254
vt -4.31880 2.26264
vt -3.95276 2.56151
vt -4.33195 2.91254
vt -4.62898 2.68031
vt -4.31880 2.26264
vt -4.62898 2.68031
vt -4.48857 2.00490
vt -4.31880 2.26264
vt -4.62898 2.68031
vt -4.40232 2.30669
vt -4.48857 2.00490
vt -4.40232 2.30669
vt -4.66240 1.72264
vt -4.48857 2.00490
vt -4.40232 2.30669
vt -4.30258 2.17876
vt -4.66240 1.72264
vt -4.30258 2.17876
vt -4.42432 1.50500
vt -4.66240 1.72264
vt -4.30258 2.17876
vt -3.96145 2.13439
vt -4.42432 1.50500
vt -3.96145 2.13439
vt -3.96054 1.43274
vt -4.42432 1.50500
vt -3.96145 2.13439
vt -3.46179 2.18149
vt -3.96054 1.43274
vt -3.46179 2.18149
vt -3.48510 1.62620
vt -3.96054 1.43274
vt -3.46179 2.18149
vt -3.08470 2.34724
vt -3.48510 1.62620
vt -3.08470 2.34724
vt -2.96878 1.72264
vt -3.48510 1.62620
vt -3.08470 2.34724
vt -2.90074 2.55237
vt -2.96878 1.72264
vt -2.90074 2.55237
vt -2.61794 2.00490
vt -2.96878 1.72264
vt -2.61794 2.00490
vt -2.77239 2.26264
vt -2.80564 1.39014
vt -2.77239 2.26264
vt -2.96301 1.70993
vt -2.80564 1.39014
vt -2.77239 2.26264
vt -3.02135 2.44031
vt -2.96301 1.70993
vt -3.02135 2.44031
vt -2.95199 1.80494
vt -2.96301 1.70993
vt -3.02135 2.44031
vt -3.42054 2.51274
vt -2.95199 1.80494
vt -3.42054 2.51274
vt -3.40283 1.88235
vt -2.95199 1.80494
vt -3.42054 2.51274
vt -3.95276 2.56151
vt -3.40283 1.88235
vt -3.95276 2.56151
vt -3.87572 1.83779
vt -3.40283 1.88235
vt -3.95276 2.56151
vt -4.31880 2.26264
vt -3.87572 1.83779
vt -4.31880 2.26264
vt -4.25249 1.66938
vt -3.87572 1.83779
vt -4.31880 2.26264
vt -4.48857 2.00490
vt -4.25249 1.66938
vt -4.48857 2.00490
vt -4.53387 1.39679
vt -4.25249 1.66938
vt -4.48857 2.00490
vt -4.66240 1.72264
vt -4.53387 1.39679
vt -4.66240 1.72264
vt -4.70916 0.98465
vt -4.53387 1.39679
vt -4.66240 1.72264
vt -4.42432 1.50500
vt -4.70916 0.98465
vt -4.42432 1.50500
vt -4.24817 1.08117
vt -4.70916 0.98465
vt -4.42432 1.50500
vt -3.96054 1.43274
vt -4.24817 1.08117
vt -3.96054 1.43274
vt -3.90172 0.99332
vt -4.24817 1.08117
vt -3.96054 1.43274
vt -3.48510 1.62620
vt -3.90172 0.99332
vt -3.48510 1.62620
vt -3.44366 0.89007
vt -3.90172 0.99332
vt -3.48510 1.62620
vt -2.96878 1.72264
vt -3.44366 0.89007
vt -2.96878 1.72264
vt -3.00524 1.08108
vt -3.44366 0.89007
vt -2.96878 1.72264
vt -2.61794 2.00490
vt -3.00524 1.08108
vt -2.61794 2.00490
vt -2.80564 1.39014
vt -3.00524 1.08108
vt -2.80564 1.39014
vt -2.96301 1.70993
vt -3.03607 0.91438
vt -2.96301 1.70993
vt -2.95219 0.99009
vt -3.03607 0.91438
vt -2.96301 1.70993
vt -2.95199 1.80494
vt -2.95219 0.99009
vt -2.95199 1.80494
vt -3.14563 1.15295
vt -2.95219 0.99009
vt -2.95199 1.80494
vt -3.40283 1.88235
vt -3.14563 1.15295
vt -3.40283 1.88235
vt -3.49299 1.29398
vt -3.14563 1.15295
vt -3.40283 1.88235
vt -3.87572 1.83779
vt -3.49299 1.29398
vt -3.87572 1.83779
vt -3.81469 1.32715
vt -3.49299 1.29398
vt -3.87572 1.83779
vt -4.25249 1.66938
vt -3.81469 1.32715
vt -4.25249 1.66938
vt -4.23129 0.90960
vt -3.81469 1.32715
vt -4.25249 1.66938
vt -4.53387 1.39679
vt -4.23129 0.90960
vt -4.53387 1.39679
vt -4.35881 0.83585
vt -4.23129 0.90960
vt -4.53387 1.39679
vt -4.70916 0.98465
vt -4.35881 0.83585
vt -4.70916 0.98465
vt -4.28863 0.79103
vt -4.35881 0.83585
vt -4.70916 0.98465
vt -4.24817 1.08117
vt -4.28863 0.79103
vt -4.24817 1.08117
vt -4.13768 0.64102
vt -4.28863 0.79103
vt -4.24817 1.08117
vt -3.90172 0.99332
vt -4.13768 0.64102
vt -3.90172 0.99332
vt -3.87483 0.41844
vt -4.13768 0.64102
vt -3.90172 0.99332
vt -3.44366 0.89007
vt -3.87483 0.41844
vt -3.44366 0.89007
vt -3.48400 0.32264
vt -3.87483 0.41844
vt -3.44366 0.89007
vt -3.00524 1.08108
vt -3.48400 0.32264
vt -3.00524 1.08108
vt -3.27668 0.90425
vt -3.48400 0.32264
vt -3.00524 1.08108
vt -2.80564 1.39014
vt -3.27668 0.90425
vt -2.80564 1.39014
vt -3.03607 0.91438
vt -3.27668 0.90425
vt -3.03607 0.91438
vt -2.95219 0.99009
vt -3.28184 0.38569
vt -2.95219 0.99009
vt -3.27829 0.50101
vt -3.28184 0.38569
vt -2.95219 0.99009
vt -3.14563 1.15295
vt -3.27829 0.50101
vt -3.14563 1.15295
vt -3.45785 0.95823
vt -3.27829 0.50101
vt -3.14563 1.15295
vt -3.49299 1.29398
vt -3.45785 0.95823
vt -3.49299 1.29398
vt -3.56858 0.70402
vt -3.45785 0.95823
vt -3.49299 1.29398
vt -3.81469 1.32715
vt -3.56858 0.70402
vt -3.81469 1.32715
vt -3.77120 0.60253
vt -3.56858 0.70402
vt -3.81469 1.32715
vt -4.23129 0.90960
vt -3.77120 0.60253
vt -4.23129 0.90960
vt -3.94545 0.56470
vt -3.77120 0.60253
vt -4.23129 0.90960
vt -4.35881 0.83585
vt -3.94545 0.56470
vt -4.35881 0.83585
vt -3.99770 0.67183
vt -3.94545 0.56470
vt -4.35881 0.83585
vt -4.28863 0.79103
vt -3.99770 0.67183
vt -4.28863 0.79103
vt -4.00157 0.57625
vt -3.99770 0.67183
vt -4.28863 0.79103
vt -4.13768 0.64102
vt -4.00157 0.57625
vt -4.13768 0.64102
vt -3.99474 0.03018
vt -4.00157 0.57625
vt -4.13768 0.64102
vt -3.87483 0.41844
vt -3.99474 0.03018
vt -3.87483 0.41844
vt -3.77523 0.36372
vt -3.99474 0.03018
vt -3.87483 0.41844
vt -3.48400 0.32264
vt -3.77523 0.36372
vt -3.48400 0.32264
vt -3.59223 0.48402
vt -3.77523 0.36372
vt -3.48400 0.32264
vt -3.27668 0.90425
vt -3.59223 0.48402
vt -3.27668 0.90425
vt -3.42882 0.50297
vt -3.59223 0.48402
vt -3.27668 0.90425
vt -3.03607 0.91438
vt -3.42882 0.50297
vt -3.03607 0.91438
vt -3.28184 0.38569
vt -3.42882 0.50297
vt -3.28184 0.38569
vt -3.27829 0.50101
vt -3.67446 0.53566
vt -3.27829 0.50101
vt -3.45785 0.95823
vt -3.67446 0.51732
vt -3.45785 0.95823
vt -3.56858 0.70402
vt -3.67446 0.44639
vt -3.56858 0.70402
vt -3.77120 0.60253
vt -3.67446 0.20010
vt -3.77120 0.60253
vt -3.94545 0.56470
vt -3.67446 0.36789
vt -3.94545 0.56470
vt -3.99770 0.67183
vt -3.67446 0.71104
vt -3.99770 0.67183
vt -4.00157 0.57625
vt -3.67446 0.27862
vt -4.00157 0.57625
vt -3.99474 0.03018
vt -3.67446 0.29696
vt -3.99474 0.03018
vt -3.77523 0.36372
vt -3.67446 0.36789
vt -3.77523 0.36372
vt -3.59223 0.48402
vt -3.67446 0.61418
vt -3.59223 0.48402
vt -3.42882 0.50297
vt -3.67446 0.44639
vt -3.42882 0.50297
vt -3.28184 0.38569
vt -3.67446 0.10324
vt -4.36339 3.90016
vt -4.07100 3.60333
vt -4.01739 3.84687
vt -4.36339 3.75375
vt -4.14858 3.60992
vt -4.07100 3.60333
vt -4.36339 3.59346
vt -4.24299 4.18232
vt -4.14858 3.60992
vt -4.36339 3.85026
vt -4.43076 3.86633
vt -4.24299 4.18232
vt -4.36339 4.12093
vt -4.57206 3.68617
vt -4.43076 3.86633
vt -4.36339 3.56256
vt -4.64135 3.47993
vt -4.57206 3.68617
vt -4.36339 3.70384
vt -4.71469 3.70457
vt -4.64135 3.47993
vt -4.36339 3.85026
vt -4.63952 3.67218
vt -4.71469 3.70457
vt -4.36339 4.01054
vt -4.44964 3.21281
vt -4.63952 3.67218
vt -4.36339 3.75375
vt -4.29774 3.46508
vt -4.44964 3.21281
vt -4.36339 3.48308
vt -4.13501 3.63131
vt -4.29774 3.46508
vt -4.36339 4.04144
vt -4.01739 3.84687
vt -4.13501 3.63131
vt -4.01739 3.84687
vt -4.07100 3.60333
vt -3.88722 3.04471
vt -4.07100 3.60333
vt -3.75079 3.50414
vt -3.88722 3.04471
vt -4.07100 3.60333
vt -4.14858 3.60992
vt -3.75079 3.50414
vt -4.14858 3.60992
vt -3.88403 3.69139
vt -3.75079 3.50414
vt -4.14858 3.60992
vt -4.24299 4.18232
vt -3.88403 3.69139
vt -4.24299 4.18232
vt -4.15587 3.79576
vt -3.88403 3.69139
vt -4.24299 4.18232
vt -4.43076 3.86633
vt -4.15587 3.79576
vt -4.43076 3.86633
vt -4.46876 3.36864
vt -4.15587 3.79576
vt -4.43076 3.86633
vt -4.57206 3.68617
vt -4.46876 3.36864
vt -4.57206 3.68617
vt -4.74471 3.37739
vt -4.46876 3.36864
vt -4.57206 3.68617
vt -4.64135 3.47993
vt -4.74471 3.37739
vt -4.64135 3.47993
vt -5.04015 3.49269
vt -4.74471 3.37739
vt -4.64135 3.47993
vt -4.71469 3.70457
vt -5.04015 3.49269
vt -4.71469 3.70457
vt -4.94018 3.04475
vt -5.04015 3.49269
vt -4.71469 3.70457
vt -4.63952 3.67218
vt -4.94018 3.04475
vt -4.63952 3.67218
vt -4.79118 2.88361
vt -4.94018 3.04475
vt -4.63952 3.67218
vt -4.44964 3.21281
vt -4.79118 2.88361
vt -4.44964 3.21281
vt -4.53770 2.80807
vt -4.79118 2.88361
vt -4.44964 3.21281
vt -4.29774 3.46508
vt -4.53770 2.80807
vt -4.29774 3.46508
vt -4.22298 3.07445
vt -4.53770 2.80807
vt -4.29774 3.46508
vt -4.13501 3.63131
vt -4.22298 3.07445
vt -4.13501 3.63131
vt -3.93716 3.13877
vt -4.22298 3.07445
vt -4.13501 3.63131
vt -4.01739 3.84687
vt -3.93716 3.13877
vt -4.01739 3.84687
vt -3.88722 3.04471
vt -3.93716 3.13877
vt -3.88722 3.04471
vt -3.75079 3.50414
vt -3.64913 2.64197
vt -3.75079 3.50414
vt -3.45277 3.09015
vt -3.64913 2.64197
vt -3.75079 3.50414
vt -3.88403 3.69139
vt -3.45277 3.09015
vt -3.88403 3.69139
vt -3.78388 3.08506
vt -3.45277 3.09015
vt -3.88403 3.69139
vt -4.15587 3.79576
vt -3.78388 3.08506
vt -4.15587 3.79576
vt -4.15289 2.99019
vt -3.78388 3.08506
vt -4.15587 3.79576
vt -4.46876 3.36864
vt -4.15289 2.99019
vt -4.46876 3.36864
vt -4.53496 3.18739
vt -4.15289 2.99019
vt -4.46876 3.36864
vt -4.74471 3.37739
vt -4.53496 3.18739
vt -4.74471 3.37739
vt -4.92258 2.98416
vt -4.53496 3.18739
vt -4.74471 3.37739
vt -5.04015 3.49269
vt -4.92258 2.98416
vt -5.04015 3.49269
vt -5.15551 2.71399
vt -4.92258 2.98416
vt -5.04015 3.49269
vt -4.94018 3.04475
vt -5.15551 2.71399
vt -4.94018 3.04475
vt -5.00678 2.35161
vt -5.15551 2.71399
vt -4.94018 3.04475
vt -4.79118 2.88361
vt -5.00678 2.35161
vt -4.79118 2.88361
vt -4.96913 2.25178
vt -5.00678 2.35161
vt -4.79118 2.88361
vt -4.53770 2.80807
vt -4.96913 2.25178
vt -4.53770 2.80807
vt -4.65179 2.20999
vt -4.96913 2.25178
vt -4.53770 2.80807
vt -4.22298 3.07445
vt -4.65179 2.20999
vt -4.22298 3.07445
vt -4.21383 2.22779
vt -4.65179 2.20999
vt -4.22298 3.07445
vt -3.93716 3.13877
vt -4.21383 2.22779
vt -3.93716 3.13877
vt -3.86746 2.40172
vt -4.21383 2.22779
vt -3.93716 3.13877
vt -3.88722 3.04471
vt -3.86746 2.40172
vt -3.88722 3.04471
vt -3.64913 2.64197
vt -3.86746 2.40172
vt -3.64913 2.64197
vt -3.45277 3.09015
vt -3.45478 1.98119
vt -3.45277 3.09015
vt -3.60353 2.22513
vt -3.45478 1.98119
vt -3.45277 3.09015
vt -3.78388 3.08506
vt -3.60353 2.22513
vt -3.78388 3.08506
vt -3.75653 2.42363
vt -3.60353 2.22513
vt -3.78388 3.08506
vt -4.15289 2.99019
vt -3.75653 2.42363
vt -4.15289 2.99019
vt -4.09569 2.51660
vt -3.75653 2.42363
vt -4.15289 2.99019
vt -4.53496 3.18739
vt -4.09569 2.51660
vt -4.53496 3.18739
vt -4.56763 2.53075
vt -4.09569 2.51660
vt -4.53496 3.18739
vt -4.92258 2.98416
vt -4.56763 2.53075
vt -4.92258 2.98416
vt -4.87931 2.22513
vt -4.56763 2.53075
vt -4.92258 2.98416
vt -5.15551 2.71399
vt -4.87931 2.22513
vt -5.15551 2.71399
vt -5.08527 1.98119
vt -4.87931 2.22513
vt -5.15551 2.71399
vt -5.00678 2.35161
vt -5.08527 1.98119
vt -5.00678 2.35161
vt -5.28558 1.68513
vt -5.08527 1.98119
vt -5.00678 2.35161
vt -4.96913 2.25178
vt -5.28558 1.68513
vt -4.96913 2.25178
vt -5.03942 1.48832
vt -5.28558 1.68513
vt -4.96913 2.25178
vt -4.65179 2.20999
vt -5.03942 1.48832
vt -4.65179 2.20999
vt -4.63569 1.43660
vt -5.03942 1.48832
vt -4.65179 2.20999
vt -4.21383 2.22779
vt -4.63569 1.43660
vt -4.21383 2.22779
vt -4.22004 1.59544
vt -4.63569 1.43660
vt -4.21383 2.22779
vt -3.86746 2.40172
vt -4.22004 1.59544
vt -3.86746 2.40172
vt -3.73727 1.68513
vt -4.22004 1.59544
vt -3.86746 2.40172
vt -3.64913 2.64197
vt -3.73727 1.68513
vt -3.64913 2.64197
vt -3.45478 1.98119
vt -3.73727 1.68513
vt -3.45478 1.98119
vt -3.60353 2.22513
vt -3.63730 1.30946
vt -3.60353 2.22513
vt -3.70425 1.60169
vt -3.63730 1.30946
vt -3.60353 2.22513
vt -3.75653 2.42363
vt -3.70425 1.60169
vt -3.75653 2.42363
vt -3.67821 1.67510
vt -3.70425 1.60169
vt -3.75653 2.42363
vt -4.09569 2.51660
vt -3.67821 1.67510
vt -4.09569 2.51660
vt -4.10010 1.77230
vt -3.67821 1.67510
vt -4.09569 2.51660
vt -4.56763 2.53075
vt -4.10010 1.77230
vt -4.56763 2.53075
vt -4.50633 1.74551
vt -4.10010 1.77230
vt -4.56763 2.53075
vt -4.87931 2.22513
vt -4.50633 1.74551
vt -4.87931 2.22513
vt -4.87002 1.55158
vt -4.50633 1.74551
vt -4.87931 2.22513
vt -5.08527 1.98119
vt -4.87002 1.55158
vt -5.08527 1.98119
vt -5.14368 1.25932
vt -4.87002 1.55158
vt -5.08527 1.98119
vt -5.28558 1.68513
vt -5.14368 1.25932
vt -5.28558 1.68513
vt -5.25825 0.89142
vt -5.14368 1.25932
vt -5.28558 1.68513
vt -5.03942 1.48832
vt -5.25825 0.89142
vt -5.03942 1.48832
vt -4.86346 1.02864
vt -5.25825 0.89142
vt -5.03942 1.48832
vt -4.63569 1.43660
vt -4.86346 1.02864
vt -4.63569 1.43660
vt -4.59900 0.85184
vt -4.86346 1.02864
vt -4.63569 1.43660
vt -4.22004 1.59544
vt -4.59900 0.85184
vt -4.22004 1.59544
vt -4.18520 0.72840
vt -4.59900 0.85184
vt -4.22004 1.59544
vt -3.73727 1.68513
vt -4.18520 0.72840
vt -3.73727 1.68513
vt -3.81491 0.99741
vt -4.18520 0.72840
vt -3.73727 1.68513
vt -3.45478 1.98119
vt -3.81491 0.99741
vt -3.45478 1.98119
vt -3.63730 1.30946
vt -3.81491 0.99741
vt -3.63730 1.30946
vt -3.70425 1.60169
vt -3.78001 0.67823
vt -3.70425 1.60169
vt -3.70545 0.76796
vt -3.78001 0.67823
vt -3.70425 1.60169
vt -3.67821 1.67510
vt -3.70545 0.76796
vt -3.67821 1.67510
vt -3.90103 1.00581
vt -3.70545 0.76796
vt -3.67821 1.67510
vt -4.10010 1.77230
vt -3.90103 1.00581
vt -4.10010 1.77230
vt -4.18679 1.14342
vt -3.90103 1.00581
vt -4.10010 1.77230
vt -4.50633 1.74551
vt -4.18679 1.14342
vt -4.50633 1.74551
vt -4.47337 1.12493
vt -4.18679 1.14342
vt -4.50633 1.74551
vt -4.87002 1.55158
vt -4.47337 1.12493
vt -4.87002 1.55158
vt -4.84473 0.67395
vt -4.47337 1.12493
vt -4.87002 1.55158
vt -5.14368 1.25932
vt -4.84473 0.67395
vt -5.14368 1.25932
vt -4.93294 0.70912
vt -4.84473 0.67395
vt -5.14368 1.25932
vt -5.25825 0.89142
vt -4.93294 0.70912
vt -5.25825 0.89142
vt -4.89484 0.66000
vt -4.93294 0.70912
vt -5.25825 0.89142
vt -4.86346 1.02864
vt -4.89484 0.66000
vt -4.86346 1.02864
vt -4.80818 0.39436
vt -4.89484 0.66000
vt -4.86346 1.02864
vt -4.59900 0.85184
vt -4.80818 0.39436
vt -4.59900 0.85184
vt -4.56863 0.18667
vt -4.80818 0.39436
vt -4.59900 0.85184
vt -4.18520 0.72840
vt -4.56863 0.18667
vt -4.18520 0.72840
vt -4.22758 0.19290
vt -4.56863 0.18667
vt -4.18520 0.72840
vt -3.81491 0.99741
vt -4.22758 0.19290
vt -3.81491 0.99741
vt -4.03718 0.78675
vt -4.22758 0.19290
vt -3.81491 0.99741
vt -3.63730 1.30946
vt -4.03718 0.78675
vt -3.63730 1.30946
vt -3.78001 0.67823
vt -4.03718 0.78675
vt -3.78001 0.67823
vt -3.70545 0.76796
vt -4.01942 0.12644
vt -3.70545 0.76796
vt -4.02786 0.33512
vt -4.01942 0.12644
vt -3.70545 0.76796
vt -3.90103 1.00581
vt -4.02786 0.33512
vt -3.90103 1.00581
vt -4.16671 0.77671
vt -4.02786 0.33512
vt -3.90103 1.00581
vt -4.18679 1.14342
vt -4.16671 0.77671
vt -4.18679 1.14342
vt -4.25204 0.39102
vt -4.16671 0.77671
vt -4.18679 1.14342
vt -4.47337 1.12493
vt -4.25204 0.39102
vt -4.47337 1.12493
vt -4.43567 0.34755
vt -4.25204 0.39102
vt -4.47337 1.12493
vt -4.84473 0.67395
vt -4.43567 0.34755
vt -4.84473 0.67395
vt -4.58107 0.40838
vt -4.43567 0.34755
vt -4.84473 0.67395
vt -4.93294 0.70912
vt -4.58107 0.40838
vt -4.93294 0.70912
vt -4.64338 0.47150
vt -4.58107 0.40838
vt -4.93294 0.70912
vt -4.89484 0.66000
vt -4.64338 0.47150
vt -4.89484 0.66000
vt -4.67155 0.27161
vt -4.64338 0.47150
vt -4.89484 0.66000
vt -4.80818 0.39436
vt -4.67155 0.27161
vt -4.80818 0.39436
vt -4.65765 -0.24990
vt -4.67155 0.27161
vt -4.80818 0.39436
vt -4.56863 0.18667
vt -4.65765 -0.24990
vt -4.56863 0.18667
vt -4.45869 0.23901
vt -4.65765 -0.24990
vt -4.56863 0.18667
vt -4.22758 0.19290
vt -4.45869 0.23901
vt -4.22758 0.19290
vt -4.30265 0.28144
vt -4.45869 0.23901
vt -4.22758 0.19290
vt -4.03718 0.78675
vt -4.30265 0.28144
vt -4.03718 0.78675
vt -4.14403 0.18877
vt -4.30265 0.28144
vt -4.03718 0.78675
vt -3.78001 0.67823
vt -4.14403 0.18877
vt -3.78001 0.67823
vt -4.01942 0.12644
vt -4.14403 0.18877
vt -4.01942 0.12644
vt -4.02786 0.33512
vt -4.36339 0.39981
vt -4.02786 0.33512
vt -4.16671 0.77671
vt -4.36339 0.25853
vt -4.16671 0.77671
vt -4.25204 0.39102
vt -4.36339 0.11212
vt -4.25204 0.39102
vt -4.43567 0.34755
vt -4.36339 -0.04817
vt -4.43567 0.34755
vt -4.58107 0.40838
vt -4.36339 0.20862
vt -4.58107 0.40838
vt -4.64338 0.47150
vt -4.36339 0.47929
vt -4.64338 0.47150
vt -4.67155 0.27161
vt -4.36339 -0.07907
vt -4.67155 0.27161
vt -4.65765 -0.24990
vt -4.36339 0.06221
vt -4.65765 -0.24990
vt -4.45869 0.23901
vt -4.36339 0.20862
vt -4.45869 0.23901
vt -4.30265 0.28144
vt -4.36339 0.36891
vt -4.30265 0.28144
vt -4.14403 0.18877
vt -4.36339 0.11212
vt -4.14403 0.18877
vt -4.01942 0.12644
vt -4.36339 -0.15855
vt -5.07560 3.92130
vt -4.75397 3.96521
vt -4.74512 3.97029
vt -5.07560 4.08961
vt -4.87904 3.67466
vt -4.75397 3.96521
vt -5.07560 3.74217
vt -4.97142 3.97947
vt -4.87904 3.67466
vt -5.07560 3.67023
vt -5.13319 4.01653
vt -4.97142 3.97947
vt -5.07560 4.11403
vt -5.29635 4.03815
vt -5.13319 4.01653
vt -5.07560 3.92269
vt -5.32292 3.54753
vt -5.29635 4.03815
vt -5.07560 3.83854
vt -5.35768 3.56615
vt -5.32292 3.54753
vt -5.07560 3.67023
vt -5.34690 3.78598
vt -5.35768 3.56615
vt -5.07560 4.01766
vt -5.17806 3.54179
vt -5.34690 3.78598
vt -5.07560 4.08961
vt -5.02325 3.51838
vt -5.17806 3.54179
vt -5.07560 3.64580
vt -4.89928 3.50280
vt -5.02325 3.51838
vt -5.07560 3.83714
vt -4.74512 3.97029
vt -4.89928 3.50280
vt -4.74512 3.97029
vt -4.75397 3.96521
vt -4.56433 3.36683
vt -4.75397 3.96521
vt -4.55252 3.52347
vt -4.56433 3.36683
vt -4.75397 3.96521
vt -4.87904 3.67466
vt -4.55252 3.52347
vt -4.87904 3.67466
vt -4.67571 3.63609
vt -4.55252 3.52347
vt -4.87904 3.67466
vt -4.97142 3.97947
vt -4.67571 3.63609
vt -4.97142 3.97947
vt -4.85045 4.06616
vt -4.67571 3.63609
vt -4.97142 3.97947
vt -5.13319 4.01653
vt -4.85045 4.06616
vt -5.13319 4.01653
vt -5.17606 3.72920
vt -4.85045 4.06616
vt -5.13319 4.01653
vt -5.29635 4.03815
vt -5.17606 3.72920
vt -5.29635 4.03815
vt -5.38818 3.41074
vt -5.17606 3.72920
vt -5.29635 4.03815
vt -5.32292 3.54753
vt -5.38818 3.41074
vt -5.32292 3.54753
vt -5.63197 3.46181
vt -5.38818 3.41074
vt -5.32292 3.54753
vt -5.35768 3.56615
vt -5.63197 3.46181
vt -5.35768 3.56615
vt -5.66804 3.28143
vt -5.63197 3.46181
vt -5.35768 3.56615
vt -5.34690 3.78598
vt -5.66804 3.28143
vt -5.34690 3.78598
vt -5.54021 3.14304
vt -5.66804 3.28143
vt -5.34690 3.78598
vt -5.17806 3.54179
vt -5.54021 3.14304
vt -5.17806 3.54179
vt -5.23229 2.89941
vt -5.54021 3.14304
vt -5.17806 3.54179
vt -5.02325 3.51838
vt -5.23229 2.89941
vt -5.02325 3.51838
vt -4.97293 3.09226
vt -5.23229 2.89941
vt -5.02325 3.51838
vt -4.89928 3.50280
vt -4.97293 3.09226
vt -4.89928 3.50280
vt -4.65450 3.36143
vt -4.97293 3.09226
vt -4.89928 3.50280
vt -4.74512 3.97029
vt -4.65450 3.36143
vt -4.74512 3.97029
vt -4.56433 3.36683
vt -4.65450 3.36143
vt -4.56433 3.36683
vt -4.55252 3.52347
vt -4.50881 2.78462
vt -4.55252 3.52347
vt -4.28448 3.22146
vt -4.50881 2.78462
vt -4.55252 3.52347
vt -4.67571 3.63609
vt -4.28448 3.22146
vt -4.67571 3.63609
vt -4.44670 3.44880
vt -4.28448 3.22146
vt -4.67571 3.63609
vt -4.85045 4.06616
vt -4.44670 3.44880
vt -4.85045 4.06616
vt -4.84355 3.32026
vt -4.44670 3.44880
vt -4.85045 4.06616
vt -5.17606 3.72920
vt -4.84355 3.32026
vt -5.17606 3.72920
vt -5.19939 3.26079
vt -4.84355 3.32026
vt -5.17606 3.72920
vt -5.38818 3.41074
vt -5.19939 3.26079
vt -5.38818 3.41074
vt -5.54223 3.12538
vt -5.19939 3.26079
vt -5.38818 3.41074
vt -5.63197 3.46181
vt -5.54223 3.12538
vt -5.63197 3.46181
vt -5.90375 3.01258
vt -5.54223 3.12538
vt -5.63197 3.46181
vt -5.66804 3.28143
vt -5.90375 3.01258
vt -5.66804 3.28143
vt -5.74198 2.61844
vt -5.90375 3.01258
vt -5.66804 3.28143
vt -5.54021 3.14304
vt -5.74198 2.61844
vt -5.54021 3.14304
vt -5.57623 2.44653
vt -5.74198 2.61844
vt -5.54021 3.14304
vt -5.23229 2.89941
vt -5.57623 2.44653
vt -5.23229 2.89941
vt -5.34245 2.40734
vt -5.57623 2.44653
vt -5.23229 2.89941
vt -4.97293 3.09226
vt -5.34245 2.40734
vt -4.97293 3.09226
vt -4.93398 2.47838
vt -5.34245 2.40734
vt -4.97293 3.09226
vt -4.65450 3.36143
vt -4.93398 2.47838
vt -4.65450 3.36143
vt -4.58363 2.65864
vt -4.93398 2.47838
vt -4.65450 3.36143
vt -4.56433 3.36683
vt -4.58363 2.65864
vt -4.56433 3.36683
vt -4.50881 2.78462
vt -4.58363 2.65864
vt -4.50881 2.78462
vt -4.28448 3.22146
vt -4.25525 2.29027
vt -4.28448 3.22146
vt -4.23797 2.57699
vt -4.25525 2.29027
vt -4.28448 3.22146
vt -4.44670 3.44880
vt -4.23797 2.57699
vt -4.44670 3.44880
vt -4.48022 2.74575
vt -4.23797 2.57699
vt -4.44670 3.44880
vt -4.84355 3.32026
vt -4.48022 2.74575
vt -4.84355 3.32026
vt -4.85066 2.74014
vt -4.48022 2.74575
vt -4.84355 3.32026
vt -5.19939 3.26079
vt -4.85066 2.74014
vt -5.19939 3.26079
vt -5.24039 2.82680
vt -4.85066 2.74014
vt -5.19939 3.26079
vt -5.54223 3.12538
vt -5.24039 2.82680
vt -5.54223 3.12538
vt -5.62651 2.57699
vt -5.24039 2.82680
vt -5.54223 3.12538
vt -5.90375 3.01258
vt -5.62651 2.57699
vt -5.90375 3.01258
vt -5.76511 2.29027
vt -5.62651 2.57699
vt -5.90375 3.01258
vt -5.74198 2.61844
vt -5.76511 2.29027
vt -5.74198 2.61844
vt -5.81556 2.03699
vt -5.76511 2.29027
vt -5.74198 2.61844
vt -5.57623 2.44653
vt -5.81556 2.03699
vt -5.57623 2.44653
vt -5.70280 1.81044
vt -5.81556 2.03699
vt -5.57623 2.44653
vt -5.34245 2.40734
vt -5.70280 1.81044
vt -5.34245 2.40734
vt -5.39066 1.66014
vt -5.70280 1.81044
vt -5.34245 2.40734
vt -4.93398 2.47838
vt -5.39066 1.66014
vt -4.93398 2.47838
vt -4.95311 1.89149
vt -5.39066 1.66014
vt -4.93398 2.47838
vt -4.58363 2.65864
vt -4.95311 1.89149
vt -4.58363 2.65864
vt -4.58892 2.03699
vt -4.95311 1.89149
vt -4.58363 2.65864
vt -4.50881 2.78462
vt -4.58892 2.03699
vt -4.50881 2.78462
vt -4.25525 2.29027
vt -4.58892 2.03699
vt -4.25525 2.29027
vt -4.23797 2.57699
vt -4.29371 1.60830
vt -4.23797 2.57699
vt -4.48279 1.99833
vt -4.29371 1.60830
vt -4.23797 2.57699
vt -4.48022 2.74575
vt -4.48279 1.99833
vt -4.48022 2.74575
vt -4.51131 2.11414
vt -4.48279 1.99833
vt -4.48022 2.74575
vt -4.85066 2.74014
vt -4.51131 2.11414
vt -4.85066 2.74014
vt -4.80361 2.17095
vt -4.51131 2.11414
vt -4.85066 2.74014
vt -5.24039 2.82680
vt -4.80361 2.17095
vt -5.24039 2.82680
vt -5.21457 2.10567
vt -4.80361 2.17095
vt -5.24039 2.82680
vt -5.62651 2.57699
vt -5.21457 2.10567
vt -5.62651 2.57699
vt -5.51918 1.95813
vt -5.21457 2.10567
vt -5.62651 2.57699
vt -5.76511 2.29027
vt -5.51918 1.95813
vt -5.76511 2.29027
vt -5.68864 1.75557
vt -5.51918 1.95813
vt -5.76511 2.29027
vt -5.81556 2.03699
vt -5.68864 1.75557
vt -5.81556 2.03699
vt -5.94029 1.27248
vt -5.68864 1.75557
vt -5.81556 2.03699
vt -5.70280 1.81044
vt -5.94029 1.27248
vt -5.70280 1.81044
vt -5.64083 1.24901
vt -5.94029 1.27248
vt -5.70280 1.81044
vt -5.39066 1.66014
vt -5.64083 1.24901
vt -5.39066 1.66014
vt -5.30251 1.28309
vt -5.64083 1.24901
vt -5.39066 1.66014
vt -4.95311 1.89149
vt -5.30251 1.28309
vt -4.95311 1.89149
vt -4.94916 1.29903
vt -5.30251 1.28309
vt -4.95311 1.89149
vt -4.58892 2.03699
vt -4.94916 1.29903
vt -4.58892 2.03699
vt -4.56057 1.36856
vt -4.94916 1.29903
vt -4.58892 2.03699
vt -4.25525 2.29027
vt -4.56057 1.36856
vt -4.25525 2.29027
vt -4.29371 1.60830
vt -4.56057 1.36856
vt -4.29371 1.60830
vt -4.48279 1.99833
vt -4.58464 1.25648
vt -4.48279 1.99833
vt -4.53199 1.38081
vt -4.58464 1.25648
vt -4.48279 1.99833
vt -4.51131 2.11414
vt -4.53199 1.38081
vt -4.51131 2.11414
vt -4.59507 1.40830
vt -4.53199 1.38081
vt -4.51131 2.11414
vt -4.80361 2.17095
vt -4.59507 1.40830
vt -4.80361 2.17095
vt -4.87384 1.50594
vt -4.59507 1.40830
vt -4.80361 2.17095
vt -5.21457 2.10567
vt -4.87384 1.50594
vt -5.21457 2.10567
vt -5.15712 1.65352
vt -4.87384 1.50594
vt -5.21457 2.10567
vt -5.51918 1.95813
vt -5.15712 1.65352
vt -5.51918 1.95813
vt -5.46458 1.30081
vt -5.15712 1.65352
vt -5.51918 1.95813
vt -5.68864 1.75557
vt -5.46458 1.30081
vt -5.68864 1.75557
vt -5.65228 1.07596
vt -5.46458 1.30081
vt -5.68864 1.75557
vt -5.94029 1.27248
vt -5.65228 1.07596
vt -5.94029 1.27248
vt -5.64751 0.94194
vt -5.65228 1.07596
vt -5.94029 1.27248
vt -5.64083 1.24901
vt -5.64751 0.94194
vt -5.64083 1.24901
vt -5.45957 0.99800
vt -5.64751 0.94194
vt -5.64083 1.24901
vt -5.30251 1.28309
vt -5.45957 0.99800
vt -5.30251 1.28309
vt -5.25568 0.86984
vt -5.45957 0.99800
vt -5.30251 1.28309
vt -4.94916 1.29903
vt -5.25568 0.86984
vt -4.94916 1.29903
vt -4.95398 0.54836
vt -5.25568 0.86984
vt -4.94916 1.29903
vt -4.56057 1.36856
vt -4.95398 0.54836
vt -4.56057 1.36856
vt -4.73090 1.05468
vt -4.95398 0.54836
vt -4.56057 1.36856
vt -4.29371 1.60830
vt -4.73090 1.05468
vt -4.29371 1.60830
vt -4.58464 1.25648
vt -4.73090 1.05468
vt -4.58464 1.25648
vt -4.53199 1.38081
vt -4.78202 0.79786
vt -4.53199 1.38081
vt -4.71994 0.68162
vt -4.78202 0.79786
vt -4.53199 1.38081
vt -4.59507 1.40830
vt -4.71994 0.68162
vt -4.59507 1.40830
vt -4.86795 1.14552
vt -4.71994 0.68162
vt -4.59507 1.40830
vt -4.87384 1.50594
vt -4.86795 1.14552
vt -4.87384 1.50594
vt -4.97827 1.10150
vt -4.86795 1.14552
vt -4.87384 1.50594
vt -5.15712 1.65352
vt -4.97827 1.10150
vt -5.15712 1.65352
vt -5.13059 1.00013
vt -4.97827 1.10150
vt -5.15712 1.65352
vt -5.46458 1.30081
vt -5.13059 1.00013
vt -5.46458 1.30081
vt -5.30030 0.74496
vt -5.13059 1.00013
vt -5.46458 1.30081
vt -5.65228 1.07596
vt -5.30030 0.74496
vt -5.65228 1.07596
vt -5.35982 0.84540
vt -5.30030 0.74496
vt -5.65228 1.07596
vt -5.64751 0.94194
vt -5.35982 0.84540
vt -5.64751 0.94194
vt -5.32366 0.99847
vt -5.35982 0.84540
vt -5.64751 0.94194
vt -5.45957 0.99800
vt -5.32366 0.99847
vt -5.45957 0.99800
vt -5.33582 0.45752
vt -5.32366 0.99847
vt -5.45957 0.99800
vt -5.25568 0.86984
vt -5.33582 0.45752
vt -5.25568 0.86984
vt -5.18492 0.51778
vt -5.33582 0.45752
vt -5.25568 0.86984
vt -4.95398 0.54836
vt -5.18492 0.51778
vt -4.95398 0.54836
vt -5.02065 0.64325
vt -5.18492 0.51778
vt -4.95398 0.54836
vt -4.73090 1.05468
vt -5.02065 0.64325
vt -4.73090 1.05468
vt -4.90324 0.92554
vt -5.02065 0.64325
vt -4.73090 1.05468
vt -4.58464 1.25648
vt -4.90324 0.92554
vt -4.58464 1.25648
vt -4.78202 0.79786
vt -4.90324 0.92554
vt -4.78202 0.79786
vt -4.71994 0.68162
vt -5.07560 0.65785
vt -4.71994 0.68162
vt -4.86795 1.14552
vt -5.07560 0.74200
vt -4.86795 1.14552
vt -4.97827 1.10150
vt -5.07560 0.91031
vt -4.97827 1.10150
vt -5.13059 1.00013
vt -5.07560 0.56288
vt -5.13059 1.00013
vt -5.30030 0.74496
vt -5.07560 0.49093
vt -5.30030 0.74496
vt -5.35982 0.84540
vt -5.07560 0.93474
vt -5.35982 0.84540
vt -5.32366 0.99847
vt -5.07560 0.74340
vt -5.32366 0.99847
vt -5.33582 0.45752
vt -5.07560 0.65924
vt -5.33582 0.45752
vt -5.18492 0.51778
vt -5.07560 0.49093
vt -5.18492 0.51778
vt -5.02065 0.64325
vt -5.07560 0.83837
vt -5.02065 0.64325
vt -4.90324 0.92554
vt -5.07560 0.91031
vt -4.90324 0.92554
vt -4.78202 0.79786
vt -5.07560 0.46651
vt 1.37829 4.09333
vt 1.74276 3.83832
vt 1.81597 4.06919
vt 1.37829 4.01300
vt 1.61460 3.70242
vt 1.74276 3.83832
vt 1.37829 3.72478
vt 1.49431 4.26664
vt 1.61460 3.70242
vt 1.37829 3.91755
vt 1.27155 4.09173
vt 1.49431 4.26664
vt 1.37829 4.31820
vt 1.09909 3.92261
vt 1.27155 4.09173
vt 1.37829 3.81826
vt 1.05016 3.57900
vt 1.09909 3.92261
vt 1.37829 3.83722
vt 0.97623 3.79975
vt 1.05016 3.57900
vt 1.37829 3.91755
vt 1.05273 3.88892
vt 0.97623 3.79975
vt 1.37829 4.20577
vt 1.28766 3.43233
vt 1.05273 3.88892
vt 1.37829 4.01300
vt 1.47549 3.57324
vt 1.28766 3.43233
vt 1.37829 3.61235
vt 1.65898 3.72504
vt 1.47549 3.57324
vt 1.37829 4.11229
vt 1.81597 4.06919
vt 1.65898 3.72504
vt 1.81597 4.06919
vt 1.74276 3.83832
vt 1.98128 3.22831
vt 1.74276 3.83832
vt 2.07407 3.58665
vt 1.98128 3.22831
vt 1.74276 3.83832
vt 1.61460 3.70242
vt 2.07407 3.58665
vt 1.61460 3.70242
vt 1.91329 3.80304
vt 2.07407 3.58665
vt 1.61460 3.70242
vt 1.49431 4.26664
vt 1.91329 3.80304
vt 1.49431 4.26664
vt 1.59492 4.03187
vt 1.91329 3.80304
vt 1.49431 4.26664
vt 1.27155 4.09173
vt 1.59492 4.03187
vt 1.27155 4.09173
vt 1.21180 3.56167
vt 1.59492 4.03187
vt 1.27155 4.09173
vt 1.09909 3.92261
vt 1.21180 3.56167
vt 1.09909 3.92261
vt 0.91444 3.45785
vt 1.21180 3.56167
vt 1.09909 3.92261
vt 1.05016 3.57900
vt 0.91444 3.45785
vt 1.05016 3.57900
vt 0.56625 3.61581
vt 0.91444 3.45785
vt 1.05016 3.57900
vt 0.97623 3.79975
vt 0.56625 3.61581
vt 0.97623 3.79975
vt 0.65770 3.25078
vt 0.56625 3.61581
vt 0.97623 3.79975
vt 1.05273 3.88892
vt 0.65770 3.25078
vt 1.05273 3.88892
vt 0.87510 3.06134
vt 0.65770 3.25078
vt 1.05273 3.88892
vt 1.28766 3.43233
vt 0.87510 3.06134
vt 1.28766 3.43233
vt 1.21308 2.91507
vt 0.87510 3.06134
vt 1.28766 3.43233
vt 1.47549 3.57324
vt 1.21308 2.91507
vt 1.47549 3.57324
vt 1.58863 3.20550
vt 1.21308 2.91507
vt 1.47549 3.57324
vt 1.65898 3.72504
vt 1.58863 3.20550
vt 1.65898 3.72504
vt 1.94897 3.34684
vt 1.58863 3.20550
vt 1.65898 3.72504
vt 1.81597 4.06919
vt 1.94897 3.34684
vt 1.81597 4.06919
vt 1.98128 3.22831
vt 1.94897 3.34684
vt 1.98128 3.22831
vt 2.07407 3.58665
vt 2.20496 2.74533
vt 2.07407 3.58665
vt 2.45714 3.22900
vt 2.20496 2.74533
vt 2.07407 3.58665
vt 1.91329 3.80304
vt 2.45714 3.22900
vt 1.91329 3.80304
vt 2.07818 3.28888
vt 2.45714 3.22900
vt 1.91329 3.80304
vt 1.59492 4.03187
vt 2.07818 3.28888
vt 1.59492 4.03187
vt 1.59029 3.13781
vt 2.07818 3.28888
vt 1.59492 4.03187
vt 1.21180 3.56167
vt 1.59029 3.13781
vt 1.21180 3.56167
vt 1.12855 3.26895
vt 1.59029 3.13781
vt 1.21180 3.56167
vt 0.91444 3.45785
vt 1.12855 3.26895
vt 0.91444 3.45785
vt 0.66600 3.12156
vt 1.12855 3.26895
vt 0.91444 3.45785
vt 0.56625 3.61581
vt 0.66600 3.12156
vt 0.56625 3.61581
vt 0.35614 2.89541
vt 0.66600 3.12156
vt 0.56625 3.61581
vt 0.65770 3.25078
vt 0.35614 2.89541
vt 0.65770 3.25078
vt 0.60657 2.49453
vt 0.35614 2.89541
vt 0.65770 3.25078
vt 0.87510 3.06134
vt 0.60657 2.49453
vt 0.87510 3.06134
vt 0.72171 2.37945
vt 0.60657 2.49453
vt 0.87510 3.06134
vt 1.21308 2.91507
vt 0.72171 2.37945
vt 1.21308 2.91507
vt 1.09140 2.35313
vt 0.72171 2.37945
vt 1.21308 2.91507
vt 1.58863 3.20550
vt 1.09140 2.35313
vt 1.58863 3.20550
vt 1.62091 2.38429
vt 1.09140 2.35313
vt 1.58863 3.20550
vt 1.94897 3.34684
vt 1.62091 2.38429
vt 1.94897 3.34684
vt 2.01767 2.54609
vt 1.62091 2.38429
vt 1.94897 3.34684
vt 1.98128 3.22831
vt 2.01767 2.54609
vt 1.98128 3.22831
vt 2.20496 2.74533
vt 2.01767 2.54609
vt 2.20496 2.74533
vt 2.45714 3.22900
vt 2.50861 2.11062
vt 2.45714 3.22900
vt 2.33548 2.36867
vt 2.50861 2.11062
vt 2.45714 3.22900
vt 2.07818 3.28888
vt 2.33548 2.36867
vt 2.07818 3.28888
vt 2.06172 2.54599
vt 2.33548 2.36867
vt 2.07818 3.28888
vt 1.59029 3.13781
vt 2.06172 2.54599
vt 1.59029 3.13781
vt 1.63190 2.61783
vt 2.06172 2.54599
vt 1.59029 3.13781
vt 1.12855 3.26895
vt 1.63190 2.61783
vt 1.12855 3.26895
vt 1.06113 2.66727
vt 1.63190 2.61783
vt 1.12855 3.26895
vt 0.66600 3.12156
vt 1.06113 2.66727
vt 0.66600 3.12156
vt 0.67915 2.36867
vt 1.06113 2.66727
vt 0.66600 3.12156
vt 0.35614 2.89541
vt 0.67915 2.36867
vt 0.35614 2.89541
vt 0.50746 2.11062
vt 0.67915 2.36867
vt 0.35614 2.89541
vt 0.60657 2.49453
vt 0.50746 2.11062
vt 0.60657 2.49453
vt 0.33244 1.82867
vt 0.50746 2.11062
vt 0.60657 2.49453
vt 0.72171 2.37945
vt 0.33244 1.82867
vt 0.72171 2.37945
vt 0.59349 1.61068
vt 0.33244 1.82867
vt 0.72171 2.37945
vt 1.09140 2.35313
vt 0.59349 1.61068
vt 1.09140 2.35313
vt 1.09190 1.53783
vt 0.59349 1.61068
vt 1.09140 2.35313
vt 1.62091 2.38429
vt 1.09190 1.53783
vt 1.62091 2.38429
vt 1.59405 1.73196
vt 1.09190 1.53783
vt 1.62091 2.38429
vt 2.01767 2.54609
vt 1.59405 1.73196
vt 2.01767 2.54609
vt 2.14220 1.82867
vt 1.59405 1.73196
vt 2.01767 2.54609
vt 2.20496 2.74533
vt 2.14220 1.82867
vt 2.20496 2.74533
vt 2.50861 2.11062
vt 2.14220 1.82867
vt 2.50861 2.11062
vt 2.33548 2.36867
vt 2.30870 1.39628
vt 2.33548 2.36867
vt 2.13180 1.73578
vt 2.30870 1.39628
vt 2.33548 2.36867
vt 2.06172 2.54599
vt 2.13180 1.73578
vt 2.06172 2.54599
vt 2.13365 1.80136
vt 2.13180 1.73578
vt 2.06172 2.54599
vt 1.63190 2.61783
vt 2.13365 1.80136
vt 1.63190 2.61783
vt 1.65006 1.88091
vt 2.13365 1.80136
vt 1.63190 2.61783
vt 1.06113 2.66727
vt 1.65006 1.88091
vt 1.06113 2.66727
vt 1.14869 1.85163
vt 1.65006 1.88091
vt 1.06113 2.66727
vt 0.67915 2.36867
vt 1.14869 1.85163
vt 0.67915 2.36867
vt 0.75222 1.68422
vt 1.14869 1.85163
vt 0.67915 2.36867
vt 0.50746 2.11062
vt 0.75222 1.68422
vt 0.50746 2.11062
vt 0.45988 1.40549
vt 0.75222 1.68422
vt 0.50746 2.11062
vt 0.33244 1.82867
vt 0.45988 1.40549
vt 0.33244 1.82867
vt 0.28122 0.97336
vt 0.45988 1.40549
vt 0.33244 1.82867
vt 0.59349 1.61068
vt 0.28122 0.97336
vt 0.59349 1.61068
vt 0.77719 1.09867
vt 0.28122 0.97336
vt 0.59349 1.61068
vt 1.09190 1.53783
vt 0.77719 1.09867
vt 1.09190 1.53783
vt 1.15116 1.01012
vt 0.77719 1.09867
vt 1.09190 1.53783
vt 1.59405 1.73196
vt 1.15116 1.01012
vt 1.59405 1.73196
vt 1.64104 0.89196
vt 1.15116 1.01012
vt 1.59405 1.73196
vt 2.14220 1.82867
vt 1.64104 0.89196
vt 2.14220 1.82867
vt 2.10390 1.08080
vt 1.64104 0.89196
vt 2.14220 1.82867
vt 2.50861 2.11062
vt 2.10390 1.08080
vt 2.50861 2.11062
vt 2.30870 1.39628
vt 2.10390 1.08080
vt 2.30870 1.39628
vt 2.13180 1.73578
vt 2.06059 0.84593
vt 2.13180 1.73578
vt 2.14322 0.90033
vt 2.06059 0.84593
vt 2.13180 1.73578
vt 2.13365 1.80136
vt 2.14322 0.90033
vt 2.13365 1.80136
vt 1.93218 1.06414
vt 2.14322 0.90033
vt 2.13365 1.80136
vt 1.65006 1.88091
vt 1.93218 1.06414
vt 1.65006 1.88091
vt 1.55991 1.22634
vt 1.93218 1.06414
vt 1.65006 1.88091
vt 1.14869 1.85163
vt 1.55991 1.22634
vt 1.14869 1.85163
vt 1.21866 1.27968
vt 1.55991 1.22634
vt 1.14869 1.85163
vt 0.75222 1.68422
vt 1.21866 1.27968
vt 0.75222 1.68422
vt 0.77524 0.80426
vt 1.21866 1.27968
vt 0.75222 1.68422
vt 0.45988 1.40549
vt 0.77524 0.80426
vt 0.45988 1.40549
vt 0.64557 0.75245
vt 0.77524 0.80426
vt 0.45988 1.40549
vt 0.28122 0.97336
vt 0.64557 0.75245
vt 0.28122 0.97336
vt 0.72685 0.72865
vt 0.64557 0.75245
vt 0.28122 0.97336
vt 0.77719 1.09867
vt 0.72685 0.72865
vt 0.77719 1.09867
vt 0.89399 0.57856
vt 0.72685 0.72865
vt 0.77719 1.09867
vt 1.15116 1.01012
vt 0.89399 0.57856
vt 1.15116 1.01012
vt 1.17807 0.33481
vt 0.89399 0.57856
vt 1.15116 1.01012
vt 1.64104 0.89196
vt 1.17807 0.33481
vt 1.64104 0.89196
vt 1.59549 0.21767
vt 1.17807 0.33481
vt 1.64104 0.89196
vt 2.10390 1.08080
vt 1.59549 0.21767
vt 2.10390 1.08080
vt 1.80977 0.85745
vt 1.59549 0.21767
vt 2.10390 1.08080
vt 2.30870 1.39628
vt 1.80977 0.85745
vt 2.30870 1.39628
vt 2.06059 0.84593
vt 1.80977 0.85745
vt 2.06059 0.84593
vt 2.14322 0.90033
vt 1.79817 0.23170
vt 2.14322 0.90033
vt 1.79858 0.34494
vt 1.79817 0.23170
vt 2.14322 0.90033
vt 1.93218 1.06414
vt 1.79858 0.34494
vt 1.93218 1.06414
vt 1.60508 0.87189
vt 1.79858 0.34494
vt 1.93218 1.06414
vt 1.55991 1.22634
vt 1.60508 0.87189
vt 1.55991 1.22634
vt 1.48406 0.56822
vt 1.60508 0.87189
vt 1.55991 1.22634
vt 1.21866 1.27968
vt 1.48406 0.56822
vt 1.21866 1.27968
vt 1.26809 0.45223
vt 1.48406 0.56822
vt 1.21866 1.27968
vt 0.77524 0.80426
vt 1.26809 0.45223
vt 0.77524 0.80426
vt 1.08430 0.41965
vt 1.26809 0.45223
vt 0.77524 0.80426
vt 0.64557 0.75245
vt 1.08430 0.41965
vt 0.64557 0.75245
vt 1.03236 0.56260
vt 1.08430 0.41965
vt 0.64557 0.75245
vt 0.72685 0.72865
vt 1.03236 0.56260
vt 0.72685 0.72865
vt 1.03205 0.46932
vt 1.03236 0.56260
vt 0.72685 0.72865
vt 0.89399 0.57856
vt 1.03205 0.46932
vt 0.89399 0.57856
vt 1.04321 -0.14657
vt 1.03205 0.46932
vt 0.89399 0.57856
vt 1.17807 0.33481
vt 1.04321 -0.14657
vt 1.17807 0.33481
vt 1.27741 0.23584
vt 1.04321 -0.14657
vt 1.17807 0.33481
vt 1.59549 0.21767
vt 1.27741 0.23584
vt 1.59549 0.21767
vt 1.47203 0.37097
vt 1.27741 0.23584
vt 1.59549 0.21767
vt 1.80977 0.85745
vt 1.47203 0.37097
vt 1.80977 0.85745
vt 1.64418 0.38503
vt 1.47203 0.37097
vt 1.80977 0.85745
vt 2.06059 0.84593
vt 1.64418 0.38503
vt 2.06059 0.84593
vt 1.79817 0.23170
vt 1.64418 0.38503
vt 1.79817 0.23170
vt 1.79858 0.34494
vt 1.37829 0.40299
vt 1.79858 0.34494
vt 1.60508 0.87189
vt 1.37829 0.38403
vt 1.60508 0.87189
vt 1.48406 0.56822
vt 1.37829 0.30370
vt 1.48406 0.56822
vt 1.26809 0.45223
vt 1.37829 0.01548
vt 1.26809 0.45223
vt 1.08430 0.41965
vt 1.37829 0.20825
vt 1.08430 0.41965
vt 1.03236 0.56260
vt 1.37829 0.60890
vt 1.03236 0.56260
vt 1.03205 0.46932
vt 1.37829 0.10896
vt 1.03205 0.46932
vt 1.04321 -0.14657
vt 1.37829 0.12792
vt 1.04321 -0.14657
vt 1.27741 0.23584
vt 1.37829 0.20825
vt 1.27741 0.23584
vt 1.47203 0.37097
vt 1.37829 0.49647
vt 1.47203 0.37097
vt 1.64418 0.38503
vt 1.37829 0.30370
vt 1.64418 0.38503
vt 1.79817 0.23170
vt 1.37829 -0.09695
vt 2.15825 4.20784
vt 2.54016 4.42047
vt 2.53155 4.29848
vt 2.15825 4.55581
vt 2.38457 4.05678
vt 2.54016 4.42047
vt 2.15825 4.18964
vt 2.25770 4.24681
vt 2.38457 4.05678
vt 2.15825 3.95532
vt 2.07828 4.31281
vt 2.25770 4.24681
vt 2.15825 4.43514
vt 1.88001 4.50563
vt 2.07828 4.31281
vt 2.15825 4.35897
vt 1.85721 3.92724
vt 1.88001 4.50563
vt 2.15825 4.30329
vt 1.85284 3.82825
vt 1.85721 3.92724
vt 2.15825 3.95532
vt 1.86844 4.12492
vt 1.85284 3.82825
vt 2.15825 4.32149
vt 2.05105 3.96341
vt 1.86844 4.12492
vt 2.15825 4.55581
vt 2.23648 3.91684
vt 2.05105 3.96341
vt 2.15825 4.07599
vt 2.36068 3.75268
vt 2.23648 3.91684
vt 2.15825 4.15217
vt 2.53155 4.29848
vt 2.36068 3.75268
vt 2.53155 4.29848
vt 2.54016 4.42047
vt 2.79006 3.72520
vt 2.54016 4.42047
vt 2.76420 3.82801
vt 2.79006 3.72520
vt 2.54016 4.42047
vt 2.38457 4.05678
vt 2.76420 3.82801
vt 2.38457 4.05678
vt 2.57251 3.81976
vt 2.76420 3.82801
vt 2.38457 4.05678
vt 2.25770 4.24681
vt 2.57251 3.81976
vt 2.25770 4.24681
vt 2.38026 4.36639
vt 2.57251 3.81976
vt 2.25770 4.24681
vt 2.07828 4.31281
vt 2.38026 4.36639
vt 2.07828 4.31281
vt 2.00543 4.11253
vt 2.38026 4.36639
vt 2.07828 4.31281
vt 1.88001 4.50563
vt 2.00543 4.11253
vt 1.88001 4.50563
vt 1.77255 3.69799
vt 2.00543 4.11253
vt 1.88001 4.50563
vt 1.85721 3.92724
vt 1.77255 3.69799
vt 1.85721 3.92724
vt 1.54405 3.68773
vt 1.77255 3.69799
vt 1.85721 3.92724
vt 1.85284 3.82825
vt 1.54405 3.68773
vt 1.85284 3.82825
vt 1.49420 3.56746
vt 1.54405 3.68773
vt 1.85284 3.82825
vt 1.86844 4.12492
vt 1.49420 3.56746
vt 1.86844 4.12492
vt 1.61882 3.50637
vt 1.49420 3.56746
vt 1.86844 4.12492
vt 2.05105 3.96341
vt 1.61882 3.50637
vt 2.05105 3.96341
vt 1.99842 3.17092
vt 1.61882 3.50637
vt 2.05105 3.96341
vt 2.23648 3.91684
vt 1.99842 3.17092
vt 2.23648 3.91684
vt 2.29776 3.33050
vt 1.99842 3.17092
vt 2.23648 3.91684
vt 2.36068 3.75268
vt 2.29776 3.33050
vt 2.36068 3.75268
vt 2.66071 3.66474
vt 2.29776 3.33050
vt 2.36068 3.75268
vt 2.53155 4.29848
vt 2.66071 3.66474
vt 2.53155 4.29848
vt 2.79006 3.72520
vt 2.66071 3.66474
vt 2.79006 3.72520
vt 2.76420 3.82801
vt 2.81453 2.95925
vt 2.76420 3.82801
vt 3.01049 3.37401
vt 2.81453 2.95925
vt 2.76420 3.82801
vt 2.57251 3.81976
vt 3.01049 3.37401
vt 2.57251 3.81976
vt 2.85600 3.66819
vt 3.01049 3.37401
vt 2.57251 3.81976
vt 2.38026 4.36639
vt 2.85600 3.66819
vt 2.38026 4.36639
vt 2.40485 3.58331
vt 2.85600 3.66819
vt 2.38026 4.36639
vt 2.00543 4.11253
vt 2.40485 3.58331
vt 2.00543 4.11253
vt 1.98132 3.44577
vt 2.40485 3.58331
vt 2.00543 4.11253
vt 1.77255 3.69799
vt 1.98132 3.44577
vt 1.77255 3.69799
vt 1.62723 3.26571
vt 1.98132 3.44577
vt 1.77255 3.69799
vt 1.54405 3.68773
vt 1.62723 3.26571
vt 1.54405 3.68773
vt 1.18653 3.23726
vt 1.62723 3.26571
vt 1.54405 3.68773
vt 1.49420 3.56746
vt 1.18653 3.23726
vt 1.49420 3.56746
vt 1.35115 2.83608
vt 1.18653 3.23726
vt 1.49420 3.56746
vt 1.61882 3.50637
vt 1.35115 2.83608
vt 1.61882 3.50637
vt 1.60995 2.63197
vt 1.35115 2.83608
vt 1.61882 3.50637
vt 1.99842 3.17092
vt 1.60995 2.63197
vt 1.99842 3.17092
vt 1.90596 2.60185
vt 1.60995 2.63197
vt 1.99842 3.17092
vt 2.29776 3.33050
vt 1.90596 2.60185
vt 2.29776 3.33050
vt 2.36326 2.68719
vt 1.90596 2.60185
vt 2.29776 3.33050
vt 2.66071 3.66474
vt 2.36326 2.68719
vt 2.66071 3.66474
vt 2.78767 2.88850
vt 2.36326 2.68719
vt 2.66071 3.66474
vt 2.79006 3.72520
vt 2.78767 2.88850
vt 2.79006 3.72520
vt 2.81453 2.95925
vt 2.78767 2.88850
vt 2.81453 2.95925
vt 3.01049 3.37401
vt 3.07029 2.38082
vt 3.01049 3.37401
vt 3.13723 2.67517
vt 3.07029 2.38082
vt 3.01049 3.37401
vt 2.85600 3.66819
vt 3.13723 2.67517
vt 2.85600 3.66819
vt 2.84977 2.86038
vt 3.13723 2.67517
vt 2.85600 3.66819
vt 2.40485 3.58331
vt 2.84977 2.86038
vt 2.40485 3.58331
vt 2.37556 2.81544
vt 2.84977 2.86038
vt 2.40485 3.58331
vt 1.98132 3.44577
vt 2.37556 2.81544
vt 1.98132 3.44577
vt 1.93174 2.89327
vt 2.37556 2.81544
vt 1.98132 3.44577
vt 1.62723 3.26571
vt 1.93174 2.89327
vt 1.62723 3.26571
vt 1.47360 2.67517
vt 1.93174 2.89327
vt 1.62723 3.26571
vt 1.18653 3.23726
vt 1.47360 2.67517
vt 1.18653 3.23726
vt 1.30817 2.38082
vt 1.47360 2.67517
vt 1.18653 3.23726
vt 1.35115 2.83608
vt 1.30817 2.38082
vt 1.35115 2.83608
vt 1.34118 2.13517
vt 1.30817 2.38082
vt 1.35115 2.83608
vt 1.60995 2.63197
vt 1.34118 2.13517
vt 1.60995 2.63197
vt 1.50105 1.92508
vt 1.34118 2.13517
vt 1.60995 2.63197
vt 1.90596 2.60185
vt 1.50105 1.92508
vt 1.90596 2.60185
vt 1.83556 1.73544
vt 1.50105 1.92508
vt 1.90596 2.60185
vt 2.36326 2.68719
vt 1.83556 1.73544
vt 2.36326 2.68719
vt 2.34515 1.95797
vt 1.83556 1.73544
vt 2.36326 2.68719
vt 2.78767 2.88850
vt 2.34515 1.95797
vt 2.78767 2.88850
vt 2.72965 2.13517
vt 2.34515 1.95797
vt 2.78767 2.88850
vt 2.81453 2.95925
vt 2.72965 2.13517
vt 2.81453 2.95925
vt 3.07029 2.38082
vt 2.72965 2.13517
vt 3.07029 2.38082
vt 3.13723 2.67517
vt 3.10805 1.54369
vt 3.13723 2.67517
vt 2.86364 1.98294
vt 3.10805 1.54369
vt 3.13723 2.67517
vt 2.84977 2.86038
vt 2.86364 1.98294
vt 2.84977 2.86038
vt 2.75222 2.10876
vt 2.86364 1.98294
vt 2.84977 2.86038
vt 2.37556 2.81544
vt 2.75222 2.10876
vt 2.37556 2.81544
vt 2.42106 2.15057
vt 2.75222 2.10876
vt 2.37556 2.81544
vt 1.93174 2.89327
vt 2.42106 2.15057
vt 1.93174 2.89327
vt 1.94951 2.06890
vt 2.42106 2.15057
vt 1.93174 2.89327
vt 1.47360 2.67517
vt 1.94951 2.06890
vt 1.47360 2.67517
vt 1.59994 1.93051
vt 1.94951 2.06890
vt 1.47360 2.67517
vt 1.30817 2.38082
vt 1.59994 1.93051
vt 1.30817 2.38082
vt 1.48006 1.78309
vt 1.59994 1.93051
vt 1.30817 2.38082
vt 1.34118 2.13517
vt 1.48006 1.78309
vt 1.34118 2.13517
vt 1.20431 1.26912
vt 1.48006 1.78309
vt 1.34118 2.13517
vt 1.50105 1.92508
vt 1.20431 1.26912
vt 1.50105 1.92508
vt 1.50617 1.17773
vt 1.20431 1.26912
vt 1.50105 1.92508
vt 1.83556 1.73544
vt 1.50617 1.17773
vt 1.83556 1.73544
vt 1.92217 1.22969
vt 1.50617 1.17773
vt 1.83556 1.73544
vt 2.34515 1.95797
vt 1.92217 1.22969
vt 2.34515 1.95797
vt 2.33145 1.33828
vt 1.92217 1.22969
vt 2.34515 1.95797
vt 2.72965 2.13517
vt 2.33145 1.33828
vt 2.72965 2.13517
vt 2.76038 1.37743
vt 2.33145 1.33828
vt 2.72965 2.13517
vt 3.07029 2.38082
vt 2.76038 1.37743
vt 3.07029 2.38082
vt 3.10805 1.54369
vt 2.76038 1.37743
vt 3.10805 1.54369
vt 2.86364 1.98294
vt 2.74146 1.13984
vt 2.86364 1.98294
vt 2.74134 1.33886
vt 2.74146 1.13984
vt 2.86364 1.98294
vt 2.75222 2.10876
vt 2.74134 1.33886
vt 2.75222 2.10876
vt 2.68051 1.29110
vt 2.74134 1.33886
vt 2.75222 2.10876
vt 2.42106 2.15057
vt 2.68051 1.29110
vt 2.42106 2.15057
vt 2.37076 1.33025
vt 2.68051 1.29110
vt 2.42106 2.15057
vt 1.94951 2.06890
vt 2.37076 1.33025
vt 1.94951 2.06890
vt 2.03854 1.56593
vt 2.37076 1.33025
vt 1.94951 2.06890
vt 1.59994 1.93051
vt 2.03854 1.56593
vt 1.59994 1.93051
vt 1.71240 1.24158
vt 2.03854 1.56593
vt 1.59994 1.93051
vt 1.48006 1.78309
vt 1.71240 1.24158
vt 1.48006 1.78309
vt 1.49545 0.97052
vt 1.71240 1.24158
vt 1.48006 1.78309
vt 1.20431 1.26912
vt 1.49545 0.97052
vt 1.20431 1.26912
vt 1.47134 0.74029
vt 1.49545 0.97052
vt 1.20431 1.26912
vt 1.50617 1.17773
vt 1.47134 0.74029
vt 1.50617 1.17773
vt 1.72682 0.88226
vt 1.47134 0.74029
vt 1.50617 1.17773
vt 1.92217 1.22969
vt 1.72682 0.88226
vt 1.92217 1.22969
vt 1.98893 0.86651
vt 1.72682 0.88226
vt 1.92217 1.22969
vt 2.33145 1.33828
vt 1.98893 0.86651
vt 2.33145 1.33828
vt 2.33086 0.42474
vt 1.98893 0.86651
vt 2.33145 1.33828
vt 2.76038 1.37743
vt 2.33086 0.42474
vt 2.76038 1.37743
vt 2.60056 0.87030
vt 2.33086 0.42474
vt 2.76038 1.37743
vt 3.10805 1.54369
vt 2.60056 0.87030
vt 3.10805 1.54369
vt 2.74146 1.13984
vt 2.60056 0.87030
vt 2.74146 1.13984
vt 2.74134 1.33886
vt 2.48119 0.72187
vt 2.74134 1.33886
vt 2.56535 0.45142
vt 2.48119 0.72187
vt 2.74134 1.33886
vt 2.68051 1.29110
vt 2.56535 0.45142
vt 2.68051 1.29110
vt 2.40238 0.91161
vt 2.56535 0.45142
vt 2.68051 1.29110
vt 2.37076 1.33025
vt 2.40238 0.91161
vt 2.37076 1.33025
vt 2.25492 0.95369
vt 2.40238 0.91161
vt 2.37076 1.33025
vt 2.03854 1.56593
vt 2.25492 0.95369
vt 2.03854 1.56593
vt 2.08373 0.91786
vt 2.25492 0.95369
vt 2.03854 1.56593
vt 1.71240 1.24158
vt 2.08373 0.91786
vt 1.71240 1.24158
vt 1.88469 0.52699
vt 2.08373 0.91786
vt 1.71240 1.24158
vt 1.49545 0.97052
vt 1.88469 0.52699
vt 1.49545 0.97052
vt 1.80685 0.57571
vt 1.88469 0.52699
vt 1.49545 0.97052
vt 1.47134 0.74029
vt 1.80685 0.57571
vt 1.47134 0.74029
vt 1.87803 0.88431
vt 1.80685 0.57571
vt 1.47134 0.74029
vt 1.72682 0.88226
vt 1.87803 0.88431
vt 1.72682 0.88226
vt 1.88625 0.36664
vt 1.87803 0.88431
vt 1.72682 0.88226
vt 1.98893 0.86651
vt 1.88625 0.36664
vt 1.98893 0.86651
vt 2.04827 0.31726
vt 1.88625 0.36664
vt 1.98893 0.86651
vt 2.33086 0.42474
vt 2.04827 0.31726
vt 2.33086 0.42474
vt 2.24194 0.35895
vt 2.04827 0.31726
vt 2.33086 0.42474
vt 2.60056 0.87030
vt 2.24194 0.35895
vt 2.60056 0.87030
vt 2.36536 0.79915
vt 2.24194 0.35895
vt 2.60056 0.87030
vt 2.74146 1.13984
vt 2.36536 0.79915
vt 2.74146 1.13984
vt 2.48119 0.72187
vt 2.36536 0.79915
vt 2.48119 0.72187
vt 2.56535 0.45142
vt 2.15825 0.40268
vt 2.56535 0.45142
vt 2.40238 0.91161
vt 2.15825 0.45836
vt 2.40238 0.91161
vt 2.25492 0.95369
vt 2.15825 0.80633
vt 2.25492 0.95369
vt 2.08373 0.91786
vt 2.15825 0.44016
vt 2.08373 0.91786
vt 1.88469 0.52699
vt 2.15825 0.20584
vt 1.88469 0.52699
vt 1.80685 0.57571
vt 2.15825 0.68566
vt 1.80685 0.57571
vt 1.87803 0.88431
vt 2.15825 0.60948
vt 1.87803 0.88431
vt 1.88625 0.36664
vt 2.15825 0.55381
vt 1.88625 0.36664
vt 2.04827 0.31726
vt 2.15825 0.20584
vt 2.04827 0.31726
vt 2.24194 0.35895
vt 2.15825 0.57201
vt 2.24194 0.35895
vt 2.36536 0.79915
vt 2.15825 0.80633
vt 2.36536 0.79915
vt 2.48119 0.72187
vt 2.15825 0.32651
vt 2.90039 3.77751
vt 3.19972 3.67830
vt 3.22260 3.71868
vt 2.90039 3.72056
vt 3.15604 3.93931
vt 3.19972 3.67830
vt 2.90039 3.86980
vt 3.02286 4.26841
vt 3.15604 3.93931
vt 2.90039 4.02336
vt 2.83405 3.73491
vt 3.02286 4.26841
vt 2.90039 3.97075
vt 2.68202 3.75141
vt 2.83405 3.73491
vt 2.90039 3.55321
vt 2.56388 3.78260
vt 2.68202 3.75141
vt 2.90039 3.96642
vt 2.52593 3.79995
vt 2.56388 3.78260
vt 2.90039 4.02336
vt 2.64772 3.56408
vt 2.52593 3.79995
vt 2.90039 3.87413
vt 2.81621 3.30945
vt 2.64772 3.56408
vt 2.90039 3.72056
vt 2.98445 3.72417
vt 2.81621 3.30945
vt 2.90039 3.77318
vt 3.14916 3.73643
vt 2.98445 3.72417
vt 2.90039 4.19071
vt 3.22260 3.71868
vt 3.14916 3.73643
vt 3.22260 3.71868
vt 3.19972 3.67830
vt 3.42231 3.24469
vt 3.19972 3.67830
vt 3.62160 3.80505
vt 3.42231 3.24469
vt 3.19972 3.67830
vt 3.15604 3.93931
vt 3.62160 3.80505
vt 3.15604 3.93931
vt 3.38188 3.77266
vt 3.62160 3.80505
vt 3.15604 3.93931
vt 3.02286 4.26841
vt 3.38188 3.77266
vt 3.02286 4.26841
vt 3.08339 3.72443
vt 3.38188 3.77266
vt 3.02286 4.26841
vt 2.83405 3.73491
vt 3.08339 3.72443
vt 2.83405 3.73491
vt 2.77686 3.57404
vt 3.08339 3.72443
vt 2.83405 3.73491
vt 2.68202 3.75141
vt 2.77686 3.57404
vt 2.68202 3.75141
vt 2.43737 3.69207
vt 2.77686 3.57404
vt 2.68202 3.75141
vt 2.56388 3.78260
vt 2.43737 3.69207
vt 2.56388 3.78260
vt 2.20516 3.56561
vt 2.43737 3.69207
vt 2.56388 3.78260
vt 2.52593 3.79995
vt 2.20516 3.56561
vt 2.52593 3.79995
vt 2.37660 3.06580
vt 2.20516 3.56561
vt 2.52593 3.79995
vt 2.64772 3.56408
vt 2.37660 3.06580
vt 2.64772 3.56408
vt 2.44262 3.05435
vt 2.37660 3.06580
vt 2.64772 3.56408
vt 2.81621 3.30945
vt 2.44262 3.05435
vt 2.81621 3.30945
vt 2.70155 3.05421
vt 2.44262 3.05435
vt 2.81621 3.30945
vt 2.98445 3.72417
vt 2.70155 3.05421
vt 2.98445 3.72417
vt 3.05476 3.16286
vt 2.70155 3.05421
vt 2.98445 3.72417
vt 3.14916 3.73643
vt 3.05476 3.16286
vt 3.14916 3.73643
vt 3.30053 3.14605
vt 3.05476 3.16286
vt 3.14916 3.73643
vt 3.22260 3.71868
vt 3.30053 3.14605
vt 3.22260 3.71868
vt 3.42231 3.24469
vt 3.30053 3.14605
vt 3.42231 3.24469
vt 3.62160 3.80505
vt 3.73919 2.92157
vt 3.62160 3.80505
vt 3.78986 3.21798
vt 3.73919 2.92157
vt 3.62160 3.80505
vt 3.38188 3.77266
vt 3.78986 3.21798
vt 3.38188 3.77266
vt 3.43501 3.18602
vt 3.78986 3.21798
vt 3.38188 3.77266
vt 3.08339 3.72443
vt 3.43501 3.18602
vt 3.08339 3.72443
vt 3.13043 3.30073
vt 3.43501 3.18602
vt 3.08339 3.72443
vt 2.77686 3.57404
vt 3.13043 3.30073
vt 2.77686 3.57404
vt 2.68705 3.50261
vt 3.13043 3.30073
vt 2.77686 3.57404
vt 2.43737 3.69207
vt 2.68705 3.50261
vt 2.43737 3.69207
vt 2.34687 3.12172
vt 2.68705 3.50261
vt 2.43737 3.69207
vt 2.20516 3.56561
vt 2.34687 3.12172
vt 2.20516 3.56561
vt 2.14890 2.85460
vt 2.34687 3.12172
vt 2.20516 3.56561
vt 2.37660 3.06580
vt 2.14890 2.85460
vt 2.37660 3.06580
vt 2.16319 2.60489
vt 2.14890 2.85460
vt 2.37660 3.06580
vt 2.44262 3.05435
vt 2.16319 2.60489
vt 2.44262 3.05435
vt 2.20781 2.47892
vt 2.16319 2.60489
vt 2.44262 3.05435
vt 2.70155 3.05421
vt 2.20781 2.47892
vt 2.70155 3.05421
vt 2.63153 2.39783
vt 2.20781 2.47892
vt 2.70155 3.05421
vt 3.05476 3.16286
vt 2.63153 2.39783
vt 3.05476 3.16286
vt 3.05014 2.42488
vt 2.63153 2.39783
vt 3.05476 3.16286
vt 3.30053 3.14605
vt 3.05014 2.42488
vt 3.30053 3.14605
vt 3.47465 2.64527
vt 3.05014 2.42488
vt 3.30053 3.14605
vt 3.42231 3.24469
vt 3.47465 2.64527
vt 3.42231 3.24469
vt 3.73919 2.92157
vt 3.47465 2.64527
vt 3.73919 2.92157
vt 3.78986 3.21798
vt 3.76221 2.27817
vt 3.78986 3.21798
vt 3.63548 2.50362
vt 3.76221 2.27817
vt 3.78986 3.21798
vt 3.43501 3.18602
vt 3.63548 2.50362
vt 3.43501 3.18602
vt 3.60390 2.77354
vt 3.63548 2.50362
vt 3.43501 3.18602
vt 3.13043 3.30073
vt 3.60390 2.77354
vt 3.13043 3.30073
vt 3.18658 2.85056
vt 3.60390 2.77354
vt 3.13043 3.30073
vt 2.68705 3.50261
vt 3.18658 2.85056
vt 2.68705 3.50261
vt 2.69170 2.77481
vt 3.18658 2.85056
vt 2.68705 3.50261
vt 2.34687 3.12172
vt 2.69170 2.77481
vt 2.34687 3.12172
vt 2.39074 2.50362
vt 2.69170 2.77481
vt 2.34687 3.12172
vt 2.14890 2.85460
vt 2.39074 2.50362
vt 2.14890 2.85460
vt 2.04090 2.27817
vt 2.39074 2.50362
vt 2.14890 2.85460
vt 2.16319 2.60489
vt 2.04090 2.27817
vt 2.16319 2.60489
vt 1.87478 1.96362
vt 2.04090 2.27817
vt 2.16319 2.60489
vt 2.20781 2.47892
vt 1.87478 1.96362
vt 2.20781 2.47892
vt 2.27559 1.83823
vt 1.87478 1.96362
vt 2.20781 2.47892
vt 2.63153 2.39783
vt 2.27559 1.83823
vt 2.63153 2.39783
vt 2.64658 1.77056
vt 2.27559 1.83823
vt 2.63153 2.39783
vt 3.05014 2.42488
vt 2.64658 1.77056
vt 3.05014 2.42488
vt 3.08471 1.83950
vt 2.64658 1.77056
vt 3.05014 2.42488
vt 3.47465 2.64527
vt 3.08471 1.83950
vt 3.47465 2.64527
vt 3.61144 1.96362
vt 3.08471 1.83950
vt 3.47465 2.64527
vt 3.73919 2.92157
vt 3.61144 1.96362
vt 3.73919 2.92157
vt 3.76221 2.27817
vt 3.61144 1.96362
vt 3.76221 2.27817
vt 3.63548 2.50362
vt 3.65104 1.70237
vt 3.63548 2.50362
vt 3.69672 1.92523
vt 3.65104 1.70237
vt 3.63548 2.50362
vt 3.60390 2.77354
vt 3.69672 1.92523
vt 3.60390 2.77354
vt 3.62207 2.06897
vt 3.69672 1.92523
vt 3.60390 2.77354
vt 3.18658 2.85056
vt 3.62207 2.06897
vt 3.18658 2.85056
vt 3.13106 2.17550
vt 3.62207 2.06897
vt 3.18658 2.85056
vt 2.69170 2.77481
vt 3.13106 2.17550
vt 2.69170 2.77481
vt 2.74240 2.12338
vt 3.13106 2.17550
vt 2.69170 2.77481
vt 2.39074 2.50362
vt 2.74240 2.12338
vt 2.39074 2.50362
vt 2.28512 1.88486
vt 2.74240 2.12338
vt 2.39074 2.50362
vt 2.04090 2.27817
vt 2.28512 1.88486
vt 2.04090 2.27817
vt 2.06076 1.63413
vt 2.28512 1.88486
vt 2.04090 2.27817
vt 1.87478 1.96362
vt 2.06076 1.63413
vt 1.87478 1.96362
vt 2.07004 1.40083
vt 2.06076 1.63413
vt 1.87478 1.96362
vt 2.27559 1.83823
vt 2.07004 1.40083
vt 2.27559 1.83823
vt 2.39487 1.41974
vt 2.07004 1.40083
vt 2.27559 1.83823
vt 2.64658 1.77056
vt 2.39487 1.41974
vt 2.64658 1.77056
vt 2.63216 1.08588
vt 2.39487 1.41974
vt 2.64658 1.77056
vt 3.08471 1.83950
vt 2.63216 1.08588
vt 3.08471 1.83950
vt 3.10549 1.10099
vt 2.63216 1.08588
vt 3.08471 1.83950
vt 3.61144 1.96362
vt 3.10549 1.10099
vt 3.61144 1.96362
vt 3.41290 1.49709
vt 3.10549 1.10099
vt 3.61144 1.96362
vt 3.76221 2.27817
vt 3.41290 1.49709
vt 3.76221 2.27817
vt 3.65104 1.70237
vt 3.41290 1.49709
vt 3.65104 1.70237
vt 3.69672 1.92523
vt 3.59444 0.99289
vt 3.69672 1.92523
vt 3.56943 1.27212
vt 3.59444 0.99289
vt 3.69672 1.92523
vt 3.62207 2.06897
vt 3.56943 1.27212
vt 3.62207 2.06897
vt 3.31879 1.56872
vt 3.56943 1.27212
vt 3.62207 2.06897
vt 3.13106 2.17550
vt 3.31879 1.56872
vt 3.13106 2.17550
vt 3.08302 1.56535
vt 3.31879 1.56872
vt 3.13106 2.17550
vt 2.74240 2.12338
vt 3.08302 1.56535
vt 2.74240 2.12338
vt 2.75819 1.46328
vt 3.08302 1.56535
vt 2.74240 2.12338
vt 2.28512 1.88486
vt 2.75819 1.46328
vt 2.28512 1.88486
vt 2.39954 1.19187
vt 2.75819 1.46328
vt 2.28512 1.88486
vt 2.06076 1.63413
vt 2.39954 1.19187
vt 2.06076 1.63413
vt 2.37729 1.30948
vt 2.39954 1.19187
vt 2.06076 1.63413
vt 2.07004 1.40083
vt 2.37729 1.30948
vt 2.07004 1.40083
vt 2.32442 1.05879
vt 2.37729 1.30948
vt 2.07004 1.40083
vt 2.39487 1.41974
vt 2.32442 1.05879
vt 2.39487 1.41974
vt 2.37953 0.66151
vt 2.32442 1.05879
vt 2.39487 1.41974
vt 2.63216 1.08588
vt 2.37953 0.66151
vt 2.63216 1.08588
vt 2.70118 0.70389
vt 2.37953 0.66151
vt 2.63216 1.08588
vt 3.10549 1.10099
vt 2.70118 0.70389
vt 3.10549 1.10099
vt 3.03609 0.85453
vt 2.70118 0.70389
vt 3.10549 1.10099
vt 3.41290 1.49709
vt 3.03609 0.85453
vt 3.41290 1.49709
vt 3.26270 1.17178
vt 3.03609 0.85453
vt 3.41290 1.49709
vt 3.65104 1.70237
vt 3.26270 1.17178
vt 3.65104 1.70237
vt 3.59444 0.99289
vt 3.26270 1.17178
vt 3.59444 0.99289
vt 3.56943 1.27212
vt 3.23772 0.77004
vt 3.56943 1.27212
vt 3.21571 0.99670
vt 3.23772 0.77004
vt 3.56943 1.27212
vt 3.31879 1.56872
vt 3.21571 0.99670
vt 3.31879 1.56872
vt 3.12395 1.14040
vt 3.21571 0.99670
vt 3.31879 1.56872
vt 3.08302 1.56535
vt 3.12395 1.14040
vt 3.08302 1.56535
vt 3.02275 0.77911
vt 3.12395 1.14040
vt 3.08302 1.56535
vt 2.75819 1.46328
vt 3.02275 0.77911
vt 2.75819 1.46328
vt 2.82456 0.97381
vt 3.02275 0.77911
vt 2.75819 1.46328
vt 2.39954 1.19187
vt 2.82456 0.97381
vt 2.39954 1.19187
vt 2.69261 1.06023
vt 2.82456 0.97381
vt 2.39954 1.19187
vt 2.37729 1.30948
vt 2.69261 1.06023
vt 2.37729 1.30948
vt 2.57900 0.84135
vt 2.69261 1.06023
vt 2.37729 1.30948
vt 2.32442 1.05879
vt 2.57900 0.84135
vt 2.32442 1.05879
vt 2.54191 0.60145
vt 2.57900 0.84135
vt 2.32442 1.05879
vt 2.37953 0.66151
vt 2.54191 0.60145
vt 2.37953 0.66151
vt 2.61562 0.42789
vt 2.54191 0.60145
vt 2.37953 0.66151
vt 2.70118 0.70389
vt 2.61562 0.42789
vt 2.70118 0.70389
vt 2.81610 0.90842
vt 2.61562 0.42789
vt 2.70118 0.70389
vt 3.03609 0.85453
vt 2.81610 0.90842
vt 3.03609 0.85453
vt 2.97495 0.64058
vt 2.81610 0.90842
vt 3.03609 0.85453
vt 3.26270 1.17178
vt 2.97495 0.64058
vt 3.26270 1.17178
vt 3.15975 0.52834
vt 2.97495 0.64058
vt 3.26270 1.17178
vt 3.59444 0.99289
vt 3.15975 0.52834
vt 3.59444 0.99289
vt 3.23772 0.77004
vt 3.15975 0.52834
vt 3.23772 0.77004
vt 3.21571 0.99670
vt 2.90039 1.00312
vt 3.21571 0.99670
vt 3.12395 1.14040
vt 2.90039 0.58992
vt 3.12395 1.14040
vt 3.02275 0.77911
vt 2.90039 0.53297
vt 3.02275 0.77911
vt 2.82456 0.97381
vt 2.90039 0.68221
vt 2.82456 0.97381
vt 2.69261 1.06023
vt 2.90039 0.83577
vt 2.69261 1.06023
vt 2.57900 0.84135
vt 2.90039 0.78316
vt 2.57900 0.84135
vt 2.54191 0.60145
vt 2.90039 0.36563
vt 2.54191 0.60145
vt 2.61562 0.42789
vt 2.90039 0.77883
vt 2.61562 0.42789
vt 2.81610 0.90842
vt 2.90039 0.83577
vt 2.81610 0.90842
vt 2.97495 0.64058
vt 2.90039 0.68654
vt 2.97495 0.64058
vt 3.15975 0.52834
vt 2.90039 0.53297
vt 3.15975 0.52834
vt 3.23772 0.77004
vt 2.90039 0.58559
vt 3.60746 3.79582
vt 3.95157 3.69135
vt 3.98220 3.73140
vt 3.60746 3.74604
vt 3.89364 3.98318
vt 3.95157 3.69135
vt 3.60746 3.92926
vt 3.72960 4.32784
vt 3.89364 3.98318
vt 3.60746 4.08850
vt 3.51693 3.72749
vt 3.72960 4.32784
vt 3.60746 4.01474
vt 3.34237 3.77354
vt 3.51693 3.72749
vt 3.60746 3.55645
vt 3.21031 3.82825
vt 3.34237 3.77354
vt 3.60746 4.03872
vt 3.17978 3.84593
vt 3.21031 3.82825
vt 3.60746 4.08850
vt 3.32873 3.58120
vt 3.17978 3.84593
vt 3.60746 3.90528
vt 3.52295 3.30706
vt 3.32873 3.58120
vt 3.60746 3.74604
vt 3.72391 3.78734
vt 3.52295 3.30706
vt 3.60746 3.81980
vt 3.90751 3.77332
vt 3.72391 3.78734
vt 3.60746 4.27809
vt 3.98220 3.73140
vt 3.90751 3.77332
vt 3.98220 3.73140
vt 3.95157 3.69135
vt 4.22317 3.21399
vt 3.95157 3.69135
vt 4.43753 3.82020
vt 4.22317 3.21399
vt 3.95157 3.69135
vt 3.89364 3.98318
vt 4.43753 3.82020
vt 3.89364 3.98318
vt 4.13954 3.75043
vt 4.43753 3.82020
vt 3.89364 3.98318
vt 3.72960 4.32784
vt 4.13954 3.75043
vt 3.72960 4.32784
vt 3.78940 3.69229
vt 4.13954 3.75043
vt 3.72960 4.32784
vt 3.51693 3.72749
vt 3.78940 3.69229
vt 3.51693 3.72749
vt 3.43636 3.54994
vt 3.78940 3.69229
vt 3.51693 3.72749
vt 3.34237 3.77354
vt 3.43636 3.54994
vt 3.34237 3.77354
vt 3.04440 3.69437
vt 3.43636 3.54994
vt 3.34237 3.77354
vt 3.21031 3.82825
vt 3.04440 3.69437
vt 3.21031 3.82825
vt 2.79691 3.56283
vt 3.04440 3.69437
vt 3.21031 3.82825
vt 3.17978 3.84593
vt 2.79691 3.56283
vt 3.17978 3.84593
vt 3.01143 3.01929
vt 2.79691 3.56283
vt 3.17978 3.84593
vt 3.32873 3.58120
vt 3.01143 3.01929
vt 3.32873 3.58120
vt 3.09573 3.03929
vt 3.01143 3.01929
vt 3.32873 3.58120
vt 3.52295 3.30706
vt 3.09573 3.03929
vt 3.52295 3.30706
vt 3.40757 3.04864
vt 3.09573 3.03929
vt 3.52295 3.30706
vt 3.72391 3.78734
vt 3.40757 3.04864
vt 3.72391 3.78734
vt 3.81880 3.15728
vt 3.40757 3.04864
vt 3.72391 3.78734
vt 3.90751 3.77332
vt 3.81880 3.15728
vt 3.90751 3.77332
vt 4.08866 3.11238
vt 3.81880 3.15728
vt 3.90751 3.77332
vt 3.98220 3.73140
vt 4.08866 3.11238
vt 3.98220 3.73140
vt 4.22317 3.21399
vt 4.08866 3.11238
vt 4.22317 3.21399
vt 4.43753 3.82020
vt 4.59308 2.84257
vt 4.43753 3.82020
vt 4.61937 3.13310
vt 4.59308 2.84257
vt 4.43753 3.82020
vt 4.13954 3.75043
vt 4.61937 3.13310
vt 4.13954 3.75043
vt 4.19960 3.08685
vt 4.61937 3.13310
vt 4.13954 3.75043
vt 3.78940 3.69229
vt 4.19960 3.08685
vt 3.78940 3.69229
vt 3.83936 3.21782
vt 4.19960 3.08685
vt 3.78940 3.69229
vt 3.43636 3.54994
vt 3.83936 3.21782
vt 3.43636 3.54994
vt 3.31313 3.43460
vt 3.83936 3.21782
vt 3.43636 3.54994
vt 3.04440 3.69437
vt 3.31313 3.43460
vt 3.04440 3.69437
vt 2.94290 3.02775
vt 3.31313 3.43460
vt 3.04440 3.69437
vt 2.79691 3.56283
vt 2.94290 3.02775
vt 2.79691 3.56283
vt 2.72958 2.76267
vt 2.94290 3.02775
vt 2.79691 3.56283
vt 3.01143 3.01929
vt 2.72958 2.76267
vt 3.01143 3.01929
vt 2.75609 2.51513
vt 2.72958 2.76267
vt 3.01143 3.01929
vt 3.09573 3.03929
vt 2.75609 2.51513
vt 3.09573 3.03929
vt 2.83580 2.40464
vt 2.75609 2.51513
vt 3.09573 3.03929
vt 3.40757 3.04864
vt 2.83580 2.40464
vt 3.40757 3.04864
vt 3.34046 2.31723
vt 2.83580 2.40464
vt 3.40757 3.04864
vt 3.81880 3.15728
vt 3.34046 2.31723
vt 3.81880 3.15728
vt 3.81283 2.32447
vt 3.34046 2.31723
vt 3.81880 3.15728
vt 4.08866 3.11238
vt 3.81283 2.32447
vt 4.08866 3.11238
vt 4.30729 2.56458
vt 3.81283 2.32447
vt 4.08866 3.11238
vt 4.22317 3.21399
vt 4.30729 2.56458
vt 4.22317 3.21399
vt 4.59308 2.84257
vt 4.30729 2.56458
vt 4.59308 2.84257
vt 4.61937 3.13310
vt 4.60928 2.11163
vt 4.61937 3.13310
vt 4.44964 2.33712
vt 4.60928 2.11163
vt 4.61937 3.13310
vt 4.19960 3.08685
vt 4.44964 2.33712
vt 4.19960 3.08685
vt 4.39519 2.61074
vt 4.44964 2.33712
vt 4.19960 3.08685
vt 3.83936 3.21782
vt 4.39519 2.61074
vt 3.83936 3.21782
vt 3.89361 2.68394
vt 4.39519 2.61074
vt 3.83936 3.21782
vt 3.31313 3.43460
vt 3.89361 2.68394
vt 3.31313 3.43460
vt 3.32243 2.60453
vt 3.89361 2.68394
vt 3.31313 3.43460
vt 2.94290 3.02775
vt 3.32243 2.60453
vt 2.94290 3.02775
vt 2.99077 2.33712
vt 3.32243 2.60453
vt 2.94290 3.02775
vt 2.72958 2.76267
vt 2.99077 2.33712
vt 2.72958 2.76267
vt 2.59224 2.11163
vt 2.99077 2.33712
vt 2.72958 2.76267
vt 2.75609 2.51513
vt 2.59224 2.11163
vt 2.75609 2.51513
vt 2.43284 1.79712
vt 2.59224 2.11163
vt 2.75609 2.51513
vt 2.83580 2.40464
vt 2.43284 1.79712
vt 2.83580 2.40464
vt 2.91902 1.67543
vt 2.43284 1.79712
vt 2.83580 2.40464
vt 3.34046 2.31723
vt 2.91902 1.67543
vt 3.34046 2.31723
vt 3.35361 1.60394
vt 2.91902 1.67543
vt 3.34046 2.31723
vt 3.81283 2.32447
vt 3.35361 1.60394
vt 3.81283 2.32447
vt 3.86329 1.66922
vt 3.35361 1.60394
vt 3.81283 2.32447
vt 4.30729 2.56458
vt 3.86329 1.66922
vt 4.30729 2.56458
vt 4.46757 1.79712
vt 3.86329 1.66922
vt 4.30729 2.56458
vt 4.59308 2.84257
vt 4.46757 1.79712
vt 4.59308 2.84257
vt 4.60928 2.11163
vt 4.46757 1.79712
vt 4.60928 2.11163
vt 4.44964 2.33712
vt 4.49007 1.45708
vt 4.44964 2.33712
vt 4.52644 1.67608
vt 4.49007 1.45708
vt 4.44964 2.33712
vt 4.39519 2.61074
vt 4.52644 1.67608
vt 4.39519 2.61074
vt 4.40729 1.80791
vt 4.52644 1.67608
vt 4.39519 2.61074
vt 3.89361 2.68394
vt 4.40729 1.80791
vt 3.89361 2.68394
vt 3.83630 1.93540
vt 4.40729 1.80791
vt 3.89361 2.68394
vt 3.32243 2.60453
vt 3.83630 1.93540
vt 3.32243 2.60453
vt 3.38923 1.88546
vt 3.83630 1.93540
vt 3.32243 2.60453
vt 2.99077 2.33712
vt 3.38923 1.88546
vt 2.99077 2.33712
vt 2.85811 1.62662
vt 3.38923 1.88546
vt 2.99077 2.33712
vt 2.59224 2.11163
vt 2.85811 1.62662
vt 2.59224 2.11163
vt 2.62657 1.38420
vt 2.85811 1.62662
vt 2.59224 2.11163
vt 2.43284 1.79712
vt 2.62657 1.38420
vt 2.43284 1.79712
vt 2.66316 1.15842
vt 2.62657 1.38420
vt 2.43284 1.79712
vt 2.91902 1.67543
vt 2.66316 1.15842
vt 2.91902 1.67543
vt 3.04348 1.18280
vt 2.66316 1.15842
vt 2.91902 1.67543
vt 3.35361 1.60394
vt 3.04348 1.18280
vt 3.35361 1.60394
vt 3.33740 0.82345
vt 3.04348 1.18280
vt 3.35361 1.60394
vt 3.86329 1.66922
vt 3.33740 0.82345
vt 3.86329 1.66922
vt 3.88892 0.84647
vt 3.33740 0.82345
vt 3.86329 1.66922
vt 4.46757 1.79712
vt 3.88892 0.84647
vt 4.46757 1.79712
vt 4.22250 1.26376
vt 3.88892 0.84647
vt 4.46757 1.79712
vt 4.60928 2.11163
vt 4.22250 1.26376
vt 4.60928 2.11163
vt 4.49007 1.45708
vt 4.22250 1.26376
vt 4.49007 1.45708
vt 4.52644 1.67608
vt 4.42470 0.64844
vt 4.52644 1.67608
vt 4.36970 0.95085
vt 4.42470 0.64844
vt 4.52644 1.67608
vt 4.40729 1.80791
vt 4.36970 0.95085
vt 4.40729 1.80791
vt 4.06954 1.27396
vt 4.36970 0.95085
vt 4.40729 1.80791
vt 3.83630 1.93540
vt 4.06954 1.27396
vt 3.83630 1.93540
vt 3.79120 1.25034
vt 4.06954 1.27396
vt 3.83630 1.93540
vt 3.38923 1.88546
vt 3.79120 1.25034
vt 3.38923 1.88546
vt 3.41071 1.13820
vt 3.79120 1.25034
vt 3.38923 1.88546
vt 2.85811 1.62662
vt 3.41071 1.13820
vt 2.85811 1.62662
vt 3.00454 0.85775
vt 3.41071 1.13820
vt 2.85811 1.62662
vt 2.62657 1.38420
vt 3.00454 0.85775
vt 2.62657 1.38420
vt 2.99844 1.02125
vt 3.00454 0.85775
vt 2.62657 1.38420
vt 2.66316 1.15842
vt 2.99844 1.02125
vt 2.66316 1.15842
vt 2.94360 0.74518
vt 2.99844 1.02125
vt 2.66316 1.15842
vt 3.04348 1.18280
vt 2.94360 0.74518
vt 3.04348 1.18280
vt 3.02573 0.31992
vt 2.94360 0.74518
vt 3.04348 1.18280
vt 3.33740 0.82345
vt 3.02573 0.31992
vt 3.33740 0.82345
vt 3.40936 0.39062
vt 3.02573 0.31992
vt 3.33740 0.82345
vt 3.88892 0.84647
vt 3.40936 0.39062
vt 3.88892 0.84647
vt 3.79316 0.55059
vt 3.40936 0.39062
vt 3.88892 0.84647
vt 4.22250 1.26376
vt 3.79316 0.55059
vt 4.22250 1.26376
vt 4.04880 0.87101
vt 3.79316 0.55059
vt 4.22250 1.26376
vt 4.49007 1.45708
vt 4.04880 0.87101
vt 4.49007 1.45708
vt 4.42470 0.64844
vt 4.04880 0.87101
vt 4.42470 0.64844
vt 4.36970 0.95085
vt 3.99987 0.41547
vt 4.36970 0.95085
vt 3.96752 0.65153
vt 3.99987 0.41547
vt 4.36970 0.95085
vt 4.06954 1.27396
vt 3.96752 0.65153
vt 4.06954 1.27396
vt 3.85801 0.79060
vt 3.96752 0.65153
vt 4.06954 1.27396
vt 3.79120 1.25034
vt 3.85801 0.79060
vt 3.79120 1.25034
vt 3.73012 0.37654
vt 3.85801 0.79060
vt 3.79120 1.25034
vt 3.41071 1.13820
vt 3.73012 0.37654
vt 3.41071 1.13820
vt 3.50387 0.62100
vt 3.73012 0.37654
vt 3.41071 1.13820
vt 3.00454 0.85775
vt 3.50387 0.62100
vt 3.00454 0.85775
vt 3.35691 0.72414
vt 3.50387 0.62100
vt 3.00454 0.85775
vt 2.99844 1.02125
vt 3.35691 0.72414
vt 2.99844 1.02125
vt 3.22798 0.47139
vt 3.35691 0.72414
vt 2.99844 1.02125
vt 2.94360 0.74518
vt 3.22798 0.47139
vt 2.94360 0.74518
vt 3.19572 0.22150
vt 3.22798 0.47139
vt 2.94360 0.74518
vt 3.02573 0.31992
vt 3.19572 0.22150
vt 3.02573 0.31992
vt 3.29310 0.05583
vt 3.19572 0.22150
vt 3.02573 0.31992
vt 3.40936 0.39062
vt 3.29310 0.05583
vt 3.40936 0.39062
vt 3.52347 0.58768
vt 3.29310 0.05583
vt 3.40936 0.39062
vt 3.79316 0.55059
vt 3.52347 0.58768
vt 3.79316 0.55059
vt 3.71085 0.26620
vt 3.52347 0.58768
vt 3.79316 0.55059
vt 4.04880 0.87101
vt 3.71085 0.26620
vt 4.04880 0.87101
vt 3.92206 0.13930
vt 3.71085 0.26620
vt 4.04880 0.87101
vt 4.42470 0.64844
vt 3.92206 0.13930
vt 4.42470 0.64844
vt 3.99987 0.41547
vt 3.92206 0.13930
vt 3.99987 0.41547
vt 3.96752 0.65153
vt 3.60746 0.66681
vt 3.96752 0.65153
vt 3.85801 0.79060
vt 3.60746 0.18453
vt 3.85801 0.79060
vt 3.73012 0.37654
vt 3.60746 0.13475
vt 3.73012 0.37654
vt 3.50387 0.62100
vt 3.60746 0.31797
vt 3.50387 0.62100
vt 3.35691 0.72414
vt 3.60746 0.47721
vt 3.35691 0.72414
vt 3.22798 0.47139
vt 3.60746 0.40346
vt 3.22798 0.47139
vt 3.19572 0.22150
vt 3.60746 -0.05484
vt 3.19572 0.22150
vt 3.29310 0.05583
vt 3.60746 0.42743
vt 3.29310 0.05583
vt 3.52347 0.58768
vt 3.60746 0.47721
vt 3.52347 0.58768
vt 3.71085 0.26620
vt 3.60746 0.29399
vt 3.71085 0.26620
vt 3.92206 0.13930
vt 3.60746 0.13475
vt 3.92206 0.13930
vt 3.99987 0.41547
vt 3.60746 0.20851
vt 4.29446 3.58858
vt 4.57287 3.41664
vt 4.60801 3.52773
vt 4.29446 3.47884
vt 4.52714 3.60916
vt 4.57287 3.41664
vt 4.29446 3.53623
vt 4.41789 4.01067
vt 4.52714 3.60916
vt 4.29446 3.73705
vt 4.23548 3.56036
vt 4.41789 4.01067
vt 4.29446 3.77076
vt 4.09698 3.48585
vt 4.23548 3.56036
vt 4.29446 3.32107
vt 3.99597 3.45940
vt 4.09698 3.48585
vt 4.29446 3.62732
vt 3.93950 3.54552
vt 3.99597 3.45940
vt 4.29446 3.73705
vt 4.04216 3.36350
vt 3.93950 3.54552
vt 4.29446 3.67967
vt 4.21125 3.05692
vt 4.04216 3.36350
vt 4.29446 3.47884
vt 4.36253 3.40116
vt 4.21125 3.05692
vt 4.29446 3.44513
vt 4.52370 3.48590
vt 4.36253 3.40116
vt 4.29446 3.89483
vt 4.60801 3.52773
vt 4.52370 3.48590
vt 4.60801 3.52773
vt 4.57287 3.41664
vt 4.76449 2.98854
vt 4.57287 3.41664
vt 4.94946 3.50838
vt 4.76449 2.98854
vt 4.57287 3.41664
vt 4.52714 3.60916
vt 4.94946 3.50838
vt 4.52714 3.60916
vt 4.76566 3.57047
vt 4.94946 3.50838
vt 4.52714 3.60916
vt 4.41789 4.01067
vt 4.76566 3.57047
vt 4.41789 4.01067
vt 4.48495 3.54642
vt 4.76566 3.57047
vt 4.41789 4.01067
vt 4.23548 3.56036
vt 4.48495 3.54642
vt 4.23548 3.56036
vt 4.19320 3.30714
vt 4.48495 3.54642
vt 4.23548 3.56036
vt 4.09698 3.48585
vt 4.19320 3.30714
vt 4.09698 3.48585
vt 3.88696 3.40092
vt 4.19320 3.30714
vt 4.09698 3.48585
vt 3.99597 3.45940
vt 3.88696 3.40092
vt 3.99597 3.45940
vt 3.63359 3.34714
vt 3.88696 3.40092
vt 3.99597 3.45940
vt 3.93950 3.54552
vt 3.63359 3.34714
vt 3.93950 3.54552
vt 3.77915 2.87288
vt 3.63359 3.34714
vt 3.93950 3.54552
vt 4.04216 3.36350
vt 3.77915 2.87288
vt 4.04216 3.36350
vt 3.86953 2.79937
vt 3.77915 2.87288
vt 4.04216 3.36350
vt 4.21125 3.05692
vt 3.86953 2.79937
vt 4.21125 3.05692
vt 4.10311 2.78754
vt 3.86953 2.79937
vt 4.21125 3.05692
vt 4.36253 3.40116
vt 4.10311 2.78754
vt 4.36253 3.40116
vt 4.42797 2.93769
vt 4.10311 2.78754
vt 4.36253 3.40116
vt 4.52370 3.48590
vt 4.42797 2.93769
vt 4.52370 3.48590
vt 4.67543 2.94761
vt 4.42797 2.93769
vt 4.52370 3.48590
vt 4.60801 3.52773
vt 4.67543 2.94761
vt 4.60801 3.52773
vt 4.76449 2.98854
vt 4.67543 2.94761
vt 4.76449 2.98854
vt 4.94946 3.50838
vt 5.05452 2.69691
vt 4.94946 3.50838
vt 5.16067 3.03945
vt 5.05452 2.69691
vt 4.94946 3.50838
vt 4.76566 3.57047
vt 5.16067 3.03945
vt 4.76566 3.57047
vt 4.81983 3.00910
vt 5.16067 3.03945
vt 4.76566 3.57047
vt 4.48495 3.54642
vt 4.81983 3.00910
vt 4.48495 3.54642
vt 4.51468 3.05343
vt 4.81983 3.00910
vt 4.48495 3.54642
vt 4.19320 3.30714
vt 4.51468 3.05343
vt 4.19320 3.30714
vt 4.11824 3.26245
vt 4.51468 3.05343
vt 4.19320 3.30714
vt 3.88696 3.40092
vt 4.11824 3.26245
vt 3.88696 3.40092
vt 3.76856 2.94709
vt 4.11824 3.26245
vt 3.88696 3.40092
vt 3.63359 3.34714
vt 3.76856 2.94709
vt 3.63359 3.34714
vt 3.57692 2.66381
vt 3.76856 2.94709
vt 3.63359 3.34714
vt 3.77915 2.87288
vt 3.57692 2.66381
vt 3.77915 2.87288
vt 3.63159 2.38761
vt 3.57692 2.66381
vt 3.77915 2.87288
vt 3.86953 2.79937
vt 3.63159 2.38761
vt 3.86953 2.79937
vt 3.64897 2.26297
vt 3.63159 2.38761
vt 3.86953 2.79937
vt 4.10311 2.78754
vt 3.64897 2.26297
vt 4.10311 2.78754
vt 4.01578 2.19038
vt 3.64897 2.26297
vt 4.10311 2.78754
vt 4.42797 2.93769
vt 4.01578 2.19038
vt 4.42797 2.93769
vt 4.42498 2.22700
vt 4.01578 2.19038
vt 4.42797 2.93769
vt 4.67543 2.94761
vt 4.42498 2.22700
vt 4.67543 2.94761
vt 4.79875 2.42408
vt 4.42498 2.22700
vt 4.67543 2.94761
vt 4.76449 2.98854
vt 4.79875 2.42408
vt 4.76449 2.98854
vt 5.05452 2.69691
vt 4.79875 2.42408
vt 5.05452 2.69691
vt 5.16067 3.03945
vt 5.13229 2.10533
vt 5.16067 3.03945
vt 4.99296 2.33323
vt 5.13229 2.10533
vt 5.16067 3.03945
vt 4.81983 3.00910
vt 4.99296 2.33323
vt 4.81983 3.00910
vt 4.93629 2.57901
vt 4.99296 2.33323
vt 4.81983 3.00910
vt 4.51468 3.05343
vt 4.93629 2.57901
vt 4.51468 3.05343
vt 4.57821 2.67283
vt 4.93629 2.57901
vt 4.51468 3.05343
vt 4.11824 3.26245
vt 4.57821 2.67283
vt 4.11824 3.26245
vt 4.11046 2.62366
vt 4.57821 2.67283
vt 4.11824 3.26245
vt 3.76856 2.94709
vt 4.11046 2.62366
vt 3.76856 2.94709
vt 3.82386 2.33323
vt 4.11046 2.62366
vt 3.76856 2.94709
vt 3.57692 2.66381
vt 3.82386 2.33323
vt 3.57692 2.66381
vt 3.53296 2.10533
vt 3.82386 2.33323
vt 3.57692 2.66381
vt 3.63159 2.38761
vt 3.53296 2.10533
vt 3.63159 2.38761
vt 3.33790 1.79323
vt 3.53296 2.10533
vt 3.63159 2.38761
vt 3.64897 2.26297
vt 3.33790 1.79323
vt 3.64897 2.26297
vt 3.66896 1.64371
vt 3.33790 1.79323
vt 3.64897 2.26297
vt 4.01578 2.19038
vt 3.66896 1.64371
vt 4.01578 2.19038
vt 4.03821 1.59283
vt 3.66896 1.64371
vt 4.01578 2.19038
vt 4.42498 2.22700
vt 4.03821 1.59283
vt 4.42498 2.22700
vt 4.44248 1.68835
vt 4.03821 1.59283
vt 4.42498 2.22700
vt 4.79875 2.42408
vt 4.44248 1.68835
vt 4.79875 2.42408
vt 4.93892 1.79323
vt 4.44248 1.68835
vt 4.79875 2.42408
vt 5.05452 2.69691
vt 4.93892 1.79323
vt 5.05452 2.69691
vt 5.13229 2.10533
vt 4.93892 1.79323
vt 5.13229 2.10533
vt 4.99296 2.33323
vt 4.98500 1.56786
vt 4.99296 2.33323
vt 5.00760 1.80164
vt 4.98500 1.56786
vt 4.99296 2.33323
vt 4.93629 2.57901
vt 5.00760 1.80164
vt 4.93629 2.57901
vt 4.98849 1.93584
vt 5.00760 1.80164
vt 4.93629 2.57901
vt 4.57821 2.67283
vt 4.98849 1.93584
vt 4.57821 2.67283
vt 4.53668 2.03140
vt 4.98849 1.93584
vt 4.57821 2.67283
vt 4.11046 2.62366
vt 4.53668 2.03140
vt 4.11046 2.62366
vt 4.16242 1.98225
vt 4.53668 2.03140
vt 4.11046 2.62366
vt 3.82386 2.33323
vt 4.16242 1.98225
vt 3.82386 2.33323
vt 3.75629 1.76517
vt 4.16242 1.98225
vt 3.82386 2.33323
vt 3.53296 2.10533
vt 3.75629 1.76517
vt 3.53296 2.10533
vt 3.50741 1.49275
vt 3.75629 1.76517
vt 3.53296 2.10533
vt 3.33790 1.79323
vt 3.50741 1.49275
vt 3.33790 1.79323
vt 3.47852 1.22543
vt 3.50741 1.49275
vt 3.33790 1.79323
vt 3.66896 1.64371
vt 3.47852 1.22543
vt 3.66896 1.64371
vt 3.81764 1.28508
vt 3.47852 1.22543
vt 3.66896 1.64371
vt 4.03821 1.59283
vt 3.81764 1.28508
vt 4.03821 1.59283
vt 4.03779 1.00030
vt 3.81764 1.28508
vt 4.03821 1.59283
vt 4.44248 1.68835
vt 4.03779 1.00030
vt 4.44248 1.68835
vt 4.46916 0.95814
vt 4.03779 1.00030
vt 4.44248 1.68835
vt 4.93892 1.79323
vt 4.46916 0.95814
vt 4.93892 1.79323
vt 4.78648 1.31778
vt 4.46916 0.95814
vt 4.93892 1.79323
vt 5.13229 2.10533
vt 4.78648 1.31778
vt 5.13229 2.10533
vt 4.98500 1.56786
vt 4.78648 1.31778
vt 4.98500 1.56786
vt 5.00760 1.80164
vt 4.91716 0.93524
vt 5.00760 1.80164
vt 4.93879 1.14559
vt 4.91716 0.93524
vt 5.00760 1.80164
vt 4.98849 1.93584
vt 4.93879 1.14559
vt 4.98849 1.93584
vt 4.71122 1.42463
vt 4.93879 1.14559
vt 4.98849 1.93584
vt 4.53668 2.03140
vt 4.71122 1.42463
vt 4.53668 2.03140
vt 4.47206 1.47214
vt 4.71122 1.42463
vt 4.53668 2.03140
vt 4.16242 1.98225
vt 4.47206 1.47214
vt 4.16242 1.98225
vt 4.17893 1.38511
vt 4.47206 1.47214
vt 4.16242 1.98225
vt 3.75629 1.76517
vt 4.17893 1.38511
vt 3.75629 1.76517
vt 3.82655 1.07086
vt 4.17893 1.38511
vt 3.75629 1.76517
vt 3.50741 1.49275
vt 3.82655 1.07086
vt 3.50741 1.49275
vt 3.78626 1.15040
vt 3.82655 1.07086
vt 3.50741 1.49275
vt 3.47852 1.22543
vt 3.78626 1.15040
vt 3.47852 1.22543
vt 3.76848 0.97867
vt 3.78626 1.15040
vt 3.47852 1.22543
vt 3.81764 1.28508
vt 3.76848 0.97867
vt 3.81764 1.28508
vt 3.81509 0.61480
vt 3.76848 0.97867
vt 3.81764 1.28508
vt 4.03779 1.00030
vt 3.81509 0.61480
vt 4.03779 1.00030
vt 4.09022 0.56023
vt 3.81509 0.61480
vt 4.03779 1.00030
vt 4.46916 0.95814
vt 4.09022 0.56023
vt 4.46916 0.95814
vt 4.41370 0.69004
vt 4.09022 0.56023
vt 4.46916 0.95814
vt 4.78648 1.31778
vt 4.41370 0.69004
vt 4.78648 1.31778
vt 4.61502 1.08613
vt 4.41370 0.69004
vt 4.78648 1.31778
vt 4.98500 1.56786
vt 4.61502 1.08613
vt 4.98500 1.56786
vt 4.91716 0.93524
vt 4.61502 1.08613
vt 4.91716 0.93524
vt 4.93879 1.14559
vt 4.61994 0.62882
vt 4.93879 1.14559
vt 4.59913 0.86914
vt 4.61994 0.62882
vt 4.93879 1.14559
vt 4.71122 1.42463
vt 4.59913 0.86914
vt 4.71122 1.42463
vt 4.49821 1.08927
vt 4.59913 0.86914
vt 4.71122 1.42463
vt 4.47206 1.47214
vt 4.49821 1.08927
vt 4.47206 1.47214
vt 4.41412 0.73691
vt 4.49821 1.08927
vt 4.47206 1.47214
vt 4.17893 1.38511
vt 4.41412 0.73691
vt 4.17893 1.38511
vt 4.22790 0.83830
vt 4.41412 0.73691
vt 4.17893 1.38511
vt 3.82655 1.07086
vt 4.22790 0.83830
vt 3.82655 1.07086
vt 4.09909 0.92875
vt 4.22790 0.83830
vt 3.82655 1.07086
vt 3.78626 1.15040
vt 4.09909 0.92875
vt 3.78626 1.15040
vt 4.00790 0.80536
vt 4.09909 0.92875
vt 3.78626 1.15040
vt 3.76848 0.97867
vt 4.00790 0.80536
vt 3.76848 0.97867
vt 3.96577 0.55722
vt 4.00790 0.80536
vt 3.76848 0.97867
vt 3.81509 0.61480
vt 3.96577 0.55722
vt 3.81509 0.61480
vt 4.01322 0.28773
vt 3.96577 0.55722
vt 3.81509 0.61480
vt 4.09022 0.56023
vt 4.01322 0.28773
vt 4.09022 0.56023
vt 4.20747 0.76263
vt 4.01322 0.28773
vt 4.09022 0.56023
vt 4.41370 0.69004
vt 4.20747 0.76263
vt 4.41370 0.69004
vt 4.35495 0.61298
vt 4.20747 0.76263
vt 4.41370 0.69004
vt 4.61502 1.08613
vt 4.35495 0.61298
vt 4.61502 1.08613
vt 4.52581 0.48801
vt 4.35495 0.61298
vt 4.61502 1.08613
vt 4.91716 0.93524
vt 4.52581 0.48801
vt 4.91716 0.93524
vt 4.61994 0.62882
vt 4.52581 0.48801
vt 4.61994 0.62882
vt 4.59913 0.86914
vt 4.29446 0.88959
vt 4.59913 0.86914
vt 4.49821 1.08927
vt 4.29446 0.58334
vt 4.49821 1.08927
vt 4.41412 0.73691
vt 4.29446 0.47361
vt 4.41412 0.73691
vt 4.22790 0.83830
vt 4.29446 0.53099
vt 4.22790 0.83830
vt 4.09909 0.92875
vt 4.29446 0.73182
vt 4.09909 0.92875
vt 4.00790 0.80536
vt 4.29446 0.76553
vt 4.00790 0.80536
vt 3.96577 0.55722
vt 4.29446 0.31583
vt 3.96577 0.55722
vt 4.01322 0.28773
vt 4.29446 0.62208
vt 4.01322 0.28773
vt 4.20747 0.76263
vt 4.29446 0.73182
vt 4.20747 0.76263
vt 4.35495 0.61298
vt 4.29446 0.67444
vt 4.35495 0.61298
vt 4.52581 0.48801
vt 4.29446 0.47361
vt 4.52581 0.48801
vt 4.61994 0.62882
vt 4.29446 0.43990
vt 4.98339 3.65812
vt 5.30855 3.51912
vt 5.34691 3.67140
vt 4.98339 3.69211
vt 5.18747 3.26717
vt 5.30855 3.51912
vt 4.98339 3.32530
vt 5.09392 3.74656
vt 5.18747 3.26717
vt 4.98339 3.40140
vt 4.91164 3.69982
vt 5.09392 3.74656
vt 4.98339 3.87829
vt 4.75175 3.60175
vt 4.91164 3.69982
vt 4.98339 3.50143
vt 4.71836 3.14564
vt 4.75175 3.60175
vt 4.98339 3.43539
vt 4.66088 3.29877
vt 4.71836 3.14564
vt 4.98339 3.40140
vt 4.69423 3.48812
vt 4.66088 3.29877
vt 4.98339 3.76821
vt 4.88727 3.09930
vt 4.69423 3.48812
vt 4.98339 3.69211
vt 5.04696 3.13888
vt 4.88727 3.09930
vt 4.98339 3.21521
vt 5.19277 3.22572
vt 5.04696 3.13888
vt 4.98339 3.59208
vt 5.34691 3.67140
vt 5.19277 3.22572
vt 5.34691 3.67140
vt 5.30855 3.51912
vt 5.50378 2.88148
vt 5.30855 3.51912
vt 5.55156 3.13135
vt 5.50378 2.88148
vt 5.30855 3.51912
vt 5.18747 3.26717
vt 5.55156 3.13135
vt 5.18747 3.26717
vt 5.43306 3.32418
vt 5.55156 3.13135
vt 5.18747 3.26717
vt 5.09392 3.74656
vt 5.43306 3.32418
vt 5.09392 3.74656
vt 5.20631 3.67588
vt 5.43306 3.32418
vt 5.09392 3.74656
vt 4.91164 3.69982
vt 5.20631 3.67588
vt 4.91164 3.69982
vt 4.86745 3.22848
vt 5.20631 3.67588
vt 4.91164 3.69982
vt 4.75175 3.60175
vt 4.86745 3.22848
vt 4.75175 3.60175
vt 4.63144 3.00489
vt 4.86745 3.22848
vt 4.75175 3.60175
vt 4.71836 3.14564
vt 4.63144 3.00489
vt 4.71836 3.14564
vt 4.34237 3.14825
vt 4.63144 3.00489
vt 4.71836 3.14564
vt 4.66088 3.29877
vt 4.34237 3.14825
vt 4.66088 3.29877
vt 4.35483 2.87911
vt 4.34237 3.14825
vt 4.66088 3.29877
vt 4.69423 3.48812
vt 4.35483 2.87911
vt 4.69423 3.48812
vt 4.52167 2.69680
vt 4.35483 2.87911
vt 4.69423 3.48812
vt 4.88727 3.09930
vt 4.52167 2.69680
vt 4.88727 3.09930
vt 4.82447 2.48183
vt 4.52167 2.69680
vt 4.88727 3.09930
vt 5.04696 3.13888
vt 4.82447 2.48183
vt 5.04696 3.13888
vt 5.11747 2.75331
vt 4.82447 2.48183
vt 5.04696 3.13888
vt 5.19277 3.22572
vt 5.11747 2.75331
vt 5.19277 3.22572
vt 5.44633 2.97283
vt 5.11747 2.75331
vt 5.19277 3.22572
vt 5.34691 3.67140
vt 5.44633 2.97283
vt 5.34691 3.67140
vt 5.50378 2.88148
vt 5.44633 2.97283
vt 5.50378 2.88148
vt 5.55156 3.13135
vt 5.62607 2.31943
vt 5.55156 3.13135
vt 5.87311 2.80554
vt 5.62607 2.31943
vt 5.55156 3.13135
vt 5.43306 3.32418
vt 5.87311 2.80554
vt 5.43306 3.32418
vt 5.62591 2.94697
vt 5.87311 2.80554
vt 5.43306 3.32418
vt 5.20631 3.67588
vt 5.62591 2.94697
vt 5.20631 3.67588
vt 5.20235 2.77871
vt 5.62591 2.94697
vt 5.20631 3.67588
vt 4.86745 3.22848
vt 5.20235 2.77871
vt 4.86745 3.22848
vt 4.82541 2.82087
vt 5.20235 2.77871
vt 4.86745 3.22848
vt 4.63144 3.00489
vt 4.82541 2.82087
vt 4.63144 3.00489
vt 4.43719 2.69975
vt 4.82541 2.82087
vt 4.63144 3.00489
vt 4.34237 3.14825
vt 4.43719 2.69975
vt 4.34237 3.14825
vt 4.10862 2.53202
vt 4.43719 2.69975
vt 4.34237 3.14825
vt 4.35483 2.87911
vt 4.10862 2.53202
vt 4.35483 2.87911
vt 4.30951 2.11478
vt 4.10862 2.53202
vt 4.35483 2.87911
vt 4.52167 2.69680
vt 4.30951 2.11478
vt 4.52167 2.69680
vt 4.43512 1.97286
vt 4.30951 2.11478
vt 4.52167 2.69680
vt 4.82447 2.48183
vt 4.43512 1.97286
vt 4.82447 2.48183
vt 4.70346 1.95079
vt 4.43512 1.97286
vt 4.82447 2.48183
vt 5.11747 2.75331
vt 4.70346 1.95079
vt 5.11747 2.75331
vt 5.15208 2.00228
vt 4.70346 1.95079
vt 5.11747 2.75331
vt 5.44633 2.97283
vt 5.15208 2.00228
vt 5.44633 2.97283
vt 5.50189 2.16468
vt 5.15208 2.00228
vt 5.44633 2.97283
vt 5.50378 2.88148
vt 5.50189 2.16468
vt 5.50378 2.88148
vt 5.62607 2.31943
vt 5.50189 2.16468
vt 5.62607 2.31943
vt 5.87311 2.80554
vt 5.90478 1.73078
vt 5.87311 2.80554
vt 5.83811 2.00349
vt 5.90478 1.73078
vt 5.87311 2.80554
vt 5.62591 2.94697
vt 5.83811 2.00349
vt 5.62591 2.94697
vt 5.58832 2.16976
vt 5.83811 2.00349
vt 5.62591 2.94697
vt 5.20235 2.77871
vt 5.58832 2.16976
vt 5.20235 2.77871
vt 5.22233 2.20866
vt 5.58832 2.16976
vt 5.20235 2.77871
vt 4.82541 2.82087
vt 5.22233 2.20866
vt 4.82541 2.82087
vt 4.77432 2.28381
vt 5.22233 2.20866
vt 4.82541 2.82087
vt 4.43719 2.69975
vt 4.77432 2.28381
vt 4.43719 2.69975
vt 4.40139 2.00349
vt 4.77432 2.28381
vt 4.43719 2.69975
vt 4.10862 2.53202
vt 4.40139 2.00349
vt 4.10862 2.53202
vt 4.26230 1.73078
vt 4.40139 2.00349
vt 4.10862 2.53202
vt 4.30951 2.11478
vt 4.26230 1.73078
vt 4.30951 2.11478
vt 4.14568 1.46349
vt 4.26230 1.73078
vt 4.30951 2.11478
vt 4.43512 1.97286
vt 4.14568 1.46349
vt 4.43512 1.97286
vt 4.29943 1.23445
vt 4.14568 1.46349
vt 4.43512 1.97286
vt 4.70346 1.95079
vt 4.29943 1.23445
vt 4.70346 1.95079
vt 4.68233 1.12866
vt 4.29943 1.23445
vt 4.70346 1.95079
vt 5.15208 2.00228
vt 4.68233 1.12866
vt 5.15208 2.00228
vt 5.12791 1.34851
vt 4.68233 1.12866
vt 5.15208 2.00228
vt 5.50189 2.16468
vt 5.12791 1.34851
vt 5.50189 2.16468
vt 5.55382 1.46349
vt 5.12791 1.34851
vt 5.50189 2.16468
vt 5.62607 2.31943
vt 5.55382 1.46349
vt 5.62607 2.31943
vt 5.90478 1.73078
vt 5.55382 1.46349
vt 5.90478 1.73078
vt 5.83811 2.00349
vt 5.78735 0.99441
vt 5.83811 2.00349
vt 5.60938 1.37407
vt 5.78735 0.99441
vt 5.83811 2.00349
vt 5.58832 2.16976
vt 5.60938 1.37407
vt 5.58832 2.16976
vt 5.61486 1.45197
vt 5.60938 1.37407
vt 5.58832 2.16976
vt 5.22233 2.20866
vt 5.61486 1.45197
vt 5.22233 2.20866
vt 5.25856 1.51452
vt 5.61486 1.45197
vt 5.22233 2.20866
vt 4.77432 2.28381
vt 5.25856 1.51452
vt 4.77432 2.28381
vt 4.82238 1.47162
vt 5.25856 1.51452
vt 4.77432 2.28381
vt 4.40139 2.00349
vt 4.82238 1.47162
vt 4.40139 2.00349
vt 4.49751 1.32417
vt 4.82238 1.47162
vt 4.40139 2.00349
vt 4.26230 1.73078
vt 4.49751 1.32417
vt 4.26230 1.73078
vt 4.26990 1.07727
vt 4.49751 1.32417
vt 4.26230 1.73078
vt 4.14568 1.46349
vt 4.26990 1.07727
vt 4.14568 1.46349
vt 4.04578 0.59817
vt 4.26990 1.07727
vt 4.14568 1.46349
vt 4.29943 1.23445
vt 4.04578 0.59817
vt 4.29943 1.23445
vt 4.42408 0.67207
vt 4.04578 0.59817
vt 4.29943 1.23445
vt 4.68233 1.12866
vt 4.42408 0.67207
vt 4.68233 1.12866
vt 4.75967 0.66004
vt 4.42408 0.67207
vt 4.68233 1.12866
vt 5.12791 1.34851
vt 4.75967 0.66004
vt 5.12791 1.34851
vt 5.14905 0.58779
vt 4.75967 0.66004
vt 5.12791 1.34851
vt 5.55382 1.46349
vt 5.14905 0.58779
vt 5.55382 1.46349
vt 5.56221 0.70396
vt 5.14905 0.58779
vt 5.55382 1.46349
vt 5.90478 1.73078
vt 5.56221 0.70396
vt 5.90478 1.73078
vt 5.78735 0.99441
vt 5.56221 0.70396
vt 5.78735 0.99441
vt 5.60938 1.37407
vt 5.52427 0.53476
vt 5.60938 1.37407
vt 5.60346 0.59797
vt 5.52427 0.53476
vt 5.60938 1.37407
vt 5.61486 1.45197
vt 5.60346 0.59797
vt 5.61486 1.45197
vt 5.48464 0.68207
vt 5.60346 0.59797
vt 5.61486 1.45197
vt 5.25856 1.51452
vt 5.48464 0.68207
vt 5.25856 1.51452
vt 5.17338 0.83294
vt 5.48464 0.68207
vt 5.25856 1.51452
vt 4.82238 1.47162
vt 5.17338 0.83294
vt 4.82238 1.47162
vt 4.88160 0.95442
vt 5.17338 0.83294
vt 4.82238 1.47162
vt 4.49751 1.32417
vt 4.88160 0.95442
vt 4.49751 1.32417
vt 4.52624 0.50425
vt 4.88160 0.95442
vt 4.49751 1.32417
vt 4.26990 1.07727
vt 4.52624 0.50425
vt 4.26990 1.07727
vt 4.36286 0.35863
vt 4.52624 0.50425
vt 4.26990 1.07727
vt 4.04578 0.59817
vt 4.36286 0.35863
vt 4.04578 0.59817
vt 4.40673 0.30926
vt 4.36286 0.35863
vt 4.04578 0.59817
vt 4.42408 0.67207
vt 4.40673 0.30926
vt 4.42408 0.67207
vt 4.57325 0.27743
vt 4.40673 0.30926
vt 4.42408 0.67207
vt 4.75967 0.66004
vt 4.57325 0.27743
vt 4.75967 0.66004
vt 4.79154 0.05672
vt 4.57325 0.27743
vt 4.75967 0.66004
vt 5.14905 0.58779
vt 4.79154 0.05672
vt 5.14905 0.58779
vt 5.13162 -0.18384
vt 4.79154 0.05672
vt 5.14905 0.58779
vt 5.56221 0.70396
vt 5.13162 -0.18384
vt 5.56221 0.70396
vt 5.34113 0.43572
vt 5.13162 -0.18384
vt 5.56221 0.70396
vt 5.78735 0.99441
vt 5.34113 0.43572
vt 5.78735 0.99441
vt 5.52427 0.53476
vt 5.34113 0.43572
vt 5.52427 0.53476
vt 5.60346 0.59797
vt 5.31924 -0.06212
vt 5.60346 0.59797
vt 5.35380 -0.07006
vt 5.31924 -0.06212
vt 5.60346 0.59797
vt 5.48464 0.68207
vt 5.35380 -0.07006
vt 5.48464 0.68207
vt 5.18936 0.47905
vt 5.35380 -0.07006
vt 5.48464 0.68207
vt 5.17338 0.83294
vt 5.18936 0.47905
vt 5.17338 0.83294
vt 5.08428 0.29442
vt 5.18936 0.47905
vt 5.17338 0.83294
vt 4.88160 0.95442
vt 5.08428 0.29442
vt 4.88160 0.95442
vt 4.91216 0.15285
vt 5.08428 0.29442
vt 4.88160 0.95442
vt 4.52624 0.50425
vt 4.91216 0.15285
vt 4.52624 0.50425
vt 4.74140 0.00299
vt 4.91216 0.15285
vt 4.52624 0.50425
vt 4.36286 0.35863
vt 4.74140 0.00299
vt 4.36286 0.35863
vt 4.69069 0.16820
vt 4.74140 0.00299
vt 4.36286 0.35863
vt 4.40673 0.30926
vt 4.69069 0.16820
vt 4.40673 0.30926
vt 4.70613 0.20586
vt 4.69069 0.16820
vt 4.40673 0.30926
vt 4.57325 0.27743
vt 4.70613 0.20586
vt 4.57325 0.27743
vt 4.69612 -0.43196
vt 4.70613 0.20586
vt 4.57325 0.27743
vt 4.79154 0.05672
vt 4.69612 -0.43196
vt 4.79154 0.05672
vt 4.87763 -0.19810
vt 4.69612 -0.43196
vt 4.79154 0.05672
vt 5.13162 -0.18384
vt 4.87763 -0.19810
vt 5.13162 -0.18384
vt 5.04748 -0.02786
vt 4.87763 -0.19810
vt 5.13162 -0.18384
vt 5.34113 0.43572
vt 5.04748 -0.02786
vt 5.34113 0.43572
vt 5.18242 0.12322
vt 5.04748 -0.02786
vt 5.34113 0.43572
vt 5.52427 0.53476
vt 5.18242 0.12322
vt 5.52427 0.53476
vt 5.31924 -0.06212
vt 5.18242 0.12322
vt 5.31924 -0.06212
vt 5.35380 -0.07006
vt 4.98339 -0.03987
vt 5.35380 -0.07006
vt 5.18936 0.47905
vt 4.98339 0.02617
vt 5.18936 0.47905
vt 5.08428 0.29442
vt 4.98339 0.06016
vt 5.08428 0.29442
vt 4.91216 0.15285
vt 4.98339 -0.30664
vt 4.91216 0.15285
vt 4.74140 0.00299
vt 4.98339 -0.23055
vt 4.74140 0.00299
vt 4.69069 0.16820
vt 4.98339 0.24635
vt 4.69069 0.16820
vt 4.70613 0.20586
vt 4.98339 -0.13051
vt 4.70613 0.20586
vt 4.69612 -0.43196
vt 4.98339 -0.19656
vt 4.69612 -0.43196
vt 4.87763 -0.19810
vt 4.98339 -0.23055
vt 4.87763 -0.19810
vt 5.04748 -0.02786
vt 4.98339 0.13626
vt 5.04748 -0.02786
vt 5.18242 0.12322
vt 4.98339 0.06016
vt 5.18242 0.12322
vt 5.31924 -0.06212
vt 4.98339 -0.41673
vt 5.69560 3.34610
vt 6.02410 3.12827
vt 6.08322 3.28149
vt 5.69560 3.21366
vt 5.95421 3.29459
vt 6.02410 3.12827
vt 5.69560 3.23313
vt 5.81892 3.75076
vt 5.95421 3.29459
vt 5.69560 3.46336
vt 5.60446 3.30777
vt 5.81892 3.75076
vt 5.69560 3.54169
vt 5.44554 3.20221
vt 5.60446 3.30777
vt 5.69560 3.04428
vt 5.34074 3.14994
vt 5.44554 3.20221
vt 5.69560 3.33092
vt 5.27776 3.27843
vt 5.34074 3.14994
vt 5.69560 3.46336
vt 5.40400 3.11538
vt 5.27776 3.27843
vt 5.69560 3.44390
vt 5.61227 2.76065
vt 5.40400 3.11538
vt 5.69560 3.21366
vt 5.79674 3.10502
vt 5.61227 2.76065
vt 5.69560 3.13533
vt 5.98522 3.21407
vt 5.79674 3.10502
vt 5.69560 3.63275
vt 6.08322 3.28149
vt 5.98522 3.21407
vt 6.08322 3.28149
vt 6.02410 3.12827
vt 6.26140 2.66621
vt 6.02410 3.12827
vt 6.45469 3.19129
vt 6.26140 2.66621
vt 6.02410 3.12827
vt 5.95421 3.29459
vt 6.45469 3.19129
vt 5.95421 3.29459
vt 6.23343 3.28212
vt 6.45469 3.19129
vt 5.95421 3.29459
vt 5.81892 3.75076
vt 6.23343 3.28212
vt 5.81892 3.75076
vt 5.88961 3.27255
vt 6.23343 3.28212
vt 5.81892 3.75076
vt 5.60446 3.30777
vt 5.88961 3.27255
vt 5.60446 3.30777
vt 5.54350 2.98514
vt 5.88961 3.27255
vt 5.60446 3.30777
vt 5.44554 3.20221
vt 5.54350 2.98514
vt 5.44554 3.20221
vt 5.18944 3.07713
vt 5.54350 2.98514
vt 5.44554 3.20221
vt 5.34074 3.14994
vt 5.18944 3.07713
vt 5.34074 3.14994
vt 4.88948 3.06583
vt 5.18944 3.07713
vt 5.34074 3.14994
vt 5.27776 3.27843
vt 4.88948 3.06583
vt 5.27776 3.27843
vt 5.07565 2.57927
vt 4.88948 3.06583
vt 5.27776 3.27843
vt 5.40400 3.11538
vt 5.07565 2.57927
vt 5.40400 3.11538
vt 5.21679 2.48831
vt 5.07565 2.57927
vt 5.40400 3.11538
vt 5.61227 2.76065
vt 5.21679 2.48831
vt 5.61227 2.76065
vt 5.50777 2.47187
vt 5.21679 2.48831
vt 5.61227 2.76065
vt 5.79674 3.10502
vt 5.50777 2.47187
vt 5.79674 3.10502
vt 5.89878 2.65181
vt 5.50777 2.47187
vt 5.79674 3.10502
vt 5.98522 3.21407
vt 5.89878 2.65181
vt 5.98522 3.21407
vt 6.18664 2.66070
vt 5.89878 2.65181
vt 5.98522 3.21407
vt 6.08322 3.28149
vt 6.18664 2.66070
vt 6.08322 3.28149
vt 6.26140 2.66621
vt 6.18664 2.66070
vt 6.26140 2.66621
vt 6.45469 3.19129
vt 6.60455 2.35140
vt 6.45469 3.19129
vt 6.72801 2.71864
vt 6.60455 2.35140
vt 6.45469 3.19129
vt 6.23343 3.28212
vt 6.72801 2.71864
vt 6.23343 3.28212
vt 6.30132 2.68239
vt 6.72801 2.71864
vt 6.23343 3.28212
vt 5.88961 3.27255
vt 6.30132 2.68239
vt 5.88961 3.27255
vt 5.91258 2.69627
vt 6.30132 2.68239
vt 5.88961 3.27255
vt 5.54350 2.98514
vt 5.91258 2.69627
vt 5.54350 2.98514
vt 5.43231 2.91572
vt 5.91258 2.69627
vt 5.54350 2.98514
vt 5.18944 3.07713
vt 5.43231 2.91572
vt 5.18944 3.07713
vt 5.02202 2.62155
vt 5.43231 2.91572
vt 5.18944 3.07713
vt 4.88948 3.06583
vt 5.02202 2.62155
vt 4.88948 3.06583
vt 4.81204 2.33391
vt 5.02202 2.62155
vt 4.88948 3.06583
vt 5.07565 2.57927
vt 4.81204 2.33391
vt 5.07565 2.57927
vt 4.92621 2.03950
vt 4.81204 2.33391
vt 5.07565 2.57927
vt 5.21679 2.48831
vt 4.92621 2.03950
vt 5.21679 2.48831
vt 4.97301 1.92690
vt 4.92621 2.03950
vt 5.21679 2.48831
vt 5.50777 2.47187
vt 4.97301 1.92690
vt 5.50777 2.47187
vt 5.41368 1.85918
vt 4.97301 1.92690
vt 5.50777 2.47187
vt 5.89878 2.65181
vt 5.41368 1.85918
vt 5.89878 2.65181
vt 5.89651 1.88570
vt 5.41368 1.85918
vt 5.89878 2.65181
vt 6.18664 2.66070
vt 5.89651 1.88570
vt 6.18664 2.66070
vt 6.32493 2.08071
vt 5.89651 1.88570
vt 6.18664 2.66070
vt 6.26140 2.66621
vt 6.32493 2.08071
vt 6.26140 2.66621
vt 6.60455 2.35140
vt 6.32493 2.08071
vt 6.60455 2.35140
vt 6.72801 2.71864
vt 6.72907 1.72531
vt 6.72801 2.71864
vt 6.52700 1.95552
vt 6.72907 1.72531
vt 6.72801 2.71864
vt 6.30132 2.68239
vt 6.52700 1.95552
vt 6.30132 2.68239
vt 6.41109 2.19077
vt 6.52700 1.95552
vt 6.30132 2.68239
vt 5.91258 2.69627
vt 6.41109 2.19077
vt 5.91258 2.69627
vt 5.97704 2.28820
vt 6.41109 2.19077
vt 5.91258 2.69627
vt 5.43231 2.91572
vt 5.97704 2.28820
vt 5.43231 2.91572
vt 5.41273 2.25187
vt 5.97704 2.28820
vt 5.43231 2.91572
vt 5.02202 2.62155
vt 5.41273 2.25187
vt 5.02202 2.62155
vt 5.09440 1.95552
vt 5.41273 2.25187
vt 5.02202 2.62155
vt 4.81204 2.33391
vt 5.09440 1.95552
vt 4.81204 2.33391
vt 4.78887 1.72531
vt 5.09440 1.95552
vt 4.81204 2.33391
vt 4.92621 2.03950
vt 4.78887 1.72531
vt 4.92621 2.03950
vt 4.57674 1.41552
vt 4.78887 1.72531
vt 4.92621 2.03950
vt 4.97301 1.92690
vt 4.57674 1.41552
vt 4.97301 1.92690
vt 4.97334 1.25546
vt 4.57674 1.41552
vt 4.97301 1.92690
vt 5.41368 1.85918
vt 4.97334 1.25546
vt 5.41368 1.85918
vt 5.43704 1.20820
vt 4.97334 1.25546
vt 5.41368 1.85918
vt 5.89651 1.88570
vt 5.43704 1.20820
vt 5.89651 1.88570
vt 5.91518 1.31656
vt 5.43704 1.20820
vt 5.89651 1.88570
vt 6.32493 2.08071
vt 5.91518 1.31656
vt 6.32493 2.08071
vt 6.50466 1.41552
vt 5.91518 1.31656
vt 6.32493 2.08071
vt 6.60455 2.35140
vt 6.50466 1.41552
vt 6.60455 2.35140
vt 6.72907 1.72531
vt 6.50466 1.41552
vt 6.72907 1.72531
vt 6.52700 1.95552
vt 6.53434 1.14758
vt 6.52700 1.95552
vt 6.51835 1.38933
vt 6.53434 1.14758
vt 6.52700 1.95552
vt 6.41109 2.19077
vt 6.51835 1.38933
vt 6.41109 2.19077
vt 6.48220 1.50586
vt 6.51835 1.38933
vt 6.41109 2.19077
vt 5.97704 2.28820
vt 6.48220 1.50586
vt 5.97704 2.28820
vt 5.94269 1.60798
vt 6.48220 1.50586
vt 5.97704 2.28820
vt 5.41273 2.25187
vt 5.94269 1.60798
vt 5.41273 2.25187
vt 5.49552 1.56559
vt 5.94269 1.60798
vt 5.41273 2.25187
vt 5.09440 1.95552
vt 5.49552 1.56559
vt 5.09440 1.95552
vt 5.02768 1.34812
vt 5.49552 1.56559
vt 5.09440 1.95552
vt 4.78887 1.72531
vt 5.02768 1.34812
vt 4.78887 1.72531
vt 4.74183 1.06835
vt 5.02768 1.34812
vt 4.78887 1.72531
vt 4.57674 1.41552
vt 4.74183 1.06835
vt 4.57674 1.41552
vt 4.71655 0.78333
vt 4.74183 1.06835
vt 4.57674 1.41552
vt 4.97334 1.25546
vt 4.71655 0.78333
vt 4.97334 1.25546
vt 5.15389 0.86939
vt 4.71655 0.78333
vt 4.97334 1.25546
vt 5.43704 1.20820
vt 5.15389 0.86939
vt 5.43704 1.20820
vt 5.44379 0.59853
vt 5.15389 0.86939
vt 5.43704 1.20820
vt 5.91518 1.31656
vt 5.44379 0.59853
vt 5.91518 1.31656
vt 5.95972 0.53112
vt 5.44379 0.59853
vt 5.91518 1.31656
vt 6.50466 1.41552
vt 5.95972 0.53112
vt 6.50466 1.41552
vt 6.33059 0.88042
vt 5.95972 0.53112
vt 6.50466 1.41552
vt 6.72907 1.72531
vt 6.33059 0.88042
vt 6.72907 1.72531
vt 6.53434 1.14758
vt 6.33059 0.88042
vt 6.53434 1.14758
vt 6.51835 1.38933
vt 6.43834 0.49018
vt 6.51835 1.38933
vt 6.45928 0.67338
vt 6.43834 0.49018
vt 6.51835 1.38933
vt 6.48220 1.50586
vt 6.45928 0.67338
vt 6.48220 1.50586
vt 6.17779 0.95692
vt 6.45928 0.67338
vt 6.48220 1.50586
vt 5.94269 1.60798
vt 6.17779 0.95692
vt 5.94269 1.60798
vt 5.87197 1.02425
vt 6.17779 0.95692
vt 5.94269 1.60798
vt 5.49552 1.56559
vt 5.87197 1.02425
vt 5.49552 1.56559
vt 5.52406 0.94310
vt 5.87197 1.02425
vt 5.49552 1.56559
vt 5.02768 1.34812
vt 5.52406 0.94310
vt 5.02768 1.34812
vt 5.10062 0.59195
vt 5.52406 0.94310
vt 5.02768 1.34812
vt 4.74183 1.06835
vt 5.10062 0.59195
vt 4.74183 1.06835
vt 5.06642 0.67903
vt 5.10062 0.59195
vt 4.74183 1.06835
vt 4.71655 0.78333
vt 5.06642 0.67903
vt 4.71655 0.78333
vt 5.08024 0.53690
vt 5.06642 0.67903
vt 4.71655 0.78333
vt 5.15389 0.86939
vt 5.08024 0.53690
vt 5.15389 0.86939
vt 5.16115 0.17830
vt 5.08024 0.53690
vt 5.15389 0.86939
vt 5.44379 0.59853
vt 5.16115 0.17830
vt 5.44379 0.59853
vt 5.49014 0.08680
vt 5.16115 0.17830
vt 5.44379 0.59853
vt 5.95972 0.53112
vt 5.49014 0.08680
vt 5.95972 0.53112
vt 5.87934 0.20341
vt 5.49014 0.08680
vt 5.95972 0.53112
vt 6.33059 0.88042
vt 5.87934 0.20341
vt 6.33059 0.88042
vt 6.09783 0.65107
vt 5.87934 0.20341
vt 6.33059 0.88042
vt 6.53434 1.14758
vt 6.09783 0.65107
vt 6.53434 1.14758
vt 6.43834 0.49018
vt 6.09783 0.65107
vt 6.43834 0.49018
vt 6.45928 0.67338
vt 6.09527 0.12078
vt 6.45928 0.67338
vt 6.06007 0.37056
vt 6.09527 0.12078
vt 6.45928 0.67338
vt 6.17779 0.95692
vt 6.06007 0.37056
vt 6.17779 0.95692
vt 5.92317 0.64045
vt 6.06007 0.37056
vt 6.17779 0.95692
vt 5.87197 1.02425
vt 5.92317 0.64045
vt 5.87197 1.02425
vt 5.81375 0.25733
vt 5.92317 0.64045
vt 5.87197 1.02425
vt 5.52406 0.94310
vt 5.81375 0.25733
vt 5.52406 0.94310
vt 5.59362 0.33420
vt 5.81375 0.25733
vt 5.52406 0.94310
vt 5.10062 0.59195
vt 5.59362 0.33420
vt 5.10062 0.59195
vt 5.44456 0.43492
vt 5.59362 0.33420
vt 5.10062 0.59195
vt 5.06642 0.67903
vt 5.44456 0.43492
vt 5.06642 0.67903
vt 5.35279 0.34904
vt 5.44456 0.43492
vt 5.06642 0.67903
vt 5.08024 0.53690
vt 5.35279 0.34904
vt 5.08024 0.53690
vt 5.31374 0.09444
vt 5.35279 0.34904
vt 5.08024 0.53690
vt 5.16115 0.17830
vt 5.31374 0.09444
vt 5.16115 0.17830
vt 5.37297 -0.23247
vt 5.31374 0.09444
vt 5.16115 0.17830
vt 5.49014 0.08680
vt 5.37297 -0.23247
vt 5.49014 0.08680
vt 5.60710 0.27180
vt 5.37297 -0.23247
vt 5.49014 0.08680
vt 5.87934 0.20341
vt 5.60710 0.27180
vt 5.87934 0.20341
vt 5.78590 0.15736
vt 5.60710 0.27180
vt 5.87934 0.20341
vt 6.09783 0.65107
vt 5.78590 0.15736
vt 6.09783 0.65107
vt 5.98425 0.02050
vt 5.78590 0.15736
vt 6.09783 0.65107
vt 6.43834 0.49018
vt 5.98425 0.02050
vt 6.43834 0.49018
vt 6.09527 0.12078
vt 5.98425 0.02050
vt 6.09527 0.12078
vt 6.06007 0.37056
vt 5.69560 0.40635
vt 6.06007 0.37056
vt 5.92317 0.64045
vt 5.69560 0.11970
vt 5.92317 0.64045
vt 5.81375 0.25733
vt 5.69560 -0.01274
vt 5.81375 0.25733
vt 5.59362 0.33420
vt 5.69560 0.00673
vt 5.59362 0.33420
vt 5.44456 0.43492
vt 5.69560 0.23696
vt 5.44456 0.43492
vt 5.35279 0.34904
vt 5.69560 0.31529
vt 5.35279 0.34904
vt 5.31374 0.09444
vt 5.69560 -0.18213
vt 5.31374 0.09444
vt 5.37297 -0.23247
vt 5.69560 0.10452
vt 5.37297 -0.23247
vt 5.60710 0.27180
vt 5.69560 0.23696
vt 5.60710 0.27180
vt 5.78590 0.15736
vt 5.69560 0.21750
vt 5.78590 0.15736
vt 5.98425 0.02050
vt 5.69560 -0.01274
vt 5.98425 0.02050
vt 6.09527 0.12078
vt 5.69560 -0.09107
vn 0.00120 0.78471 -0.61986
vn 0.45068 0.77164 -0.44885
vn 0.13543 0.89947 0.41547
vn -0.94973 0.31015 0.04257
vn 0.42860 0.36731 0.82546
vn 0.52097 0.80943 0.27095
vn -0.38855 0.63135 -0.67113
vn 0.11139 0.60125 -0.79126
vn -0.02096 0.96386 -0.26559
vn -0.86807 0.41355 -0.27465
vn 0.67581 0.47328 0.56506
vn 0.81487 0.52816 0.23883
vn 0.49036 0.70835 -0.50773
vn 0.46875 0.70086 -0.53765
vn 0.44457 0.77214 -0.45406
vn 0.04045 0.28127 0.95878
vn 0.24018 0.30704 0.92089
vn 0.26585 0.31806 0.91003
vn -0.87468 0.15992 0.45756
vn 0.24079 0.92273 0.30097
vn 0.71047 0.46372 0.52934
vn -0.19478 0.66954 0.71678
vn -0.31240 0.73663 0.59981
vn -0.85474 0.51724 -0.04328
vn -0.66483 0.40232 -0.62939
vn -0.58155 0.24421 -0.77599
vn -0.35225 0.20503 -0.91317
vn -0.78542 0.54047 0.30166
vn -0.03661 0.94349 -0.32936
vn -0.02798 0.94017 -0.33957
vn -0.88692 0.43445 -0.15691
vn 0.42770 0.30946 -0.84930
vn 0.97511 0.19911 -0.09751
vn 0.79578 0.48601 -0.36129
vn 0.90125 0.40758 0.14707
vn 0.49014 0.70804 -0.50838
vn 0.80465 0.44302 -0.39532
vn 0.90215 0.06165 0.42699
vn 0.24642 0.04111 0.96829
vn 0.47634 0.29814 0.82717
vn 0.26676 0.28719 0.91998
vn 0.52813 0.46682 0.70934
vn 0.08520 0.54775 0.83230
vn 0.02375 0.51953 0.85412
vn -0.26195 0.58120 0.77045
vn -0.95632 0.01028 0.29213
vn -0.99242 0.00980 0.12249
vn -0.83633 0.21929 0.50246
vn -0.63993 0.16779 -0.74989
vn -0.66686 0.74511 -0.01020
vn -0.72095 0.58706 0.36823
vn -0.74874 0.35567 -0.55936
vn -0.18098 0.35367 -0.91770
vn 0.05308 0.15644 -0.98626
vn 0.40089 0.14352 -0.90481
vn 0.45687 0.10032 -0.88386
vn 0.82119 0.09290 -0.56304
vn 0.01337 0.51389 -0.85775
vn 0.42299 0.76024 -0.49307
vn 0.87568 0.48213 -0.02695
vn 0.90680 -0.09598 0.41048
vn 0.95934 -0.00472 0.28221
vn 0.53441 -0.00415 0.84521
vn 0.85392 0.41280 0.31688
vn 0.52580 0.49223 0.69372
vn -0.01604 0.04705 0.99876
vn -0.05228 0.04699 0.99753
vn -0.31430 -0.14334 0.93844
vn -0.93367 -0.11782 0.33820
vn -0.74255 0.16748 0.64851
vn -0.84843 0.17198 0.50060
vn -0.74064 0.26594 0.61702
vn -0.93704 0.33646 -0.09357
vn -0.93503 0.21627 -0.28099
vn -0.77113 0.21652 -0.59873
vn -0.25815 -0.23667 -0.93667
vn -0.02321 -0.21293 -0.97679
vn -0.51111 0.14264 -0.84760
vn 0.46169 0.14721 -0.87474
vn 0.14178 0.39205 -0.90895
vn 0.07897 0.38104 -0.92118
vn 0.58992 0.06075 -0.80518
vn 0.99336 0.06286 -0.09631
vn 0.98569 -0.10433 0.13239
vn 0.95484 0.09685 0.28089
vn 0.96082 0.11566 0.25190
vn 0.93102 0.11765 0.34550
vn 0.68584 -0.21410 0.69555
vn -0.01578 -0.18342 0.98291
vn -0.23821 -0.32868 0.91390
vn -0.30058 -0.32278 0.89748
vn -0.00397 -0.07408 0.99724
vn -0.75051 -0.08424 0.65546
vn -0.42838 0.18913 0.88358
vn -0.74801 0.22839 0.62316
vn -0.92673 -0.32676 -0.18549
vn -0.90736 -0.31993 -0.27267
vn -0.88365 -0.34873 -0.31233
vn -0.25742 -0.24766 -0.93402
vn -0.63593 0.02821 -0.77123
vn -0.51618 0.02840 -0.85601
vn -0.55623 0.06764 -0.82827
vn 0.15362 0.08043 -0.98485
vn 0.42451 -0.12455 -0.89681
vn 0.58635 -0.12533 -0.80031
vn 0.83087 -0.51286 -0.21594
vn 0.88599 -0.44818 0.11900
vn 0.77113 0.07821 -0.63186
vn 0.95583 -0.16552 0.24290
vn 0.43652 -0.47119 0.76644
vn 0.60716 -0.51914 0.60154
vn 0.09860 -0.71404 0.69313
vn -0.28850 -0.55909 0.77729
vn 0.58879 -0.02045 0.80803
vn -0.01260 -0.02530 0.99960
vn -0.26241 -0.19159 0.94574
vn -0.33923 -0.19566 0.92013
vn -0.60244 -0.54720 0.58107
vn -0.86403 -0.45507 -0.21531
vn -0.64701 -0.53948 -0.53883
vn -0.73924 -0.61639 -0.27129
vn -0.94985 -0.14284 0.27818
vn -0.62023 -0.18039 -0.76339
vn -0.79535 -0.04388 -0.60456
vn -0.58465 -0.04664 -0.80994
vn 0.47844 -0.62882 -0.61293
vn 0.39671 -0.65734 -0.64072
vn 0.15643 -0.47636 -0.86523
vn 0.87180 -0.40893 -0.26970
vn 0.63077 -0.12926 -0.76513
vn 0.72416 -0.13519 -0.67625
vn 0.71759 -0.12426 -0.68529
vn -0.00028 -0.75250 0.65859
vn 0.79952 -0.58903 -0.11750
vn 0.24614 -0.53213 0.81009
vn 0.79801 -0.31917 0.51118
vn 0.72217 -0.33356 0.60597
vn 0.74502 -0.30254 0.59448
vn -0.25241 -0.43888 0.86237
vn -0.82452 -0.42354 -0.37520
vn -0.25307 -0.95010 0.18237
vn -0.19432 -0.87670 0.44004
vn -0.57784 -0.58812 -0.56587
vn -0.62660 -0.13659 0.76728
vn -0.92530 -0.20171 0.32116
vn -0.60300 -0.62554 -0.49507
vn -0.71419 -0.63255 -0.29968
vn 0.07870 -0.84480 -0.52926
vn 0.46705 -0.60660 -0.64335
vn 0.77423 -0.53755 -0.33409
vn 0.06400 -0.84758 -0.52679
vn -0.51388 -0.15310 -0.84409
vn 0.58953 -0.33169 -0.73650
vn 0.66976 -0.38617 -0.63426
vn 0.54693 -0.36284 -0.75446
vn -0.00019 -0.51829 0.85521
vn 0.11743 -0.91237 -0.39216
vn 0.75691 -0.57567 0.30934
vn 0.78340 -0.60992 -0.11954
vn -0.84223 -0.41904 -0.33920
vn -0.30070 -0.78312 0.54433
vn -0.05547 -0.42699 0.90255
vn -0.40023 -0.78164 -0.47839
vn 0.53311 -0.84104 0.09191
vn 0.68899 -0.46647 -0.55470
vn -0.74877 -0.28963 -0.59620
vn 0.12560 -0.99097 0.04690
vn 0.28757 -0.48321 0.82693
vn 0.14142 0.69127 0.70862
vn 0.62803 0.59604 -0.50032
vn 0.80508 0.54868 -0.22538
vn -0.96453 0.26394 0.00405
vn -0.17370 0.50519 0.84534
vn 0.56778 0.69076 0.44774
vn -0.46647 0.73605 0.49055
vn 0.22719 0.54038 -0.81017
vn 0.69267 0.37057 -0.61878
vn -0.90584 0.29148 -0.30740
vn 0.13190 0.83155 0.53957
vn 0.81406 0.46503 0.34792
vn 0.73837 0.29055 0.60860
vn 0.40908 0.54691 -0.73044
vn 0.38481 0.61692 -0.68654
vn 0.13800 0.54489 0.82707
vn 0.87253 0.43984 0.21266
vn 0.06435 0.23167 0.97066
vn -0.86931 0.11474 0.48076
vn -0.42032 0.61631 0.66595
vn -0.08317 0.57861 0.81136
vn 0.08525 0.57726 0.81210
vn -0.03014 0.68485 0.72806
vn -0.56581 0.72781 0.38751
vn -0.54650 0.70297 0.45516
vn -0.55403 0.15729 -0.81750
vn -0.38031 0.13865 -0.91440
vn -0.89169 0.41176 -0.18800
vn 0.53523 0.27369 -0.79914
vn -0.30419 0.94966 -0.07495
vn -0.94310 0.33148 -0.02616
vn 0.03641 0.47479 -0.87935
vn 0.82916 0.44168 -0.34265
vn 0.92447 0.31442 -0.21563
vn 0.95368 0.26230 0.14728
vn 0.92981 0.36587 -0.03998
vn 0.56369 0.46836 -0.68036
vn 0.95934 0.19053 0.20826
vn 0.41678 0.16220 0.89442
vn 0.33845 0.09363 0.93631
vn 0.10741 0.08673 0.99042
vn 0.38569 0.23681 0.89172
vn -0.40085 0.23515 0.88545
vn 0.32082 0.55916 0.76447
vn 0.16316 0.63883 0.75185
vn -0.90712 0.15834 0.38994
vn -0.90824 0.15830 0.38736
vn -0.97695 0.06912 0.20195
vn -0.66015 0.04671 -0.74968
vn -0.84492 0.43641 -0.30930
vn -0.88837 0.42349 -0.17737
vn -0.88191 0.40524 -0.24086
vn -0.43660 0.52370 -0.73152
vn -0.11180 0.31660 -0.94195
vn 0.08134 0.31754 -0.94475
vn 0.63694 -0.02108 -0.77063
vn 0.88382 -0.01823 -0.46747
vn 0.23230 0.34506 -0.90938
vn 0.90407 0.42695 -0.01948
vn 0.73721 0.61253 -0.28518
vn 0.97540 0.01639 0.21981
vn 0.81806 -0.18293 0.54527
vn 0.41530 -0.14928 0.89735
vn 0.89662 0.27656 0.34582
vn 0.38538 0.34116 0.85737
vn 0.22945 0.23900 0.94352
vn 0.22798 0.23909 0.94385
vn -0.26190 -0.03486 0.96447
vn -0.89274 -0.03058 0.44953
vn -0.92157 -0.07856 0.38019
vn -0.97476 -0.07567 0.21003
vn -0.80868 0.14437 0.57026
vn -0.93134 0.16627 -0.32397
vn -0.93817 0.34617 0.00154
vn -0.88929 0.38065 -0.25353
vn -0.36819 -0.11778 -0.92226
vn -0.15973 -0.11098 -0.98090
vn -0.26638 -0.05057 -0.96254
vn 0.63033 -0.04073 -0.77526
vn 0.22999 0.25203 -0.93999
vn 0.27367 0.25518 -0.92736
vn 0.38676 0.19778 -0.90072
vn 0.91390 0.24359 -0.32472
vn 0.99943 0.01680 0.02933
vn 0.82567 -0.12404 0.55035
vn 0.97646 0.08962 0.19621
vn 0.92895 0.09316 0.35829
vn 0.88037 0.01288 0.47410
vn 0.23627 0.01433 0.97158
vn -0.25143 -0.25613 0.93337
vn -0.25332 -0.25600 0.93290
vn -0.33961 -0.31269 0.88707
vn -0.89293 -0.25877 0.36838
vn -0.41019 0.15823 0.89817
vn -0.80171 0.19399 0.56535
vn -0.98247 -0.04065 0.18194
vn -0.99914 -0.04134 0.00164
vn -0.90233 -0.26185 -0.34239
vn -0.36264 -0.20819 -0.90838
vn -0.32204 -0.22909 -0.91859
vn -0.25985 -0.22561 -0.93892
vn -0.63336 0.05121 -0.77216
vn 0.23717 0.06429 -0.96934
vn 0.18810 0.09215 -0.97782
vn 0.39269 0.09713 -0.91453
vn 0.89009 -0.39677 -0.22429
vn 0.93305 -0.35871 0.02738
vn 0.91943 -0.13813 -0.36820
vn 0.98042 -0.06618 0.18549
vn 0.87826 -0.18912 0.43919
vn 0.89053 -0.18881 0.41389
vn -0.17881 -0.64425 0.74362
vn -0.33991 -0.55937 0.75602
vn 0.44994 -0.19692 0.87108
vn -0.34107 -0.20728 0.91690
vn -0.10997 -0.08324 0.99044
vn -0.33015 -0.08961 0.93966
vn -0.44453 -0.19092 0.87518
vn -0.96250 -0.21581 0.16437
vn -0.54969 -0.47219 -0.68911
vn -0.72270 -0.62081 -0.30380
vn -0.92712 -0.37218 0.04394
vn -0.28173 -0.32385 -0.90319
vn -0.88170 0.01996 -0.47139
vn -0.64309 0.02298 -0.76544
vn -0.00744 -0.35526 -0.93474
vn 0.14856 -0.35132 -0.92439
vn 0.43895 -0.53428 -0.72240
vn 0.88698 -0.40652 -0.21911
vn 0.87747 -0.38624 -0.28435
vn 0.84544 -0.39085 -0.36397
vn 0.66557 -0.04493 -0.74498
vn 0.48395 -0.74911 0.45235
vn 0.07234 -0.70550 0.70501
vn -0.08187 -0.56805 0.81891
vn 0.28574 -0.54798 0.78617
vn 0.49796 -0.55297 0.66803
vn 0.86394 -0.12028 0.48902
vn -0.06429 -0.23834 0.96905
vn -0.89672 -0.43306 0.09143
vn -0.15850 -0.60433 0.78081
vn -0.38197 -0.63894 -0.66772
vn -0.41625 -0.53953 -0.73187
vn -0.71448 -0.24726 0.65450
vn -0.94471 -0.32694 0.02522
vn -0.95410 -0.27527 0.11795
vn -0.92208 -0.32266 -0.21368
vn -0.76420 -0.50828 -0.39706
vn 0.04452 -0.49926 -0.86531
vn 0.94152 -0.33553 -0.03084
vn 0.31117 -0.94636 -0.08699
vn -0.54526 -0.23823 -0.80370
vn 0.87514 -0.39802 -0.27515
vn 0.39803 -0.14607 -0.90567
vn 0.55301 -0.16315 -0.81705
vn 0.43632 -0.67539 0.59454
vn -0.54603 -0.71809 0.43150
vn 0.30728 -0.52419 0.79423
vn 0.96094 -0.27674 -0.00321
vn -0.82205 -0.50695 -0.25931
vn -0.64243 -0.61305 -0.45984
vn -0.13020 -0.60683 0.78409
vn -0.81162 -0.49207 0.31488
vn 0.01181 -0.86990 0.49309
vn 0.89989 -0.29312 -0.32291
vn -0.71402 -0.33540 -0.61456
vn -0.21991 -0.57524 -0.78787
vn 0.42732 -0.67811 0.59796
vn 0.08220 0.98702 -0.13798
vn 0.47804 0.69498 -0.53711
vn 0.47823 0.87491 0.07631
vn -0.94760 0.31800 0.03059
vn 0.24548 0.44502 0.86122
vn 0.51130 0.76106 0.39920
vn -0.43428 0.85717 -0.27688
vn 0.17375 0.55340 -0.81459
vn 0.38418 0.74148 -0.55011
vn -0.87045 0.39758 -0.29025
vn 0.49526 0.65059 0.57572
vn 0.76375 0.51993 0.38258
vn 0.71075 0.69873 0.08133
vn 0.36444 0.67161 -0.64508
vn 0.35632 0.69461 -0.62494
vn 0.06099 0.39464 0.91681
vn 0.48703 0.44620 0.75081
vn 0.12117 0.27860 0.95273
vn -0.85516 0.14548 0.49752
vn 0.02057 0.88742 0.46049
vn 0.51429 0.57176 0.63921
vn -0.01282 0.67784 0.73510
vn -0.06308 0.72539 0.68544
vn -0.72838 0.67737 0.10310
vn -0.68955 0.64126 -0.33661
vn -0.52068 0.20027 -0.82993
vn -0.30690 0.16533 -0.93727
vn -0.81422 0.56035 0.15183
vn 0.31825 0.65179 -0.68839
vn -0.14892 0.97810 -0.14540
vn -0.89758 0.43605 -0.06482
vn 0.28431 0.40860 -0.86730
vn 0.92988 0.31669 -0.18717
vn 0.85777 0.42702 -0.28616
vn 0.91279 0.34529 0.21814
vn 0.66492 0.65367 -0.36138
vn 0.62122 0.52718 -0.57980
vn 0.91074 0.12785 0.39268
vn 0.28042 0.08659 0.95596
vn 0.36620 0.18649 0.91166
vn 0.13762 0.17166 0.97550
vn 0.46626 0.41861 0.77934
vn -0.09480 0.47106 0.87699
vn 0.15199 0.59690 0.78779
vn -0.02417 0.66552 0.74599
vn -0.93512 0.07356 0.34662
vn -0.97041 0.07214 0.23044
vn -0.91549 0.15240 0.37235
vn -0.60042 0.09995 -0.79341
vn -0.69412 0.71357 -0.09491
vn -0.75241 0.61787 0.22827
vn -0.78228 0.46243 -0.41737
vn -0.28836 0.49408 -0.82020
vn 0.00915 0.22693 -0.97387
vn 0.28377 0.21761 -0.93387
vn 0.52519 0.02138 -0.85072
vn 0.84648 0.01963 -0.53207
vn 0.05860 0.48226 -0.87407
vn 0.57966 0.74103 -0.33894
vn 0.75255 0.63863 -0.16070
vn 0.92055 -0.07726 0.38290
vn 0.88071 -0.13155 0.45502
vn 0.42536 -0.10306 0.89914
vn 0.84743 0.42429 0.31912
vn 0.46071 0.49625 0.73586
vn 0.08530 0.16194 0.98311
vn 0.07096 0.16213 0.98422
vn -0.29448 -0.12303 0.94771
vn -0.90807 -0.10975 0.40418
vn -0.82532 0.03376 0.56366
vn -0.92797 0.03403 0.37110
vn -0.71328 0.26095 0.65049
vn -0.92551 0.33859 -0.16966
vn -0.92472 0.34753 -0.15531
vn -0.81088 0.35985 -0.46150
vn -0.25696 -0.21833 -0.94144
vn -0.05644 -0.19876 -0.97842
vn -0.37760 0.04596 -0.92483
vn 0.52928 0.04211 -0.84740
vn 0.13134 0.38366 -0.91409
vn 0.10461 0.37877 -0.91956
vn 0.46176 0.15562 -0.87324
vn 0.95479 0.18716 -0.23096
vn 0.98848 -0.08296 0.12661
vn 0.88828 -0.01836 0.45893
vn 0.96476 0.15265 0.21431
vn 0.92436 0.15619 0.34809
vn 0.75979 -0.11206 0.64044
vn 0.08600 -0.10144 0.99112
vn -0.25652 -0.34975 0.90104
vn -0.27823 -0.34757 0.89542
vn -0.11215 -0.19678 0.97401
vn -0.80794 -0.20679 0.55179
vn -0.37160 0.21015 0.90430
vn -0.71224 0.26613 0.64953
vn -0.97414 -0.22519 -0.01831
vn -0.96152 -0.22227 -0.16149
vn -0.83388 -0.39145 -0.38912
vn -0.25352 -0.27015 -0.92884
vn -0.48871 -0.10525 -0.86607
vn -0.37598 -0.10330 -0.92085
vn -0.56777 0.08791 -0.81848
vn 0.14142 0.10572 -0.98429
vn 0.29507 -0.01449 -0.95537
vn 0.46741 -0.01507 -0.88391
vn 0.81680 -0.54932 -0.17629
vn 0.86327 -0.49248 0.11057
vn 0.81217 -0.01678 -0.58318
vn 0.97346 -0.11526 0.19769
vn 0.60625 -0.40502 0.68441
vn 0.71546 -0.42482 0.55465
vn -0.09119 -0.72954 0.67783
vn -0.30733 -0.61335 0.72756
vn 0.52762 -0.08831 0.84488
vn -0.12080 -0.10320 0.98730
vn -0.15139 -0.12530 0.98050
vn -0.29031 -0.13249 0.94772
vn -0.50968 -0.41952 0.75115
vn -0.90556 -0.42037 -0.05709
vn -0.49931 -0.56683 -0.65529
vn -0.62559 -0.71019 -0.32290
vn -0.93676 -0.25409 0.24067
vn -0.45455 -0.26933 -0.84903
vn -0.82421 0.00529 -0.56626
vn -0.59120 0.00567 -0.80651
vn 0.28315 -0.57538 -0.76731
vn 0.27320 -0.57711 -0.76962
vn 0.29128 -0.59181 -0.75161
vn 0.84578 -0.49053 -0.20985
vn 0.69486 -0.25814 -0.67121
vn 0.75198 -0.26428 -0.60388
vn 0.65226 -0.07723 -0.75405
vn 0.11914 -0.80284 0.58416
vn 0.44545 -0.83119 0.33271
vn 0.04012 -0.59182 0.80507
vn 0.68812 -0.42396 0.58885
vn 0.62909 -0.43103 0.64688
vn 0.78639 -0.21973 0.57734
vn -0.11798 -0.35321 0.92807
vn -0.83196 -0.48434 -0.27067
vn -0.19596 -0.88926 0.41331
vn -0.29560 -0.91054 -0.28903
vn -0.42980 -0.60421 -0.67097
vn -0.60514 -0.17817 0.77593
vn -0.92830 -0.27332 0.25209
vn -0.84864 -0.50980 -0.14114
vn -0.81382 -0.52161 -0.25615
vn -0.19955 -0.82264 -0.53239
vn 0.30538 -0.62591 -0.71762
vn 0.86213 -0.48914 -0.13220
vn 0.19002 -0.94778 -0.25615
vn -0.50077 -0.18730 -0.84507
vn 0.67162 -0.40275 -0.62186
vn 0.47564 -0.26454 -0.83891
vn 0.50602 -0.27072 -0.81893
vn 0.08724 -0.58790 0.80422
vn -0.23020 -0.96694 0.10974
vn 0.63464 -0.61519 0.46773
vn 0.87376 -0.48323 -0.05508
vn -0.79737 -0.49334 -0.34759
vn -0.52613 -0.84987 -0.03018
vn -0.07333 -0.47475 0.87706
vn -0.62836 -0.77715 -0.03474
vn 0.38634 -0.89906 0.20600
vn 0.78854 -0.41714 -0.45188
vn -0.70810 -0.32154 -0.62866
vn -0.07252 -0.88608 -0.45783
vn 0.27434 -0.56366 0.77912
vn 0.11853 0.96806 -0.22095
vn 0.60992 0.57645 -0.54379
vn 0.62552 0.77314 0.10483
vn -0.97719 0.21077 0.02580
vn 0.33126 0.36169 0.87146
vn 0.66047 0.63363 0.40286
vn -0.58546 0.73822 -0.33506
vn 0.22628 0.47110 -0.85256
vn 0.48957 0.65658 -0.57378
vn -0.92992 0.27455 -0.24467
vn 0.63766 0.51519 0.57269
vn 0.86256 0.37691 0.33755
vn 0.83732 0.54554 0.03580
vn 0.48282 0.56925 -0.66546
vn 0.47566 0.59411 -0.64868
vn 0.07653 0.32159 0.94378
vn 0.57271 0.34403 0.74407
vn 0.16217 0.22978 0.95964
vn -0.90436 0.09938 0.41504
vn 0.05465 0.84857 0.52625
vn 0.65149 0.44612 0.61363
vn -0.02868 0.60035 0.79922
vn -0.10053 0.65031 0.75298
vn -0.86086 0.50176 0.08460
vn -0.81213 0.47335 -0.34115
vn -0.61580 0.15327 -0.77285
vn -0.37924 0.13243 -0.91577
vn -0.90402 0.40196 0.14554
vn 0.40292 0.57653 -0.71082
vn -0.21756 0.95809 -0.18635
vn -0.95262 0.29857 -0.05807
vn 0.37216 0.32722 -0.86858
vn 0.96739 0.20540 -0.14820
vn 0.92164 0.29851 -0.24793
vn 0.95525 0.23456 0.18019
vn 0.78293 0.51010 -0.35611
vn 0.74499 0.39866 -0.53485
vn 0.94173 0.08183 0.32627
vn 0.34245 0.06587 0.93722
vn 0.45314 0.15116 0.87853
vn 0.17983 0.14399 0.97310
vn 0.57405 0.33265 0.74820
vn -0.10741 0.40391 0.90847
vn 0.19347 0.51031 0.83795
vn -0.04920 0.58294 0.81102
vn -0.95940 0.04510 0.27843
vn -0.98304 0.04358 0.17812
vn -0.94402 0.10450 0.31289
vn -0.68958 0.07633 -0.72018
vn -0.82789 0.55479 -0.08250
vn -0.86119 0.45790 0.22063
vn -0.86686 0.32743 -0.37596
vn -0.36209 0.40183 -0.84108
vn 0.01631 0.18137 -0.98328
vn 0.36193 0.16909 -0.91674
vn 0.61041 0.01913 -0.79186
vn 0.89414 0.01588 -0.44751
vn 0.07114 0.41055 -0.90906
vn 0.71404 0.60537 -0.35168
vn 0.87310 0.46722 -0.13926
vn 0.94721 -0.05317 0.31616
vn 0.92570 -0.08359 0.36891
vn 0.51603 -0.07552 0.85323
vn 0.91544 0.29615 0.27250
vn 0.57448 0.39615 0.71627
vn 0.10007 0.12614 0.98695
vn 0.08057 0.12636 0.98871
vn -0.36539 -0.09974 0.92549
vn -0.94168 -0.07439 0.32818
vn -0.87535 0.02907 0.48261
vn -0.95051 0.02829 0.30942
vn -0.79589 0.18898 0.57520
vn -0.96415 0.22893 -0.13416
vn -0.96414 0.22834 -0.13527
vn -0.87977 0.24638 -0.40658
vn -0.31866 -0.17732 -0.93114
vn -0.06798 -0.16404 -0.98411
vn -0.46650 0.04069 -0.88359
vn 0.61496 0.03627 -0.78772
vn 0.16779 0.31999 -0.93244
vn 0.13021 0.31593 -0.93980
vn 0.55832 0.11525 -0.82158
vn 0.97658 0.11775 -0.18009
vn 0.99315 -0.05575 0.10270
vn 0.92893 -0.00700 0.37020
vn 0.97974 0.09940 0.17386
vn 0.95332 0.10317 0.28378
vn 0.82486 -0.08378 0.55910
vn 0.10049 -0.08712 0.99112
vn -0.32403 -0.28481 0.90216
vn -0.35235 -0.28174 0.89245
vn -0.13175 -0.15334 0.97935
vn -0.86731 -0.13828 0.47817
vn -0.45612 0.16501 0.87449
vn -0.79561 0.19071 0.57500
vn -0.98796 -0.15279 -0.02422
vn -0.97889 -0.15139 -0.13734
vn -0.90318 -0.27258 -0.33161
vn -0.31602 -0.21780 -0.92342
vn -0.58815 -0.07304 -0.80545
vn -0.46561 -0.07370 -0.88191
vn -0.65610 0.06535 -0.75184
vn 0.17646 0.08524 -0.98061
vn 0.37159 -0.01701 -0.92824
vn 0.56198 -0.01704 -0.82697
vn 0.90648 -0.39266 -0.15532
vn 0.93443 -0.34279 0.09663
vn 0.86598 -0.00653 -0.50003
vn 0.98412 -0.07689 0.15997
vn 0.69822 -0.31128 0.64466
vn 0.80414 -0.31660 0.50312
vn -0.11644 -0.65368 0.74776
vn -0.40183 -0.51516 0.75706
vn 0.62157 -0.06234 0.78087
vn -0.14220 -0.07878 0.98670
vn -0.19624 -0.10384 0.97504
vn -0.36031 -0.10772 0.92659
vn -0.62157 -0.33332 0.70891
vn -0.95538 -0.28972 -0.05763
vn -0.62398 -0.45119 -0.63803
vn -0.76994 -0.55672 -0.31185
vn -0.96603 -0.16288 0.20066
vn -0.55843 -0.20375 -0.80414
vn -0.87681 0.00203 -0.48084
vn -0.67840 0.00235 -0.73469
vn 0.38631 -0.48780 -0.78283
vn 0.36693 -0.49196 -0.78951
vn 0.37184 -0.49452 -0.78561
vn 0.92192 -0.34157 -0.18276
vn 0.77397 -0.17953 -0.60724
vn 0.82597 -0.18060 -0.53401
vn 0.73877 -0.05772 -0.67148
vn 0.15523 -0.73164 0.66378
vn 0.62872 -0.70779 0.32209
vn 0.06652 -0.50925 0.85804
vn 0.79483 -0.30447 0.52492
vn 0.73905 -0.31700 0.59440
vn 0.85227 -0.15693 0.49901
vn -0.15905 -0.29619 0.94179
vn -0.90871 -0.33876 -0.24391
vn -0.28997 -0.84044 0.45780
vn -0.42388 -0.85746 -0.29169
vn -0.55374 -0.49340 -0.67077
vn -0.69473 -0.12911 0.70759
vn -0.96067 -0.17854 0.21269
vn -0.91997 -0.36622 -0.13976
vn -0.89758 -0.37771 -0.22734
vn -0.25162 -0.75756 -0.60232
vn 0.41506 -0.52897 -0.74021
vn 0.93114 -0.34391 -0.12127
vn 0.27525 -0.90666 -0.31971
vn -0.59278 -0.14047 -0.79302
vn 0.76280 -0.29404 -0.57591
vn 0.57955 -0.20870 -0.78776
vn 0.60310 -0.21108 -0.76923
vn 0.10644 -0.50170 0.85847
vn -0.31935 -0.94246 0.09889
vn 0.77040 -0.47114 0.42956
vn 0.93866 -0.34118 -0.05004
vn -0.88585 -0.34854 -0.30625
vn -0.68594 -0.72765 0.00368
vn -0.09430 -0.39620 0.91331
vn -0.77310 -0.63135 -0.06091
vn 0.55490 -0.80310 0.21706
vn 0.86595 -0.29885 -0.40102
vn -0.79707 -0.23054 -0.55815
vn -0.09318 -0.85636 -0.50790
vn 0.35582 -0.46729 0.80934
vn 0.02370 0.45216 0.89162
vn -0.05459 0.48038 0.87536
vn 0.86132 0.40251 -0.31000
vn -0.43831 0.86359 -0.24918
vn -0.71218 0.62492 0.31981
vn -0.36931 0.55707 -0.74383
vn -0.32751 0.45319 0.82907
vn -0.30667 0.75925 0.57401
vn 0.74300 0.31382 -0.59115
vn -0.32562 0.58610 -0.74192
vn -0.49537 0.86691 0.05543
vn 0.05702 0.58626 -0.80812
vn 0.63779 0.13576 0.75815
vn 0.76596 0.56817 -0.30081
vn 0.01541 0.43068 0.90237
vn 0.29550 0.95342 0.06053
vn 0.80461 0.41556 -0.42416
vn 0.46636 0.55089 0.69212
vn -0.55252 0.51907 0.65214
vn -0.73736 0.31297 0.59862
vn -0.76930 0.30793 0.55978
vn -0.55633 0.41237 0.72142
vn -0.86433 0.29750 -0.40549
vn 0.04873 0.69384 0.71848
vn 0.03499 0.49822 0.86635
vn -0.55486 0.55348 -0.62112
vn -0.83074 0.55265 -0.06674
vn -0.51244 0.31415 -0.79920
vn 0.47163 0.15257 -0.86850
vn 0.16749 0.57285 -0.80236
vn -0.30104 0.55411 -0.77611
vn -0.53224 0.56471 -0.63073
vn -0.10321 0.86483 -0.49134
vn 0.41019 0.82290 -0.39317
vn 0.03554 0.59345 -0.80409
vn 0.90865 0.19341 0.37006
vn 0.86699 0.44038 -0.23323
vn 0.79848 0.47989 -0.36350
vn 0.61654 0.65164 0.44186
vn 0.40009 0.32826 0.85567
vn 0.44765 0.33030 0.83097
vn -0.06797 -0.01787 0.99753
vn -0.57713 -0.01463 0.81652
vn 0.15023 0.45492 0.87777
vn -0.49033 0.57460 0.65530
vn -0.46018 0.58930 0.66405
vn -0.27192 0.50659 0.81819
vn -0.87863 0.27530 0.39015
vn -0.76923 0.24102 -0.59177
vn -0.66655 0.06756 -0.74239
vn -0.57574 0.06402 -0.81512
vn -0.83427 0.29987 -0.46268
vn 0.05135 0.27268 -0.96073
vn -0.47938 0.70059 -0.52855
vn -0.57729 0.65185 -0.49177
vn 0.48699 0.15053 -0.86034
vn 0.67073 0.14909 -0.72656
vn 0.70911 0.12083 -0.69467
vn 0.95286 0.09246 0.28898
vn 0.88448 0.44926 -0.12594
vn 0.83163 0.42958 -0.35193
vn 0.79721 -0.15216 0.58421
vn 0.49168 -0.12883 0.86119
vn 0.61915 -0.02839 0.78476
vn -0.06679 -0.02260 0.99751
vn 0.23566 0.22916 0.94443
vn 0.10377 0.23453 0.96656
vn 0.12619 0.24931 0.96017
vn -0.55515 0.32340 0.76630
vn -0.90008 -0.02737 0.43487
vn -0.92253 -0.02731 0.38497
vn -0.97385 -0.20245 0.10306
vn -0.71706 -0.14906 -0.68089
vn -0.91951 0.38661 0.07100
vn -0.80183 0.43926 -0.40511
vn -0.66587 0.23655 -0.70758
vn -0.51951 0.23964 -0.82017
vn -0.21190 -0.00378 -0.97728
vn 0.46368 -0.00342 -0.88600
vn 0.60241 -0.13799 -0.78617
vn 0.69704 -0.13578 -0.70406
vn 0.29028 0.18281 -0.93932
vn 0.95580 0.24878 -0.15667
vn 0.81321 0.42007 -0.40277
vn 0.78320 -0.23912 0.57395
vn 0.65512 -0.32655 0.68131
vn 0.58787 -0.31496 0.74512
vn 0.93865 0.09734 0.33086
vn 0.24051 0.11439 0.96388
vn 0.19037 0.07811 0.97860
vn 0.12990 0.07889 0.98838
vn -0.49740 -0.43831 0.74865
vn -0.83014 -0.38729 0.40108
vn -0.65566 -0.14408 0.74118
vn -0.98387 -0.14544 0.10412
vn -0.90328 0.06729 0.42374
vn -0.99429 0.07407 0.07677
vn -0.99741 0.05385 0.04764
vn -0.68416 0.05794 -0.72702
vn -0.12140 -0.33089 -0.93583
vn -0.19912 -0.34206 -0.91834
vn -0.27129 -0.29066 -0.91756
vn 0.58987 -0.24385 -0.76980
vn 0.01683 0.18901 -0.98183
vn 0.28840 0.21422 -0.93324
vn 0.64659 -0.06844 -0.75976
vn 0.89363 -0.07434 -0.44260
vn 0.94885 -0.28969 -0.12555
vn 0.65867 -0.31903 0.68145
vn 0.99761 0.01324 0.06777
vn 0.95412 0.01417 0.29908
vn 0.56547 -0.40555 0.71817
vn 0.16256 -0.37769 0.91155
vn -0.16561 -0.54490 0.82198
vn -0.49467 -0.48020 0.72437
vn -0.51312 -0.49241 0.70303
vn -0.57993 -0.48912 0.65149
vn -0.19730 -0.02328 0.98007
vn -0.89982 -0.03783 0.43463
vn -0.95102 -0.29681 -0.08637
vn -0.94570 -0.29514 0.13614
vn -0.35261 -0.73658 -0.57716
vn -0.02971 -0.52330 -0.85163
vn -0.66593 -0.24685 -0.70399
vn -0.27316 -0.23951 -0.93167
vn -0.44488 -0.11399 -0.88831
vn -0.04924 -0.12713 -0.99066
vn 0.02030 -0.18599 -0.98234
vn 0.63184 -0.21760 -0.74393
vn 0.70817 -0.57221 0.41362
vn 0.65068 -0.75882 -0.02838
vn 0.67581 -0.32733 -0.66040
vn 0.90020 -0.41847 -0.12051
vn 0.75029 -0.61518 0.24212
vn 0.49621 -0.57877 0.64715
vn -0.76823 -0.40632 0.49469
vn -0.33447 -0.92442 0.18324
vn 0.85434 -0.23861 0.46170
vn -0.50246 -0.39695 0.76809
vn -0.04959 -0.20672 0.97714
vn -0.02905 -0.20419 0.97850
vn -0.48397 -0.85582 0.18260
vn -0.62964 -0.72040 -0.29081
vn -0.26321 -0.57949 -0.77131
vn -0.33878 -0.74588 -0.57349
vn -0.70942 -0.67380 -0.20667
vn -0.53445 -0.66127 -0.52638
vn -0.98946 -0.14057 -0.03479
vn -0.47765 -0.23577 -0.84632
vn 0.76876 -0.48734 -0.41414
vn -0.17786 -0.74987 -0.63723
vn 0.41450 -0.90165 0.12341
vn 0.73072 -0.55863 0.39240
vn 0.48428 -0.34972 -0.80198
vn 0.63656 -0.38362 -0.66905
vn 0.57525 -0.26741 -0.77303
vn -0.35505 -0.92956 -0.09930
vn -0.51914 -0.32473 0.79060
vn 0.91732 -0.39407 0.05692
vn 0.21542 -0.71872 0.66109
vn -0.28817 -0.95591 -0.05654
vn 0.07290 -0.60107 -0.79587
vn -0.75340 -0.61933 -0.22095
vn -0.74996 -0.35394 0.55883
vn 0.79420 -0.50881 -0.33219
vn 0.40692 -0.90173 0.14592
vn 0.14048 -0.80975 -0.56971
vn 0.31303 -0.43514 -0.84420
vn 0.05698 0.36998 0.92729
vn 0.26113 0.66543 0.69929
vn 0.88822 0.33083 -0.31876
vn -0.82047 0.55427 -0.14002
vn -0.82772 0.48067 0.28954
vn -0.23802 0.80061 -0.54988
vn -0.33010 0.40976 0.85037
vn -0.22276 0.95354 0.20283
vn 0.79069 0.23409 -0.56570
vn -0.70367 0.40832 -0.58149
vn -0.64366 0.76095 0.08159
vn 0.38808 0.69014 -0.61082
vn 0.66772 0.10835 0.73648
vn 0.68195 0.50021 -0.53360
vn 0.18141 0.73780 0.65019
vn 0.33236 0.92870 0.16448
vn 0.86444 0.33799 -0.37217
vn 0.32738 0.39915 0.85645
vn -0.76770 0.27070 0.58082
vn -0.77393 0.26234 0.57638
vn -0.84000 0.24816 0.48251
vn -0.34572 0.44769 0.82465
vn -0.88532 0.42470 -0.18932
vn 0.02186 0.68309 0.73001
vn 0.01436 0.44872 0.89356
vn -0.60180 0.32849 -0.72797
vn -0.76556 0.34685 -0.54186
vn -0.61787 0.26859 -0.73899
vn 0.54905 0.12413 -0.82652
vn -0.02471 0.75598 -0.65413
vn -0.78942 0.46420 -0.40166
vn -0.55411 0.52111 -0.64915
vn -0.13975 0.80002 -0.58347
vn 0.75343 0.57445 -0.31991
vn 0.57254 0.56123 -0.59768
vn 0.93942 0.15244 0.30699
vn 0.74965 0.44317 -0.49154
vn 0.89702 0.37399 -0.23556
vn 0.67941 0.48783 0.54811
vn 0.38398 0.18191 0.90524
vn 0.32294 0.18004 0.92914
vn -0.00888 0.01098 0.99990
vn -0.63008 0.00853 0.77648
vn 0.31028 0.47724 0.82217
vn -0.19547 0.63814 0.74470
vn -0.64057 0.45801 0.61636
vn -0.44646 0.41517 0.79266
vn -0.95987 0.14220 0.24173
vn -0.76326 0.11307 -0.63611
vn -0.74880 0.09365 -0.65615
vn -0.65601 0.09038 -0.74932
vn -0.90775 0.31280 -0.27954
vn -0.13056 0.38373 -0.91417
vn -0.48286 0.59472 -0.64277
vn -0.57742 0.55448 -0.59928
vn 0.61155 0.05142 -0.78953
vn 0.80959 0.04741 -0.58508
vn 0.68474 0.13410 -0.71634
vn 0.96081 0.09943 0.25875
vn 0.83399 0.49303 -0.24775
vn 0.93887 0.27615 -0.20558
vn 0.79153 -0.17473 0.58562
vn 0.47794 -0.15100 0.86531
vn 0.76213 0.04780 0.64566
vn -0.01710 0.04343 0.99891
vn 0.32793 0.26468 0.90687
vn 0.24664 0.27152 0.93029
vn 0.04364 0.16986 0.98450
vn -0.70384 0.19347 0.68350
vn -0.94171 -0.08176 0.32635
vn -0.96583 -0.08019 0.24647
vn -0.97043 -0.09302 0.22273
vn -0.79190 -0.07590 -0.60592
vn -0.92971 0.35166 0.10945
vn -0.88189 0.41133 -0.23037
vn -0.64579 0.12186 -0.75373
vn -0.48582 0.12386 -0.86524
vn -0.17742 -0.05890 -0.98237
vn 0.58294 -0.04863 -0.81106
vn 0.57762 -0.04443 -0.81509
vn 0.69245 -0.04334 -0.72016
vn 0.28756 0.20264 -0.93608
vn 0.92543 0.26554 -0.27031
vn 0.92128 0.27097 -0.27895
vn 0.78538 -0.21341 0.58107
vn 0.84871 -0.16268 0.50321
vn 0.75316 -0.16008 0.63806
vn 0.94830 0.09090 0.30409
vn 0.33760 0.12010 0.93360
vn 0.08988 -0.01794 0.99579
vn 0.04427 -0.01799 0.99886
vn -0.58512 -0.41380 0.69743
vn -0.89193 -0.33002 0.30910
vn -0.59660 -0.01814 0.80234
vn -0.97448 -0.01892 0.22366
vn -0.92061 0.07450 0.38331
vn -0.98995 0.08011 0.11655
vn -0.99765 -0.02953 -0.06177
vn -0.65032 -0.03103 -0.75902
vn -0.09076 -0.32532 -0.94124
vn -0.16744 -0.33528 -0.92712
vn -0.47028 -0.14557 -0.87043
vn 0.57289 -0.13520 -0.80841
vn 0.02066 0.18099 -0.98327
vn 0.28768 0.20069 -0.93646
vn 0.78724 -0.14980 -0.59818
vn 0.94666 -0.14724 -0.28663
vn 0.96167 -0.26131 -0.08310
vn 0.84123 -0.19018 0.50613
vn 0.99528 -0.00128 0.09705
vn 0.96485 -0.00135 0.26279
vn 0.36933 -0.48444 0.79304
vn 0.01351 -0.43631 0.89969
vn -0.13236 -0.49143 0.86080
vn -0.58532 -0.40199 0.70413
vn -0.34084 -0.27447 0.89916
vn -0.54492 -0.27717 0.79135
vn -0.26001 -0.02940 0.96516
vn -0.91626 -0.04136 0.39844
vn -0.88270 -0.33810 -0.32638
vn -0.93384 -0.35768 0.00392
vn -0.46871 -0.68883 -0.55302
vn -0.01157 -0.45723 -0.88927
vn -0.83277 -0.09229 -0.54587
vn -0.46527 -0.10302 -0.87915
vn -0.45249 -0.11106 -0.88483
vn -0.06367 -0.12429 -0.99020
vn 0.16726 -0.27496 -0.94680
vn 0.77543 -0.26912 -0.57122
vn 0.78298 -0.49038 0.38272
vn 0.75339 -0.65757 -0.00374
vn 0.68645 -0.15519 -0.71043
vn 0.91558 -0.39724 -0.06259
vn 0.46383 -0.65986 0.59114
vn 0.29122 -0.59316 0.75057
vn -0.78359 -0.36843 0.50024
vn -0.34197 -0.88816 0.30696
vn 0.89662 -0.13296 0.42236
vn -0.34116 -0.28226 0.89663
vn -0.21456 -0.24112 0.94648
vn -0.04113 -0.22454 0.97360
vn -0.54961 -0.72824 -0.40938
vn -0.57332 -0.62795 -0.52629
vn -0.49854 -0.60751 -0.61838
vn -0.52631 -0.64136 -0.55826
vn -0.92925 -0.35355 0.10720
vn -0.82315 -0.42372 -0.37801
vn -0.98696 -0.14182 -0.07609
vn -0.48837 -0.24481 -0.83759
vn 0.91732 -0.35498 -0.18032
vn -0.01257 -0.89150 -0.45285
vn 0.17473 -0.95112 -0.25462
vn 0.83557 -0.44821 0.31770
vn 0.40247 -0.18672 -0.89619
vn 0.63623 -0.21616 -0.74060
vn 0.69768 -0.30271 -0.64931
vn -0.60370 -0.75963 0.24188
vn -0.49940 -0.29993 0.81280
vn 0.96751 -0.24933 0.04196
vn -0.06010 -0.83765 0.54289
vn -0.51668 -0.73440 -0.44011
vn 0.01893 -0.68014 -0.73283
vn -0.87719 -0.44608 0.17762
vn -0.75168 -0.36690 0.54805
vn 0.90164 -0.34218 -0.26449
vn 0.16204 -0.96527 -0.20495
vn -0.09599 -0.56344 -0.82056
vn 0.42488 -0.51282 -0.74599
vn -0.12391 0.83576 0.53493
vn -0.30005 0.29724 0.90643
vn 0.89065 0.45276 -0.04191
vn 0.39326 0.87499 -0.28240
vn -0.06247 0.71765 0.69359
vn -0.49705 0.32767 -0.80347
vn -0.69646 0.59190 0.40570
vn -0.47581 0.46960 0.74370
vn 0.74616 0.49946 -0.44022
vn 0.48949 0.58209 -0.64928
vn 0.41786 0.83205 0.36480
vn -0.15246 0.37840 -0.91300
vn 0.83195 0.24924 0.49573
vn 0.89174 0.34972 0.28722
vn -0.02550 0.19042 0.98137
vn 0.39831 0.79903 0.45045
vn 0.88128 0.46435 -0.08788
vn 0.81543 0.53220 0.22767
vn 0.26119 0.88749 0.37966
vn -0.72692 0.44735 0.52102
vn -0.33415 0.48463 0.80838
vn -0.91273 0.19458 0.35926
vn -0.90653 0.11216 -0.40697
vn -0.18693 0.67392 0.71477
vn -0.21472 0.77410 0.59553
vn -0.54571 0.83613 -0.05559
vn -0.67274 0.43572 0.59797
vn -0.68750 0.42848 -0.58631
vn 0.43237 0.27983 -0.85717
vn 0.44763 0.26060 -0.85541
vn 0.43475 0.26244 -0.86146
vn -0.46108 0.47179 -0.75154
vn 0.82056 0.55216 -0.14765
vn -0.22855 0.87207 -0.43273
vn -0.46421 0.41954 -0.78006
vn 0.93081 0.27885 0.23629
vn 0.95455 0.09103 0.28381
vn 0.86489 0.36907 -0.34023
vn 0.58019 0.54036 0.60942
vn 0.62411 0.60336 0.49642
vn 0.81950 0.50967 0.26204
vn -0.07336 0.02715 0.99694
vn -0.58528 0.02207 0.81053
vn -0.26295 0.22592 0.93798
vn -0.91219 0.17979 0.36821
vn -0.55358 0.51050 0.65798
vn -0.46448 0.48950 0.73800
vn -0.68490 0.41436 0.59934
vn -0.84667 0.51223 -0.14408
vn -0.74678 0.11081 -0.65578
vn -0.74522 0.11076 -0.65756
vn -0.68673 0.06755 -0.72376
vn 0.26251 0.05081 -0.96359
vn -0.59644 0.61998 -0.50979
vn -0.56553 0.63703 -0.52381
vn 0.25927 0.39809 -0.87995
vn 0.32792 0.40262 -0.85462
vn 0.77531 0.15485 -0.61230
vn 0.98329 0.12054 0.13644
vn 0.98140 0.09359 0.16764
vn 0.83137 0.42643 -0.35634
vn 0.95752 0.06604 0.28071
vn 0.76291 0.06778 0.64294
vn 0.61136 -0.06346 0.78881
vn -0.04976 -0.05509 0.99724
vn -0.02287 -0.03767 0.99903
vn -0.27096 -0.03627 0.96191
vn 0.27660 0.27263 0.92150
vn -0.60957 0.36418 0.70413
vn -0.80274 0.20611 0.55958
vn -0.78180 0.20559 0.58866
vn -0.98202 -0.18848 -0.01085
vn -0.80447 -0.15440 -0.57358
vn -0.97339 0.11998 -0.19523
vn -0.68094 0.12368 -0.72182
vn -0.80388 0.26054 -0.53469
vn -0.63069 0.28576 -0.72151
vn -0.49406 0.18865 -0.84871
vn 0.27557 0.20858 -0.93838
vn 0.72456 -0.15284 -0.67205
vn 0.76397 -0.14951 -0.62769
vn 0.59937 -0.01170 -0.80039
vn 0.99094 -0.00970 0.13398
vn 0.80063 0.41066 -0.43629
vn 0.95821 -0.05404 0.28092
vn 0.52394 -0.40516 0.74922
vn 0.55822 -0.41186 0.72025
vn 0.92780 -0.05100 0.36958
vn -0.02285 -0.05787 0.99806
vn 0.40245 0.19055 0.89539
vn 0.28170 0.19972 0.93849
vn -0.35704 -0.21782 0.90834
vn -0.80434 -0.19664 0.56069
vn -0.85660 -0.27113 0.43900
vn -0.97264 -0.23208 -0.01074
vn -0.97997 -0.14016 0.14147
vn -0.97097 -0.13887 -0.19474
vn -0.97658 0.12429 0.17563
vn -0.82108 0.16606 -0.54613
vn -0.45099 -0.13146 -0.88279
vn -0.49873 -0.13142 -0.85673
vn -0.01444 -0.43117 -0.90216
vn 0.69727 -0.30910 -0.64674
vn 0.18964 0.03607 -0.98119
vn 0.59899 0.03737 -0.79988
vn 0.57072 0.05892 -0.81903
vn 0.87628 0.06406 -0.47752
vn 0.94703 -0.05341 -0.31668
vn 0.51138 -0.42288 0.74811
vn 0.98924 -0.07250 0.12708
vn 0.92920 -0.07827 0.36118
vn 0.89354 -0.13610 0.42786
vn 0.45053 -0.16765 0.87688
vn 0.09045 -0.37121 0.92413
vn -0.35156 -0.34894 0.86870
vn -0.82537 -0.55840 0.08340
vn -0.69703 -0.66931 0.25724
vn -0.23524 -0.09131 0.96764
vn -0.98264 -0.11724 0.14376
vn -0.95949 -0.05133 0.27703
vn -0.96745 -0.05176 0.24769
vn -0.74490 -0.55096 -0.37626
vn -0.31642 -0.46651 -0.82598
vn -0.19374 -0.50470 -0.84127
vn -0.00601 -0.47223 -0.88146
vn -0.42867 -0.24128 -0.87065
vn 0.16028 -0.26361 -0.95122
vn -0.18905 -0.02701 -0.98160
vn 0.55642 -0.03468 -0.83018
vn 0.89053 -0.44709 0.08409
vn 0.79696 -0.52414 -0.30022
vn 0.76611 -0.63353 -0.10826
vn 0.91760 -0.39491 0.04539
vn 0.94667 -0.19309 -0.25792
vn 0.89548 -0.27316 0.35142
vn -0.78921 -0.37178 0.48881
vn -0.15405 -0.95646 0.24790
vn 0.59996 -0.67862 0.42370
vn -0.85428 -0.44094 0.27530
vn -0.02423 -0.22552 0.97394
vn -0.08776 -0.23214 0.96872
vn -0.16825 -0.32756 0.92973
vn -0.85000 -0.44917 0.27521
vn -0.44451 -0.56384 -0.69606
vn -0.57843 -0.73371 -0.35649
vn 0.36635 -0.53023 -0.76462
vn 0.18119 -0.81034 -0.55724
vn -0.99318 -0.11414 0.02394
vn -0.42922 -0.24595 -0.86907
vn 0.02848 -0.39494 -0.91826
vn -0.45256 -0.35233 -0.81918
vn 0.52196 -0.85208 -0.03884
vn 0.79806 -0.56146 0.21878
vn 0.76341 -0.53681 0.35923
vn 0.68147 -0.72716 -0.08267
vn 0.59977 -0.25812 -0.75739
vn 0.27842 -0.58379 -0.76267
vn -0.63786 -0.33914 0.69146
vn 0.52542 -0.85078 -0.01012
vn 0.25188 -0.62629 0.73778
vn 0.22966 -0.55166 0.80183
vn 0.19349 -0.61557 -0.76396
vn -0.15306 -0.42651 -0.89144
vn -0.84621 -0.27274 0.45776
vn 0.27697 -0.76925 -0.57579
vn 0.40614 -0.87262 0.27128
vn 0.61113 -0.59342 0.52380
vn 0.41593 -0.36851 -0.83139
vn 0.02216 0.40172 0.91550
vn -0.05644 0.42311 0.90432
vn 0.86630 0.37312 -0.33213
vn -0.45380 0.84461 -0.28406
vn -0.72607 0.59069 0.35200
vn -0.36496 0.50051 -0.78504
vn -0.31827 0.40445 0.85739
vn -0.31432 0.70883 0.63148
vn 0.73009 0.28513 -0.62102
vn -0.31252 0.53454 -0.78524
vn -0.52314 0.84987 0.06358
vn 0.05177 0.52582 -0.84902
vn 0.61440 0.12078 0.77970
vn 0.78334 0.53260 -0.32048
vn 0.01328 0.37532 0.92680
vn 0.31880 0.94526 0.06958
vn 0.80465 0.38328 -0.45347
vn 0.46527 0.50383 0.72779
vn -0.54194 0.47835 0.69100
vn -0.72414 0.28366 0.62861
vn -0.75619 0.28010 0.59138
vn -0.54828 0.36901 0.75048
vn -0.85965 0.26959 -0.43397
vn 0.04855 0.63818 0.76835
vn 0.03379 0.44427 0.89526
vn -0.55271 0.51185 -0.65766
vn -0.85048 0.52264 -0.05936
vn -0.49337 0.27931 -0.82375
vn 0.44796 0.13411 -0.88394
vn 0.16730 0.51211 -0.84247
vn -0.28353 0.49811 -0.81945
vn -0.53006 0.51737 -0.67184
vn -0.10409 0.83114 -0.54624
vn 0.42069 0.79340 -0.43992
vn 0.02673 0.53415 -0.84497
vn 0.90217 0.17736 0.39324
vn 0.87993 0.40752 -0.24423
vn 0.80392 0.44574 -0.39374
vn 0.62778 0.61275 0.48004
vn 0.38490 0.29259 0.87535
vn 0.43415 0.29534 0.85105
vn -0.06434 -0.01565 0.99781
vn -0.55096 -0.01309 0.83443
vn 0.14148 0.40152 0.90486
vn -0.49422 0.52289 0.69450
vn -0.45585 0.54067 0.70702
vn -0.26291 0.45432 0.85116
vn -0.87202 0.25433 0.41820
vn -0.75500 0.22020 -0.61765
vn -0.64121 0.05952 -0.76505
vn -0.55005 0.05598 -0.83325
vn -0.82551 0.27180 -0.49463
vn 0.05129 0.23438 -0.97079
vn -0.48887 0.65727 -0.57358
vn -0.58682 0.61008 -0.53240
vn 0.46170 0.13404 -0.87685
vn 0.64478 0.13472 -0.75240
vn 0.68743 0.10739 -0.71826
vn 0.94795 0.08444 0.30701
vn 0.89937 0.41653 -0.13280
vn 0.83422 0.39910 -0.38053
vn 0.78099 -0.13558 0.60965
vn 0.46943 -0.11178 0.87587
vn 0.59144 -0.02637 0.80592
vn -0.06304 -0.02046 0.99780
vn 0.22097 0.19762 0.95505
vn 0.09490 0.20172 0.97484
vn 0.12062 0.21757 0.96856
vn -0.53527 0.28971 0.79345
vn -0.88717 -0.02297 0.46088
vn -0.91167 -0.02299 0.41029
vn -0.97621 -0.18823 0.10760
vn -0.69493 -0.13399 -0.70649
vn -0.93042 0.35876 0.07491
vn -0.80270 0.40380 -0.43887
vn -0.64699 0.21285 -0.73219
vn -0.49941 0.21325 -0.83971
vn -0.20019 -0.00180 -0.97976
vn 0.43774 -0.00165 -0.89910
vn 0.57925 -0.12322 -0.80579
vn 0.67498 -0.12222 -0.72765
vn 0.27526 0.15784 -0.94833
vn 0.95978 0.22770 -0.16423
vn 0.81298 0.38894 -0.43335
vn 0.76976 -0.21542 0.60088
vn 0.63567 -0.29546 0.71318
vn 0.56743 -0.28320 0.77319
vn 0.93199 0.08837 0.35153
vn 0.22433 0.09822 0.96955
vn 0.18054 0.06914 0.98113
vn 0.12328 0.06976 0.98992
vn -0.48387 -0.39254 0.78217
vn -0.82928 -0.35597 0.43080
vn -0.63448 -0.13041 0.76186
vn -0.98470 -0.13631 0.10854
vn -0.89252 0.06023 0.44697
vn -0.99453 0.06711 0.08007
vn -0.99726 0.05120 0.05345
vn -0.66122 0.05323 -0.74830
vn -0.11672 -0.28843 -0.95036
vn -0.19103 -0.29892 -0.93496
vn -0.25436 -0.25655 -0.93246
vn 0.56965 -0.21802 -0.79244
vn 0.01613 0.16299 -0.98650
vn 0.27389 0.18601 -0.94360
vn 0.61930 -0.05865 -0.78296
vn 0.88057 -0.06548 -0.46938
vn 0.95397 -0.26697 -0.13667
vn 0.63914 -0.28814 0.71307
vn 0.99733 0.01215 0.07199
vn 0.94789 0.01293 0.31833
vn 0.55655 -0.36195 0.74782
vn 0.15803 -0.32991 0.93069
vn -0.16127 -0.48889 0.85731
vn -0.48375 -0.43355 0.76027
vn -0.50960 -0.44985 0.73345
vn -0.57472 -0.44875 0.68434
vn -0.18442 -0.02014 0.98264
vn -0.88835 -0.03448 0.45787
vn -0.95826 -0.27247 -0.08661
vn -0.95112 -0.27044 0.14912
vn -0.35930 -0.69003 -0.62831
vn -0.02983 -0.46781 -0.88332
vn -0.64219 -0.22362 -0.73320
vn -0.25534 -0.21130 -0.94348
vn -0.42231 -0.09974 -0.90095
vn -0.04557 -0.10992 -0.99290
vn 0.01679 -0.15886 -0.98716
vn 0.60789 -0.19146 -0.77060
vn 0.71760 -0.53382 0.44731
vn 0.68113 -0.73140 -0.03343
vn 0.66188 -0.29839 -0.68766
vn 0.91169 -0.38951 -0.13082
vn 0.77535 -0.57716 0.25634
vn 0.49910 -0.52870 0.68657
vn -0.76466 -0.37209 0.52616
vn -0.35759 -0.91041 0.20807
vn 0.84449 -0.21951 0.48853
vn -0.49236 -0.35673 0.79393
vn -0.04475 -0.17831 0.98296
vn -0.02732 -0.17630 0.98396
vn -0.50935 -0.83091 0.22396
vn -0.65489 -0.68683 -0.31525
vn -0.25693 -0.52347 -0.81238
vn -0.34403 -0.70092 -0.62478
vn -0.72415 -0.64650 -0.24007
vn -0.53493 -0.62063 -0.57330
vn -0.99096 -0.12917 -0.03627
vn -0.45672 -0.20704 -0.86518
vn 0.76898 -0.45231 -0.45175
vn -0.18344 -0.69553 -0.69468
vn 0.44525 -0.88355 0.14525
vn 0.73934 -0.52183 0.42553
vn 0.47160 -0.31490 -0.82367
vn 0.62501 -0.34969 -0.69791
vn 0.55356 -0.23650 -0.79853
vn -0.37478 -0.91873 -0.12438
vn -0.50200 -0.28858 0.81530
vn 0.92708 -0.36974 0.06175
vn 0.22039 -0.66423 0.71430
vn -0.30520 -0.95087 -0.05191
vn 0.07260 -0.54242 -0.83696
vn -0.76892 -0.58635 -0.25487
vn -0.74116 -0.32078 0.58973
vn 0.80149 -0.47661 -0.36119
vn 0.43659 -0.88311 0.17174
vn 0.15150 -0.77211 -0.61716
vn 0.30132 -0.38496 -0.87236
vn -0.23461 0.96622 -0.10666
vn -0.28330 0.26675 0.92119
vn 0.73605 0.61145 0.29046
vn 0.45954 0.84825 -0.26325
vn 0.34363 0.51162 0.78750
vn -0.42864 0.29888 -0.85261
vn -0.75408 0.60364 -0.25881
vn -0.47161 0.39884 0.78645
vn 0.55706 0.75823 -0.33877
vn 0.50340 0.55990 -0.65810
vn 0.72536 0.48534 0.48816
vn -0.11838 0.30203 -0.94592
vn 0.88619 0.39961 0.23449
vn 0.83796 0.31048 0.44881
vn 0.00352 0.15236 0.98832
vn 0.27816 0.52205 0.80628
vn 0.71129 0.50041 0.49361
vn 0.85438 0.49177 0.16792
vn 0.38340 0.87403 0.29845
vn -0.54968 0.61590 0.56438
vn 0.24641 0.46937 0.84792
vn -0.92420 0.16910 0.34242
vn -0.89181 0.10056 -0.44109
vn -0.46232 0.60451 0.64871
vn -0.59273 0.77503 -0.21906
vn -0.50323 0.85241 0.14196
vn -0.57668 0.38946 0.71816
vn -0.76297 0.51049 -0.39659
vn 0.23768 0.42277 -0.87451
vn 0.42797 0.20236 -0.88085
vn 0.40326 0.20489 -0.89185
vn -0.17611 0.37195 -0.91139
vn 0.95738 0.28820 -0.01925
vn -0.35413 0.79068 -0.49942
vn -0.46874 0.35969 -0.80679
vn 0.90313 0.40725 0.13605
vn 0.91585 0.02926 0.40046
vn 0.91019 0.30082 -0.28473
vn 0.39547 0.33649 0.85462
vn 0.64561 0.66356 0.37799
vn 0.84359 0.52864 0.09436
vn 0.01235 0.08831 0.99602
vn -0.44227 0.07921 0.89338
vn -0.35734 0.13036 0.92483
vn -0.91459 0.10931 0.38932
vn -0.65269 0.35926 0.66703
vn -0.68634 0.36417 0.62954
vn -0.52435 0.41615 0.74289
vn -0.78284 0.62130 0.03404
vn -0.72999 0.19040 -0.65640
vn -0.80187 0.19452 -0.56495
vn -0.53113 0.01255 -0.84719
vn 0.23489 0.00876 -0.97198
vn -0.49923 0.50724 -0.70248
vn -0.27838 0.56227 -0.77869
vn 0.08229 0.42743 -0.90029
vn 0.10409 0.43166 -0.89601
vn 0.64303 0.22064 -0.73337
vn 0.97813 0.20519 0.03411
vn 0.96178 0.03072 0.27209
vn 0.86897 0.38424 -0.31186
vn 0.97188 0.15572 0.17662
vn 0.79103 0.16136 0.59011
vn 0.59011 -0.00950 0.80727
vn 0.03241 -0.00823 0.99944
vn -0.14649 -0.12166 0.98170
vn -0.33233 -0.11600 0.93600
vn 0.23012 0.20428 0.95148
vn -0.66992 0.28051 0.68740
vn -0.65417 0.29129 0.69801
vn -0.60550 0.28429 0.74333
vn -0.98924 -0.14049 0.04093
vn -0.80478 -0.11430 -0.58246
vn -0.92093 0.01369 -0.38949
vn -0.53123 0.01191 -0.84714
vn -0.75035 0.19771 -0.63078
vn -0.49416 0.20716 -0.84433
vn -0.53675 0.23582 -0.81012
vn 0.10517 0.27794 -0.95482
vn 0.63949 -0.09295 -0.76316
vn 0.66085 -0.09255 -0.74479
vn 0.66518 -0.09585 -0.74051
vn 0.97206 -0.07739 0.22160
vn 0.80454 0.35575 -0.47556
vn 0.98292 0.04433 0.17862
vn 0.49529 -0.34962 0.79527
vn 0.55013 -0.36189 0.75259
vn 0.82498 -0.15740 0.54281
vn -0.14630 -0.13183 0.98042
vn 0.37115 0.16504 0.91379
vn 0.23153 0.17291 0.95734
vn -0.17136 -0.08376 0.98164
vn -0.68113 -0.08877 0.72677
vn -0.83472 -0.24387 0.49373
vn -0.97435 -0.22140 0.04031
vn -0.95861 -0.27567 -0.07124
vn -0.89032 -0.25603 -0.37655
vn -0.96493 0.11851 0.23425
vn -0.75631 0.15420 -0.63578
vn -0.54096 -0.00836 -0.84101
vn -0.55231 -0.00836 -0.83360
vn -0.00528 -0.35741 -0.93393
vn 0.61631 -0.28146 -0.73549
vn 0.31481 -0.08170 -0.94563
vn 0.66596 -0.08286 -0.74137
vn 0.49111 0.04778 -0.86979
vn 0.85947 0.05662 -0.50803
vn 0.87506 0.03947 -0.48240
vn 0.45242 -0.41067 0.79162
vn 0.92638 -0.18815 0.32621
vn 0.82390 -0.18950 0.53412
vn 0.90373 -0.09566 0.41728
vn 0.41737 -0.11305 0.90168
vn 0.27385 -0.19735 0.94131
vn -0.16099 -0.20252 0.96595
vn -0.84028 -0.54199 0.01327
vn -0.67352 -0.68982 0.26555
vn -0.25585 -0.16245 0.95297
vn -0.97785 -0.20262 -0.05246
vn -0.91971 -0.01742 0.39220
vn -0.95292 -0.01805 0.30267
vn -0.90401 -0.37669 -0.20214
vn -0.46440 -0.33506 -0.81979
vn -0.04429 -0.46638 -0.88348
vn 0.01365 -0.45206 -0.89188
vn -0.16117 -0.36907 -0.91532
vn 0.31447 -0.35499 -0.88039
vn -0.20886 -0.00185 -0.97794
vn 0.48168 -0.00258 -0.87634
vn 0.90919 -0.34761 -0.22920
vn 0.77627 -0.35501 -0.52094
vn 0.73873 -0.67057 0.06793
vn 0.80587 -0.50182 0.31426
vn 0.91371 -0.12700 -0.38602
vn 0.91921 -0.19712 0.34088
vn -0.63778 -0.39975 0.65836
vn 0.18464 -0.87466 0.44820
vn -0.01743 -0.92289 0.38467
vn -0.86938 -0.45611 0.19011
vn -0.19770 -0.29738 0.93407
vn -0.14292 -0.29106 0.94597
vn -0.06025 -0.18969 0.97999
vn -0.82621 -0.34701 0.44381
vn -0.70251 -0.55410 -0.44660
vn -0.77611 -0.61214 -0.15145
vn 0.45095 -0.38855 -0.80354
vn 0.33988 -0.76295 -0.54990
vn -0.98727 -0.15601 0.03094
vn -0.17480 -0.27914 -0.94421
vn -0.27118 -0.24789 -0.93006
vn -0.43080 -0.23242 -0.87201
vn 0.19773 -0.79250 -0.57693
vn 0.81884 -0.57399 0.00644
vn 0.61113 -0.42681 0.66660
vn 0.56352 -0.81480 0.13622
vn 0.56778 -0.35356 -0.74339
vn 0.37094 -0.37531 -0.84944
vn -0.53988 -0.37205 0.75505
vn -0.14557 -0.97715 -0.15491
vn -0.12552 -0.66599 0.73532
vn 0.26969 -0.34034 0.90080
vn 0.21845 -0.69815 -0.68181
vn 0.03018 -0.31397 -0.94895
vn -0.80613 -0.30899 0.50466
vn -0.25081 -0.68301 -0.68600
vn 0.03473 -0.99389 0.10478
vn 0.52848 -0.43629 0.72826
vn 0.49550 -0.40474 -0.76854
vn 0.12485 0.68387 0.71884
vn 0.59752 0.65629 -0.46070
vn 0.77951 0.57788 -0.24171
vn -0.95092 0.30945 -0.00010
vn -0.23784 0.56357 0.79109
vn 0.51224 0.75146 0.41584
vn -0.40757 0.74612 0.52649
vn 0.20948 0.60597 -0.76741
vn 0.68529 0.39136 -0.61418
vn -0.88763 0.33203 -0.31917
vn 0.04265 0.88166 0.46996
vn 0.78093 0.53307 0.32556
vn 0.70806 0.29835 0.64003
vn 0.38871 0.59035 -0.70738
vn 0.35593 0.67537 -0.64590
vn 0.13992 0.62522 0.76780
vn 0.86126 0.48879 0.13901
vn 0.06149 0.26292 0.96286
vn -0.85888 0.13492 0.49409
vn -0.43872 0.62734 0.64341
vn -0.19174 0.60962 0.76915
vn 0.07892 0.61748 0.78261
vn -0.04773 0.73762 0.67353
vn -0.47430 0.78407 0.40035
vn -0.44420 0.73432 0.51329
vn -0.54141 0.18138 -0.82096
vn -0.38064 0.16080 -0.91063
vn -0.85850 0.45386 -0.23873
vn 0.52722 0.28327 -0.80112
vn -0.27093 0.95987 -0.07237
vn -0.92517 0.37848 -0.02853
vn -0.01031 0.53438 -0.84518
vn 0.76185 0.53259 -0.36869
vn 0.90696 0.36173 -0.21583
vn 0.94230 0.30731 0.13279
vn 0.92154 0.38829 -0.00089
vn 0.52896 0.51873 -0.67165
vn 0.95390 0.23535 0.18625
vn 0.42197 0.20126 0.88399
vn 0.32521 0.10247 0.94007
vn 0.10551 0.09483 0.98989
vn 0.34950 0.24637 0.90396
vn -0.41905 0.23875 0.87601
vn 0.31211 0.60670 0.73110
vn 0.16069 0.68648 0.70917
vn -0.88932 0.20140 0.41055
vn -0.88278 0.20158 0.42434
vn -0.97748 0.07735 0.19635
vn -0.65331 0.05170 -0.75532
vn -0.82058 0.45935 -0.34007
vn -0.85903 0.45211 -0.24014
vn -0.86036 0.45641 -0.22688
vn -0.41437 0.57860 -0.70251
vn -0.12779 0.37373 -0.91869
vn 0.03709 0.37656 -0.92565
vn 0.63097 -0.02558 -0.77539
vn 0.87753 -0.02239 -0.47900
vn 0.25098 0.36984 -0.89455
vn 0.89568 0.44429 0.01888
vn 0.68413 0.67091 -0.28609
vn 0.97856 0.03502 0.20298
vn 0.79682 -0.21622 0.56420
vn 0.40182 -0.17446 0.89895
vn 0.88129 0.30317 0.36251
vn 0.34598 0.36184 0.86566
vn 0.23596 0.27881 0.93091
vn 0.23449 0.27891 0.93125
vn -0.24123 -0.02592 0.97012
vn -0.88061 -0.02349 0.47326
vn -0.92166 -0.10069 0.37469
vn -0.97369 -0.09715 0.20615
vn -0.80932 0.15164 0.56746
vn -0.91823 0.17204 -0.35673
vn -0.91612 0.40053 0.01717
vn -0.86682 0.43942 -0.23565
vn -0.37332 -0.11949 -0.91998
vn -0.17149 -0.11272 -0.97872
vn -0.24265 -0.06647 -0.96783
vn 0.62235 -0.05363 -0.78090
vn 0.23927 0.26512 -0.93406
vn 0.29234 0.26908 -0.91768
vn 0.36201 0.22938 -0.90351
vn 0.89459 0.29024 -0.33980
vn 0.99927 0.03576 0.01377
vn 0.80618 -0.15565 0.57083
vn 0.97343 0.09435 0.20862
vn 0.92039 0.09776 0.37859
vn 0.88282 0.02704 0.46893
vn 0.24559 0.02995 0.96891
vn -0.23057 -0.27563 0.93320
vn -0.23197 -0.27554 0.93288
vn -0.35358 -0.36726 0.86029
vn -0.88175 -0.30664 0.35847
vn -0.40272 0.17271 0.89888
vn -0.79981 0.21407 0.56079
vn -0.97729 -0.03014 0.20974
vn -0.99935 -0.03082 0.01872
vn -0.89687 -0.28670 -0.33679
vn -0.36616 -0.22739 -0.90234
vn -0.28405 -0.27406 -0.91881
vn -0.23415 -0.27017 -0.93391
vn -0.62183 0.05156 -0.78145
vn 0.24765 0.06379 -0.96675
vn 0.16666 0.11640 -0.97912
vn 0.36908 0.12353 -0.92115
vn 0.86693 -0.43639 -0.24081
vn 0.91723 -0.39815 0.01264
vn 0.92019 -0.17766 -0.34883
vn 0.97684 -0.07793 0.19928
vn 0.88840 -0.19552 0.41536
vn 0.89253 -0.19540 0.40647
vn -0.15818 -0.68556 0.71063
vn -0.30897 -0.60663 0.73249
vn 0.41049 -0.24611 0.87802
vn -0.35701 -0.25211 0.89944
vn -0.10507 -0.09551 0.98987
vn -0.32662 -0.10326 0.93950
vn -0.41731 -0.19565 0.88745
vn -0.95356 -0.23034 0.19409
vn -0.53136 -0.51807 -0.67026
vn -0.68672 -0.66955 -0.28305
vn -0.89071 -0.45451 0.00780
vn -0.24258 -0.37379 -0.89523
vn -0.87791 0.02204 -0.47832
vn -0.62989 0.02521 -0.77627
vn -0.04949 -0.36948 -0.92792
vn 0.12169 -0.36719 -0.92215
vn 0.41408 -0.57672 -0.70422
vn 0.85949 -0.45616 -0.23066
vn 0.86035 -0.45913 -0.22135
vn 0.81977 -0.46785 -0.33028
vn 0.65236 -0.05205 -0.75612
vn 0.48785 -0.78091 0.39011
vn 0.04104 -0.73422 0.67767
vn -0.07945 -0.61908 0.78130
vn 0.15834 -0.61481 0.77262
vn 0.42522 -0.63812 0.64187
vn 0.85987 -0.13382 0.49266
vn -0.06150 -0.26164 0.96320
vn -0.85693 -0.48997 0.16000
vn -0.13678 -0.61492 0.77664
vn -0.35661 -0.67165 -0.64939
vn -0.38746 -0.59163 -0.70700
vn -0.71186 -0.30674 0.63179
vn -0.91830 -0.39569 -0.01233
vn -0.94237 -0.30478 0.13798
vn -0.90749 -0.36015 -0.21621
vn -0.77414 -0.52067 -0.36001
vn -0.00303 -0.52999 -0.84800
vn 0.92551 -0.37771 -0.02772
vn 0.26983 -0.96033 -0.07047
vn -0.52528 -0.29006 -0.79996
vn 0.86119 -0.45650 -0.22353
vn 0.37763 -0.15934 -0.91214
vn 0.54161 -0.18024 -0.82108
vn 0.46184 -0.73926 0.49011
vn -0.51618 -0.74706 0.41887
vn 0.21587 -0.56004 0.79985
vn 0.95172 -0.30697 0.00118
vn -0.77584 -0.58526 -0.23567
vn -0.59538 -0.65332 -0.46764
vn -0.12638 -0.69802 0.70484
vn -0.78180 -0.52816 0.33142
vn -0.06512 -0.87593 0.47803
vn 0.88871 -0.33173 -0.31647
vn -0.68121 -0.39794 -0.61449
vn -0.21084 -0.59991 -0.77179
vn 0.41322 -0.75572 0.50807
vn 0.11763 0.68423 0.71971
vn 0.55973 0.63483 -0.53263
vn 0.75189 0.60760 -0.25588
vn -0.95014 0.31180 0.00420
vn -0.15369 0.50717 0.84803
vn 0.49779 0.72735 0.47241
vn -0.40026 0.75528 0.51898
vn 0.19048 0.54458 -0.81679
vn 0.62651 0.39641 -0.67107
vn -0.87173 0.33543 -0.35716
vn 0.10165 0.83536 0.54022
vn 0.76004 0.52098 0.38849
vn 0.67152 0.31275 0.67175
vn 0.35030 0.55861 -0.75183
vn 0.32810 0.63044 -0.70349
vn 0.11653 0.54842 0.82804
vn 0.83376 0.50059 0.23293
vn 0.05338 0.23083 0.97153
vn -0.82509 0.13060 0.54969
vn -0.36598 0.62706 0.68765
vn -0.08240 0.57564 0.81354
vn 0.07119 0.57481 0.81519
vn -0.02709 0.68401 0.72897
vn -0.49168 0.76580 0.41449
vn -0.47069 0.73309 0.49094
vn -0.48414 0.16466 -0.85936
vn -0.32462 0.14146 -0.93521
vn -0.85350 0.47046 -0.22408
vn 0.46722 0.28201 -0.83796
vn -0.25877 0.96287 -0.07695
vn -0.92141 0.38735 -0.03095
vn 0.02539 0.47448 -0.87990
vn 0.77306 0.49988 -0.39051
vn 0.89649 0.36496 -0.25121
vn 0.93565 0.30845 0.17151
vn 0.90575 0.42184 -0.04086
vn 0.49304 0.49103 -0.71819
vn 0.94344 0.22603 0.24254
vn 0.35810 0.16782 0.91848
vn 0.28591 0.09431 0.95360
vn 0.08950 0.08597 0.99227
vn 0.32560 0.23871 0.91488
vn -0.34553 0.23692 0.90801
vn 0.27303 0.56602 0.77787
vn 0.13787 0.63956 0.75627
vn -0.87200 0.18464 0.45335
vn -0.87231 0.18464 0.45275
vn -0.96764 0.08142 0.23882
vn -0.59040 0.04968 -0.80558
vn -0.79709 0.48816 -0.35546
vn -0.85002 0.48159 -0.21341
vn -0.84283 0.46284 -0.27463
vn -0.37531 0.53842 -0.75448
vn -0.09540 0.31796 -0.94329
vn 0.06336 0.31878 -0.94571
vn 0.56680 -0.02264 -0.82355
vn 0.84343 -0.02102 -0.53682
vn 0.19795 0.34461 -0.91764
vn 0.87325 0.48698 -0.01679
vn 0.67247 0.66972 -0.31506
vn 0.96580 0.02141 0.25841
vn 0.76230 -0.20507 0.61387
vn 0.35452 -0.15322 0.92241
vn 0.86006 0.31569 0.40080
vn 0.32539 0.34517 0.88033
vn 0.19401 0.24094 0.95095
vn 0.19279 0.24099 0.95119
vn -0.21857 -0.03354 0.97524
vn -0.85377 -0.03357 0.51956
vn -0.89291 -0.09229 0.44068
vn -0.96438 -0.09081 0.24844
vn -0.75414 0.15908 0.63716
vn -0.90411 0.19072 -0.38239
vn -0.91448 0.40461 0.00417
vn -0.85164 0.43707 -0.28927
vn -0.31433 -0.11813 -0.94194
vn -0.13505 -0.10942 -0.98478
vn -0.22200 -0.05192 -0.97366
vn 0.55987 -0.04412 -0.82741
vn 0.19466 0.25080 -0.94827
vn 0.23330 0.25493 -0.93839
vn 0.32770 0.20211 -0.92291
vn 0.88131 0.28267 -0.37867
vn 0.99921 0.02215 0.03292
vn 0.77114 -0.14044 0.62099
vn 0.96642 0.10493 0.23459
vn 0.90121 0.10696 0.41998
vn 0.84048 0.01626 0.54160
vn 0.19988 0.01594 0.97969
vn -0.20987 -0.25595 0.94363
vn -0.21141 -0.25586 0.94331
vn -0.29081 -0.31899 0.90204
vn -0.85601 -0.29795 0.42247
vn -0.35060 0.16092 0.92260
vn -0.74606 0.21465 0.63033
vn -0.97429 -0.04598 0.22058
vn -0.99888 -0.04714 0.00456
vn -0.86861 -0.29954 -0.39470
vn -0.30944 -0.21061 -0.92730
vn -0.26904 -0.23345 -0.93441
vn -0.21641 -0.22867 -0.94915
vn -0.56248 0.05363 -0.82507
vn 0.20068 0.06354 -0.97759
vn 0.15544 0.09353 -0.98341
vn 0.33291 0.10051 -0.93759
vn 0.85258 -0.45295 -0.26066
vn 0.90871 -0.41636 0.02994
vn 0.89066 -0.16221 -0.42474
vn 0.97179 -0.07856 0.22240
vn 0.83991 -0.21288 0.49924
vn 0.85398 -0.21340 0.47453
vn -0.14914 -0.64466 0.74978
vn -0.28730 -0.56718 0.77186
vn 0.38342 -0.20485 0.90057
vn -0.29189 -0.21214 0.93263
vn -0.09133 -0.08302 0.99235
vn -0.27972 -0.09078 0.95578
vn -0.37961 -0.19349 0.90469
vn -0.94723 -0.25164 0.19855
vn -0.48150 -0.49333 -0.72442
vn -0.65900 -0.67520 -0.33141
vn -0.89860 -0.43633 0.04619
vn -0.23409 -0.32758 -0.91537
vn -0.84116 0.02268 -0.54030
vn -0.57214 0.02439 -0.81980
vn -0.01090 -0.35051 -0.93649
vn 0.12169 -0.34793 -0.92959
vn 0.37716 -0.54788 -0.74671
vn 0.84827 -0.46481 -0.25374
vn 0.83814 -0.44368 -0.31729
vn 0.79742 -0.44434 -0.40827
vn 0.59518 -0.04811 -0.80215
vn 0.42516 -0.77529 0.46709
vn 0.05709 -0.70207 0.70982
vn -0.06877 -0.56691 0.82090
vn 0.22891 -0.55497 0.79975
vn 0.42684 -0.57723 0.69614
vn 0.81945 -0.13574 0.55684
vn -0.05334 -0.23649 0.97017
vn -0.85968 -0.49764 0.11534
vn -0.13129 -0.59972 0.78937
vn -0.32599 -0.64947 -0.68697
vn -0.35581 -0.55262 -0.75367
vn -0.64930 -0.27106 0.71059
vn -0.92255 -0.38512 0.02425
vn -0.93620 -0.32147 0.14207
vn -0.89385 -0.37282 -0.24909
vn -0.70937 -0.55419 -0.43550
vn 0.03206 -0.49535 -0.86810
vn 0.91963 -0.39117 -0.03562
vn 0.26396 -0.96056 -0.08747
vn -0.47535 -0.25093 -0.84325
vn 0.83566 -0.45469 -0.30809
vn 0.33811 -0.14818 -0.92937
vn 0.48331 -0.16985 -0.85882
vn 0.38241 -0.69734 0.60620
vn -0.47993 -0.74931 0.45629
vn 0.25125 -0.52799 0.81123
vn 0.94597 -0.32425 -0.00312
vn -0.76863 -0.57043 -0.28951
vn -0.57231 -0.65212 -0.49719
vn -0.10951 -0.61169 0.78348
vn -0.75774 -0.54642 0.35672
vn 0.00094 -0.86640 0.49935
vn 0.86523 -0.33641 -0.37176
vn -0.64582 -0.36576 -0.67018
vn -0.18524 -0.57426 -0.79744
vn 0.36942 -0.70046 0.61065
vn 0.10246 0.52800 0.84304
vn 0.62657 0.74220 -0.23782
vn 0.83065 0.47438 -0.29152
vn -0.93017 0.36619 -0.02644
vn -0.58956 0.58855 0.55319
vn 0.40474 0.87332 0.27110
vn -0.34513 0.61351 0.71028
vn 0.15974 0.77528 -0.61109
vn 0.75386 0.31533 -0.57642
vn -0.86716 0.34805 -0.35622
vn -0.31571 0.90503 0.28505
vn 0.75321 0.64335 0.13702
vn 0.68563 0.19898 0.70023
vn 0.45080 0.58811 -0.67149
vn 0.35990 0.79988 -0.48028
vn 0.20373 0.81320 0.54517
vn 0.88376 0.44623 -0.14085
vn 0.09702 0.31715 0.94340
vn -0.85337 0.16612 0.49414
vn -0.63646 0.46819 0.61296
vn -0.64144 0.46736 0.60838
vn 0.02552 0.61105 0.79118
vn -0.29038 0.81533 0.50091
vn -0.25172 0.81260 0.52566
vn -0.19827 0.64003 0.74233
vn -0.57033 0.22338 -0.79046
vn -0.48051 0.21162 -0.85108
vn -0.79260 0.39932 -0.46079
vn 0.57015 0.20582 -0.79534
vn -0.26355 0.95197 -0.15584
vn -0.91461 0.39903 -0.06532
vn -0.24801 0.60748 -0.75462
vn 0.46239 0.74197 -0.48547
vn 0.88785 0.40968 -0.20950
vn 0.92640 0.37653 -0.00379
vn 0.94895 0.27539 0.15381
vn 0.54127 0.53829 -0.64596
vn 0.94754 0.31786 0.03365
vn 0.53291 0.32526 0.78116
vn 0.33609 0.11235 0.93511
vn 0.14440 0.10631 0.98379
vn 0.22547 0.15529 0.96179
vn -0.55949 0.13212 0.81824
vn 0.36041 0.61450 0.70178
vn 0.16065 0.72106 0.67399
vn -0.83000 0.31612 0.45953
vn -0.76988 0.31490 0.55509
vn -0.98382 0.08158 0.15949
vn -0.70197 0.05821 -0.70982
vn -0.82517 0.31102 -0.47156
vn -0.80758 0.31094 -0.50113
vn -0.87843 0.44350 -0.17797
vn -0.39657 0.60112 -0.69382
vn -0.25550 0.50947 -0.82168
vn -0.20470 0.51580 -0.83189
vn 0.66556 -0.01977 -0.74608
vn 0.87978 -0.01715 -0.47507
vn 0.43138 0.30636 -0.84856
vn 0.94638 0.28217 0.15730
vn 0.67653 0.67281 -0.29938
vn 0.98946 0.13009 0.06366
vn 0.77985 -0.24079 0.57780
vn 0.42359 -0.20249 0.88293
vn 0.87472 0.23100 0.42604
vn 0.21731 0.26561 0.93927
vn 0.30935 0.33422 0.89028
vn 0.29780 0.33551 0.89373
vn -0.16394 0.05362 0.98501
vn -0.84922 0.05020 0.52564
vn -0.94293 -0.13125 0.30605
vn -0.97666 -0.12615 0.17384
vn -0.88592 0.06974 0.45856
vn -0.88636 0.06977 -0.45771
vn -0.90282 0.42339 0.07524
vn -0.86558 0.47362 -0.16266
vn -0.48332 -0.04014 -0.87452
vn -0.28480 -0.03910 -0.95779
vn -0.18885 -0.10226 -0.97667
vn 0.64736 -0.07937 -0.75804
vn 0.36749 0.16982 -0.91439
vn 0.47266 0.17133 -0.86443
vn 0.32213 0.26406 -0.90912
vn 0.87686 0.33377 -0.34600
vn 0.98838 0.12995 -0.07880
vn 0.78469 -0.21504 0.58139
vn 0.96548 0.02552 0.25923
vn 0.89872 0.02638 0.43773
vn 0.92330 0.07652 0.37638
vn 0.32672 0.09550 0.94028
vn -0.15234 -0.21521 0.96461
vn -0.16034 -0.21494 0.96338
vn -0.48651 -0.45406 0.74642
vn -0.88989 -0.35308 0.28883
vn -0.45928 0.13587 0.87784
vn -0.87671 0.15953 0.45379
vn -0.95652 0.03989 0.28892
vn -0.99569 0.04153 0.08298
vn -0.94634 -0.20911 -0.24641
vn -0.47513 -0.18753 -0.85970
vn -0.17295 -0.35720 -0.91788
vn -0.17728 -0.35771 -0.91685
vn -0.62660 0.00166 -0.77934
vn 0.37291 0.00198 -0.92787
vn 0.10076 0.17840 -0.97879
vn 0.32781 0.19144 -0.92514
vn 0.86892 -0.36659 -0.33256
vn 0.93801 -0.33844 -0.07479
vn 0.94470 -0.25889 -0.20128
vn 0.96055 -0.10301 0.25831
vn 0.96175 -0.10094 0.25465
vn 0.94145 -0.10263 0.32115
vn -0.06843 -0.68611 0.72427
vn -0.24410 -0.61303 0.75141
vn 0.24056 -0.39892 0.88487
vn -0.49231 -0.35773 0.79351
vn -0.13010 -0.13388 0.98242
vn -0.39010 -0.14342 0.90953
vn -0.36641 -0.11975 0.92272
vn -0.94525 -0.14744 0.29116
vn -0.62465 -0.50879 -0.59241
vn -0.76020 -0.61920 -0.19670
vn -0.75746 -0.62153 -0.19989
vn -0.12380 -0.45467 -0.88202
vn -0.89195 0.00406 -0.45212
vn -0.62581 0.00480 -0.77996
vn -0.25204 -0.26839 -0.92975
vn 0.03078 -0.27721 -0.96032
vn 0.39045 -0.53621 -0.74835
vn 0.84808 -0.43447 -0.30329
vn 0.84015 -0.53611 0.08208
vn 0.78844 -0.59514 -0.15548
vn 0.66922 -0.07177 -0.73959
vn 0.70514 -0.68398 0.18693
vn 0.01702 -0.72269 0.69097
vn -0.04593 -0.66727 0.74340
vn -0.39855 -0.60807 0.68659
vn 0.14744 -0.82776 0.54136
vn 0.88758 -0.12447 0.44352
vn -0.09841 -0.26889 0.95813
vn -0.70634 -0.47106 0.52838
vn -0.09434 -0.47100 0.87708
vn -0.39313 -0.66176 -0.63837
vn -0.40412 -0.63481 -0.65856
vn -0.78915 -0.50692 0.34681
vn -0.82135 -0.52760 -0.21683
vn -0.94153 -0.28391 0.18142
vn -0.90861 -0.35310 -0.22304
vn -0.91618 -0.34020 -0.21186
vn -0.23240 -0.45883 -0.85759
vn 0.92860 -0.36955 -0.03372
vn 0.22691 -0.96989 -0.08851
vn -0.47572 -0.47812 -0.73831
vn 0.87489 -0.48362 0.02614
vn 0.36550 -0.15589 -0.91766
vn 0.57884 -0.18039 -0.79524
vn 0.71711 -0.69560 -0.04352
vn -0.57193 -0.71384 0.40413
vn -0.14126 -0.49339 0.85826
vn 0.96140 -0.27453 0.01833
vn -0.67167 -0.73766 -0.06865
vn -0.56998 -0.64393 -0.51038
vn -0.13379 -0.96238 0.23651
vn -0.80650 -0.47211 0.35592
vn -0.42709 -0.72594 0.53908
vn 0.90533 -0.33411 -0.26219
vn -0.58209 -0.57364 -0.57629
vn -0.22391 -0.55549 -0.80081
vn 0.50171 -0.86436 0.03422
vn -0.01916 0.52422 0.85137
vn -0.21275 0.31083 0.92635
vn 0.91318 0.34889 -0.21065
vn 0.01167 0.93649 -0.35050
vn -0.58936 0.64388 0.48793
vn -0.47098 0.35083 -0.80938
vn -0.48458 0.44324 0.75414
vn -0.42103 0.52413 0.74028
vn 0.78433 0.32110 -0.53078
vn 0.13624 0.57879 -0.80401
vn -0.30011 0.93931 0.16624
vn -0.08973 0.41120 -0.90712
vn 0.73298 0.14555 0.66450
vn 0.91119 0.41001 0.04019
vn -0.02685 0.23130 0.97251
vn 0.41218 0.89603 0.16502
vn 0.86545 0.36835 -0.33958
vn 0.71471 0.52602 0.46096
vn -0.24740 0.72871 0.63858
vn -0.77504 0.30092 0.55567
vn -0.69995 0.31347 0.64172
vn -0.80895 0.25262 0.53083
vn -0.89146 0.14718 -0.42853
vn 0.00437 0.62763 0.77850
vn 0.00360 0.51636 0.85637
vn -0.62553 0.67650 -0.38867
vn -0.79549 0.45174 0.40389
vn -0.58420 0.30816 -0.75084
vn 0.48273 0.16296 -0.86047
vn 0.34224 0.33612 -0.87744
vn 0.18780 0.35136 -0.91721
vn -0.57902 0.46495 -0.66974
vn 0.28641 0.85190 -0.43845
vn 0.10326 0.87349 -0.47577
vn -0.29078 0.44625 -0.84635
vn 0.92911 0.18450 0.32048
vn 0.97225 0.21155 0.09987
vn 0.83554 0.38698 -0.39001
vn 0.66832 0.58613 0.45804
vn 0.53792 0.42365 0.72881
vn 0.69795 0.40546 0.59031
vn -0.09874 -0.01326 0.99502
vn -0.60486 -0.01061 0.79626
vn -0.02518 0.31027 0.95031
vn -0.80471 0.31352 0.50412
vn -0.48086 0.53138 0.69743
vn -0.29864 0.46749 0.83202
vn -0.81229 0.30812 0.49522
vn -0.85856 0.32566 -0.39601
vn -0.70376 0.05623 -0.70821
vn -0.64543 0.05482 -0.76185
vn -0.78603 0.15098 -0.59947
vn 0.18318 0.12369 -0.97527
vn -0.59828 0.62687 -0.49909
vn -0.66269 0.58588 -0.46646
vn 0.41893 0.23377 -0.87741
vn 0.55874 0.23380 -0.79571
vn 0.77816 0.09919 -0.62019
vn 0.97208 0.07412 0.22263
vn 0.97618 0.21241 0.04417
vn 0.83141 0.39365 -0.39216
vn 0.89492 -0.04270 0.44417
vn 0.63108 -0.03989 0.77469
vn 0.59837 -0.06269 0.79877
vn -0.08566 -0.05155 0.99499
vn 0.14899 0.09669 0.98410
vn -0.06472 0.09757 0.99312
vn 0.21920 0.24601 0.94416
vn -0.55866 0.32828 0.76167
vn -0.87268 0.07111 0.48309
vn -0.87726 0.07110 0.47472
vn -0.98208 -0.18837 0.00657
vn -0.75905 -0.14559 -0.63454
vn -0.97256 0.22897 -0.04128
vn -0.77655 0.25399 -0.57659
vn -0.76491 0.24121 -0.59727
vn -0.61894 0.25509 -0.74286
vn -0.34115 0.07615 -0.93692
vn 0.40778 0.07396 -0.91008
vn 0.69306 -0.14846 -0.70542
vn 0.75785 -0.14429 -0.63627
vn 0.42233 0.08864 -0.90210
vn 0.99551 0.09345 0.01524
vn 0.81165 0.38430 -0.43993
vn 0.88674 -0.14141 0.44011
vn 0.57595 -0.34480 0.74121
vn 0.56328 -0.34253 0.75192
vn 0.94736 0.03421 0.31833
vn 0.14956 0.04215 0.98785
vn 0.31309 0.13332 0.94032
vn 0.22402 0.13681 0.96493
vn -0.47768 -0.30692 0.82318
vn -0.84307 -0.26723 0.46671
vn -0.79574 -0.20936 0.56829
vn -0.98281 -0.18452 0.00657
vn -0.94849 -0.01103 0.31660
vn -0.99903 -0.01162 -0.04241
vn -0.98760 0.09220 0.12708
vn -0.78305 0.11396 -0.61143
vn -0.25401 -0.22634 -0.94035
vn -0.33293 -0.23053 -0.91434
vn -0.13385 -0.34571 -0.92875
vn 0.67736 -0.25663 -0.68944
vn 0.06167 0.12217 -0.99059
vn 0.42005 0.13603 -0.89725
vn 0.60627 0.01452 -0.79513
vn 0.87905 0.01577 -0.47647
vn 0.96647 -0.15412 -0.20540
vn 0.58288 -0.33361 0.74091
vn 0.99797 -0.00665 0.06336
vn 0.95359 -0.00723 0.30102
vn 0.79192 -0.21707 0.57075
vn 0.33110 -0.23260 0.91448
vn -0.11941 -0.44393 0.88807
vn -0.47774 -0.39280 0.78579
vn -0.77003 -0.52757 0.35878
vn -0.70508 -0.55590 0.44027
vn -0.20598 -0.03355 0.97798
vn -0.94673 -0.04960 0.31819
vn -0.98129 -0.12694 0.14476
vn -0.96935 -0.12539 0.21130
vn -0.52331 -0.63556 -0.56764
vn -0.12763 -0.46936 -0.87374
vn -0.48374 -0.35039 -0.80201
vn -0.13642 -0.32766 -0.93490
vn -0.49005 -0.12369 -0.86288
vn 0.00569 -0.14190 -0.98987
vn -0.08989 -0.07950 -0.99277
vn 0.59255 -0.09695 -0.79968
vn 0.82304 -0.47195 0.31601
vn 0.76948 -0.62316 -0.13988
vn 0.78293 -0.44812 -0.43151
vn 0.94240 -0.32372 -0.08418
vn 0.94358 -0.31720 -0.09508
vn 0.77579 -0.37910 0.50441
vn -0.82031 -0.32774 0.46871
vn -0.36978 -0.91060 0.18459
vn 0.84122 -0.32216 0.43425
vn -0.75435 -0.39113 0.52722
vn 0.00856 -0.16513 0.98623
vn -0.04324 -0.16994 0.98450
vn -0.35562 -0.52728 0.77169
vn -0.82860 -0.55925 0.02574
vn -0.28730 -0.49460 -0.82026
vn -0.41747 -0.71868 -0.55608
vn -0.13630 -0.68673 -0.71402
vn -0.21831 -0.73695 -0.63972
vn -0.99527 -0.09709 0.00290
vn -0.51197 -0.19048 -0.83762
vn 0.54405 -0.43424 -0.71795
vn -0.35545 -0.48374 -0.79978
vn 0.59296 -0.78223 0.19106
vn 0.78675 -0.50100 0.36059
vn 0.79394 -0.50125 -0.34410
vn 0.74783 -0.50346 -0.43274
vn 0.58886 -0.20228 -0.78251
vn -0.05367 -0.81012 -0.58380
vn -0.61346 -0.28023 0.73834
vn 0.88065 -0.47105 0.05057
vn 0.34838 -0.56622 0.74701
vn -0.01164 -0.82624 0.56320
vn 0.13836 -0.51822 -0.84398
vn -0.50850 -0.49826 -0.70226
vn -0.82473 -0.25506 0.50474
vn 0.71090 -0.55752 -0.42870
vn 0.54528 -0.78172 0.30262
vn 0.56157 -0.82492 0.06435
vn 0.34705 -0.32868 -0.87836
vn 0.07685 0.46104 0.88404
vn 0.56174 0.82069 -0.10449
vn 0.80319 0.48059 -0.35203
vn -0.89404 0.44530 -0.04906
vn -0.62011 0.59372 0.51280
vn 0.28102 0.94374 0.17432
vn -0.28150 0.55195 0.78493
vn 0.09557 0.84034 -0.53357
vn 0.70513 0.30887 -0.63827
vn -0.80516 0.39003 -0.44676
vn -0.37574 0.89491 0.24075
vn 0.67134 0.74083 0.02190
vn 0.60467 0.17511 0.77699
vn 0.42358 0.57892 -0.69673
vn 0.31347 0.87187 -0.37626
vn 0.19756 0.85779 0.47452
vn 0.84662 0.46923 -0.25111
vn 0.10601 0.32202 0.94078
vn -0.79139 0.19797 0.57837
vn -0.61833 0.42494 0.66113
vn -0.66761 0.42010 0.61466
vn -0.02131 0.57039 0.82110
vn -0.40277 0.81949 0.40770
vn -0.14693 0.78829 0.59751
vn -0.10708 0.57448 0.81148
vn -0.50238 0.24426 -0.82943
vn -0.45545 0.23536 -0.85859
vn -0.69255 0.39207 -0.60552
vn 0.49822 0.18195 -0.84775
vn -0.21172 0.94713 -0.24107
vn -0.88048 0.45943 -0.11694
vn -0.28537 0.59747 -0.74939
vn 0.26029 0.79218 -0.55200
vn 0.83634 0.48398 -0.25747
vn 0.87810 0.46737 -0.10247
vn 0.93282 0.27014 0.23847
vn 0.49623 0.54091 -0.67909
vn 0.92076 0.38881 -0.03198
vn 0.49895 0.37593 0.78084
vn 0.28551 0.11817 0.95106
vn 0.14052 0.11122 0.98381
vn 0.13729 0.10902 0.98451
vn -0.51509 0.09434 0.85193
vn 0.31312 0.59146 0.74305
vn 0.10863 0.70400 0.70184
vn -0.73754 0.38566 0.55435
vn -0.63672 0.36961 0.67674
vn -0.97511 0.10317 0.19627
vn -0.64319 0.06805 -0.76267
vn -0.75882 0.26985 -0.59277
vn -0.70991 0.26467 -0.65267
vn -0.85491 0.47382 -0.21126
vn -0.31050 0.57415 -0.75759
vn -0.26047 0.53459 -0.80397
vn -0.25691 0.53512 -0.80477
vn 0.58897 -0.01001 -0.80810
vn 0.82581 -0.00935 -0.56387
vn 0.43046 0.26462 -0.86295
vn 0.93796 0.25838 0.23122
vn 0.63642 0.69372 -0.33721
vn 0.98076 0.19506 0.00751
vn 0.71275 -0.25174 0.65468
vn 0.36614 -0.19696 0.90948
vn 0.81534 0.20991 0.53959
vn 0.12938 0.20172 0.97086
vn 0.27395 0.32588 0.90485
vn 0.25592 0.32756 0.90951
vn -0.09897 0.08275 0.99164
vn -0.76869 0.09091 0.63313
vn -0.92366 -0.14782 0.35356
vn -0.96622 -0.14445 0.21343
vn -0.87519 0.03332 0.48264
vn -0.81872 0.03117 -0.57335
vn -0.87581 0.47046 0.10787
vn -0.83159 0.52488 -0.18153
vn -0.44987 -0.00057 -0.89309
vn -0.27714 -0.00055 -0.96083
vn -0.14322 -0.09891 -0.98473
vn 0.56697 -0.08233 -0.81961
vn 0.35561 0.11448 -0.92760
vn 0.46407 0.11696 -0.87804
vn 0.25639 0.25352 -0.93273
vn 0.83857 0.37028 -0.39962
vn 0.97040 0.19300 -0.14516
vn 0.71478 -0.24092 0.65654
vn 0.93445 -0.01461 0.35580
vn 0.83383 -0.01453 0.55183
vn 0.90363 0.09885 0.41676
vn 0.28803 0.10919 0.95138
vn -0.08601 -0.16558 0.98244
vn -0.09794 -0.16540 0.98135
vn -0.45454 -0.46622 0.75897
vn -0.85615 -0.39951 0.32772
vn -0.41288 0.10662 0.90453
vn -0.86731 0.13788 0.47829
vn -0.92410 0.06617 0.37638
vn -0.99000 0.07089 0.12194
vn -0.94883 -0.19205 -0.25069
vn -0.44435 -0.15613 -0.88214
vn -0.11358 -0.35251 -0.92889
vn -0.13450 -0.35611 -0.92472
vn -0.53356 -0.02747 -0.84532
vn 0.35780 -0.03033 -0.93331
vn 0.06269 0.18142 -0.98141
vn 0.25974 0.19908 -0.94493
vn 0.82058 -0.35698 -0.44633
vn 0.92891 -0.34324 -0.13895
vn 0.93054 -0.31364 -0.18902
vn 0.92435 -0.13498 0.35688
vn 0.96479 -0.07899 0.25089
vn 0.93043 -0.08023 0.35759
vn -0.00023 -0.64602 0.76332
vn -0.16966 -0.57699 0.79893
vn 0.12388 -0.42913 0.89470
vn -0.45789 -0.38447 0.80157
vn -0.12690 -0.14949 0.98059
vn -0.35357 -0.16310 0.92108
vn -0.28562 -0.08898 0.95420
vn -0.91377 -0.13117 0.38448
vn -0.60880 -0.50756 -0.60971
vn -0.75508 -0.62952 -0.18316
vn -0.62889 -0.70774 -0.32188
vn -0.06953 -0.45015 -0.89024
vn -0.84663 -0.01137 -0.53205
vn -0.53016 -0.01235 -0.84781
vn -0.26421 -0.21620 -0.93992
vn -0.00066 -0.22416 -0.97455
vn 0.30409 -0.48454 -0.82022
vn 0.79616 -0.44938 -0.40519
vn 0.77904 -0.59339 0.20244
vn 0.72373 -0.67987 -0.11831
vn 0.59592 -0.08702 -0.79832
vn 0.72612 -0.67437 0.13404
vn 0.04666 -0.69889 0.71370
vn -0.00347 -0.64947 0.76038
vn -0.48170 -0.56071 0.67348
vn 0.01720 -0.85992 0.51015
vn 0.85221 -0.13569 0.50530
vn -0.10819 -0.25782 0.96012
vn -0.53236 -0.44172 0.72213
vn -0.06537 -0.39039 0.91833
vn -0.35785 -0.66329 -0.65726
vn -0.36523 -0.64058 -0.67548
vn -0.74300 -0.64478 0.17946
vn -0.70947 -0.61568 -0.34292
vn -0.92007 -0.32244 0.22250
vn -0.87171 -0.39995 -0.28311
vn -0.92544 -0.31846 -0.20527
vn -0.26239 -0.39935 -0.87845
vn 0.90864 -0.41359 -0.05766
vn 0.17090 -0.97585 -0.13605
vn -0.35406 -0.57989 -0.73374
vn 0.83478 -0.53617 0.12516
vn 0.30440 -0.15212 -0.94032
vn 0.51416 -0.18430 -0.83766
vn 0.70402 -0.65385 -0.27718
vn -0.52591 -0.73603 0.42623
vn -0.21529 -0.43287 0.87537
vn 0.95278 -0.30228 0.02879
vn -0.53917 -0.84151 0.03394
vn -0.49575 -0.66469 -0.55895
vn -0.09789 -0.99435 -0.04099
vn -0.77025 -0.49711 0.39950
vn -0.47463 -0.65191 0.59139
vn 0.87796 -0.37421 -0.29858
vn -0.43501 -0.67891 -0.59148
vn -0.18048 -0.52640 -0.83086
vn 0.45814 -0.86432 -0.20750
f 1/1/1 2/2/1 3/3/1
f 4/4/2 5/5/2 6/6/2
f 7/7/3 8/8/3 9/9/3
f 10/10/4 11/11/4 12/12/4
f 13/13/5 14/14/5 15/15/5
f 16/16/6 17/17/6 18/18/6
f 19/19/7 20/20/7 21/21/7
f 22/22/8 23/23/8 24/24/8
f 25/25/9 26/26/9 27/27/9
f 28/28/10 29/29/10 30/30/10
f 31/31/11 32/32/11 33/33/11
f 34/34/12 35/35/12 36/36/12
f 37/37/13 38/38/13 39/39/13
f 40/40/14 41/41/14 42/42/14
f 43/43/15 44/44/15 45/45/15
f 46/46/16 47/47/16 48/48/16
f 49/49/17 50/50/17 51/51/17
f 52/52/18 53/53/18 54/54/18
f 55/55/19 56/56/19 57/57/19
f 58/58/20 59/59/20 60/60/20
f 61/61/21 62/62/21 63/63/21
f 64/64/22 65/65/22 66/66/22
f 67/67/23 68/68/23 69/69/23
f 70/70/24 71/71/24 72/72/24
f 73/73/25 74/74/25 75/75/25
f 76/76/26 77/77/26 78/78/26
f 79/79/27 80/80/27 81/81/27
f 82/82/28 83/83/28 84/84/28
f 85/85/29 86/86/29 87/87/29
f 88/88/30 89/89/30 90/90/30
f 91/91/31 92/92/31 93/93/31
f 94/94/32 95/95/32 96/96/32
f 97/97/33 98/98/33 99/99/33
f 100/100/34 101/101/34 102/102/34
f 103/103/35 104/104/35 105/105/35
f 106/106/36 107/107/36 108/108/36
f 109/109/37 110/110/37 111/111/37
f 112/112/38 113/113/38 114/114/38
f 115/115/39 116/116/39 117/117/39
f 118/118/40 119/119/40 120/120/40
f 121/121/41 122/122/41 123/123/41
f 124/124/42 125/125/42 126/126/42
f 127/127/43 128/128/43 129/129/43
f 130/130/44 131/131/44 132/132/44
f 133/133/45 134/134/45 135/135/45
f 136/136/46 137/137/46 138/138/46
f 139/139/47 140/140/47 141/141/47
f 142/142/48 143/143/48 144/144/48
f 145/145/49 146/146/49 147/147/49
f 148/148/50 149/149/50 150/150/50
f 151/151/51 152/152/51 153/153/51
f 154/154/52 155/155/52 156/156/52
f 157/157/53 158/158/53 159/159/53
f 160/160/54 161/161/54 162/162/54
f 163/163/55 164/164/55 165/165/55
f 166/166/56 167/167/56 168/168/56
f 169/169/57 170/170/57 171/171/57
f 172/172/58 173/173/58 174/174/58
f 175/175/59 176/176/59 177/177/59
f 178/178/60 179/179/60 180/180/60
f 181/181/61 182/182/61 183/183/61
f 184/184/62 185/185/62 186/186/62
f 187/187/63 188/188/63 189/189/63
f 190/190/64 191/191/64 192/192/64
f 193/193/65 194/194/65 195/195/65
f 196/196/66 197/197/66 198/198/66
f 199/199/67 200/200/67 201/201/67
f 202/202/68 203/203/68 204/204/68
f 205/205/69 206/206/69 207/207/69
f 208/208/70 209/209/70 210/210/70
f 211/211/71 212/212/71 213/213/71
f 214/214/72 215/215/72 216/216/72
f 217/217/73 218/218/73 219/219/73
f 220/220/74 221/221/74 222/222/74
f 223/223/75 224/224/75 225/225/75
f 226/226/76 227/227/76 228/228/76
f 229/229/77 230/230/77 231/231/77
f 232/232/78 233/233/78 234/234/78
f 235/235/79 236/236/79 237/237/79
f 238/238/80 239/239/80 240/240/80
f 241/241/81 242/242/81 243/243/81
f 244/244/82 245/245/82 246/246/82
f 247/247/83 248/248/83 249/249/83
f 250/250/84 251/251/84 252/252/84
f 253/253/85 254/254/85 255/255/85
f 256/256/86 257/257/86 258/258/86
f 259/259/87 260/260/87 261/261/87
f 262/262/88 263/263/88 264/264/88
f 265/265/89 266/266/89 267/267/89
f 268/268/90 269/269/90 270/270/90
f 271/271/91 272/272/91 273/273/91
f 274/274/92 275/275/92 276/276/92
f 277/277/93 278/278/93 279/279/93
f 280/280/94 281/281/94 282/282/94
f 283/283/95 284/284/95 285/285/95
f 286/286/96 287/287/96 288/288/96
f 289/289/97 290/290/97 291/291/97
f 292/292/98 293/293/98 294/294/98
f 295/295/99 296/296/99 297/297/99
f 298/298/100 299/299/100 300/300/100
f 301/301/101 302/302/101 303/303/101
f 304/304/102 305/305/102 306/306/102
f 307/307/103 308/308/103 309/309/103
f 310/310/104 311/311/104 312/312/104
f 313/313/105 314/314/105 315/315/105
f 316/316/106 317/317/106 318/318/106
f 319/319/107 320/320/107 321/321/107
f 322/322/108 323/323/108 324/324/108
f 325/325/109 326/326/109 327/327/109
f 328/328/110 329/329/110 330/330/110
f 331/331/111 332/332/111 333/333/111
f 334/334/112 335/335/112 336/336/112
f 337/337/113 338/338/113 339/339/113
f 340/340/114 341/341/114 342/342/114
f 343/343/115 344/344/115 345/345/115
f 346/346/116 347/347/116 348/348/116
f 349/349/117 350/350/117 351/351/117
f 352/352/118 353/353/118 354/354/118
f 355/355/119 356/356/119 357/357/119
f 358/358/120 359/359/120 360/360/120
f 361/361/121 362/362/121 363/363/121
f 364/364/122 365/365/122 366/366/122
f 367/367/123 368/368/123 369/369/123
f 370/370/124 371/371/124 372/372/124
f 373/373/125 374/374/125 375/375/125
f 376/376/126 377/377/126 378/378/126
f 379/379/127 380/380/127 381/381/127
f 382/382/128 383/383/128 384/384/128
f 385/385/129 386/386/129 387/387/129
f 388/388/130 389/389/130 390/390/130
f 391/391/131 392/392/131 393/393/131
f 394/394/132 395/395/132 396/396/132
f 397/397/133 398/398/133 399/399/133
f 400/400/134 401/401/134 402/402/134
f 403/403/135 404/404/135 405/405/135
f 406/406/136 407/407/136 408/408/136
f 409/409/137 410/410/137 411/411/137
f 412/412/138 413/413/138 414/414/138
f 415/415/139 416/416/139 417/417/139
f 418/418/140 419/419/140 420/420/140
f 421/421/141 422/422/141 423/423/141
f 424/424/142 425/425/142 426/426/142
f 427/427/143 428/428/143 429/429/143
f 430/430/144 431/431/144 432/432/144
f 433/433/145 434/434/145 435/435/145
f 436/436/146 437/437/146 438/438/146
f 439/439/147 440/440/147 441/441/147
f 442/442/148 443/443/148 444/444/148
f 445/445/149 446/446/149 447/447/149
f 448/448/150 449/449/150 450/450/150
f 451/451/151 452/452/151 453/453/151
f 454/454/152 455/455/152 456/456/152
f 457/457/153 458/458/153 459/459/153
f 460/460/154 461/461/154 462/462/154
f 463/463/155 464/464/155 465/465/155
f 466/466/156 467/467/156 468/468/156
f 469/469/157 470/470/157 471/471/157
f 472/472/158 473/473/158 474/474/158
f 475/475/159 476/476/159 477/477/159
f 478/478/160 479/479/160 480/480/160
f 481/481/161 482/482/161 483/483/161
f 484/484/162 485/485/162 486/486/162
f 487/487/163 488/488/163 489/489/163
f 490/490/164 491/491/164 492/492/164
f 493/493/165 494/494/165 495/495/165
f 496/496/166 497/497/166 498/498/166
f 499/499/167 500/500/167 501/501/167
f 502/502/168 503/503/168 504/504/168
f 505/505/169 506/506/169 507/507/169
f 508/508/170 509/509/170 510/510/170
f 511/511/171 512/512/171 513/513/171
f 514/514/172 515/515/172 516/516/172
f 517/517/173 518/518/173 519/519/173
f 520/520/174 521/521/174 522/522/174
f 523/523/175 524/524/175 525/525/175
f 526/526/176 527/527/176 528/528/176
f 529/529/177 530/530/177 531/531/177
f 532/532/178 533/533/178 534/534/178
f 535/535/179 536/536/179 537/537/179
f 538/538/180 539/539/180 540/540/180
f 541/541/181 542/542/181 543/543/181
f 544/544/182 545/545/182 546/546/182
f 547/547/183 548/548/183 549/549/183
f 550/550/184 551/551/184 552/552/184
f 553/553/185 554/554/185 555/555/185
f 556/556/186 557/557/186 558/558/186
f 559/559/187 560/560/187 561/561/187
f 562/562/188 563/563/188 564/564/188
f 565/565/189 566/566/189 567/567/189
f 568/568/190 569/569/190 570/570/190
f 571/571/191 572/572/191 573/573/191
f 574/574/192 575/575/192 576/576/192
f 577/577/193 578/578/193 579/579/193
f 580/580/194 581/581/194 582/582/194
f 583/583/195 584/584/195 585/585/195
f 586/586/196 587/587/196 588/588/196
f 589/589/197 590/590/197 591/591/197
f 592/592/198 593/593/198 594/594/198
f 595/595/199 596/596/199 597/597/199
f 598/598/200 599/599/200 600/600/200
f 601/601/201 602/602/201 603/603/201
f 604/604/202 605/605/202 606/606/202
f 607/607/203 608/608/203 609/609/203
f 610/610/204 611/611/204 612/612/204
f 613/613/205 614/614/205 615/615/205
f 616/616/206 617/617/206 618/618/206
f 619/619/207 620/620/207 621/621/207
f 622/622/208 623/623/208 624/624/208
f 625/625/209 626/626/209 627/627/209
f 628/628/210 629/629/210 630/630/210
f 631/631/211 632/632/211 633/633/211
f 634/634/212 635/635/212 636/636/212
f 637/637/213 638/638/213 639/639/213
f 640/640/214 641/641/214 642/642/214
f 643/643/215 644/644/215 645/645/215
f 646/646/216 647/647/216 648/648/216
f 649/649/217 650/650/217 651/651/217
f 652/652/218 653/653/218 654/654/218
f 655/655/219 656/656/219 657/657/219
f 658/658/220 659/659/220 660/660/220
f 661/661/221 662/662/221 663/663/221
f 664/664/222 665/665/222 666/666/222
f 667/667/223 668/668/223 669/669/223
f 670/670/224 671/671/224 672/672/224
f 673/673/225 674/674/225 675/675/225
f 676/676/226 677/677/226 678/678/226
f 679/679/227 680/680/227 681/681/227
f 682/682/228 683/683/228 684/684/228
f 685/685/229 686/686/229 687/687/229
f 688/688/230 689/689/230 690/690/230
f 691/691/231 692/692/231 693/693/231
f 694/694/232 695/695/232 696/696/232
f 697/697/233 698/698/233 699/699/233
f 700/700/234 701/701/234 702/702/234
f 703/703/235 704/704/235 705/705/235
f 706/706/236 707/707/236 708/708/236
f 709/709/237 710/710/237 711/711/237
f 712/712/238 713/713/238 714/714/238
f 715/715/239 716/716/239 717/717/239
f 718/718/240 719/719/240 720/720/240
f 721/721/241 722/722/241 723/723/241
f 724/724/242 725/725/242 726/726/242
f 727/727/243 728/728/243 729/729/243
f 730/730/244 731/731/244 732/732/244
f 733/733/245 734/734/245 735/735/245
f 736/736/246 737/737/246 738/738/246
f 739/739/247 740/740/247 741/741/247
f 742/742/248 743/743/248 744/744/248
f 745/745/249 746/746/249 747/747/249
f 748/748/250 749/749/250 750/750/250
f 751/751/251 752/752/251 753/753/251
f 754/754/252 755/755/252 756/756/252
f 757/757/253 758/758/253 759/759/253
f 760/760/254 761/761/254 762/762/254
f 763/763/255 764/764/255 765/765/255
f 766/766/256 767/767/256 768/768/256
f 769/769/257 770/770/257 771/771/257
f 772/772/258 773/773/258 774/774/258
f 775/775/259 776/776/259 777/777/259
f 778/778/260 779/779/260 780/780/260
f 781/781/261 782/782/261 783/783/261
f 784/784/262 785/785/262 786/786/262
f 787/787/263 788/788/263 789/789/263
f 790/790/264 791/791/264 792/792/264
f 793/793/265 794/794/265 795/795/265
f 796/796/266 797/797/266 798/798/266
f 799/799/267 800/800/267 801/801/267
f 802/802/268 803/803/268 804/804/268
f 805/805/269 806/806/269 807/807/269
f 808/808/270 809/809/270 810/810/270
f 811/811/271 812/812/271 813/813/271
f 814/814/272 815/815/272 816/816/272
f 817/817/273 818/818/273 819/819/273
f 820/820/274 821/821/274 822/822/274
f 823/823/275 824/824/275 825/825/275
f 826/826/276 827/827/276 828/828/276
f 829/829/277 830/830/277 831/831/277
f 832/832/278 833/833/278 834/834/278
f 835/835/279 836/836/279 837/837/279
f 838/838/280 839/839/280 840/840/280
f 841/841/281 842/842/281 843/843/281
f 844/844/282 845/845/282 846/846/282
f 847/847/283 848/848/283 849/849/283
f 850/850/284 851/851/284 852/852/284
f 853/853/285 854/854/285 855/855/285
f 856/856/286 857/857/286 858/858/286
f 859/859/287 860/860/287 861/861/287
f 862/862/288 863/863/288 864/864/288
f 865/865/289 866/866/289 867/867/289
f 868/868/290 869/869/290 870/870/290
f 871/871/291 872/872/291 873/873/291
f 874/874/292 875/875/292 876/876/292
f 877/877/293 878/878/293 879/879/293
f 880/880/294 881/881/294 882/882/294
f 883/883/295 884/884/295 885/885/295
f 886/886/296 887/887/296 888/888/296
f 889/889/297 890/890/297 891/891/297
f 892/892/298 893/893/298 894/894/298
f 895/895/299 896/896/299 897/897/299
f 898/898/300 899/899/300 900/900/300
f 901/901/301 902/902/301 903/903/301
f 904/904/302 905/905/302 906/906/302
f 907/907/303 908/908/303 909/909/303
f 910/910/304 911/911/304 912/912/304
f 913/913/305 914/914/305 915/915/305
f 916/916/306 917/917/306 918/918/306
f 919/919/307 920/920/307 921/921/307
f 922/922/308 923/923/308 924/924/308
f 925/925/309 926/926/309 927/927/309
f 928/928/310 929/929/310 930/930/310
f 931/931/311 932/932/311 933/933/311
f 934/934/312 935/935/312 936/936/312
f 937/937/313 938/938/313 939/939/313
f 940/940/314 941/941/314 942/942/314
f 943/943/315 944/944/315 945/945/315
f 946/946/316 947/947/316 948/948/316
f 949/949/317 950/950/317 951/951/317
f 952/952/318 953/953/318 954/954/318
f 955/955/319 956/956/319 957/957/319
f 958/958/320 959/959/320 960/960/320
f 961/961/321 962/962/321 963/963/321
f 964/964/322 965/965/322 966/966/322
f 967/967/323 968/968/323 969/969/323
f 970/970/324 971/971/324 972/972/324
f 973/973/325 974/974/325 975/975/325
f 976/976/326 977/977/326 978/978/326
f 979/979/327 980/980/327 981/981/327
f 982/982/328 983/983/328 984/984/328
f 985/985/329 986/986/329 987/987/329
f 988/988/330 989/989/330 990/990/330
f 991/991/331 992/992/331 993/993/331
f 994/994/332 995/995/332 996/996/332
f 997/997/333 998/998/333 999/999/333
f 1000/1000/334 1001/1001/334 1002/1002/334
f 1003/1003/335 1004/1004/335 1005/1005/335
f 1006/1006/336 1007/1007/336 1008/1008/336
f 1009/1009/337 1010/1010/337 1011/1011/337
f 1012/1012/338 1013/1013/338 1014/1014/338
f 1015/1015/339 1016/1016/339 1017/1017/339
f 1018/1018/340 1019/1019/340 1020/1020/340
f 1021/1021/341 1022/1022/341 1023/1023/341
f 1024/1024/342 1025/1025/342 1026/1026/342
f 1027/1027/343 1028/1028/343 1029/1029/343
f 1030/1030/344 1031/1031/344 1032/1032/344
f 1033/1033/345 1034/1034/345 1035/1035/345
f 1036/1036/346 1037/1037/346 1038/1038/346
f 1039/1039/347 1040/1040/347 1041/1041/347
f 1042/1042/348 1043/1043/348 1044/1044/348
f 1045/1045/349 1046/1046/349 1047/1047/349
f 1048/1048/350 1049/1049/350 1050/1050/350
f 1051/1051/351 1052/1052/351 1053/1053/351
f 1054/1054/352 1055/1055/352 1056/1056/352
f 1057/1057/353 1058/1058/353 1059/1059/353
f 1060/1060/354 1061/1061/354 1062/1062/354
f 1063/1063/355 1064/1064/355 1065/1065/355
f 1066/1066/356 1067/1067/356 1068/1068/356
f 1069/1069/357 1070/1070/357 1071/1071/357
f 1072/1072/358 1073/1073/358 1074/1074/358
f 1075/1075/359 1076/1076/359 1077/1077/359
f 1078/1078/360 1079/1079/360 1080/1080/360
f 1081/1081/361 1082/1082/361 1083/1083/361
f 1084/1084/362 1085/1085/362 1086/1086/362
f 1087/1087/363 1088/1088/363 1089/1089/363
f 1090/1090/364 1091/1091/364 1092/1092/364
f 1093/1093/365 1094/1094/365 1095/1095/365
f 1096/1096/366 1097/1097/366 1098/1098/366
f 1099/1099/367 1100/1100/367 1101/1101/367
f 1102/1102/368 1103/1103/368 1104/1104/368
f 1105/1105/369 1106/1106/369 1107/1107/369
f 1108/1108/370 1109/1109/370 1110/1110/370
f 1111/1111/371 1112/1112/371 1113/1113/371
f 1114/1114/372 1115/1115/372 1116/1116/372
f 1117/1117/373 1118/1118/373 1119/1119/373
f 1120/1120/374 1121/1121/374 1122/1122/374
f 1123/1123/375 1124/1124/375 1125/1125/375
f 1126/1126/376 1127/1127/376 1128/1128/376
f 1129/1129/377 1130/1130/377 1131/1131/377
f 1132/1132/378 1133/1133/378 1134/1134/378
f 1135/1135/379 1136/1136/379 1137/1137/379
f 1138/1138/380 1139/1139/380 1140/1140/380
f 1141/1141/381 1142/1142/381 1143/1143/381
f 1144/1144/382 1145/1145/382 1146/1146/382
f 1147/1147/383 1148/1148/383 1149/1149/383
f 1150/1150/384 1151/1151/384 1152/1152/384
f 1153/1153/385 1154/1154/385 1155/1155/385
f 1156/1156/386 1157/1157/386 1158/1158/386
f 1159/1159/387 1160/1160/387 1161/1161/387
f 1162/1162/388 1163/1163/388 1164/1164/388
f 1165/1165/389 1166/1166/389 1167/1167/389
f 1168/1168/390 1169/1169/390 1170/1170/390
f 1171/1171/391 1172/1172/391 1173/1173/391
f 1174/1174/392 1175/1175/392 1176/1176/392
f 1177/1177/393 1178/1178/393 1179/1179/393
f 1180/1180/394 1181/1181/394 1182/1182/394
f 1183/1183/395 1184/1184/395 1185/1185/395
f 1186/1186/396 1187/1187/396 1188/1188/396
f 1189/1189/397 1190/1190/397 1191/1191/397
f 1192/1192/398 1193/1193/398 1194/1194/398
f 1195/1195/399 1196/1196/399 1197/1197/399
f 1198/1198/400 1199/1199/400 1200/1200/400
f 1201/1201/401 1202/1202/401 1203/1203/401
f 1204/1204/402 1205/1205/402 1206/1206/402
f 1207/1207/403 1208/1208/403 1209/1209/403
f 1210/1210/404 1211/1211/404 1212/1212/404
f 1213/1213/405 1214/1214/405 1215/1215/405
f 1216/1216/406 1217/1217/406 1218/1218/406
f 1219/1219/407 1220/1220/407 1221/1221/407
f 1222/1222/408 1223/1223/408 1224/1224/408
f 1225/1225/409 1226/1226/409 1227/1227/409
f 1228/1228/410 1229/1229/410 1230/1230/410
f 1231/1231/411 1232/1232/411 1233/1233/411
f 1234/1234/412 1235/1235/412 1236/1236/412
f 1237/1237/413 1238/1238/413 1239/1239/413
f 1240/1240/414 1241/1241/414 1242/1242/414
f 1243/1243/415 1244/1244/415 1245/1245/415
f 1246/1246/416 1247/1247/416 1248/1248/416
f 1249/1249/417 1250/1250/417 1251/1251/417
f 1252/1252/418 1253/1253/418 1254/1254/418
f 1255/1255/419 1256/1256/419 1257/1257/419
f 1258/1258/420 1259/1259/420 1260/1260/420
f 1261/1261/421 1262/1262/421 1263/1263/421
f 1264/1264/422 1265/1265/422 1266/1266/422
f 1267/1267/423 1268/1268/423 1269/1269/423
f 1270/1270/424 1271/1271/424 1272/1272/424
f 1273/1273/425 1274/1274/425 1275/1275/425
f 1276/1276/426 1277/1277/426 1278/1278/426
f 1279/1279/427 1280/1280/427 1281/1281/427
f 1282/1282/428 1283/1283/428 1284/1284/428
f 1285/1285/429 1286/1286/429 1287/1287/429
f 1288/1288/430 1289/1289/430 1290/1290/430
f 1291/1291/431 1292/1292/431 1293/1293/431
f 1294/1294/432 1295/1295/432 1296/1296/432
f 1297/1297/433 1298/1298/433 1299/1299/433
f 1300/1300/434 1301/1301/434 1302/1302/434
f 1303/1303/435 1304/1304/435 1305/1305/435
f 1306/1306/436 1307/1307/436 1308/1308/436
f 1309/1309/437 1310/1310/437 1311/1311/437
f 1312/1312/438 1313/1313/438 1314/1314/438
f 1315/1315/439 1316/1316/439 1317/1317/439
f 1318/1318/440 1319/1319/440 1320/1320/440
f 1321/1321/441 1322/1322/441 1323/1323/441
f 1324/1324/442 1325/1325/442 1326/1326/442
f 1327/1327/443 1328/1328/443 1329/1329/443
f 1330/1330/444 1331/1331/444 1332/1332/444
f 1333/1333/445 1334/1334/445 1335/1335/445
f 1336/1336/446 1337/1337/446 1338/1338/446
f 1339/1339/447 1340/1340/447 1341/1341/447
f 1342/1342/448 1343/1343/448 1344/1344/448
f 1345/1345/449 1346/1346/449 1347/1347/449
f 1348/1348/450 1349/1349/450 1350/1350/450
f 1351/1351/451 1352/1352/451 1353/1353/451
f 1354/1354/452 1355/1355/452 1356/1356/452
f 1357/1357/453 1358/1358/453 1359/1359/453
f 1360/1360/454 1361/1361/454 1362/1362/454
f 1363/1363/455 1364/1364/455 1365/1365/455
f 1366/1366/456 1367/1367/456 1368/1368/456
f 1369/1369/457 1370/1370/457 1371/1371/457
f 1372/1372/458 1373/1373/458 1374/1374/458
f 1375/1375/459 1376/1376/459 1377/1377/459
f 1378/1378/460 1379/1379/460 1380/1380/460
f 1381/1381/461 1382/1382/461 1383/1383/461
f 1384/1384/462 1385/1385/462 1386/1386/462
f 1387/1387/463 1388/1388/463 1389/1389/463
f 1390/1390/464 1391/1391/464 1392/1392/464
f 1393/1393/465 1394/1394/465 1395/1395/465
f 1396/1396/466 1397/1397/466 1398/1398/466
f 1399/1399/467 1400/1400/467 1401/1401/467
f 1402/1402/468 1403/1403/468 1404/1404/468
f 1405/1405/469 1406/1406/469 1407/1407/469
f 1408/1408/470 1409/1409/470 1410/1410/470
f 1411/1411/471 1412/1412/471 1413/1413/471
f 1414/1414/472 1415/1415/472 1416/1416/472
f 1417/1417/473 1418/1418/473 1419/1419/473
f 1420/1420/474 1421/1421/474 1422/1422/474
f 1423/1423/475 1424/1424/475 1425/1425/475
f 1426/1426/476 1427/1427/476 1428/1428/476
f 1429/1429/477 1430/1430/477 1431/1431/477
f 1432/1432/478 1433/1433/478 1434/1434/478
f 1435/1435/479 1436/1436/479 1437/1437/479
f 1438/1438/480 1439/1439/480 1440/1440/480
f 1441/1441/481 1442/1442/481 1443/1443/481
f 1444/1444/482 1445/1445/482 1446/1446/482
f 1447/1447/483 1448/1448/483 1449/1449/483
f 1450/1450/484 1451/1451/484 1452/1452/484
f 1453/1453/485 1454/1454/485 1455/1455/485
f 1456/1456/486 1457/1457/486 1458/1458/486
f 1459/1459/487 1460/1460/487 1461/1461/487
f 1462/1462/488 1463/1463/488 1464/1464/488
f 1465/1465/489 1466/1466/489 1467/1467/489
f 1468/1468/490 1469/1469/490 1470/1470/490
f 1471/1471/491 1472/1472/491 1473/1473/491
f 1474/1474/492 1475/1475/492 1476/1476/492
f 1477/1477/493 1478/1478/493 1479/1479/493
f 1480/1480/494 1481/1481/494 1482/1482/494
f 1483/1483/495 1484/1484/495 1485/1485/495
f 1486/1486/496 1487/1487/496 1488/1488/496
f 1489/1489/497 1490/1490/497 1491/1491/497
f 1492/1492/498 1493/1493/498 1494/1494/498
f 1495/1495/499 1496/1496/499 1497/1497/499
f 1498/1498/500 1499/1499/500 1500/1500/500
f 1501/1501/501 1502/1502/501 1503/1503/501
f 1504/1504/502 1505/1505/502 1506/1506/502
f 1507/1507/503 1508/1508/503 1509/1509/503
f 1510/1510/504 1511/1511/504 1512/1512/504
f 1513/1513/505 1514/1514/505 1515/1515/505
f 1516/1516/506 1517/1517/506 1518/1518/506
f 1519/1519/507 1520/1520/507 1521/1521/507
f 1522/1522/508 1523/1523/508 1524/1524/508
f 1525/1525/509 1526/1526/509 1527/1527/509
f 1528/1528/510 1529/1529/510 1530/1530/510
f 1531/1531/511 1532/1532/511 1533/1533/511
f 1534/1534/512 1535/1535/512 1536/1536/512
f 1537/1537/513 1538/1538/513 1539/1539/513
f 1540/1540/514 1541/1541/514 1542/1542/514
f 1543/1543/515 1544/1544/515 1545/1545/515
f 1546/1546/516 1547/1547/516 1548/1548/516
f 1549/1549/517 1550/1550/517 1551/1551/517
f 1552/1552/518 1553/1553/518 1554/1554/518
f 1555/1555/519 1556/1556/519 1557/1557/519
f 1558/1558/520 1559/1559/520 1560/1560/520
f 1561/1561/521 1562/1562/521 1563/1563/521
f 1564/1564/522 1565/1565/522 1566/1566/522
f 1567/1567/523 1568/1568/523 1569/1569/523
f 1570/1570/524 1571/1571/524 1572/1572/524
f 1573/1573/525 1574/1574/525 1575/1575/525
f 1576/1576/526 1577/1577/526 1578/1578/526
f 1579/1579/527 1580/1580/527 1581/1581/527
f 1582/1582/528 1583/1583/528 1584/1584/528
f 1585/1585/529 1586/1586/529 1587/1587/529
f 1588/1588/530 1589/1589/530 1590/1590/530
f 1591/1591/531 1592/1592/531 1593/1593/531
f 1594/1594/532 1595/1595/532 1596/1596/532
f 1597/1597/533 1598/1598/533 1599/1599/533
f 1600/1600/534 1601/1601/534 1602/1602/534
f 1603/1603/535 1604/1604/535 1605/1605/535
f 1606/1606/536 1607/1607/536 1608/1608/536
f 1609/1609/537 1610/1610/537 1611/1611/537
f 1612/1612/538 1613/1613/538 1614/1614/538
f 1615/1615/539 1616/1616/539 1617/1617/539
f 1618/1618/540 1619/1619/540 1620/1620/540
f 1621/1621/541 1622/1622/541 1623/1623/541
f 1624/1624/542 1625/1625/542 1626/1626/542
f 1627/1627/543 1628/1628/543 1629/1629/543
f 1630/1630/544 1631/1631/544 1632/1632/544
f 1633/1633/545 1634/1634/545 1635/1635/545
f 1636/1636/546 1637/1637/546 1638/1638/546
f 1639/1639/547 1640/1640/547 1641/1641/547
f 1642/1642/548 1643/1643/548 1644/1644/548
f 1645/1645/549 1646/1646/549 1647/1647/549
f 1648/1648/550 1649/1649/550 1650/1650/550
f 1651/1651/551 1652/1652/551 1653/1653/551
f 1654/1654/552 1655/1655/552 1656/1656/552
f 1657/1657/553 1658/1658/553 1659/1659/553
f 1660/1660/554 1661/1661/554 1662/1662/554
f 1663/1663/555 1664/1664/555 1665/1665/555
f 1666/1666/556 1667/1667/556 1668/1668/556
f 1669/1669/557 1670/1670/557 1671/1671/557
f 1672/1672/558 1673/1673/558 1674/1674/558
f 1675/1675/559 1676/1676/559 1677/1677/559
f 1678/1678/560 1679/1679/560 1680/1680/560
f 1681/1681/561 1682/1682/561 1683/1683/561
f 1684/1684/562 1685/1685/562 1686/1686/562
f 1687/1687/563 1688/1688/563 1689/1689/563
f 1690/1690/564 1691/1691/564 1692/1692/564
f 1693/1693/565 1694/1694/565 1695/1695/565
f 1696/1696/566 1697/1697/566 1698/1698/566
f 1699/1699/567 1700/1700/567 1701/1701/567
f 1702/1702/568 1703/1703/568 1704/1704/568
f 1705/1705/569 1706/1706/569 1707/1707/569
f 1708/1708/570 1709/1709/570 1710/1710/570
f 1711/1711/571 1712/1712/571 1713/1713/571
f 1714/1714/572 1715/1715/572 1716/1716/572
f 1717/1717/573 1718/1718/573 1719/1719/573
f 1720/1720/574 1721/1721/574 1722/1722/574
f 1723/1723/575 1724/1724/575 1725/1725/575
f 1726/1726/576 1727/1727/576 1728/1728/576
f 1729/1729/577 1730/1730/577 1731/1731/577
f 1732/1732/578 1733/1733/578 1734/1734/578
f 1735/1735/579 1736/1736/579 1737/1737/579
f 1738/1738/580 1739/1739/580 1740/1740/580
f 1741/1741/581 1742/1742/581 1743/1743/581
f 1744/1744/582 1745/1745/582 1746/1746/582
f 1747/1747/583 1748/1748/583 1749/1749/583
f 1750/1750/584 1751/1751/584 1752/1752/584
f 1753/1753/585 1754/1754/585 1755/1755/585
f 1756/1756/586 1757/1757/586 1758/1758/586
f 1759/1759/587 1760/1760/587 1761/1761/587
f 1762/1762/588 1763/1763/588 1764/1764/588
f 1765/1765/589 1766/1766/589 1767/1767/589
f 1768/1768/590 1769/1769/590 1770/1770/590
f 1771/1771/591 1772/1772/591 1773/1773/591
f 1774/1774/592 1775/1775/592 1776/1776/592
f 1777/1777/593 1778/1778/593 1779/1779/593
f 1780/1780/594 1781/1781/594 1782/1782/594
f 1783/1783/595 1784/1784/595 1785/1785/595
f 1786/1786/596 1787/1787/596 1788/1788/596
f 1789/1789/597 1790/1790/597 1791/1791/597
f 1792/1792/598 1793/1793/598 1794/1794/598
f 1795/1795/599 1796/1796/599 1797/1797/599
f 1798/1798/600 1799/1799/600 1800/1800/600
f 1801/1801/601 1802/1802/601 1803/1803/601
f 1804/1804/602 1805/1805/602 1806/1806/602
f 1807/1807/603 1808/1808/603 1809/1809/603
f 1810/1810/604 1811/1811/604 1812/1812/604
f 1813/1813/605 1814/1814/605 1815/1815/605
f 1816/1816/606 1817/1817/606 1818/1818/606
f 1819/1819/607 1820/1820/607 1821/1821/607
f 1822/1822/608 1823/1823/608 1824/1824/608
f 1825/1825/609 1826/1826/609 1827/1827/609
f 1828/1828/610 1829/1829/610 1830/1830/610
f 1831/1831/611 1832/1832/611 1833/1833/611
f 1834/1834/612 1835/1835/612 1836/1836/612
f 1837/1837/613 1838/1838/613 1839/1839/613
f 1840/1840/614 1841/1841/614 1842/1842/614
f 1843/1843/615 1844/1844/615 1845/1845/615
f 1846/1846/616 1847/1847/616 1848/1848/616
f 1849/1849/617 1850/1850/617 1851/1851/617
f 1852/1852/618 1853/1853/618 1854/1854/618
f 1855/1855/619 1856/1856/619 1857/1857/619
f 1858/1858/620 1859/1859/620 1860/1860/620
f 1861/1861/621 1862/1862/621 1863/1863/621
f 1864/1864/622 1865/1865/622 1866/1866/622
f 1867/1867/623 1868/1868/623 1869/1869/623
f 1870/1870/624 1871/1871/624 1872/1872/624
f 1873/1873/625 1874/1874/625 1875/1875/625
f 1876/1876/626 1877/1877/626 1878/1878/626
f 1879/1879/627 1880/1880/627 1881/1881/627
f 1882/1882/628 1883/1883/628 1884/1884/628
f 1885/1885/629 1886/1886/629 1887/1887/629
f 1888/1888/630 1889/1889/630 1890/1890/630
f 1891/1891/631 1892/1892/631 1893/1893/631
f 1894/1894/632 1895/1895/632 1896/1896/632
f 1897/1897/633 1898/1898/633 1899/1899/633
f 1900/1900/634 1901/1901/634 1902/1902/634
f 1903/1903/635 1904/1904/635 1905/1905/635
f 1906/1906/636 1907/1907/636 1908/1908/636
f 1909/1909/637 1910/1910/637 1911/1911/637
f 1912/1912/638 1913/1913/638 1914/1914/638
f 1915/1915/639 1916/1916/639 1917/1917/639
f 1918/1918/640 1919/1919/640 1920/1920/640
f 1921/1921/641 1922/1922/641 1923/1923/641
f 1924/1924/642 1925/1925/642 1926/1926/642
f 1927/1927/643 1928/1928/643 1929/1929/643
f 1930/1930/644 1931/1931/644 1932/1932/644
f 1933/1933/645 1934/1934/645 1935/1935/645
f 1936/1936/646 1937/1937/646 1938/1938/646
f 1939/1939/647 1940/1940/647 1941/1941/647
f 1942/1942/648 1943/1943/648 1944/1944/648
f 1945/1945/649 1946/1946/649 1947/1947/649
f 1948/1948/650 1949/1949/650 1950/1950/650
f 1951/1951/651 1952/1952/651 1953/1953/651
f 1954/1954/652 1955/1955/652 1956/1956/652
f 1957/1957/653 1958/1958/653 1959/1959/653
f 1960/1960/654 1961/1961/654 1962/1962/654
f 1963/1963/655 1964/1964/655 1965/1965/655
f 1966/1966/656 1967/1967/656 1968/1968/656
f 1969/1969/657 1970/1970/657 1971/1971/657
f 1972/1972/658 1973/1973/658 1974/1974/658
f 1975/1975/659 1976/1976/659 1977/1977/659
f 1978/1978/660 1979/1979/660 1980/1980/660
f 1981/1981/661 1982/1982/661 1983/1983/661
f 1984/1984/662 1985/1985/662 1986/1986/662
f 1987/1987/663 1988/1988/663 1989/1989/663
f 1990/1990/664 1991/1991/664 1992/1992/664
f 1993/1993/665 1994/1994/665 1995/1995/665
f 1996/1996/666 1997/1997/666 1998/1998/666
f 1999/1999/667 2000/2000/667 2001/2001/667
f 2002/2002/668 2003/2003/668 2004/2004/668
f 2005/2005/669 2006/2006/669 2007/2007/669
f 2008/2008/670 2009/2009/670 2010/2010/670
f 2011/2011/671 2012/2012/671 2013/2013/671
f 2014/2014/672 2015/2015/672 2016/2016/672
f 2017/2017/673 2018/2018/673 2019/2019/673
f 2020/2020/674 2021/2021/674 2022/2022/674
f 2023/2023/675 2024/2024/675 2025/2025/675
f 2026/2026/676 2027/2027/676 2028/2028/676
f 2029/2029/677 2030/2030/677 2031/2031/677
f 2032/2032/678 2033/2033/678 2034/2034/678
f 2035/2035/679 2036/2036/679 2037/2037/679
f 2038/2038/680 2039/2039/680 2040/2040/680
f 2041/2041/681 2042/2042/681 2043/2043/681
f 2044/2044/682 2045/2045/682 2046/2046/682
f 2047/2047/683 2048/2048/683 2049/2049/683
f 2050/2050/684 2051/2051/684 2052/2052/684
f 2053/2053/685 2054/2054/685 2055/2055/685
f 2056/2056/686 2057/2057/686 2058/2058/686
f 2059/2059/687 2060/2060/687 2061/2061/687
f 2062/2062/688 2063/2063/688 2064/2064/688
f 2065/2065/689 2066/2066/689 2067/2067/689
f 2068/2068/690 2069/2069/690 2070/2070/690
f 2071/2071/691 2072/2072/691 2073/2073/691
f 2074/2074/692 2075/2075/692 2076/2076/692
f 2077/2077/693 2078/2078/693 2079/2079/693
f 2080/2080/694 2081/2081/694 2082/2082/694
f 2083/2083/695 2084/2084/695 2085/2085/695
f 2086/2086/696 2087/2087/696 2088/2088/696
f 2089/2089/697 2090/2090/697 2091/2091/697
f 2092/2092/698 2093/2093/698 2094/2094/698
f 2095/2095/699 2096/2096/699 2097/2097/699
f 2098/2098/700 2099/2099/700 2100/2100/700
f 2101/2101/701 2102/2102/701 2103/2103/701
f 2104/2104/702 2105/2105/702 2106/2106/702
f 2107/2107/703 2108/2108/703 2109/2109/703
f 2110/2110/704 2111/2111/704 2112/2112/704
f 2113/2113/705 2114/2114/705 2115/2115/705
f 2116/2116/706 2117/2117/706 2118/2118/706
f 2119/2119/707 2120/2120/707 2121/2121/707
f 2122/2122/708 2123/2123/708 2124/2124/708
f 2125/2125/709 2126/2126/709 2127/2127/709
f 2128/2128/710 2129/2129/710 2130/2130/710
f 2131/2131/711 2132/2132/711 2133/2133/711
f 2134/2134/712 2135/2135/712 2136/2136/712
f 2137/2137/713 2138/2138/713 2139/2139/713
f 2140/2140/714 2141/2141/714 2142/2142/714
f 2143/2143/715 2144/2144/715 2145/2145/715
f 2146/2146/716 2147/2147/716 2148/2148/716
f 2149/2149/717 2150/2150/717 2151/2151/717
f 2152/2152/718 2153/2153/718 2154/2154/718
f 2155/2155/719 2156/2156/719 2157/2157/719
f 2158/2158/720 2159/2159/720 2160/2160/720
f 2161/2161/721 2162/2162/721 2163/2163/721
f 2164/2164/722 2165/2165/722 2166/2166/722
f 2167/2167/723 2168/2168/723 2169/2169/723
f 2170/2170/724 2171/2171/724 2172/2172/724
f 2173/2173/725 2174/2174/725 2175/2175/725
f 2176/2176/726 2177/2177/726 2178/2178/726
f 2179/2179/727 2180/2180/727 2181/2181/727
f 2182/2182/728 2183/2183/728 2184/2184/728
f 2185/2185/729 2186/2186/729 2187/2187/729
f 2188/2188/730 2189/2189/730 2190/2190/730
f 2191/2191/731 2192/2192/731 2193/2193/731
f 2194/2194/732 2195/2195/732 2196/2196/732
f 2197/2197/733 2198/2198/733 2199/2199/733
f 2200/2200/734 2201/2201/734 2202/2202/734
f 2203/2203/735 2204/2204/735 2205/2205/735
f 2206/2206/736 2207/2207/736 2208/2208/736
f 2209/2209/737 2210/2210/737 2211/2211/737
f 2212/2212/738 2213/2213/738 2214/2214/738
f 2215/2215/739 2216/2216/739 2217/2217/739
f 2218/2218/740 2219/2219/740 2220/2220/740
f 2221/2221/741 2222/2222/741 2223/2223/741
f 2224/2224/742 2225/2225/742 2226/2226/742
f 2227/2227/743 2228/2228/743 2229/2229/743
f 2230/2230/744 2231/2231/744 2232/2232/744
f 2233/2233/745 2234/2234/745 2235/2235/745
f 2236/2236/746 2237/2237/746 2238/2238/746
f 2239/2239/747 2240/2240/747 2241/2241/747
f 2242/2242/748 2243/2243/748 2244/2244/748
f 2245/2245/749 2246/2246/749 2247/2247/749
f 2248/2248/750 2249/2249/750 2250/2250/750
f 2251/2251/751 2252/2252/751 2253/2253/751
f 2254/2254/752 2255/2255/752 2256/2256/752
f 2257/2257/753 2258/2258/753 2259/2259/753
f 2260/2260/754 2261/2261/754 2262/2262/754
f 2263/2263/755 2264/2264/755 2265/2265/755
f 2266/2266/756 2267/2267/756 2268/2268/756
f 2269/2269/757 2270/2270/757 2271/2271/757
f 2272/2272/758 2273/2273/758 2274/2274/758
f 2275/2275/759 2276/2276/759 2277/2277/759
f 2278/2278/760 2279/2279/760 2280/2280/760
f 2281/2281/761 2282/2282/761 2283/2283/761
f 2284/2284/762 2285/2285/762 2286/2286/762
f 2287/2287/763 2288/2288/763 2289/2289/763
f 2290/2290/764 2291/2291/764 2292/2292/764
f 2293/2293/765 2294/2294/765 2295/2295/765
f 2296/2296/766 2297/2297/766 2298/2298/766
f 2299/2299/767 2300/2300/767 2301/2301/767
f 2302/2302/768 2303/2303/768 2304/2304/768
f 2305/2305/769 2306/2306/769 2307/2307/769
f 2308/2308/770 2309/2309/770 2310/2310/770
f 2311/2311/771 2312/2312/771 2313/2313/771
f 2314/2314/772 2315/2315/772 2316/2316/772
f 2317/2317/773 2318/2318/773 2319/2319/773
f 2320/2320/774 2321/2321/774 2322/2322/774
f 2323/2323/775 2324/2324/775 2325/2325/775
f 2326/2326/776 2327/2327/776 2328/2328/776
f 2329/2329/777 2330/2330/777 2331/2331/777
f 2332/2332/778 2333/2333/778 2334/2334/778
f 2335/2335/779 2336/2336/779 2337/2337/779
f 2338/2338/780 2339/2339/780 2340/2340/780
f 2341/2341/781 2342/2342/781 2343/2343/781
f 2344/2344/782 2345/2345/782 2346/2346/782
f 2347/2347/783 2348/2348/783 2349/2349/783
f 2350/2350/784 2351/2351/784 2352/2352/784
f 2353/2353/785 2354/2354/785 2355/2355/785
f 2356/2356/786 2357/2357/786 2358/2358/786
f 2359/2359/787 2360/2360/787 2361/2361/787
f 2362/2362/788 2363/2363/788 2364/2364/788
f 2365/2365/789 2366/2366/789 2367/2367/789
f 2368/2368/790 2369/2369/790 2370/2370/790
f 2371/2371/791 2372/2372/791 2373/2373/791
f 2374/2374/792 2375/2375/792 2376/2376/792
f 2377/2377/793 2378/2378/793 2379/2379/793
f 2380/2380/794 2381/2381/794 2382/2382/794
f 2383/2383/795 2384/2384/795 2385/2385/795
f 2386/2386/796 2387/2387/796 2388/2388/796
f 2389/2389/797 2390/2390/797 2391/2391/797
f 2392/2392/798 2393/2393/798 2394/2394/798
f 2395/2395/799 2396/2396/799 2397/2397/799
f 2398/2398/800 2399/2399/800 2400/2400/800
f 2401/2401/801 2402/2402/801 2403/2403/801
f 2404/2404/802 2405/2405/802 2406/2406/802
f 2407/2407/803 2408/2408/803 2409/2409/803
f 2410/2410/804 2411/2411/804 2412/2412/804
f 2413/2413/805 2414/2414/805 2415/2415/805
f 2416/2416/806 2417/2417/806 2418/2418/806
f 2419/2419/807 2420/2420/807 2421/2421/807
f 2422/2422/808 2423/2423/808 2424/2424/808
f 2425/2425/809 2426/2426/809 2427/2427/809
f 2428/2428/810 2429/2429/810 2430/2430/810
f 2431/2431/811 2432/2432/811 2433/2433/811
f 2434/2434/812 2435/2435/812 2436/2436/812
f 2437/2437/813 2438/2438/813 2439/2439/813
f 2440/2440/814 2441/2441/814 2442/2442/814
f 2443/2443/815 2444/2444/815 2445/2445/815
f 2446/2446/816 2447/2447/816 2448/2448/816
f 2449/2449/817 2450/2450/817 2451/2451/817
f 2452/2452/818 2453/2453/818 2454/2454/818
f 2455/2455/819 2456/2456/819 2457/2457/819
f 2458/2458/820 2459/2459/820 2460/2460/820
f 2461/2461/821 2462/2462/821 2463/2463/821
f 2464/2464/822 2465/2465/822 2466/2466/822
f 2467/2467/823 2468/2468/823 2469/2469/823
f 2470/2470/824 2471/2471/824 2472/2472/824
f 2473/2473/825 2474/2474/825 2475/2475/825
f 2476/2476/826 2477/2477/826 2478/2478/826
f 2479/2479/827 2480/2480/827 2481/2481/827
f 2482/2482/828 2483/2483/828 2484/2484/828
f 2485/2485/829 2486/2486/829 2487/2487/829
f 2488/2488/830 2489/2489/830 2490/2490/830
f 2491/2491/831 2492/2492/831 2493/2493/831
f 2494/2494/832 2495/2495/832 2496/2496/832
f 2497/2497/833 2498/2498/833 2499/2499/833
f 2500/2500/834 2501/2501/834 2502/2502/834
f 2503/2503/835 2504/2504/835 2505/2505/835
f 2506/2506/836 2507/2507/836 2508/2508/836
f 2509/2509/837 2510/2510/837 2511/2511/837
f 2512/2512/838 2513/2513/838 2514/2514/838
f 2515/2515/839 2516/2516/839 2517/2517/839
f 2518/2518/840 2519/2519/840 2520/2520/840
f 2521/2521/841 2522/2522/841 2523/2523/841
f 2524/2524/842 2525/2525/842 2526/2526/842
f 2527/2527/843 2528/2528/843 2529/2529/843
f 2530/2530/844 2531/2531/844 2532/2532/844
f 2533/2533/845 2534/2534/845 2535/2535/845
f 2536/2536/846 2537/2537/846 2538/2538/846
f 2539/2539/847 2540/2540/847 2541/2541/847
f 2542/2542/848 2543/2543/848 2544/2544/848
f 2545/2545/849 2546/2546/849 2547/2547/849
f 2548/2548/850 2549/2549/850 2550/2550/850
f 2551/2551/851 2552/2552/851 2553/2553/851
f 2554/2554/852 2555/2555/852 2556/2556/852
f 2557/2557/853 2558/2558/853 2559/2559/853
f 2560/2560/854 2561/2561/854 2562/2562/854
f 2563/2563/855 2564/2564/855 2565/2565/855
f 2566/2566/856 2567/2567/856 2568/2568/856
f 2569/2569/857 2570/2570/857 2571/2571/857
f 2572/2572/858 2573/2573/858 2574/2574/858
f 2575/2575/859 2576/2576/859 2577/2577/859
f 2578/2578/860 2579/2579/860 2580/2580/860
f 2581/2581/861 2582/2582/861 2583/2583/861
f 2584/2584/862 2585/2585/862 2586/2586/862
f 2587/2587/863 2588/2588/863 2589/2589/863
f 2590/2590/864 2591/2591/864 2592/2592/864
f 2593/2593/865 2594/2594/865 2595/2595/865
f 2596/2596/866 2597/2597/866 2598/2598/866
f 2599/2599/867 2600/2600/867 2601/2601/867
f 2602/2602/868 2603/2603/868 2604/2604/868
f 2605/2605/869 2606/2606/869 2607/2607/869
f 2608/2608/870 2609/2609/870 2610/2610/870
f 2611/2611/871 2612/2612/871 2613/2613/871
f 2614/2614/872 2615/2615/872 2616/2616/872
f 2617/2617/873 2618/2618/873 2619/2619/873
f 2620/2620/874 2621/2621/874 2622/2622/874
f 2623/2623/875 2624/2624/875 2625/2625/875
f 2626/2626/876 2627/2627/876 2628/2628/876
f 2629/2629/877 2630/2630/877 2631/2631/877
f 2632/2632/878 2633/2633/878 2634/2634/878
f 2635/2635/879 2636/2636/879 2637/2637/879
f 2638/2638/880 2639/2639/880 2640/2640/880
f 2641/2641/881 2642/2642/881 2643/2643/881
f 2644/2644/882 2645/2645/882 2646/2646/882
f 2647/2647/883 2648/2648/883 2649/2649/883
f 2650/2650/884 2651/2651/884 2652/2652/884
f 2653/2653/885 2654/2654/885 2655/2655/885
f 2656/2656/886 2657/2657/886 2658/2658/886
f 2659/2659/887 2660/2660/887 2661/2661/887
f 2662/2662/888 2663/2663/888 2664/2664/888
f 2665/2665/889 2666/2666/889 2667/2667/889
f 2668/2668/890 2669/2669/890 2670/2670/890
f 2671/2671/891 2672/2672/891 2673/2673/891
f 2674/2674/892 2675/2675/892 2676/2676/892
f 2677/2677/893 2678/2678/893 2679/2679/893
f 2680/2680/894 2681/2681/894 2682/2682/894
f 2683/2683/895 2684/2684/895 2685/2685/895
f 2686/2686/896 2687/2687/896 2688/2688/896
f 2689/2689/897 2690/2690/897 2691/2691/897
f 2692/2692/898 2693/2693/898 2694/2694/898
f 2695/2695/899 2696/2696/899 2697/2697/899
f 2698/2698/900 2699/2699/900 2700/2700/900
f 2701/2701/901 2702/2702/901 2703/2703/901
f 2704/2704/902 2705/2705/902 2706/2706/902
f 2707/2707/903 2708/2708/903 2709/2709/903
f 2710/2710/904 2711/2711/904 2712/2712/904
f 2713/2713/905 2714/2714/905 2715/2715/905
f 2716/2716/906 2717/2717/906 2718/2718/906
f 2719/2719/907 2720/2720/907 2721/2721/907
f 2722/2722/908 2723/2723/908 2724/2724/908
f 2725/2725/909 2726/2726/909 2727/2727/909
f 2728/2728/910 2729/2729/910 2730/2730/910
f 2731/2731/911 2732/2732/911 2733/2733/911
f 2734/2734/912 2735/2735/912 2736/2736/912
f 2737/2737/913 2738/2738/913 2739/2739/913
f 2740/2740/914 2741/2741/914 2742/2742/914
f 2743/2743/915 2744/2744/915 2745/2745/915
f 2746/2746/916 2747/2747/916 2748/2748/916
f 2749/2749/917 2750/2750/917 2751/2751/917
f 2752/2752/918 2753/2753/918 2754/2754/918
f 2755/2755/919 2756/2756/919 2757/2757/919
f 2758/2758/920 2759/2759/920 2760/2760/920
f 2761/2761/921 2762/2762/921 2763/2763/921
f 2764/2764/922 2765/2765/922 2766/2766/922
f 2767/2767/923 2768/2768/923 2769/2769/923
f 2770/2770/924 2771/2771/924 2772/2772/924
f 2773/2773/925 2774/2774/925 2775/2775/925
f 2776/2776/926 2777/2777/926 2778/2778/926
f 2779/2779/927 2780/2780/927 2781/2781/927
f 2782/2782/928 2783/2783/928 2784/2784/928
f 2785/2785/929 2786/2786/929 2787/2787/929
f 2788/2788/930 2789/2789/930 2790/2790/930
f 2791/2791/931 2792/2792/931 2793/2793/931
f 2794/2794/932 2795/2795/932 2796/2796/932
f 2797/2797/933 2798/2798/933 2799/2799/933
f 2800/2800/934 2801/2801/934 2802/2802/934
f 2803/2803/935 2804/2804/935 2805/2805/935
f 2806/2806/936 2807/2807/936 2808/2808/936
f 2809/2809/937 2810/2810/937 2811/2811/937
f 2812/2812/938 2813/2813/938 2814/2814/938
f 2815/2815/939 2816/2816/939 2817/2817/939
f 2818/2818/940 2819/2819/940 2820/2820/940
f 2821/2821/941 2822/2822/941 2823/2823/941
f 2824/2824/942 2825/2825/942 2826/2826/942
f 2827/2827/943 2828/2828/943 2829/2829/943
f 2830/2830/944 2831/2831/944 2832/2832/944
f 2833/2833/945 2834/2834/945 2835/2835/945
f 2836/2836/946 2837/2837/946 2838/2838/946
f 2839/2839/947 2840/2840/947 2841/2841/947
f 2842/2842/948 2843/2843/948 2844/2844/948
f 2845/2845/949 2846/2846/949 2847/2847/949
f 2848/2848/950 2849/2849/950 2850/2850/950
f 2851/2851/951 2852/2852/951 2853/2853/951
f 2854/2854/952 2855/2855/952 2856/2856/952
f 2857/2857/953 2858/2858/953 2859/2859/953
f 2860/2860/954 2861/2861/954 2862/2862/954
f 2863/2863/955 2864/2864/955 2865/2865/955
f 2866/2866/956 2867/2867/956 2868/2868/956
f 2869/2869/957 2870/2870/957 2871/2871/957
f 2872/2872/958 2873/2873/958 2874/2874/958
f 2875/2875/959 2876/2876/959 2877/2877/959
f 2878/2878/960 2879/2879/960 2880/2880/960
f 2881/2881/961 2882/2882/961 2883/2883/961
f 2884/2884/962 2885/2885/962 2886/2886/962
f 2887/2887/963 2888/2888/963 2889/2889/963
f 2890/2890/964 2891/2891/964 2892/2892/964
f 2893/2893/965 2894/2894/965 2895/2895/965
f 2896/2896/966 2897/2897/966 2898/2898/966
f 2899/2899/967 2900/2900/967 2901/2901/967
f 2902/2902/968 2903/2903/968 2904/2904/968
f 2905/2905/969 2906/2906/969 2907/2907/969
f 2908/2908/970 2909/2909/970 2910/2910/970
f 2911/2911/971 2912/2912/971 2913/2913/971
f 2914/2914/972 2915/2915/972 2916/2916/972
f 2917/2917/973 2918/2918/973 2919/2919/973
f 2920/2920/974 2921/2921/974 2922/2922/974
f 2923/2923/975 2924/2924/975 2925/2925/975
f 2926/2926/976 2927/2927/976 2928/2928/976
f 2929/2929/977 2930/2930/977 2931/2931/977
f 2932/2932/978 2933/2933/978 2934/2934/978
f 2935/2935/979 2936/2936/979 2937/2937/979
f 2938/2938/980 2939/2939/980 2940/2940/980
f 2941/2941/981 2942/2942/981 2943/2943/981
f 2944/2944/982 2945/2945/982 2946/2946/982
f 2947/2947/983 2948/2948/983 2949/2949/983
f 2950/2950/984 2951/2951/984 2952/2952/984
f 2953/2953/985 2954/2954/985 2955/2955/985
f 2956/2956/986 2957/2957/986 2958/2958/986
f 2959/2959/987 2960/2960/987 2961/2961/987
f 2962/2962/988 2963/2963/988 2964/2964/988
f 2965/2965/989 2966/2966/989 2967/2967/989
f 2968/2968/990 2969/2969/990 2970/2970/990
f 2971/2971/991 2972/2972/991 2973/2973/991
f 2974/2974/992 2975/2975/992 2976/2976/992
f 2977/2977/993 2978/2978/993 2979/2979/993
f 2980/2980/994 2981/2981/994 2982/2982/994
f 2983/2983/995 2984/2984/995 2985/2985/995
f 2986/2986/996 2987/2987/996 2988/2988/996
f 2989/2989/997 2990/2990/997 2991/2991/997
f 2992/2992/998 2993/2993/998 2994/2994/998
f 2995/2995/999 2996/2996/999 2997/2997/999
f 2998/2998/1000 2999/2999/1000 3000/3000/1000
f 3001/3001/1001 3002/3002/1001 3003/3003/1001
f 3004/3004/1002 3005/3005/1002 3006/3006/1002
f 3007/3007/1003 3008/3008/1003 3009/3009/1003
f 3010/3010/1004 3011/3011/1004 3012/3012/1004
f 3013/3013/1005 3014/3014/1005 3015/3015/1005
f 3016/3016/1006 3017/3017/1006 3018/3018/1006
f 3019/3019/1007 3020/3020/1007 3021/3021/1007
f 3022/3022/1008 3023/3023/1008 3024/3024/1008
f 3025/3025/1009 3026/3026/1009 3027/3027/1009
f 3028/3028/1010 3029/3029/1010 3030/3030/1010
f 3031/3031/1011 3032/3032/1011 3033/3033/1011
f 3034/3034/1012 3035/3035/1012 3036/3036/1012
f 3037/3037/1013 3038/3038/1013 3039/3039/1013
f 3040/3040/1014 3041/3041/1014 3042/3042/1014
f 3043/3043/1015 3044/3044/1015 3045/3045/1015
f 3046/3046/1016 3047/3047/1016 3048/3048/1016
f 3049/3049/1017 3050/3050/1017 3051/3051/1017
f 3052/3052/1018 3053/3053/1018 3054/3054/1018
f 3055/3055/1019 3056/3056/1019 3057/3057/1019
f 3058/3058/1020 3059/3059/1020 3060/3060/1020
f 3061/3061/1021 3062/3062/1021 3063/3063/1021
f 3064/3064/1022 3065/3065/1022 3066/3066/1022
f 3067/3067/1023 3068/3068/1023 3069/3069/1023
f 3070/3070/1024 3071/3071/1024 3072/3072/1024
f 3073/3073/1025 3074/3074/1025 3075/3075/1025
f 3076/3076/1026 3077/3077/1026 3078/3078/1026
f 3079/3079/1027 3080/3080/1027 3081/3081/1027
f 3082/3082/1028 3083/3083/1028 3084/3084/1028
f 3085/3085/1029 3086/3086/1029 3087/3087/1029
f 3088/3088/1030 3089/3089/1030 3090/3090/1030
f 3091/3091/1031 3092/3092/1031 3093/3093/1031
f 3094/3094/1032 3095/3095/1032 3096/3096/1032
f 3097/3097/1033 3098/3098/1033 3099/3099/1033
f 3100/3100/1034 3101/3101/1034 3102/3102/1034
f 3103/3103/1035 3104/3104/1035 3105/3105/1035
f 3106/3106/1036 3107/3107/1036 3108/3108/1036
f 3109/3109/1037 3110/3110/1037 3111/3111/1037
f 3112/3112/1038 3113/3113/1038 3114/3114/1038
f 3115/3115/1039 3116/3116/1039 3117/3117/1039
f 3118/3118/1040 3119/3119/1040 3120/3120/1040
f 3121/3121/1041 3122/3122/1041 3123/3123/1041
f 3124/3124/1042 3125/3125/1042 3126/3126/1042
f 3127/3127/1043 3128/3128/1043 3129/3129/1043
f 3130/3130/1044 3131/3131/1044 3132/3132/1044
f 3133/3133/1045 3134/3134/1045 3135/3135/1045
f 3136/3136/1046 3137/3137/1046 3138/3138/1046
f 3139/3139/1047 3140/3140/1047 3141/3141/1047
f 3142/3142/1048 3143/3143/1048 3144/3144/1048
f 3145/3145/1049 3146/3146/1049 3147/3147/1049
f 3148/3148/1050 3149/3149/1050 3150/3150/1050
f 3151/3151/1051 3152/3152/1051 3153/3153/1051
f 3154/3154/1052 3155/3155/1052 3156/3156/1052
f 3157/3157/1053 3158/3158/1053 3159/3159/1053
f 3160/3160/1054 3161/3161/1054 3162/3162/1054
f 3163/3163/1055 3164/3164/1055 3165/3165/1055
f 3166/3166/1056 3167/3167/1056 3168/3168/1056
f 3169/3169/1057 3170/3170/1057 3171/3171/1057
f 3172/3172/1058 3173/3173/1058 3174/3174/1058
f 3175/3175/1059 3176/3176/1059 3177/3177/1059
f 3178/3178/1060 3179/3179/1060 3180/3180/1060
f 3181/3181/1061 3182/3182/1061 3183/3183/1061
f 3184/3184/1062 3185/3185/1062 3186/3186/1062
f 3187/3187/1063 3188/3188/1063 3189/3189/1063
f 3190/3190/1064 3191/3191/1064 3192/3192/1064
f 3193/3193/1065 3194/3194/1065 3195/3195/1065
f 3196/3196/1066 3197/3197/1066 3198/3198/1066
f 3199/3199/1067 3200/3200/1067 3201/3201/1067
f 3202/3202/1068 3203/3203/1068 3204/3204/1068
f 3205/3205/1069 3206/3206/1069 3207/3207/1069
f 3208/3208/1070 3209/3209/1070 3210/3210/1070
f 3211/3211/1071 3212/3212/1071 3213/3213/1071
f 3214/3214/1072 3215/3215/1072 3216/3216/1072
f 3217/3217/1073 3218/3218/1073 3219/3219/1073
f 3220/3220/1074 3221/3221/1074 3222/3222/1074
f 3223/3223/1075 3224/3224/1075 3225/3225/1075
f 3226/3226/1076 3227/3227/1076 3228/3228/1076
f 3229/3229/1077 3230/3230/1077 3231/3231/1077
f 3232/3232/1078 3233/3233/1078 3234/3234/1078
f 3235/3235/1079 3236/3236/1079 3237/3237/1079
f 3238/3238/1080 3239/3239/1080 3240/3240/1080
f 3241/3241/1081 3242/3242/1081 3243/3243/1081
f 3244/3244/1082 3245/3245/1082 3246/3246/1082
f 3247/3247/1083 3248/3248/1083 3249/3249/1083
f 3250/3250/1084 3251/3251/1084 3252/3252/1084
f 3253/3253/1085 3254/3254/1085 3255/3255/1085
f 3256/3256/1086 3257/3257/1086 3258/3258/1086
f 3259/3259/1087 3260/3260/1087 3261/3261/1087
f 3262/3262/1088 3263/3263/1088 3264/3264/1088
f 3265/3265/1089 3266/3266/1089 3267/3267/1089
f 3268/3268/1090 3269/3269/1090 3270/3270/1090
f 3271/3271/1091 3272/3272/1091 3273/3273/1091
f 3274/3274/1092 3275/3275/1092 3276/3276/1092
f 3277/3277/1093 3278/3278/1093 3279/3279/1093
f 3280/3280/1094 3281/3281/1094 3282/3282/1094
f 3283/3283/1095 3284/3284/1095 3285/3285/1095
f 3286/3286/1096 3287/3287/1096 3288/3288/1096
f 3289/3289/1097 3290/3290/1097 3291/3291/1097
f 3292/3292/1098 3293/3293/1098 3294/3294/1098
f 3295/3295/1099 3296/3296/1099 3297/3297/1099
f 3298/3298/1100 3299/3299/1100 3300/3300/1100
f 3301/3301/1101 3302/3302/1101 3303/3303/1101
f 3304/3304/1102 3305/3305/1102 3306/3306/1102
f 3307/3307/1103 3308/3308/1103 3309/3309/1103
f 3310/3310/1104 3311/3311/1104 3312/3312/1104
f 3313/3313/1105 3314/3314/1105 3315/3315/1105
f 3316/3316/1106 3317/3317/1106 3318/3318/1106
f 3319/3319/1107 3320/3320/1107 3321/3321/1107
f 3322/3322/1108 3323/3323/1108 3324/3324/1108
f 3325/3325/1109 3326/3326/1109 3327/3327/1109
f 3328/3328/1110 3329/3329/1110 3330/3330/1110
f 3331/3331/1111 3332/3332/1111 3333/3333/1111
f 3334/3334/1112 3335/3335/1112 3336/3336/1112
f 3337/3337/1113 3338/3338/1113 3339/3339/1113
f 3340/3340/1114 3341/3341/1114 3342/3342/1114
f 3343/3343/1115 3344/3344/1115 3345/3345/1115
f 3346/3346/1116 3347/3347/1116 3348/3348/1116
f 3349/3349/1117 3350/3350/1117 3351/3351/1117
f 3352/3352/1118 3353/3353/1118 3354/3354/1118
f 3355/3355/1119 3356/3356/1119 3357/3357/1119
f 3358/3358/1120 3359/3359/1120 3360/3360/1120
f 3361/3361/1121 3362/3362/1121 3363/3363/1121
f 3364/3364/1122 3365/3365/1122 3366/3366/1122
f 3367/3367/1123 3368/3368/1123 3369/3369/1123
f 3370/3370/1124 3371/3371/1124 3372/3372/1124
f 3373/3373/1125 3374/3374/1125 3375/3375/1125
f 3376/3376/1126 3377/3377/1126 3378/3378/1126
f 3379/3379/1127 3380/3380/1127 3381/3381/1127
f 3382/3382/1128 3383/3383/1128 3384/3384/1128
f 3385/3385/1129 3386/3386/1129 3387/3387/1129
f 3388/3388/1130 3389/3389/1130 3390/3390/1130
f 3391/3391/1131 3392/3392/1131 3393/3393/1131
f 3394/3394/1132 3395/3395/1132 3396/3396/1132
f 3397/3397/1133 3398/3398/1133 3399/3399/1133
f 3400/3400/1134 3401/3401/1134 3402/3402/1134
f 3403/3403/1135 3404/3404/1135 3405/3405/1135
f 3406/3406/1136 3407/3407/1136 3408/3408/1136
f 3409/3409/1137 3410/3410/1137 3411/3411/1137
f 3412/3412/1138 3413/3413/1138 3414/3414/1138
f 3415/3415/1139 3416/3416/1139 3417/3417/1139
f 3418/3418/1140 3419/3419/1140 3420/3420/1140
f 3421/3421/1141 3422/3422/1141 3423/3423/1141
f 3424/3424/1142 3425/3425/1142 3426/3426/1142
f 3427/3427/1143 3428/3428/1143 3429/3429/1143
f 3430/3430/1144 3431/3431/1144 3432/3432/1144
f 3433/3433/1145 3434/3434/1145 3435/3435/1145
f 3436/3436/1146 3437/3437/1146 3438/3438/1146
f 3439/3439/1147 3440/3440/1147 3441/3441/1147
f 3442/3442/1148 3443/3443/1148 3444/3444/1148
f 3445/3445/1149 3446/3446/1149 3447/3447/1149
f 3448/3448/1150 3449/3449/1150 3450/3450/1150
f 3451/3451/1151 3452/3452/1151 3453/3453/1151
f 3454/3454/1152 3455/3455/1152 3456/3456/1152
f 3457/3457/1153 3458/3458/1153 3459/3459/1153
f 3460/3460/1154 3461/3461/1154 3462/3462/1154
f 3463/3463/1155 3464/3464/1155 3465/3465/1155
f 3466/3466/1156 3467/3467/1156 3468/3468/1156
f 3469/3469/1157 3470/3470/1157 3471/3471/1157
f 3472/3472/1158 3473/3473/1158 3474/3474/1158
f 3475/3475/1159 3476/3476/1159 3477/3477/1159
f 3478/3478/1160 3479/3479/1160 3480/3480/1160
f 3481/3481/1161 3482/3482/1161 3483/3483/1161
f 3484/3484/1162 3485/3485/1162 3486/3486/1162
f 3487/3487/1163 3488/3488/1163 3489/3489/1163
f 3490/3490/1164 3491/3491/1164 3492/3492/1164
f 3493/3493/1165 3494/3494/1165 3495/3495/1165
f 3496/3496/1166 3497/3497/1166 3498/3498/1166
f 3499/3499/1167 3500/3500/1167 3501/3501/1167
f 3502/3502/1168 3503/3503/1168 3504/3504/1168
f 3505/3505/1169 3506/3506/1169 3507/3507/1169
f 3508/3508/1170 3509/3509/1170 3510/3510/1170
f 3511/3511/1171 3512/3512/1171 3513/3513/1171
f 3514/3514/1172 3515/3515/1172 3516/3516/1172
f 3517/3517/1173 3518/3518/1173 3519/3519/1173
f 3520/3520/1174 3521/3521/1174 3522/3522/1174
f 3523/3523/1175 3524/3524/1175 3525/3525/1175
f 3526/3526/1176 3527/3527/1176 3528/3528/1176
f 3529/3529/1177 3530/3530/1177 3531/3531/1177
f 3532/3532/1178 3533/3533/1178 3534/3534/1178
f 3535/3535/1179 3536/3536/1179 3537/3537/1179
f 3538/3538/1180 3539/3539/1180 3540/3540/1180
f 3541/3541/1181 3542/3542/1181 3543/3543/1181
f 3544/3544/1182 3545/3545/1182 3546/3546/1182
f 3547/3547/1183 3548/3548/1183 3549/3549/1183
f 3550/3550/1184 3551/3551/1184 3552/3552/1184
f 3553/3553/1185 3554/3554/1185 3555/3555/1185
f 3556/3556/1186 3557/3557/1186 3558/3558/1186
f 3559/3559/1187 3560/3560/1187 3561/3561/1187
f 3562/3562/1188 3563/3563/1188 3564/3564/1188
f 3565/3565/1189 3566/3566/1189 3567/3567/1189
f 3568/3568/1190 3569/3569/1190 3570/3570/1190
f 3571/3571/1191 3572/3572/1191 3573/3573/1191
f 3574/3574/1192 3575/3575/1192 3576/3576/1192
f 3577/3577/1193 3578/3578/1193 3579/3579/1193
f 3580/3580/1194 3581/3581/1194 3582/3582/1194
f 3583/3583/1195 3584/3584/1195 3585/3585/1195
f 3586/3586/1196 3587/3587/1196 3588/3588/1196
f 3589/3589/1197 3590/3590/1197 3591/3591/1197
f 3592/3592/1198 3593/3593/1198 3594/3594/1198
f 3595/3595/1199 3596/3596/1199 3597/3597/1199
f 3598/3598/1200 3599/3599/1200 3600/3600/1200
f 3601/3601/1201 3602/3602/1201 3603/3603/1201
f 3604/3604/1202 3605/3605/1202 3606/3606/1202
f 3607/3607/1203 3608/3608/1203 3609/3609/1203
f 3610/3610/1204 3611/3611/1204 3612/3612/1204
f 3613/3613/1205 3614/3614/1205 3615/3615/1205
f 3616/3616/1206 3617/3617/1206 3618/3618/1206
f 3619/3619/1207 3620/3620/1207 3621/3621/1207
f 3622/3622/1208 3623/3623/1208 3624/3624/1208
f 3625/3625/1209 3626/3626/1209 3627/3627/1209
f 3628/3628/1210 3629/3629/1210 3630/3630/1210
f 3631/3631/1211 3632/3632/1211 3633/3633/1211
f 3634/3634/1212 3635/3635/1212 3636/3636/1212
f 3637/3637/1213 3638/3638/1213 3639/3639/1213
f 3640/3640/1214 3641/3641/1214 3642/3642/1214
f 3643/3643/1215 3644/3644/1215 3645/3645/1215
f 3646/3646/1216 3647/3647/1216 3648/3648/1216
f 3649/3649/1217 3650/3650/1217 3651/3651/1217
f 3652/3652/1218 3653/3653/1218 3654/3654/1218
f 3655/3655/1219 3656/3656/1219 3657/3657/1219
f 3658/3658/1220 3659/3659/1220 3660/3660/1220
f 3661/3661/1221 3662/3662/1221 3663/3663/1221
f 3664/3664/1222 3665/3665/1222 3666/3666/1222
f 3667/3667/1223 3668/3668/1223 3669/3669/1223
f 3670/3670/1224 3671/3671/1224 3672/3672/1224
f 3673/3673/1225 3674/3674/1225 3675/3675/1225
f 3676/3676/1226 3677/3677/1226 3678/3678/1226
f 3679/3679/1227 3680/3680/1227 3681/3681/1227
f 3682/3682/1228 3683/3683/1228 3684/3684/1228
f 3685/3685/1229 3686/3686/1229 3687/3687/1229
f 3688/3688/1230 3689/3689/1230 3690/3690/1230
f 3691/3691/1231 3692/3692/1231 3693/3693/1231
f 3694/3694/1232 3695/3695/1232 3696/3696/1232
f 3697/3697/1233 3698/3698/1233 3699/3699/1233
f 3700/3700/1234 3701/3701/1234 3702/3702/1234
f 3703/3703/1235 3704/3704/1235 3705/3705/1235
f 3706/3706/1236 3707/3707/1236 3708/3708/1236
f 3709/3709/1237 3710/3710/1237 3711/3711/1237
f 3712/3712/1238 3713/3713/1238 3714/3714/1238
f 3715/3715/1239 3716/3716/1239 3717/3717/1239
f 3718/3718/1240 3719/3719/1240 3720/3720/1240
f 3721/3721/1241 3722/3722/1241 3723/3723/1241
f 3724/3724/1242 3725/3725/1242 3726/3726/1242
f 3727/3727/1243 3728/3728/1243 3729/3729/1243
f 3730/3730/1244 3731/3731/1244 3732/3732/1244
f 3733/3733/1245 3734/3734/1245 3735/3735/1245
f 3736/3736/1246 3737/3737/1246 3738/3738/1246
f 3739/3739/1247 3740/3740/1247 3741/3741/1247
f 3742/3742/1248 3743/3743/1248 3744/3744/1248
f 3745/3745/1249 3746/3746/1249 3747/3747/1249
f 3748/3748/1250 3749/3749/1250 3750/3750/1250
f 3751/3751/1251 3752/3752/1251 3753/3753/1251
f 3754/3754/1252 3755/3755/1252 3756/3756/1252
f 3757/3757/1253 3758/3758/1253 3759/3759/1253
f 3760/3760/1254 3761/3761/1254 3762/3762/1254
f 3763/3763/1255 3764/3764/1255 3765/3765/1255
f 3766/3766/1256 3767/3767/1256 3768/3768/1256
f 3769/3769/1257 3770/3770/1257 3771/3771/1257
f 3772/3772/1258 3773/3773/1258 3774/3774/1258
f 3775/3775/1259 3776/3776/1259 3777/3777/1259
f 3778/3778/1260 3779/3779/1260 3780/3780/1260
f 3781/3781/1261 3782/3782/1261 3783/3783/1261
f 3784/3784/1262 3785/3785/1262 3786/3786/1262
f 3787/3787/1263 3788/3788/1263 3789/3789/1263
f 3790/3790/1264 3791/3791/1264 3792/3792/1264
f 3793/3793/1265 3794/3794/1265 3795/3795/1265
f 3796/3796/1266 3797/3797/1266 3798/3798/1266
f 3799/3799/1267 3800/3800/1267 3801/3801/1267
f 3802/3802/1268 3803/3803/1268 3804/3804/1268
f 3805/3805/1269 3806/3806/1269 3807/3807/1269
f 3808/3808/1270 3809/3809/1270 3810/3810/1270
f 3811/3811/1271 3812/3812/1271 3813/3813/1271
f 3814/3814/1272 3815/3815/1272 3816/3816/1272
f 3817/3817/1273 3818/3818/1273 3819/3819/1273
f 3820/3820/1274 3821/3821/1274 3822/3822/1274
f 3823/3823/1275 3824/3824/1275 3825/3825/1275
f 3826/3826/1276 3827/3827/1276 3828/3828/1276
f 3829/3829/1277 3830/3830/1277 3831/3831/1277
f 3832/3832/1278 3833/3833/1278 3834/3834/1278
f 3835/3835/1279 3836/3836/1279 3837/3837/1279
f 3838/3838/1280 3839/3839/1280 3840/3840/1280
f 3841/3841/1281 3842/3842/1281 3843/3843/1281
f 3844/3844/1282 3845/3845/1282 3846/3846/1282
f 3847/3847/1283 3848/3848/1283 3849/3849/1283
f 3850/3850/1284 3851/3851/1284 3852/3852/1284
f 3853/3853/1285 3854/3854/1285 3855/3855/1285
f 3856/3856/1286 3857/3857/1286 3858/3858/1286
f 3859/3859/1287 3860/3860/1287 3861/3861/1287
f 3862/3862/1288 3863/3863/1288 3864/3864/1288
f 3865/3865/1289 3866/3866/1289 3867/3867/1289
f 3868/3868/1290 3869/3869/1290 3870/3870/1290
f 3871/3871/1291 3872/3872/1291 3873/3873/1291
f 3874/3874/1292 3875/3875/1292 3876/3876/1292
f 3877/3877/1293 3878/3878/1293 3879/3879/1293
f 3880/3880/1294 3881/3881/1294 3882/3882/1294
f 3883/3883/1295 3884/3884/1295 3885/3885/1295
f 3886/3886/1296 3887/3887/1296 3888/3888/1296
f 3889/3889/1297 3890/3890/1297 3891/3891/1297
f 3892/3892/1298 3893/3893/1298 3894/3894/1298
f 3895/3895/1299 3896/3896/1299 3897/3897/1299
f 3898/3898/1300 3899/3899/1300 3900/3900/1300
f 3901/3901/1301 3902/3902/1301 3903/3903/1301
f 3904/3904/1302 3905/3905/1302 3906/3906/1302
f 3907/3907/1303 3908/3908/1303 3909/3909/1303
f 3910/3910/1304 3911/3911/1304 3912/3912/1304
f 3913/3913/1305 3914/3914/1305 3915/3915/1305
f 3916/3916/1306 3917/3917/1306 3918/3918/1306
f 3919/3919/1307 3920/3920/1307 3921/3921/1307
f 3922/3922/1308 3923/3923/1308 3924/3924/1308
f 3925/3925/1309 3926/3926/1309 3927/3927/1309
f 3928/3928/1310 3929/3929/1310 3930/3930/1310
f 3931/3931/1311 3932/3932/1311 3933/3933/1311
f 3934/3934/1312 3935/3935/1312 3936/3936/1312
f 3937/3937/1313 3938/3938/1313 3939/3939/1313
f 3940/3940/1314 3941/3941/1314 3942/3942/1314
f 3943/3943/1315 3944/3944/1315 3945/3945/1315
f 3946/3946/1316 3947/3947/1316 3948/3948/1316
f 3949/3949/1317 3950/3950/1317 3951/3951/1317
f 3952/3952/1318 3953/3953/1318 3954/3954/1318
f 3955/3955/1319 3956/3956/1319 3957/3957/1319
f 3958/3958/1320 3959/3959/1320 3960/3960/1320
f 3961/3961/1321 3962/3962/1321 3963/3963/1321
f 3964/3964/1322 3965/3965/1322 3966/3966/1322
f 3967/3967/1323 3968/3968/1323 3969/3969/1323
f 3970/3970/1324 3971/3971/1324 3972/3972/1324
f 3973/3973/1325 3974/3974/1325 3975/3975/1325
f 3976/3976/1326 3977/3977/1326 3978/3978/1326
f 3979/3979/1327 3980/3980/1327 3981/3981/1327
f 3982/3982/1328 3983/3983/1328 3984/3984/1328
f 3985/3985/1329 3986/3986/1329 3987/3987/1329
f 3988/3988/1330 3989/3989/1330 3990/3990/1330
f 3991/3991/1331 3992/3992/1331 3993/3993/1331
f 3994/3994/1332 3995/3995/1332 3996/3996/1332
f 3997/3997/1333 3998/3998/1333 3999/3999/1333
f 4000/4000/1334 4001/4001/1334 4002/4002/1334
f 4003/4003/1335 4004/4004/1335 4005/4005/1335
f 4006/4006/1336 4007/4007/1336 4008/4008/1336
f 4009/4009/1337 4010/4010/1337 4011/4011/1337
f 4012/4012/1338 4013/4013/1338 4014/4014/1338
f 4015/4015/1339 4016/4016/1339 4017/4017/1339
f 4018/4018/1340 4019/4019/1340 4020/4020/1340
f 4021/4021/1341 4022/4022/1341 4023/4023/1341
f 4024/4024/1342 4025/4025/1342 4026/4026/1342
f 4027/4027/1343 4028/4028/1343 4029/4029/1343
f 4030/4030/1344 4031/4031/1344 4032/4032/1344
f 4033/4033/1345 4034/4034/1345 4035/4035/1345
f 4036/4036/1346 4037/4037/1346 4038/4038/1346
f 4039/4039/1347 4040/4040/1347 4041/4041/1347
f 4042/4042/1348 4043/4043/1348 4044/4044/1348
f 4045/4045/1349 4046/4046/1349 4047/4047/1349
f 4048/4048/1350 4049/4049/1350 4050/4050/1350
f 4051/4051/1351 4052/4052/1351 4053/4053/1351
f 4054/4054/1352 4055/4055/1352 4056/4056/1352
f 4057/4057/1353 4058/4058/1353 4059/4059/1353
f 4060/4060/1354 4061/4061/1354 4062/4062/1354
f 4063/4063/1355 4064/4064/1355 4065/4065/1355
f 4066/4066/1356 4067/4067/1356 4068/4068/1356
f 4069/4069/1357 4070/4070/1357 4071/4071/1357
f 4072/4072/1358 4073/4073/1358 4074/4074/1358
f 4075/4075/1359 4076/4076/1359 4077/4077/1359
f 4078/4078/1360 4079/4079/1360 4080/4080/1360
f 4081/4081/1361 4082/4082/1361 4083/4083/1361
f 4084/4084/1362 4085/4085/1362 4086/4086/1362
f 4087/4087/1363 4088/4088/1363 4089/4089/1363
f 4090/4090/1364 4091/4091/1364 4092/4092/1364
f 4093/4093/1365 4094/4094/1365 4095/4095/1365
f 4096/4096/1366 4097/4097/1366 4098/4098/1366
f 4099/4099/1367 4100/4100/1367 4101/4101/1367
f 4102/4102/1368 4103/4103/1368 4104/4104/1368
f 4105/4105/1369 4106/4106/1369 4107/4107/1369
f 4108/4108/1370 4109/4109/1370 4110/4110/1370
f 4111/4111/1371 4112/4112/1371 4113/4113/1371
f 4114/4114/1372 4115/4115/1372 4116/4116/1372
f 4117/4117/1373 4118/4118/1373 4119/4119/1373
f 4120/4120/1374 4121/4121/1374 4122/4122/1374
f 4123/4123/1375 4124/4124/1375 4125/4125/1375
f 4126/4126/1376 4127/4127/1376 4128/4128/1376
f 4129/4129/1377 4130/4130/1377 4131/4131/1377
f 4132/4132/1378 4133/4133/1378 4134/4134/1378
f 4135/4135/1379 4136/4136/1379 4137/4137/1379
f 4138/4138/1380 4139/4139/1380 4140/4140/1380
f 4141/4141/1381 4142/4142/1381 4143/4143/1381
f 4144/4144/1382 4145/4145/1382 4146/4146/1382
f 4147/4147/1383 4148/4148/1383 4149/4149/1383
f 4150/4150/1384 4151/4151/1384 4152/4152/1384
f 4153/4153/1385 4154/4154/1385 4155/4155/1385
f 4156/4156/1386 4157/4157/1386 4158/4158/1386
f 4159/4159/1387 4160/4160/1387 4161/4161/1387
f 4162/4162/1388 4163/4163/1388 4164/4164/1388
f 4165/4165/1389 4166/4166/1389 4167/4167/1389
f 4168/4168/1390 4169/4169/1390 4170/4170/1390
f 4171/4171/1391 4172/4172/1391 4173/4173/1391
f 4174/4174/1392 4175/4175/1392 4176/4176/1392
f 4177/4177/1393 4178/4178/1393 4179/4179/1393
f 4180/4180/1394 4181/4181/1394 4182/4182/1394
f 4183/4183/1395 4184/4184/1395 4185/4185/1395
f 4186/4186/1396 4187/4187/1396 4188/4188/1396
f 4189/4189/1397 4190/4190/1397 4191/4191/1397
f 4192/4192/1398 4193/4193/1398 4194/4194/1398
f 4195/4195/1399 4196/4196/1399 4197/4197/1399
f 4198/4198/1400 4199/4199/1400 4200/4200/1400
f 4201/4201/1401 4202/4202/1401 4203/4203/1401
f 4204/4204/1402 4205/4205/1402 4206/4206/1402
f 4207/4207/1403 4208/4208/1403 4209/4209/1403
f 4210/4210/1404 4211/4211/1404 4212/4212/1404
f 4213/4213/1405 4214/4214/1405 4215/4215/1405
f 4216/4216/1406 4217/4217/1406 4218/4218/1406
f 4219/4219/1407 4220/4220/1407 4221/4221/1407
f 4222/4222/1408 4223/4223/1408 4224/4224/1408
f 4225/4225/1409 4226/4226/1409 4227/4227/1409
f 4228/4228/1410 4229/4229/1410 4230/4230/1410
f 4231/4231/1411 4232/4232/1411 4233/4233/1411
f 4234/4234/1412 4235/4235/1412 4236/4236/1412
f 4237/4237/1413 4238/4238/1413 4239/4239/1413
f 4240/4240/1414 4241/4241/1414 4242/4242/1414
f 4243/4243/1415 4244/4244/1415 4245/4245/1415
f 4246/4246/1416 4247/4247/1416 4248/4248/1416
f 4249/4249/1417 4250/4250/1417 4251/4251/1417
f 4252/4252/1418 4253/4253/1418 4254/4254/1418
f 4255/4255/1419 4256/4256/1419 4257/4257/1419
f 4258/4258/1420 4259/4259/1420 4260/4260/1420
f 4261/4261/1421 4262/4262/1421 4263/4263/1421
f 4264/4264/1422 4265/4265/1422 4266/4266/1422
f 4267/4267/1423 4268/4268/1423 4269/4269/1423
f 4270/4270/1424 4271/4271/1424 4272/4272/1424
f 4273/4273/1425 4274/4274/1425 4275/4275/1425
f 4276/4276/1426 4277/4277/1426 4278/4278/1426
f 4279/4279/1427 4280/4280/1427 4281/4281/1427
f 4282/4282/1428 4283/4283/1428 4284/4284/1428
f 4285/4285/1429 4286/4286/1429 4287/4287/1429
f 4288/4288/1430 4289/4289/1430 4290/4290/1430
f 4291/4291/1431 4292/4292/1431 4293/4293/1431
f 4294/4294/1432 4295/4295/1432 4296/4296/1432
f 4297/4297/1433 4298/4298/1433 4299/4299/1433
f 4300/4300/1434 4301/4301/1434 4302/4302/1434
f 4303/4303/1435 4304/4304/1435 4305/4305/1435
f 4306/4306/1436 4307/4307/1436 4308/4308/1436
f 4309/4309/1437 4310/4310/1437 4311/4311/1437
f 4312/4312/1438 4313/4313/1438 4314/4314/1438
f 4315/4315/1439 4316/4316/1439 4317/4317/1439
f 4318/4318/1440 4319/4319/1440 4320/4320/1440
f 4321/4321/1441 4322/4322/1441 4323/4323/1441
f 4324/4324/1442 4325/4325/1442 4326/4326/1442
f 4327/4327/1443 4328/4328/1443 4329/4329/1443
f 4330/4330/1444 4331/4331/1444 4332/4332/1444
f 4333/4333/1445 4334/4334/1445 4335/4335/1445
f 4336/4336/1446 4337/4337/1446 4338/4338/1446
f 4339/4339/1447 4340/4340/1447 4341/4341/1447
f 4342/4342/1448 4343/4343/1448 4344/4344/1448
f 4345/4345/1449 4346/4346/1449 4347/4347/1449
f 4348/4348/1450 4349/4349/1450 4350/4350/1450
f 4351/4351/1451 4352/4352/1451 4353/4353/1451
f 4354/4354/1452 4355/4355/1452 4356/4356/1452
f 4357/4357/1453 4358/4358/1453 4359/4359/1453
f 4360/4360/1454 4361/4361/1454 4362/4362/1454
f 4363/4363/1455 4364/4364/1455 4365/4365/1455
f 4366/4366/1456 4367/4367/1456 4368/4368/1456
f 4369/4369/1457 4370/4370/1457 4371/4371/1457
f 4372/4372/1458 4373/4373/1458 4374/4374/1458
f 4375/4375/1459 4376/4376/1459 4377/4377/1459
f 4378/4378/1460 4379/4379/1460 4380/4380/1460
f 4381/4381/1461 4382/4382/1461 4383/4383/1461
f 4384/4384/1462 4385/4385/1462 4386/4386/1462
f 4387/4387/1463 4388/4388/1463 4389/4389/1463
f 4390/4390/1464 4391/4391/1464 4392/4392/1464
f 4393/4393/1465 4394/4394/1465 4395/4395/1465
f 4396/4396/1466 4397/4397/1466 4398/4398/1466
f 4399/4399/1467 4400/4400/1467 4401/4401/1467
f 4402/4402/1468 4403/4403/1468 4404/4404/1468
f 4405/4405/1469 4406/4406/1469 4407/4407/1469
f 4408/4408/1470 4409/4409/1470 4410/4410/1470
f 4411/4411/1471 4412/4412/1471 4413/4413/1471
f 4414/4414/1472 4415/4415/1472 4416/4416/1472
f 4417/4417/1473 4418/4418/1473 4419/4419/1473
f 4420/4420/1474 4421/4421/1474 4422/4422/1474
f 4423/4423/1475 4424/4424/1475 4425/4425/1475
f 4426/4426/1476 4427/4427/1476 4428/4428/1476
f 4429/4429/1477 4430/4430/1477 4431/4431/1477
f 4432/4432/1478 4433/4433/1478 4434/4434/1478
f 4435/4435/1479 4436/4436/1479 4437/4437/1479
f 4438/4438/1480 4439/4439/1480 4440/4440/1480
f 4441/4441/1481 4442/4442/1481 4443/4443/1481
f 4444/4444/1482 4445/4445/1482 4446/4446/1482
f 4447/4447/1483 4448/4448/1483 4449/4449/1483
f 4450/4450/1484 4451/4451/1484 4452/4452/1484
f 4453/4453/1485 4454/4454/1485 4455/4455/1485
f 4456/4456/1486 4457/4457/1486 4458/4458/1486
f 4459/4459/1487 4460/4460/1487 4461/4461/1487
f 4462/4462/1488 4463/4463/1488 4464/4464/1488
f 4465/4465/1489 4466/4466/1489 4467/4467/1489
f 4468/4468/1490 4469/4469/1490 4470/4470/1490
f 4471/4471/1491 4472/4472/1491 4473/4473/1491
f 4474/4474/1492 4475/4475/1492 4476/4476/1492
f 4477/4477/1493 4478/4478/1493 4479/4479/1493
f 4480/4480/1494 4481/4481/1494 4482/4482/1494
f 4483/4483/1495 4484/4484/1495 4485/4485/1495
f 4486/4486/1496 4487/4487/1496 4488/4488/1496
f 4489/4489/1497 4490/4490/1497 4491/4491/1497
f 4492/4492/1498 4493/4493/1498 4494/4494/1498
f 4495/4495/1499 4496/4496/1499 4497/4497/1499
f 4498/4498/1500 4499/4499/1500 4500/4500/1500
f 4501/4501/1501 4502/4502/1501 4503/4503/1501
f 4504/4504/1502 4505/4505/1502 4506/4506/1502
f 4507/4507/1503 4508/4508/1503 4509/4509/1503
f 4510/4510/1504 4511/4511/1504 4512/4512/1504
f 4513/4513/1505 4514/4514/1505 4515/4515/1505
f 4516/4516/1506 4517/4517/1506 4518/4518/1506
f 4519/4519/1507 4520/4520/1507 4521/4521/1507
f 4522/4522/1508 4523/4523/1508 4524/4524/1508
f 4525/4525/1509 4526/4526/1509 4527/4527/1509
f 4528/4528/1510 4529/4529/1510 4530/4530/1510
f 4531/4531/1511 4532/4532/1511 4533/4533/1511
f 4534/4534/1512 4535/4535/1512 4536/4536/1512
f 4537/4537/1513 4538/4538/1513 4539/4539/1513
f 4540/4540/1514 4541/4541/1514 4542/4542/1514
f 4543/4543/1515 4544/4544/1515 4545/4545/1515
f 4546/4546/1516 4547/4547/1516 4548/4548/1516
f 4549/4549/1517 4550/4550/1517 4551/4551/1517
f 4552/4552/1518 4553/4553/1518 4554/4554/1518
f 4555/4555/1519 4556/4556/1519 4557/4557/1519
f 4558/4558/1520 4559/4559/1520 4560/4560/1520
f 4561/4561/1521 4562/4562/1521 4563/4563/1521
f 4564/4564/1522 4565/4565/1522 4566/4566/1522
f 4567/4567/1523 4568/4568/1523 4569/4569/1523
f 4570/4570/1524 4571/4571/1524 4572/4572/1524
f 4573/4573/1525 4574/4574/1525 4575/4575/1525
f 4576/4576/1526 4577/4577/1526 4578/4578/1526
f 4579/4579/1527 4580/4580/1527 4581/4581/1527
f 4582/4582/1528 4583/4583/1528 4584/4584/1528
f 4585/4585/1529 4586/4586/1529 4587/4587/1529
f 4588/4588/1530 4589/4589/1530 4590/4590/1530
f 4591/4591/1531 4592/4592/1531 4593/4593/1531
f 4594/4594/1532 4595/4595/1532 4596/4596/1532
f 4597/4597/1533 4598/4598/1533 4599/4599/1533
f 4600/4600/1534 4601/4601/1534 4602/4602/1534
f 4603/4603/1535 4604/4604/1535 4605/4605/1535
f 4606/4606/1536 4607/4607/1536 4608/4608/1536
f 4609/4609/1537 4610/4610/1537 4611/4611/1537
f 4612/4612/1538 4613/4613/1538 4614/4614/1538
f 4615/4615/1539 4616/4616/1539 4617/4617/1539
f 4618/4618/1540 4619/4619/1540 4620/4620/1540
f 4621/4621/1541 4622/4622/1541 4623/4623/1541
f 4624/4624/1542 4625/4625/1542 4626/4626/1542
f 4627/4627/1543 4628/4628/1543 4629/4629/1543
f 4630/4630/1544 4631/4631/1544 4632/4632/1544
f 4633/4633/1545 4634/4634/1545 4635/4635/1545
f 4636/4636/1546 4637/4637/1546 4638/4638/1546
f 4639/4639/1547 4640/4640/1547 4641/4641/1547
f 4642/4642/1548 4643/4643/1548 4644/4644/1548
f 4645/4645/1549 4646/4646/1549 4647/4647/1549
f 4648/4648/1550 4649/4649/1550 4650/4650/1550
f 4651/4651/1551 4652/4652/1551 4653/4653/1551
f 4654/4654/1552 4655/4655/1552 4656/4656/1552
f 4657/4657/1553 4658/4658/1553 4659/4659/1553
f 4660/4660/1554 4661/4661/1554 4662/4662/1554
f 4663/4663/1555 4664/4664/1555 4665/4665/1555
f 4666/4666/1556 4667/4667/1556 4668/4668/1556
f 4669/4669/1557 4670/4670/1557 4671/4671/1557
f 4672/4672/1558 4673/4673/1558 4674/4674/1558
f 4675/4675/1559 4676/4676/1559 4677/4677/1559
f 4678/4678/1560 4679/4679/1560 4680/4680/1560
f 4681/4681/1561 4682/4682/1561 4683/4683/1561
f 4684/4684/1562 4685/4685/1562 4686/4686/1562
f 4687/4687/1563 4688/4688/1563 4689/4689/1563
f 4690/4690/1564 4691/4691/1564 4692/4692/1564
f 4693/4693/1565 4694/4694/1565 4695/4695/1565
f 4696/4696/1566 4697/4697/1566 4698/4698/1566
f 4699/4699/1567 4700/4700/1567 4701/4701/1567
f 4702/4702/1568 4703/4703/1568 4704/4704/1568
f 4705/4705/1569 4706/4706/1569 4707/4707/1569
f 4708/4708/1570 4709/4709/1570 4710/4710/1570
f 4711/4711/1571 4712/4712/1571 4713/4713/1571
f 4714/4714/1572 4715/4715/1572 4716/4716/1572
f 4717/4717/1573 4718/4718/1573 4719/4719/1573
f 4720/4720/1574 4721/4721/1574 4722/4722/1574
f 4723/4723/1575 4724/4724/1575 4725/4725/1575
f 4726/4726/1576 4727/4727/1576 4728/4728/1576
f 4729/4729/1577 4730/4730/1577 4731/4731/1577
f 4732/4732/1578 4733/4733/1578 4734/4734/1578
f 4735/4735/1579 4736/4736/1579 4737/4737/1579
f 4738/4738/1580 4739/4739/1580 4740/4740/1580
f 4741/4741/1581 4742/4742/1581 4743/4743/1581
f 4744/4744/1582 4745/4745/1582 4746/4746/1582
f 4747/4747/1583 4748/4748/1583 4749/4749/1583
f 4750/4750/1584 4751/4751/1584 4752/4752/1584
f 4753/4753/1585 4754/4754/1585 4755/4755/1585
f 4756/4756/1586 4757/4757/1586 4758/4758/1586
f 4759/4759/1587 4760/4760/1587 4761/4761/1587
f 4762/4762/1588 4763/4763/1588 4764/4764/1588
f 4765/4765/1589 4766/4766/1589 4767/4767/1589
f 4768/4768/1590 4769/4769/1590 4770/4770/1590
f 4771/4771/1591 4772/4772/1591 4773/4773/1591
f 4774/4774/1592 4775/4775/1592 4776/4776/1592
f 4777/4777/1593 4778/4778/1593 4779/4779/1593
f 4780/4780/1594 4781/4781/1594 4782/4782/1594
f 4783/4783/1595 4784/4784/1595 4785/4785/1595
f 4786/4786/1596 4787/4787/1596 4788/4788/1596
f 4789/4789/1597 4790/4790/1597 4791/4791/1597
f 4792/4792/1598 4793/4793/1598 4794/4794/1598
f 4795/4795/1599 4796/4796/1599 4797/4797/1599
f 4798/4798/1600 4799/4799/1600 4800/4800/1600
f 4801/4801/1601 4802/4802/1601 4803/4803/1601
f 4804/4804/1602 4805/4805/1602 4806/4806/1602
f 4807/4807/1603 4808/4808/1603 4809/4809/1603
f 4810/4810/1604 4811/4811/1604 4812/4812/1604
f 4813/4813/1605 4814/4814/1605 4815/4815/1605
f 4816/4816/1606 4817/4817/1606 4818/4818/1606
f 4819/4819/1607 4820/4820/1607 4821/4821/1607
f 4822/4822/1608 4823/4823/1608 4824/4824/1608
f 4825/4825/1609 4826/4826/1609 4827/4827/1609
f 4828/4828/1610 4829/4829/1610 4830/4830/1610
f 4831/4831/1611 4832/4832/1611 4833/4833/1611
f 4834/4834/1612 4835/4835/1612 4836/4836/1612
f 4837/4837/1613 4838/4838/1613 4839/4839/1613
f 4840/4840/1614 4841/4841/1614 4842/4842/1614
f 4843/4843/1615 4844/4844/1615 4845/4845/1615
f 4846/4846/1616 4847/4847/1616 4848/4848/1616
f 4849/4849/1617 4850/4850/1617 4851/4851/1617
f 4852/4852/1618 4853/4853/1618 4854/4854/1618
f 4855/4855/1619 4856/4856/1619 4857/4857/1619
f 4858/4858/1620 4859/4859/1620 4860/4860/1620
f 4861/4861/1621 4862/4862/1621 4863/4863/1621
f 4864/4864/1622 4865/4865/1622 4866/4866/1622
f 4867/4867/1623 4868/4868/1623 4869/4869/1623
f 4870/4870/1624 4871/4871/1624 4872/4872/1624
f 4873/4873/1625 4874/4874/1625 4875/4875/1625
f 4876/4876/1626 4877/4877/1626 4878/4878/1626
f 4879/4879/1627 4880/4880/1627 4881/4881/1627
f 4882/4882/1628 4883/4883/1628 4884/4884/1628
f 4885/4885/1629 4886/4886/1629 4887/4887/1629
f 4888/4888/1630 4889/4889/1630 4890/4890/1630
f 4891/4891/1631 4892/4892/1631 4893/4893/1631
f 4894/4894/1632 4895/4895/1632 4896/4896/1632
f 4897/4897/1633 4898/4898/1633 4899/4899/1633
f 4900/4900/1634 4901/4901/1634 4902/4902/1634
f 4903/4903/1635 4904/4904/1635 4905/4905/1635
f 4906/4906/1636 4907/4907/1636 4908/4908/1636
f 4909/4909/1637 4910/4910/1637 4911/4911/1637
f 4912/4912/1638 4913/4913/1638 4914/4914/1638
f 4915/4915/1639 4916/4916/1639 4917/4917/1639
f 4918/4918/1640 4919/4919/1640 4920/4920/1640
f 4921/4921/1641 4922/4922/1641 4923/4923/1641
f 4924/4924/1642 4925/4925/1642 4926/4926/1642
f 4927/4927/1643 4928/4928/1643 4929/4929/1643
f 4930/4930/1644 4931/4931/1644 4932/4932/1644
f 4933/4933/1645 4934/4934/1645 4935/4935/1645
f 4936/4936/1646 4937/4937/1646 4938/4938/1646
f 4939/4939/1647 4940/4940/1647 4941/4941/1647
f 4942/4942/1648 4943/4943/1648 4944/4944/1648
f 4945/4945/1649 4946/4946/1649 4947/4947/1649
f 4948/4948/1650 4949/4949/1650 4950/4950/1650
f 4951/4951/1651 4952/4952/1651 4953/4953/1651
f 4954/4954/1652 4955/4955/1652 4956/4956/1652
f 4957/4957/1653 4958/4958/1653 4959/4959/1653
f 4960/4960/1654 4961/4961/1654 4962/4962/1654
f 4963/4963/1655 4964/4964/1655 4965/4965/1655
f 4966/4966/1656 4967/4967/1656 4968/4968/1656
f 4969/4969/1657 4970/4970/1657 4971/4971/1657
f 4972/4972/1658 4973/4973/1658 4974/4974/1658
f 4975/4975/1659 4976/4976/1659 4977/4977/1659
f 4978/4978/1660 4979/4979/1660 4980/4980/1660
f 4981/4981/1661 4982/4982/1661 4983/4983/1661
f 4984/4984/1662 4985/4985/1662 4986/4986/1662
f 4987/4987/1663 4988/4988/1663 4989/4989/1663
f 4990/4990/1664 4991/4991/1664 4992/4992/1664
f 4993/4993/1665 4994/4994/1665 4995/4995/1665
f 4996/4996/1666 4997/4997/1666 4998/4998/1666
f 4999/4999/1667 5000/5000/1667 5001/5001/1667
f 5002/5002/1668 5003/5003/1668 5004/5004/1668
f 5005/5005/1669 5006/5006/1669 5007/5007/1669
f 5008/5008/1670 5009/5009/1670 5010/5010/1670
f 5011/5011/1671 5012/5012/1671 5013/5013/1671
f 5014/5014/1672 5015/5015/1672 5016/5016/1672
f 5017/5017/1673 5018/5018/1673 5019/5019/1673
f 5020/5020/1674 5021/5021/1674 5022/5022/1674
f 5023/5023/1675 5024/5024/1675 5025/5025/1675
f 5026/5026/1676 5027/5027/1676 5028/5028/1676
f 5029/5029/1677 5030/5030/1677 5031/5031/1677
f 5032/5032/1678 5033/5033/1678 5034/5034/1678
f 5035/5035/1679 5036/5036/1679 5037/5037/1679
f 5038/5038/1680 5039/5039/1680 5040/5040/1680
f 5041/5041/1681 5042/5042/1681 5043/5043/1681
f 5044/5044/1682 5045/5045/1682 5046/5046/1682
f 5047/5047/1683 5048/5048/1683 5049/5049/1683
f 5050/5050/1684 5051/5051/1684 5052/5052/1684
f 5053/5053/1685 5054/5054/1685 5055/5055/1685
f 5056/5056/1686 5057/5057/1686 5058/5058/1686
f 5059/5059/1687 5060/5060/1687 5061/5061/1687
f 5062/5062/1688 5063/5063/1688 5064/5064/1688
f 5065/5065/1689 5066/5066/1689 5067/5067/1689
f 5068/5068/1690 5069/5069/1690 5070/5070/1690
f 5071/5071/1691 5072/5072/1691 5073/5073/1691
f 5074/5074/1692 5075/5075/1692 5076/5076/1692
f 5077/5077/1693 5078/5078/1693 5079/5079/1693
f 5080/5080/1694 5081/5081/1694 5082/5082/1694
f 5083/5083/1695 5084/5084/1695 5085/5085/1695
f 5086/5086/1696 5087/5087/1696 5088/5088/1696
f 5089/5089/1697 5090/5090/1697 5091/5091/1697
f 5092/5092/1698 5093/5093/1698 5094/5094/1698
f 5095/5095/1699 5096/5096/1699 5097/5097/1699
f 5098/5098/1700 5099/5099/1700 5100/5100/1700
f 5101/5101/1701 5102/5102/1701 5103/5103/1701
f 5104/5104/1702 5105/5105/1702 5106/5106/1702
f 5107/5107/1703 5108/5108/1703 5109/5109/1703
f 5110/5110/1704 5111/5111/1704 5112/5112/1704
f 5113/5113/1705 5114/5114/1705 5115/5115/1705
f 5116/5116/1706 5117/5117/1706 5118/5118/1706
f 5119/5119/1707 5120/5120/1707 5121/5121/1707
f 5122/5122/1708 5123/5123/1708 5124/5124/1708
f 5125/5125/1709 5126/5126/1709 5127/5127/1709
f 5128/5128/1710 5129/5129/1710 5130/5130/1710
f 5131/5131/1711 5132/5132/1711 5133/5133/1711
f 5134/5134/1712 5135/5135/1712 5136/5136/1712
f 5137/5137/1713 5138/5138/1713 5139/5139/1713
f 5140/5140/1714 5141/5141/1714 5142/5142/1714
f 5143/5143/1715 5144/5144/1715 5145/5145/1715
f 5146/5146/1716 5147/5147/1716 5148/5148/1716
f 5149/5149/1717 5150/5150/1717 5151/5151/1717
f 5152/5152/1718 5153/5153/1718 5154/5154/1718
f 5155/5155/1719 5156/5156/1719 5157/5157/1719
f 5158/5158/1720 5159/5159/1720 5160/5160/1720
f 5161/5161/1721 5162/5162/1721 5163/5163/1721
f 5164/5164/1722 5165/5165/1722 5166/5166/1722
f 5167/5167/1723 5168/5168/1723 5169/5169/1723
f 5170/5170/1724 5171/5171/1724 5172/5172/1724
f 5173/5173/1725 5174/5174/1725 5175/5175/1725
f 5176/5176/1726 5177/5177/1726 5178/5178/1726
f 5179/5179/1727 5180/5180/1727 5181/5181/1727
f 5182/5182/1728 5183/5183/1728 5184/5184/1728
f 5185/5185/1729 5186/5186/1729 5187/5187/1729
f 5188/5188/1730 5189/5189/1730 5190/5190/1730
f 5191/5191/1731 5192/5192/1731 5193/5193/1731
f 5194/5194/1732 5195/5195/1732 5196/5196/1732
f 5197/5197/1733 5198/5198/1733 5199/5199/1733
f 5200/5200/1734 5201/5201/1734 5202/5202/1734
f 5203/5203/1735 5204/5204/1735 5205/5205/1735
f 5206/5206/1736 5207/5207/1736 5208/5208/1736
f 5209/5209/1737 5210/5210/1737 5211/5211/1737
f 5212/5212/1738 5213/5213/1738 5214/5214/1738
f 5215/5215/1739 5216/5216/1739 5217/5217/1739
f 5218/5218/1740 5219/5219/1740 5220/5220/1740
f 5221/5221/1741 5222/5222/1741 5223/5223/1741
f 5224/5224/1742 5225/5225/1742 5226/5226/1742
f 5227/5227/1743 5228/5228/1743 5229/5229/1743
f 5230/5230/1744 5231/5231/1744 5232/5232/1744
f 5233/5233/1745 5234/5234/1745 5235/5235/1745
f 5236/5236/1746 5237/5237/1746 5238/5238/1746
f 5239/5239/1747 5240/5240/1747 5241/5241/1747
f 5242/5242/1748 5243/5243/1748 5244/5244/1748
f 5245/5245/1749 5246/5246/1749 5247/5247/1749
f 5248/5248/1750 5249/5249/1750 5250/5250/1750
f 5251/5251/1751 5252/5252/1751 5253/5253/1751
f 5254/5254/1752 5255/5255/1752 5256/5256/1752
f 5257/5257/1753 5258/5258/1753 5259/5259/1753
f 5260/5260/1754 5261/5261/1754 5262/5262/1754
f 5263/5263/1755 5264/5264/1755 5265/5265/1755
f 5266/5266/1756 5267/5267/1756 5268/5268/1756
f 5269/5269/1757 5270/5270/1757 5271/5271/1757
f 5272/5272/1758 5273/5273/1758 5274/5274/1758
f 5275/5275/1759 5276/5276/1759 5277/5277/1759
f 5278/5278/1760 5279/5279/1760 5280/5280/1760
f 5281/5281/1761 5282/5282/1761 5283/5283/1761
f 5284/5284/1762 5285/5285/1762 5286/5286/1762
f 5287/5287/1763 5288/5288/1763 5289/5289/1763
f 5290/5290/1764 5291/5291/1764 5292/5292/1764
f 5293/5293/1765 5294/5294/1765 5295/5295/1765
f 5296/5296/1766 5297/5297/1766 5298/5298/1766
f 5299/5299/1767 5300/5300/1767 5301/5301/1767
f 5302/5302/1768 5303/5303/1768 5304/5304/1768
f 5305/5305/1769 5306/5306/1769 5307/5307/1769
f 5308/5308/1770 5309/5309/1770 5310/5310/1770
f 5311/5311/1771 5312/5312/1771 5313/5313/1771
f 5314/5314/1772 5315/5315/1772 5316/5316/1772
f 5317/5317/1773 5318/5318/1773 5319/5319/1773
f 5320/5320/1774 5321/5321/1774 5322/5322/1774
f 5323/5323/1775 5324/5324/1775 5325/5325/1775
f 5326/5326/1776 5327/5327/1776 5328/5328/1776
f 5329/5329/1777 5330/5330/1777 5331/5331/1777
f 5332/5332/1778 5333/5333/1778 5334/5334/1778
f 5335/5335/1779 5336/5336/1779 5337/5337/1779
f 5338/5338/1780 5339/5339/1780 5340/5340/1780
f 5341/5341/1781 5342/5342/1781 5343/5343/1781
f 5344/5344/1782 5345/5345/1782 5346/5346/1782
f 5347/5347/1783 5348/5348/1783 5349/5349/1783
f 5350/5350/1784 5351/5351/1784 5352/5352/1784
f 5353/5353/1785 5354/5354/1785 5355/5355/1785
f 5356/5356/1786 5357/5357/1786 5358/5358/1786
f 5359/5359/1787 5360/5360/1787 5361/5361/1787
f 5362/5362/1788 5363/5363/1788 5364/5364/1788
f 5365/5365/1789 5366/5366/1789 5367/5367/1789
f 5368/5368/1790 5369/5369/1790 5370/5370/1790
f 5371/5371/1791 5372/5372/1791 5373/5373/1791
f 5374/5374/1792 5375/5375/1792 5376/5376/1792
f 5377/5377/1793 5378/5378/1793 5379/5379/1793
f 5380/5380/1794 5381/5381/1794 5382/5382/1794
f 5383/5383/1795 5384/5384/1795 5385/5385/1795
f 5386/5386/1796 5387/5387/1796 5388/5388/1796
f 5389/5389/1797 5390/5390/1797 5391/5391/1797
f 5392/5392/1798 5393/5393/1798 5394/5394/1798
f 5395/5395/1799 5396/5396/1799 5397/5397/1799
f 5398/5398/1800 5399/5399/1800 5400/5400/1800
f 5401/5401/1801 5402/5402/1801 5403/5403/1801
f 5404/5404/1802 5405/5405/1802 5406/5406/1802
f 5407/5407/1803 5408/5408/1803 5409/5409/1803
f 5410/5410/1804 5411/5411/1804 5412/5412/1804
f 5413/5413/1805 5414/5414/1805 5415/5415/1805
f 5416/5416/1806 5417/5417/1806 5418/5418/1806
f 5419/5419/1807 5420/5420/1807 5421/5421/1807
f 5422/5422/1808 5423/5423/1808 5424/5424/1808
f 5425/5425/1809 5426/5426/1809 5427/5427/1809
f 5428/5428/1810 5429/5429/1810 5430/5430/1810
f 5431/5431/1811 5432/5432/1811 5433/5433/1811
f 5434/5434/1812 5435/5435/1812 5436/5436/1812
f 5437/5437/1813 5438/5438/1813 5439/5439/1813
f 5440/5440/1814 5441/5441/1814 5442/5442/1814
f 5443/5443/1815 5444/5444/1815 5445/5445/1815
f 5446/5446/1816 5447/5447/1816 5448/5448/1816
f 5449/5449/1817 5450/5450/1817 5451/5451/1817
f 5452/5452/1818 5453/5453/1818 5454/5454/1818
f 5455/5455/1819 5456/5456/1819 5457/5457/1819
f 5458/5458/1820 5459/5459/1820 5460/5460/1820
f 5461/5461/1821 5462/5462/1821 5463/5463/1821
f 5464/5464/1822 5465/5465/1822 5466/5466/1822
f 5467/5467/1823 5468/5468/1823 5469/5469/1823
f 5470/5470/1824 5471/5471/1824 5472/5472/1824
f 5473/5473/1825 5474/5474/1825 5475/5475/1825
f 5476/5476/1826 5477/5477/1826 5478/5478/1826
f 5479/5479/1827 5480/5480/1827 5481/5481/1827
f 5482/5482/1828 5483/5483/1828 5484/5484/1828
f 5485/5485/1829 5486/5486/1829 5487/5487/1829
f 5488/5488/1830 5489/5489/1830 5490/5490/1830
f 5491/5491/1831 5492/5492/1831 5493/5493/1831
f 5494/5494/1832 5495/5495/1832 5496/5496/1832
f 5497/5497/1833 5498/5498/1833 5499/5499/1833
f 5500/5500/1834 5501/5501/1834 5502/5502/1834
f 5503/5503/1835 5504/5504/1835 5505/5505/1835
f 5506/5506/1836 5507/5507/1836 5508/5508/1836
f 5509/5509/1837 5510/5510/1837 5511/5511/1837
f 5512/5512/1838 5513/5513/1838 5514/5514/1838
f 5515/5515/1839 5516/5516/1839 5517/5517/1839
f 5518/5518/1840 5519/5519/1840 5520/5520/1840
f 5521/5521/1841 5522/5522/1841 5523/5523/1841
f 5524/5524/1842 5525/5525/1842 5526/5526/1842
f 5527/5527/1843 5528/5528/1843 5529/5529/1843
f 5530/5530/1844 5531/5531/1844 5532/5532/1844
f 5533/5533/1845 5534/5534/1845 5535/5535/1845
f 5536/5536/1846 5537/5537/1846 5538/5538/1846
f 5539/5539/1847 5540/5540/1847 5541/5541/1847
f 5542/5542/1848 5543/5543/1848 5544/5544/1848
f 5545/5545/1849 5546/5546/1849 5547/5547/1849
f 5548/5548/1850 5549/5549/1850 5550/5550/1850
f 5551/5551/1851 5552/5552/1851 5553/5553/1851
f 5554/5554/1852 5555/5555/1852 5556/5556/1852
f 5557/5557/1853 5558/5558/1853 5559/5559/1853
f 5560/5560/1854 5561/5561/1854 5562/5562/1854
f 5563/5563/1855 5564/5564/1855 5565/5565/1855
f 5566/5566/1856 5567/5567/1856 5568/5568/1856
f 5569/5569/1857 5570/5570/1857 5571/5571/1857
f 5572/5572/1858 5573/5573/1858 5574/5574/1858
f 5575/5575/1859 5576/5576/1859 5577/5577/1859
f 5578/5578/1860 5579/5579/1860 5580/5580/1860
f 5581/5581/1861 5582/5582/1861 5583/5583/1861
f 5584/5584/1862 5585/5585/1862 5586/5586/1862
f 5587/5587/1863 5588/5588/1863 5589/5589/1863
f 5590/5590/1864 5591/5591/1864 5592/5592/1864
f 5593/5593/1865 5594/5594/1865 5595/5595/1865
f 5596/5596/1866 5597/5597/1866 5598/5598/1866
f 5599/5599/1867 5600/5600/1867 5601/5601/1867
f 5602/5602/1868 5603/5603/1868 5604/5604/1868
f 5605/5605/1869 5606/5606/1869 5607/5607/1869
f 5608/5608/1870 5609/5609/1870 5610/5610/1870
f 5611/5611/1871 5612/5612/1871 5613/5613/1871
f 5614/5614/1872 5615/5615/1872 5616/5616/1872
f 5617/5617/1873 5618/5618/1873 5619/5619/1873
f 5620/5620/1874 5621/5621/1874 5622/5622/1874
f 5623/5623/1875 5624/5624/1875 5625/5625/1875
f 5626/5626/1876 5627/5627/1876 5628/5628/1876
f 5629/5629/1877 5630/5630/1877 5631/5631/1877
f 5632/5632/1878 5633/5633/1878 5634/5634/1878
f 5635/5635/1879 5636/5636/1879 5637/5637/1879
f 5638/5638/1880 5639/5639/1880 5640/5640/1880
f 5641/5641/1881 5642/5642/1881 5643/5643/1881
f 5644/5644/1882 5645/5645/1882 5646/5646/1882
f 5647/5647/1883 5648/5648/1883 5649/5649/1883
f 5650/5650/1884 5651/5651/1884 5652/5652/1884
f 5653/5653/1885 5654/5654/1885 5655/5655/1885
f 5656/5656/1886 5657/5657/1886 5658/5658/1886
f 5659/5659/1887 5660/5660/1887 5661/5661/1887
f 5662/5662/1888 5663/5663/1888 5664/5664/1888
f 5665/5665/1889 5666/5666/1889 5667/5667/1889
f 5668/5668/1890 5669/5669/1890 5670/5670/1890
f 5671/5671/1891 5672/5672/1891 5673/5673/1891
f 5674/5674/1892 5675/5675/1892 5676/5676/1892
f 5677/5677/1893 5678/5678/1893 5679/5679/1893
f 5680/5680/1894 5681/5681/1894 5682/5682/1894
f 5683/5683/1895 5684/5684/1895 5685/5685/1895
f 5686/5686/1896 5687/5687/1896 5688/5688/1896
f 5689/5689/1897 5690/5690/1897 5691/5691/1897
f 5692/5692/1898 5693/5693/1898 5694/5694/1898
f 5695/5695/1899 5696/5696/1899 5697/5697/1899
f 5698/5698/1900 5699/5699/1900 5700/5700/1900
f 5701/5701/1901 5702/5702/1901 5703/5703/1901
f 5704/5704/1902 5705/5705/1902 5706/5706/1902
f 5707/5707/1903 5708/5708/1903 5709/5709/1903
f 5710/5710/1904 5711/5711/1904 5712/5712/1904
f 5713/5713/1905 5714/5714/1905 5715/5715/1905
f 5716/5716/1906 5717/5717/1906 5718/5718/1906
f 5719/5719/1907 5720/5720/1907 5721/5721/1907
f 5722/5722/1908 5723/5723/1908 5724/5724/1908
f 5725/5725/1909 5726/5726/1909 5727/5727/1909
f 5728/5728/1910 5729/5729/1910 5730/5730/1910
f 5731/5731/1911 5732/5732/1911 5733/5733/1911
f 5734/5734/1912 5735/5735/1912 5736/5736/1912
f 5737/5737/1913 5738/5738/1913 5739/5739/1913
f 5740/5740/1914 5741/5741/1914 5742/5742/1914
f 5743/5743/1915 5744/5744/1915 5745/5745/1915
f 5746/5746/1916 5747/5747/1916 5748/5748/1916
f 5749/5749/1917 5750/5750/1917 5751/5751/1917
f 5752/5752/1918 5753/5753/1918 5754/5754/1918
f 5755/5755/1919 5756/5756/1919 5757/5757/1919
f 5758/5758/1920 5759/5759/1920 5760/5760/1920
f 5761/5761/1921 5762/5762/1921 5763/5763/1921
f 5764/5764/1922 5765/5765/1922 5766/5766/1922
f 5767/5767/1923 5768/5768/1923 5769/5769/1923
f 5770/5770/1924 5771/5771/1924 5772/5772/1924
f 5773/5773/1925 5774/5774/1925 5775/5775/1925
f 5776/5776/1926 5777/5777/1926 5778/5778/1926
f 5779/5779/1927 5780/5780/1927 5781/5781/1927
f 5782/5782/1928 5783/5783/1928 5784/5784/1928
f 5785/5785/1929 5786/5786/1929 5787/5787/1929
f 5788/5788/1930 5789/5789/1930 5790/5790/1930
f 5791/5791/1931 5792/5792/1931 5793/5793/1931
f 5794/5794/1932 5795/5795/1932 5796/5796/1932
f 5797/5797/1933 5798/5798/1933 5799/5799/1933
f 5800/5800/1934 5801/5801/1934 5802/5802/1934
f 5803/5803/1935 5804/5804/1935 5805/5805/1935
f 5806/5806/1936 5807/5807/1936 5808/5808/1936
f 5809/5809/1937 5810/5810/1937 5811/5811/1937
f 5812/5812/1938 5813/5813/1938 5814/5814/1938
f 5815/5815/1939 5816/5816/1939 5817/5817/1939
f 5818/5818/1940 5819/5819/1940 5820/5820/1940
f 5821/5821/1941 5822/5822/1941 5823/5823/1941
f 5824/5824/1942 5825/5825/1942 5826/5826/1942
f 5827/5827/1943 5828/5828/1943 5829/5829/1943
f 5830/5830/1944 5831/5831/1944 5832/5832/1944
f 5833/5833/1945 5834/5834/1945 5835/5835/1945
f 5836/5836/1946 5837/5837/1946 5838/5838/1946
f 5839/5839/1947 5840/5840/1947 5841/5841/1947
f 5842/5842/1948 5843/5843/1948 5844/5844/1948
f 5845/5845/1949 5846/5846/1949 5847/5847/1949
f 5848/5848/1950 5849/5849/1950 5850/5850/1950
f 5851/5851/1951 5852/5852/1951 5853/5853/1951
f 5854/5854/1952 5855/5855/1952 5856/5856/1952
f 5857/5857/1953 5858/5858/1953 5859/5859/1953
f 5860/5860/1954 5861/5861/1954 5862/5862/1954
f 5863/5863/1955 5864/5864/1955 5865/5865/1955
f 5866/5866/1956 5867/5867/1956 5868/5868/1956
f 5869/5869/1957 5870/5870/1957 5871/5871/1957
f 5872/5872/1958 5873/5873/1958 5874/5874/1958
f 5875/5875/1959 5876/5876/1959 5877/5877/1959
f 5878/5878/1960 5879/5879/1960 5880/5880/1960
f 5881/5881/1961 5882/5882/1961 5883/5883/1961
f 5884/5884/1962 5885/5885/1962 5886/5886/1962
f 5887/5887/1963 5888/5888/1963 5889/5889/1963
f 5890/5890/1964 5891/5891/1964 5892/5892/1964
f 5893/5893/1965 5894/5894/1965 5895/5895/1965
f 5896/5896/1966 5897/5897/1966 5898/5898/1966
f 5899/5899/1967 5900/5900/1967 5901/5901/1967
f 5902/5902/1968 5903/5903/1968 5904/5904/1968
f 5905/5905/1969 5906/5906/1969 5907/5907/1969
f 5908/5908/1970 5909/5909/1970 5910/5910/1970
f 5911/5911/1971 5912/5912/1971 5913/5913/1971
f 5914/5914/1972 5915/5915/1972 5916/5916/1972
f 5917/5917/1973 5918/5918/1973 5919/5919/1973
f 5920/5920/1974 5921/5921/1974 5922/5922/1974
f 5923/5923/1975 5924/5924/1975 5925/5925/1975
f 5926/5926/1976 5927/5927/1976 5928/5928/1976
f 5929/5929/1977 5930/5930/1977 5931/5931/1977
f 5932/5932/1978 5933/5933/1978 5934/5934/1978
f 5935/5935/1979 5936/5936/1979 5937/5937/1979
f 5938/5938/1980 5939/5939/1980 5940/5940/1980
f 5941/5941/1981 5942/5942/1981 5943/5943/1981
f 5944/5944/1982 5945/5945/1982 5946/5946/1982
f 5947/5947/1983 5948/5948/1983 5949/5949/1983
f 5950/5950/1984 5951/5951/1984 5952/5952/1984
f 5953/5953/1985 5954/5954/1985 5955/5955/1985
f 5956/5956/1986 5957/5957/1986 5958/5958/1986
f 5959/5959/1987 5960/5960/1987 5961/5961/1987
f 5962/5962/1988 5963/5963/1988 5964/5964/1988
f 5965/5965/1989 5966/5966/1989 5967/5967/1989
f 5968/5968/1990 5969/5969/1990 5970/5970/1990
f 5971/5971/1991 5972/5972/1991 5973/5973/1991
f 5974/5974/1992 5975/5975/1992 5976/5976/1992
f 5977/5977/1993 5978/5978/1993 5979/5979/1993
f 5980/5980/1994 5981/5981/1994 5982/5982/1994
f 5983/5983/1995 5984/5984/1995 5985/5985/1995
f 5986/5986/1996 5987/5987/1996 5988/5988/1996
f 5989/5989/1997 5990/5990/1997 5991/5991/1997
f 5992/5992/1998 5993/5993/1998 5994/5994/1998
f 5995/5995/1999 5996/5996/1999 5997/5997/1999
f 5998/5998/2000 5999/5999/2000 6000/6000/2000
f 6001/6001/2001 6002/6002/2001 6003/6003/2001
f 6004/6004/2002 6005/6005/2002 6006/6006/2002
f 6007/6007/2003 6008/6008/2003 6009/6009/2003
f 6010/6010/2004 6011/6011/2004 6012/6012/2004
f 6013/6013/2005 6014/6014/2005 6015/6015/2005
f 6016/6016/2006 6017/6017/2006 6018/6018/2006
f 6019/6019/2007 6020/6020/2007 6021/6021/2007
f 6022/6022/2008 6023/6023/2008 6024/6024/2008
f 6025/6025/2009 6026/6026/2009 6027/6027/2009
f 6028/6028/2010 6029/6029/2010 6030/6030/2010
f 6031/6031/2011 6032/6032/2011 6033/6033/2011
f 6034/6034/2012 6035/6035/2012 6036/6036/2012
f 6037/6037/2013 6038/6038/2013 6039/6039/2013
f 6040/6040/2014 6041/6041/2014 6042/6042/2014
f 6043/6043/2015 6044/6044/2015 6045/6045/2015
f 6046/6046/2016 6047/6047/2016 6048/6048/2016
f 6049/6049/2017 6050/6050/2017 6051/6051/2017
f 6052/6052/2018 6053/6053/2018 6054/6054/2018
f 6055/6055/2019 6056/6056/2019 6057/6057/2019
f 6058/6058/2020 6059/6059/2020 6060/6060/2020
f 6061/6061/2021 6062/6062/2021 6063/6063/2021
f 6064/6064/2022 6065/6065/2022 6066/6066/2022
f 6067/6067/2023 6068/6068/2023 6069/6069/2023
f 6070/6070/2024 6071/6071/2024 6072/6072/2024
f 6073/6073/2025 6074/6074/2025 6075/6075/2025
f 6076/6076/2026 6077/6077/2026 6078/6078/2026
f 6079/6079/2027 6080/6080/2027 6081/6081/2027
f 6082/6082/2028 6083/6083/2028 6084/6084/2028
f 6085/6085/2029 6086/6086/2029 6087/6087/2029
f 6088/6088/2030 6089/6089/2030 6090/6090/2030
f 6091/6091/2031 6092/6092/2031 6093/6093/2031
f 6094/6094/2032 6095/6095/2032 6096/6096/2032
f 6097/6097/2033 6098/6098/2033 6099/6099/2033
f 6100/6100/2034 6101/6101/2034 6102/6102/2034
f 6103/6103/2035 6104/6104/2035 6105/6105/2035
f 6106/6106/2036 6107/6107/2036 6108/6108/2036
f 6109/6109/2037 6110/6110/2037 6111/6111/2037
f 6112/6112/2038 6113/6113/2038 6114/6114/2038
f 6115/6115/2039 6116/6116/2039 6117/6117/2039
f 6118/6118/2040 6119/6119/2040 6120/6120/2040
f 6121/6121/2041 6122/6122/2041 6123/6123/2041
f 6124/6124/2042 6125/6125/2042 6126/6126/2042
f 6127/6127/2043 6128/6128/2043 6129/6129/2043
f 6130/6130/2044 6131/6131/2044 6132/6132/2044
f 6133/6133/2045 6134/6134/2045 6135/6135/2045
f 6136/6136/2046 6137/6137/2046 6138/6138/2046
f 6139/6139/2047 6140/6140/2047 6141/6141/2047
f 6142/6142/2048 6143/6143/2048 6144/6144/2048
f 6145/6145/2049 6146/6146/2049 6147/6147/2049
f 6148/6148/2050 6149/6149/2050 6150/6150/2050
f 6151/6151/2051 6152/6152/2051 6153/6153/2051
f 6154/6154/2052 6155/6155/2052 6156/6156/2052
f 6157/6157/2053 6158/6158/2053 6159/6159/2053
f 6160/6160/2054 6161/6161/2054 6162/6162/2054
f 6163/6163/2055 6164/6164/2055 6165/6165/2055
f 6166/6166/2056 6167/6167/2056 6168/6168/2056
f 6169/6169/2057 6170/6170/2057 6171/6171/2057
f 6172/6172/2058 6173/6173/2058 6174/6174/2058
f 6175/6175/2059 6176/6176/2059 6177/6177/2059
f 6178/6178/2060 6179/6179/2060 6180/6180/2060
f 6181/6181/2061 6182/6182/2061 6183/6183/2061
f 6184/6184/2062 6185/6185/2062 6186/6186/2062
f 6187/6187/2063 6188/6188/2063 6189/6189/2063
f 6190/6190/2064 6191/6191/2064 6192/6192/2064
f 6193/6193/2065 6194/6194/2065 6195/6195/2065
f 6196/6196/2066 6197/6197/2066 6198/6198/2066
f 6199/6199/2067 6200/6200/2067 6201/6201/2067
f 6202/6202/2068 6203/6203/2068 6204/6204/2068
f 6205/6205/2069 6206/6206/2069 6207/6207/2069
f 6208/6208/2070 6209/6209/2070 6210/6210/2070
f 6211/6211/2071 6212/6212/2071 6213/6213/2071
f 6214/6214/2072 6215/6215/2072 6216/6216/2072
f 6217/6217/2073 6218/6218/2073 6219/6219/2073
f 6220/6220/2074 6221/6221/2074 6222/6222/2074
f 6223/6223/2075 6224/6224/2075 6225/6225/2075
f 6226/6226/2076 6227/6227/2076 6228/6228/2076
f 6229/6229/2077 6230/6230/2077 6231/6231/2077
f 6232/6232/2078 6233/6233/2078 6234/6234/2078
f 6235/6235/2079 6236/6236/2079 6237/6237/2079
f 6238/6238/2080 6239/6239/2080 6240/6240/2080
f 6241/6241/2081 6242/6242/2081 6243/6243/2081
f 6244/6244/2082 6245/6245/2082 6246/6246/2082
f 6247/6247/2083 6248/6248/2083 6249/6249/2083
f 6250/6250/2084 6251/6251/2084 6252/6252/2084
f 6253/6253/2085 6254/6254/2085 6255/6255/2085
f 6256/6256/2086 6257/6257/2086 6258/6258/2086
f 6259/6259/2087 6260/6260/2087 6261/6261/2087
f 6262/6262/2088 6263/6263/2088 6264/6264/2088
f 6265/6265/2089 6266/6266/2089 6267/6267/2089
f 6268/6268/2090 6269/6269/2090 6270/6270/2090
f 6271/6271/2091 6272/6272/2091 6273/6273/2091
f 6274/6274/2092 6275/6275/2092 6276/6276/2092
f 6277/6277/2093 6278/6278/2093 6279/6279/2093
f 6280/6280/2094 6281/6281/2094 6282/6282/2094
f 6283/6283/2095 6284/6284/2095 6285/6285/2095
f 6286/6286/2096 6287/6287/2096 6288/6288/2096
f 6289/6289/2097 6290/6290/2097 6291/6291/2097
f 6292/6292/2098 6293/6293/2098 6294/6294/2098
f 6295/6295/2099 6296/6296/2099 6297/6297/2099
f 6298/6298/2100 6299/6299/2100 6300/6300/2100
f 6301/6301/2101 6302/6302/2101 6303/6303/2101
f 6304/6304/2102 6305/6305/2102 6306/6306/2102
f 6307/6307/2103 6308/6308/2103 6309/6309/2103
f 6310/6310/2104 6311/6311/2104 6312/6312/2104
f 6313/6313/2105 6314/6314/2105 6315/6315/2105
f 6316/6316/2106 6317/6317/2106 6318/6318/2106
f 6319/6319/2107 6320/6320/2107 6321/6321/2107
f 6322/6322/2108 6323/6323/2108 6324/6324/2108
f 6325/6325/2109 6326/6326/2109 6327/6327/2109
f 6328/6328/2110 6329/6329/2110 6330/6330/2110
f 6331/6331/2111 6332/6332/2111 6333/6333/2111
f 6334/6334/2112 6335/6335/2112 6336/6336/2112
f 6337/6337/2113 6338/6338/2113 6339/6339/2113
f 6340/6340/2114 6341/6341/2114 6342/6342/2114
f 6343/6343/2115 6344/6344/2115 6345/6345/2115
f 6346/6346/2116 6347/6347/2116 6348/6348/2116
f 6349/6349/2117 6350/6350/2117 6351/6351/2117
f 6352/6352/2118 6353/6353/2118 6354/6354/2118
f 6355/6355/2119 6356/6356/2119 6357/6357/2119
f 6358/6358/2120 6359/6359/2120 6360/6360/2120
f 6361/6361/2121 6362/6362/2121 6363/6363/2121
f 6364/6364/2122 6365/6365/2122 6366/6366/2122
f 6367/6367/2123 6368/6368/2123 6369/6369/2123
f 6370/6370/2124 6371/6371/2124 6372/6372/2124
f 6373/6373/2125 6374/6374/2125 6375/6375/2125
f 6376/6376/2126 6377/6377/2126 6378/6378/2126
f 6379/6379/2127 6380/6380/2127 6381/6381/2127
f 6382/6382/2128 6383/6383/2128 6384/6384/2128
f 6385/6385/2129 6386/6386/2129 6387/6387/2129
f 6388/6388/2130 6389/6389/2130 6390/6390/2130
f 6391/6391/2131 6392/6392/2131 6393/6393/2131
f 6394/6394/2132 6395/6395/2132 6396/6396/2132
f 6397/6397/2133 6398/6398/2133 6399/6399/2133
f 6400/6400/2134 6401/6401/2134 6402/6402/2134
f 6403/6403/2135 6404/6404/2135 6405/6405/2135
f 6406/6406/2136 6407/6407/2136 6408/6408/2136
f 6409/6409/2137 6410/6410/2137 6411/6411/2137
f 6412/6412/2138 6413/6413/2138 6414/6414/2138
f 6415/6415/2139 6416/6416/2139 6417/6417/2139
f 6418/6418/2140 6419/6419/2140 6420/6420/2140
f 6421/6421/2141 6422/6422/2141 6423/6423/2141
f 6424/6424/2142 6425/6425/2142 6426/6426/2142
f 6427/6427/2143 6428/6428/2143 6429/6429/2143
f 6430/6430/2144 6431/6431/2144 6432/6432/2144
f 6433/6433/2145 6434/6434/2145 6435/6435/2145
f 6436/6436/2146 6437/6437/2146 6438/6438/2146
f 6439/6439/2147 6440/6440/2147 6441/6441/2147
f 6442/6442/2148 6443/6443/2148 6444/6444/2148
f 6445/6445/2149 6446/6446/2149 6447/6447/2149
f 6448/6448/2150 6449/6449/2150 6450/6450/2150
f 6451/6451/2151 6452/6452/2151 6453/6453/2151
f 6454/6454/2152 6455/6455/2152 6456/6456/2152
f 6457/6457/2153 6458/6458/2153 6459/6459/2153
f 6460/6460/2154 6461/6461/2154 6462/6462/2154
f 6463/6463/2155 6464/6464/2155 6465/6465/2155
f 6466/6466/2156 6467/6467/2156 6468/6468/2156
f 6469/6469/2157 6470/6470/2157 6471/6471/2157
f 6472/6472/2158 6473/6473/2158 6474/6474/2158
f 6475/6475/2159 6476/6476/2159 6477/6477/2159
f 6478/6478/2160 6479/6479/2160 6480/6480/2160
f 6481/6481/2161 6482/6482/2161 6483/6483/2161
f 6484/6484/2162 6485/6485/2162 6486/6486/2162
f 6487/6487/2163 6488/6488/2163 6489/6489/2163
f 6490/6490/2164 6491/6491/2164 6492/6492/2164
f 6493/6493/2165 6494/6494/2165 6495/6495/2165
f 6496/6496/2166 6497/6497/2166 6498/6498/2166
f 6499/6499/2167 6500/6500/2167 6501/6501/2167
f 6502/6502/2168 6503/6503/2168 6504/6504/2168
f 6505/6505/2169 6506/6506/2169 6507/6507/2169
f 6508/6508/2170 6509/6509/2170 6510/6510/2170
f 6511/6511/2171 6512/6512/2171 6513/6513/2171
f 6514/6514/2172 6515/6515/2172 6516/6516/2172
f 6517/6517/2173 6518/6518/2173 6519/6519/2173
f 6520/6520/2174 6521/6521/2174 6522/6522/2174
f 6523/6523/2175 6524/6524/2175 6525/6525/2175
f 6526/6526/2176 6527/6527/2176 6528/6528/2176
f 6529/6529/2177 6530/6530/2177 6531/6531/2177
f 6532/6532/2178 6533/6533/2178 6534/6534/2178
f 6535/6535/2179 6536/6536/2179 6537/6537/2179
f 6538/6538/2180 6539/6539/2180 6540/6540/2180
f 6541/6541/2181 6542/6542/2181 6543/6543/2181
f 6544/6544/2182 6545/6545/2182 6546/6546/2182
f 6547/6547/2183 6548/6548/2183 6549/6549/2183
f 6550/6550/2184 6551/6551/2184 6552/6552/2184
f 6553/6553/2185 6554/6554/2185 6555/6555/2185
f 6556/6556/2186 6557/6557/2186 6558/6558/2186
f 6559/6559/2187 6560/6560/2187 6561/6561/2187
f 6562/6562/2188 6563/6563/2188 6564/6564/2188
f 6565/6565/2189 6566/6566/2189 6567/6567/2189
f 6568/6568/2190 6569/6569/2190 6570/6570/2190
f 6571/6571/2191 6572/6572/2191 6573/6573/2191
f 6574/6574/2192 6575/6575/2192 6576/6576/2192
f 6577/6577/2193 6578/6578/2193 6579/6579/2193
f 6580/6580/2194 6581/6581/2194 6582/6582/2194
f 6583/6583/2195 6584/6584/2195 6585/6585/2195
f 6586/6586/2196 6587/6587/2196 6588/6588/2196
f 6589/6589/2197 6590/6590/2197 6591/6591/2197
f 6592/6592/2198 6593/6593/2198 6594/6594/2198
f 6595/6595/2199 6596/6596/2199 6597/6597/2199
f 6598/6598/2200 6599/6599/2200 6600/6600/2200
f 6601/6601/2201 6602/6602/2201 6603/6603/2201
f 6604/6604/2202 6605/6605/2202 6606/6606/2202
f 6607/6607/2203 6608/6608/2203 6609/6609/2203
f 6610/6610/2204 6611/6611/2204 6612/6612/2204
f 6613/6613/2205 6614/6614/2205 6615/6615/2205
f 6616/6616/2206 6617/6617/2206 6618/6618/2206
f 6619/6619/2207 6620/6620/2207 6621/6621/2207
f 6622/6622/2208 6623/6623/2208 6624/6624/2208
f 6625/6625/2209 6626/6626/2209 6627/6627/2209
f 6628/6628/2210 6629/6629/2210 6630/6630/2210
f 6631/6631/2211 6632/6632/2211 6633/6633/2211
f 6634/6634/2212 6635/6635/2212 6636/6636/2212
f 6637/6637/2213 6638/6638/2213 6639/6639/2213
f 6640/6640/2214 6641/6641/2214 6642/6642/2214
f 6643/6643/2215 6644/6644/2215 6645/6645/2215
f 6646/6646/2216 6647/6647/2216 6648/6648/2216
f 6649/6649/2217 6650/6650/2217 6651/6651/2217
f 6652/6652/2218 6653/6653/2218 6654/6654/2218
f 6655/6655/2219 6656/6656/2219 6657/6657/2219
f 6658/6658/2220 6659/6659/2220 6660/6660/2220
f 6661/6661/2221 6662/6662/2221 6663/6663/2221
f 6664/6664/2222 6665/6665/2222 6666/6666/2222
f 6667/6667/2223 6668/6668/2223 6669/6669/2223
f 6670/6670/2224 6671/6671/2224 6672/6672/2224
f 6673/6673/2225 6674/6674/2225 6675/6675/2225
f 6676/6676/2226 6677/6677/2226 6678/6678/2226
f 6679/6679/2227 6680/6680/2227 6681/6681/2227
f 6682/6682/2228 6683/6683/2228 6684/6684/2228
f 6685/6685/2229 6686/6686/2229 6687/6687/2229
f 6688/6688/2230 6689/6689/2230 6690/6690/2230
f 6691/6691/2231 6692/6692/2231 6693/6693/2231
f 6694/6694/2232 6695/6695/2232 6696/6696/2232
f 6697/6697/2233 6698/6698/2233 6699/6699/2233
f 6700/6700/2234 6701/6701/2234 6702/6702/2234
f 6703/6703/2235 6704/6704/2235 6705/6705/2235
f 6706/6706/2236 6707/6707/2236 6708/6708/2236
f 6709/6709/2237 6710/6710/2237 6711/6711/2237
f 6712/6712/2238 6713/6713/2238 6714/6714/2238
f 6715/6715/2239 6716/6716/2239 6717/6717/2239
f 6718/6718/2240 6719/6719/2240 6720/6720/2240
f 6721/6721/2241 6722/6722/2241 6723/6723/2241
f 6724/6724/2242 6725/6725/2242 6726/6726/2242
f 6727/6727/2243 6728/6728/2243 6729/6729/2243
f 6730/6730/2244 6731/6731/2244 6732/6732/2244
f 6733/6733/2245 6734/6734/2245 6735/6735/2245
f 6736/6736/2246 6737/6737/2246 6738/6738/2246
f 6739/6739/2247 6740/6740/2247 6741/6741/2247
f 6742/6742/2248 6743/6743/2248 6744/6744/2248
f 6745/6745/2249 6746/6746/2249 6747/6747/2249
f 6748/6748/2250 6749/6749/2250 6750/6750/2250
f 6751/6751/2251 6752/6752/2251 6753/6753/2251
f 6754/6754/2252 6755/6755/2252 6756/6756/2252
f 6757/6757/2253 6758/6758/2253 6759/6759/2253
f 6760/6760/2254 6761/6761/2254 6762/6762/2254
f 6763/6763/2255 6764/6764/2255 6765/6765/2255
f 6766/6766/2256 6767/6767/2256 6768/6768/2256
f 6769/6769/2257 6770/6770/2257 6771/6771/2257
f 6772/6772/2258 6773/6773/2258 6774/6774/2258
f 6775/6775/2259 6776/6776/2259 6777/6777/2259
f 6778/6778/2260 6779/6779/2260 6780/6780/2260
f 6781/6781/2261 6782/6782/2261 6783/6783/2261
f 6784/6784/2262 6785/6785/2262 6786/6786/2262
f 6787/6787/2263 6788/6788/2263 6789/6789/2263
f 6790/6790/2264 6791/6791/2264 6792/6792/2264
f 6793/6793/2265 6794/6794/2265 6795/6795/2265
f 6796/6796/2266 6797/6797/2266 6798/6798/2266
f 6799/6799/2267 6800/6800/2267 6801/6801/2267
f 6802/6802/2268 6803/6803/2268 6804/6804/2268
f 6805/6805/2269 6806/6806/2269 6807/6807/2269
f 6808/6808/2270 6809/6809/2270 6810/6810/2270
f 6811/6811/2271 6812/6812/2271 6813/6813/2271
f 6814/6814/2272 6815/6815/2272 6816/6816/2272
f 6817/6817/2273 6818/6818/2273 6819/6819/2273
f 6820/6820/2274 6821/6821/2274 6822/6822/2274
f 6823/6823/2275 6824/6824/2275 6825/6825/2275
f 6826/6826/2276 6827/6827/2276 6828/6828/2276
f 6829/6829/2277 6830/6830/2277 6831/6831/2277
f 6832/6832/2278 6833/6833/2278 6834/6834/2278
f 6835/6835/2279 6836/6836/2279 6837/6837/2279
f 6838/6838/2280 6839/6839/2280 6840/6840/2280
f 6841/6841/2281 6842/6842/2281 6843/6843/2281
f 6844/6844/2282 6845/6845/2282 6846/6846/2282
f 6847/6847/2283 6848/6848/2283 6849/6849/2283
f 6850/6850/2284 6851/6851/2284 6852/6852/2284
f 6853/6853/2285 6854/6854/2285 6855/6855/2285
f 6856/6856/2286 6857/6857/2286 6858/6858/2286
f 6859/6859/2287 6860/6860/2287 6861/6861/2287
f 6862/6862/2288 6863/6863/2288 6864/6864/2288
f 6865/6865/2289 6866/6866/2289 6867/6867/2289
f 6868/6868/2290 6869/6869/2290 6870/6870/2290
f 6871/6871/2291 6872/6872/2291 6873/6873/2291
f 6874/6874/2292 6875/6875/2292 6876/6876/2292
f 6877/6877/2293 6878/6878/2293 6879/6879/2293
f 6880/6880/2294 6881/6881/2294 6882/6882/2294
f 6883/6883/2295 6884/6884/2295 6885/6885/2295
f 6886/6886/2296 6887/6887/2296 6888/6888/2296
f 6889/6889/2297 6890/6890/2297 6891/6891/2297
f 6892/6892/2298 6893/6893/2298 6894/6894/2298
f 6895/6895/2299 6896/6896/2299 6897/6897/2299
f 6898/6898/2300 6899/6899/2300 6900/6900/2300
f 6901/6901/2301 6902/6902/2301 6903/6903/2301
f 6904/6904/2302 6905/6905/2302 6906/6906/2302
f 6907/6907/2303 6908/6908/2303 6909/6909/2303
f 6910/6910/2304 6911/6911/2304 6912/6912/2304
f 6913/6913/2305 6914/6914/2305 6915/6915/2305
f 6916/6916/2306 6917/6917/2306 6918/6918/2306
f 6919/6919/2307 6920/6920/2307 6921/6921/2307
f 6922/6922/2308 6923/6923/2308 6924/6924/2308
f 6925/6925/2309 6926/6926/2309 6927/6927/2309
f 6928/6928/2310 6929/6929/2310 6930/6930/2310
f 6931/6931/2311 6932/6932/2311 6933/6933/2311
f 6934/6934/2312 6935/6935/2312 6936/6936/2312
f 6937/6937/2313 6938/6938/2313 6939/6939/2313
f 6940/6940/2314 6941/6941/2314 6942/6942/2314
f 6943/6943/2315 6944/6944/2315 6945/6945/2315
f 6946/6946/2316 6947/6947/2316 6948/6948/2316
f 6949/6949/2317 6950/6950/2317 6951/6951/2317
f 6952/6952/2318 6953/6953/2318 6954/6954/2318
f 6955/6955/2319 6956/6956/2319 6957/6957/2319
f 6958/6958/2320 6959/6959/2320 6960/6960/2320
f 6961/6961/2321 6962/6962/2321 6963/6963/2321
f 6964/6964/2322 6965/6965/2322 6966/6966/2322
f 6967/6967/2323 6968/6968/2323 6969/6969/2323
f 6970/6970/2324 6971/6971/2324 6972/6972/2324
f 6973/6973/2325 6974/6974/2325 6975/6975/2325
f 6976/6976/2326 6977/6977/2326 6978/6978/2326
f 6979/6979/2327 6980/6980/2327 6981/6981/2327
f 6982/6982/2328 6983/6983/2328 6984/6984/2328
f 6985/6985/2329 6986/6986/2329 6987/6987/2329
f 6988/6988/2330 6989/6989/2330 6990/6990/2330
f 6991/6991/2331 6992/6992/2331 6993/6993/2331
f 6994/6994/2332 6995/6995/2332 6996/6996/2332
f 6997/6997/2333 6998/6998/2333 6999/6999/2333
f 7000/7000/2334 7001/7001/2334 7002/7002/2334
f 7003/7003/2335 7004/7004/2335 7005/7005/2335
f 7006/7006/2336 7007/7007/2336 7008/7008/2336
f 7009/7009/2337 7010/7010/2337 7011/7011/2337
f 7012/7012/2338 7013/7013/2338 7014/7014/2338
f 7015/7015/2339 7016/7016/2339 7017/7017/2339
f 7018/7018/2340 7019/7019/2340 7020/7020/2340
f 7021/7021/2341 7022/7022/2341 7023/7023/2341
f 7024/7024/2342 7025/7025/2342 7026/7026/2342
f 7027/7027/2343 7028/7028/2343 7029/7029/2343
f 7030/7030/2344 7031/7031/2344 7032/7032/2344
f 7033/7033/2345 7034/7034/2345 7035/7035/2345
f 7036/7036/2346 7037/7037/2346 7038/7038/2346
f 7039/7039/2347 7040/7040/2347 7041/7041/2347
f 7042/7042/2348 7043/7043/2348 7044/7044/2348
f 7045/7045/2349 7046/7046/2349 7047/7047/2349
f 7048/7048/2350 7049/7049/2350 7050/7050/2350
f 7051/7051/2351 7052/7052/2351 7053/7053/2351
f 7054/7054/2352 7055/7055/2352 7056/7056/2352