v -5.27326 0.11885 -0.26828
v -5.08284 0.03576 -0.12170
v -5.01010 0.11414 -0.26828
v -5.27326 0.10252 -0.26828
v -5.17705 -0.01395 -0.04609
v -5.08284 0.03576 -0.12170
v -5.27326 0.02915 -0.26828
v -5.27326 0.10170 0.07344
v -5.17705 -0.01395 -0.04609
v -5.27326 0.07276 -0.26828
v -5.39380 0.07415 0.01009
v -5.27326 0.10170 0.07344
v -5.27326 0.17341 -0.26828
v -5.47291 0.05505 -0.11459
v -5.39380 0.07415 0.01009
v -5.27326 0.05527 -0.26828
v -5.46932 -0.00737 -0.26828
v -5.47291 0.05505 -0.11459
v -5.27326 0.05643 -0.26828
v -5.48054 0.07101 -0.42784
v -5.46932 -0.00737 -0.26828
v -5.27326 0.07276 -0.26828
v -5.40666 0.12072 -0.57635
v -5.48054 0.07101 -0.42784
v -5.27326 0.14613 -0.26828
v -5.27326 0.00507 -0.53885
v -5.40666 0.12072 -0.57635
v -5.27326 0.10252 -0.26828
v -5.16419 0.03262 -0.52017
v -5.27326 0.00507 -0.53885
v -5.27326 0.00187 -0.26828
v -5.07521 0.05172 -0.42074
v -5.16419 0.03262 -0.52017
v -5.27326 0.12001 -0.26828
v -5.01010 0.11414 -0.26828
v -5.07521 0.05172 -0.42074
v -5.01010 0.11414 -0.26828
v -5.08284 0.03576 -0.12170
v -4.90957 -0.08960 -0.26828
v -5.08284 0.03576 -0.12170
v -4.91426 -0.05146 0.00808
v -4.90957 -0.08960 -0.26828
v -5.08284 0.03576 -0.12170
v -5.17705 -0.01395 -0.04609
v -4.91426 -0.05146 0.00808
v -5.17705 -0.01395 -0.04609
v -5.05569 -0.03600 0.23419
v -4.91426 -0.05146 0.00808
v -5.17705 -0.01395 -0.04609
v -5.27326 0.10170 0.07344
v -5.05569 -0.03600 0.23419
v -5.27326 0.10170 0.07344
v -5.27326 0.00040 0.37663
v -5.05569 -0.03600 0.23419
v -5.27326 0.10170 0.07344
v -5.39380 0.07415 0.01009
v -5.27326 0.00040 0.37663
v -5.39380 0.07415 0.01009
v -5.46176 -0.07961 0.16704
v -5.27326 0.00040 0.37663
v -5.39380 0.07415 0.01009
v -5.47291 0.05505 -0.11459
v -5.46176 -0.07961 0.16704
v -5.47291 0.05505 -0.11459
v -5.60076 -0.07874 -0.01617
v -5.46176 -0.07961 0.16704
v -5.47291 0.05505 -0.11459
v -5.46932 -0.00737 -0.26828
v -5.60076 -0.07874 -0.01617
v -5.46932 -0.00737 -0.26828
v -5.75810 0.00127 -0.26828
v -5.60076 -0.07874 -0.01617
v -5.46932 -0.00737 -0.26828
v -5.48054 0.07101 -0.42784
v -5.75810 0.00127 -0.26828
v -5.48054 0.07101 -0.42784
v -5.64911 -0.03687 -0.55761
v -5.75810 0.00127 -0.26828
v -5.48054 0.07101 -0.42784
v -5.40666 0.12072 -0.57635
v -5.64911 -0.03687 -0.55761
v -5.40666 0.12072 -0.57635
v -5.47995 -0.05233 -0.74560
v -5.64911 -0.03687 -0.55761
v -5.40666 0.12072 -0.57635
v -5.27326 0.00507 -0.53885
v -5.47995 -0.05233 -0.74560
v -5.27326 0.00507 -0.53885
v -5.27326 -0.08872 -0.75475
v -5.47995 -0.05233 -0.74560
v -5.27326 0.00507 -0.53885
v -5.16419 0.03262 -0.52017
v -5.27326 -0.08872 -0.75475
v -5.16419 0.03262 -0.52017
v -5.03750 -0.00872 -0.81275
v -5.27326 -0.08872 -0.75475
v -5.16419 0.03262 -0.52017
v -5.07521 0.05172 -0.42074
v -5.03750 -0.00872 -0.81275
v -5.07521 0.05172 -0.42074
v -4.86591 -0.00959 -0.58186
v -5.03750 -0.00872 -0.81275
v -5.07521 0.05172 -0.42074
v -5.01010 0.11414 -0.26828
v -4.86591 -0.00959 -0.58186
v -5.01010 0.11414 -0.26828
v -4.90957 -0.08960 -0.26828
v -4.86591 -0.00959 -0.58186
v -4.90957 -0.08960 -0.26828
v -4.91426 -0.05146 0.00808
v -4.78137 -0.20955 -0.26828
v -4.91426 -0.05146 0.00808
v -4.71474 -0.16201 0.16167
v -4.78137 -0.20955 -0.26828
v -4.91426 -0.05146 0.00808
v -5.05569 -0.03600 0.23419
v -4.71474 -0.16201 0.16167
v -5.05569 -0.03600 0.23419
v -4.98534 -0.18347 0.39665
v -4.71474 -0.16201 0.16167
v -5.05569 -0.03600 0.23419
v -5.27326 0.00040 0.37663
v -4.98534 -0.18347 0.39665
v -5.27326 0.00040 0.37663
v -5.27326 -0.21557 0.36172
v -4.98534 -0.18347 0.39665
v -5.27326 0.00040 0.37663
v -5.46176 -0.07961 0.16704
v -5.27326 -0.21557 0.36172
v -5.46176 -0.07961 0.16704
v -5.55253 -0.18885 0.37665
v -5.27326 -0.21557 0.36172
v -5.46176 -0.07961 0.16704
v -5.60076 -0.07874 -0.01617
v -5.55253 -0.18885 0.37665
v -5.60076 -0.07874 -0.01617
v -5.77801 -0.18130 0.12028
v -5.55253 -0.18885 0.37665
v -5.60076 -0.07874 -0.01617
v -5.75810 0.00127 -0.26828
v -5.77801 -0.18130 0.12028
v -5.75810 0.00127 -0.26828
v -5.89002 -0.17076 -0.26828
v -5.77801 -0.18130 0.12028
v -5.75810 0.00127 -0.26828
v -5.64911 -0.03687 -0.55761
v -5.89002 -0.17076 -0.26828
v -5.64911 -0.03687 -0.55761
v -5.67486 -0.21830 -0.57743
v -5.89002 -0.17076 -0.26828
v -5.64911 -0.03687 -0.55761
v -5.47995 -0.05233 -0.74560
v -5.67486 -0.21830 -0.57743
v -5.47995 -0.05233 -0.74560
v -5.53967 -0.19684 -0.88352
v -5.67486 -0.21830 -0.57743
v -5.47995 -0.05233 -0.74560
v -5.27326 -0.08872 -0.75475
v -5.53967 -0.19684 -0.88352
v -5.27326 -0.08872 -0.75475
v -5.27326 -0.16473 -1.11649
v -5.53967 -0.19684 -0.88352
v -5.27326 -0.08872 -0.75475
v -5.03750 -0.00872 -0.81275
v -5.27326 -0.16473 -1.11649
v -5.03750 -0.00872 -0.81275
v -4.99820 -0.19146 -0.90351
v -5.27326 -0.16473 -1.11649
v -5.03750 -0.00872 -0.81275
v -4.86591 -0.00959 -0.58186
v -4.99820 -0.19146 -0.90351
v -4.86591 -0.00959 -0.58186
v -4.81789 -0.19901 -0.61883
v -4.99820 -0.19146 -0.90351
v -4.86591 -0.00959 -0.58186
v -4.90957 -0.08960 -0.26828
v -4.81789 -0.19901 -0.61883
v -4.90957 -0.08960 -0.26828
v -4.78137 -0.20955 -0.26828
v -4.81789 -0.19901 -0.61883
v -4.78137 -0.20955 -0.26828
v -4.71474 -0.16201 0.16167
v -4.59527 -0.36236 -0.26828
v -4.71474 -0.16201 0.16167
v -4.77284 -0.36236 0.11695
v -4.59527 -0.36236 -0.26828
v -4.71474 -0.16201 0.16167
v -4.98534 -0.18347 0.39665
v -4.77284 -0.36236 0.11695
v -4.98534 -0.18347 0.39665
v -4.99407 -0.36236 0.37648
v -4.77284 -0.36236 0.11695
v -4.98534 -0.18347 0.39665
v -5.27326 -0.21557 0.36172
v -4.99407 -0.36236 0.37648
v -5.27326 -0.21557 0.36172
v -5.27326 -0.36236 0.47727
v -4.99407 -0.36236 0.37648
v -5.27326 -0.21557 0.36172
v -5.55253 -0.18885 0.37665
v -5.27326 -0.36236 0.47727
v -5.55253 -0.18885 0.37665
v -5.63044 -0.36236 0.55660
v -5.27326 -0.36236 0.47727
v -5.55253 -0.18885 0.37665
v -5.77801 -0.18130 0.12028
v -5.63044 -0.36236 0.55660
v -5.77801 -0.18130 0.12028
v -5.77369 -0.36236 0.11695
v -5.63044 -0.36236 0.55660
v -5.77801 -0.18130 0.12028
v -5.89002 -0.17076 -0.26828
v -5.77369 -0.36236 0.11695
v -5.89002 -0.17076 -0.26828
v -5.79527 -0.36236 -0.26828
v -5.77369 -0.36236 0.11695
v -5.89002 -0.17076 -0.26828
v -5.67486 -0.21830 -0.57743
v -5.79527 -0.36236 -0.26828
v -5.67486 -0.21830 -0.57743
v -5.81207 -0.36236 -0.68305
v -5.79527 -0.36236 -0.26828
v -5.67486 -0.21830 -0.57743
v -5.53967 -0.19684 -0.88352
v -5.81207 -0.36236 -0.68305
v -5.53967 -0.19684 -0.88352
v -5.59407 -0.36236 -1.00916
v -5.81207 -0.36236 -0.68305
v -5.53967 -0.19684 -0.88352
v -5.27326 -0.16473 -1.11649
v -5.59407 -0.36236 -1.00916
v -5.27326 -0.16473 -1.11649
v -5.27326 -0.36236 -1.12273
v -5.59407 -0.36236 -1.00916
v -5.27326 -0.16473 -1.11649
v -4.99820 -0.19146 -0.90351
v -5.27326 -0.36236 -1.12273
v -4.99820 -0.19146 -0.90351
v -5.03044 -0.36236 -0.82904
v -5.27326 -0.36236 -1.12273
v -4.99820 -0.19146 -0.90351
v -4.81789 -0.19901 -0.61883
v -5.03044 -0.36236 -0.82904
v -4.81789 -0.19901 -0.61883
v -4.73446 -0.36236 -0.68305
v -5.03044 -0.36236 -0.82904
v -4.81789 -0.19901 -0.61883
v -4.78137 -0.20955 -0.26828
v -4.73446 -0.36236 -0.68305
v -4.78137 -0.20955 -0.26828
v -4.59527 -0.36236 -0.26828
v -4.73446 -0.36236 -0.68305
v -4.59527 -0.36236 -0.26828
v -4.77284 -0.36236 0.11695
v -4.71165 -0.53683 -0.26828
v -4.77284 -0.36236 0.11695
v -4.88381 -0.50206 0.03152
v -4.71165 -0.53683 -0.26828
v -4.77284 -0.36236 0.11695
v -4.99407 -0.36236 0.37648
v -4.88381 -0.50206 0.03152
v -4.99407 -0.36236 0.37648
v -4.96642 -0.55301 0.44033
v -4.88381 -0.50206 0.03152
v -4.99407 -0.36236 0.37648
v -5.27326 -0.36236 0.47727
v -4.96642 -0.55301 0.44033
v -5.27326 -0.36236 0.47727
v -5.27326 -0.55051 0.53924
v -4.96642 -0.55301 0.44033
v -5.27326 -0.36236 0.47727
v -5.63044 -0.36236 0.55660
v -5.27326 -0.55051 0.53924
v -5.63044 -0.36236 0.55660
v -5.53361 -0.52412 0.33297
v -5.27326 -0.55051 0.53924
v -5.63044 -0.36236 0.55660
v -5.77369 -0.36236 0.11695
v -5.53361 -0.52412 0.33297
v -5.77369 -0.36236 0.11695
v -5.71649 -0.52135 0.07291
v -5.53361 -0.52412 0.33297
v -5.77369 -0.36236 0.11695
v -5.79527 -0.36236 -0.26828
v -5.71649 -0.52135 0.07291
v -5.79527 -0.36236 -0.26828
v -5.82031 -0.53231 -0.26828
v -5.71649 -0.52135 0.07291
v -5.79527 -0.36236 -0.26828
v -5.81207 -0.36236 -0.68305
v -5.82031 -0.53231 -0.26828
v -5.81207 -0.36236 -0.68305
v -5.84394 -0.56707 -0.70759
v -5.82031 -0.53231 -0.26828
v -5.81207 -0.36236 -0.68305
v -5.59407 -0.36236 -1.00916
v -5.84394 -0.56707 -0.70759
v -5.59407 -0.36236 -1.00916
v -5.52075 -0.51613 -0.83983
v -5.84394 -0.56707 -0.70759
v -5.59407 -0.36236 -1.00916
v -5.27326 -0.36236 -1.12273
v -5.52075 -0.51613 -0.83983
v -5.27326 -0.36236 -1.12273
v -5.27326 -0.51863 -0.93897
v -5.52075 -0.51613 -0.83983
v -5.27326 -0.36236 -1.12273
v -5.03044 -0.36236 -0.82904
v -5.27326 -0.51863 -0.93897
v -5.03044 -0.36236 -0.82904
v -4.97928 -0.54502 -0.94720
v -5.27326 -0.51863 -0.93897
v -5.03044 -0.36236 -0.82904
v -4.73446 -0.36236 -0.68305
v -4.97928 -0.54502 -0.94720
v -4.73446 -0.36236 -0.68305
v -4.75636 -0.54778 -0.66619
v -4.97928 -0.54502 -0.94720
v -4.73446 -0.36236 -0.68305
v -4.59527 -0.36236 -0.26828
v -4.75636 -0.54778 -0.66619
v -4.59527 -0.36236 -0.26828
v -4.71165 -0.53683 -0.26828
v -4.75636 -0.54778 -0.66619
v -4.71165 -0.53683 -0.26828
v -4.88381 -0.50206 0.03152
v -4.86641 -0.66750 -0.26828
v -4.88381 -0.50206 0.03152
v -4.87822 -0.70448 0.03582
v -4.86641 -0.66750 -0.26828
v -4.88381 -0.50206 0.03152
v -4.96642 -0.55301 0.44033
v -4.87822 -0.70448 0.03582
v -4.96642 -0.55301 0.44033
v -5.04577 -0.70361 0.25710
v -4.87822 -0.70448 0.03582
v -4.96642 -0.55301 0.44033
v -5.27326 -0.55051 0.53924
v -5.04577 -0.70361 0.25710
v -5.27326 -0.55051 0.53924
v -5.27326 -0.66663 0.27264
v -5.04577 -0.70361 0.25710
v -5.27326 -0.55051 0.53924
v -5.53361 -0.52412 0.33297
v -5.27326 -0.66663 0.27264
v -5.53361 -0.52412 0.33297
v -5.45184 -0.63023 0.14413
v -5.27326 -0.66663 0.27264
v -5.53361 -0.52412 0.33297
v -5.71649 -0.52135 0.07291
v -5.45184 -0.63023 0.14413
v -5.71649 -0.52135 0.07291
v -5.69980 -0.73176 0.06007
v -5.45184 -0.63023 0.14413
v -5.71649 -0.52135 0.07291
v -5.82031 -0.53231 -0.26828
v -5.69980 -0.73176 0.06007
v -5.82031 -0.53231 -0.26828
v -5.71494 -0.69362 -0.26828
v -5.69980 -0.73176 0.06007
v -5.82031 -0.53231 -0.26828
v -5.84394 -0.56707 -0.70759
v -5.71494 -0.69362 -0.26828
v -5.84394 -0.56707 -0.70759
v -5.61307 -0.65664 -0.52986
v -5.71494 -0.69362 -0.26828
v -5.84394 -0.56707 -0.70759
v -5.52075 -0.51613 -0.83983
v -5.61307 -0.65664 -0.52986
v -5.52075 -0.51613 -0.83983
v -5.47003 -0.65751 -0.72270
v -5.61307 -0.65664 -0.52986
v -5.52075 -0.51613 -0.83983
v -5.27326 -0.51863 -0.93897
v -5.47003 -0.65751 -0.72270
v -5.27326 -0.51863 -0.93897
v -5.27326 -0.69449 -0.85873
v -5.47003 -0.65751 -0.72270
v -5.27326 -0.51863 -0.93897
v -4.97928 -0.54502 -0.94720
v -5.27326 -0.69449 -0.85873
v -4.97928 -0.54502 -0.94720
v -5.02758 -0.73089 -0.83566
v -5.27326 -0.69449 -0.85873
v -4.97928 -0.54502 -0.94720
v -4.75636 -0.54778 -0.66619
v -5.02758 -0.73089 -0.83566
v -4.75636 -0.54778 -0.66619
v -4.96496 -0.62936 -0.50561
v -5.02758 -0.73089 -0.83566
v -4.75636 -0.54778 -0.66619
v -4.71165 -0.53683 -0.26828
v -4.96496 -0.62936 -0.50561
v -4.71165 -0.53683 -0.26828
v -4.86641 -0.66750 -0.26828
v -4.96496 -0.62936 -0.50561
v -4.86641 -0.66750 -0.26828
v -4.87822 -0.70448 0.03582
v -5.02206 -0.81721 -0.26828
v -4.87822 -0.70448 0.03582
v -5.05384 -0.82113 -0.09937
v -5.02206 -0.81721 -0.26828
v -4.87822 -0.70448 0.03582
v -5.04577 -0.70361 0.25710
v -5.05384 -0.82113 -0.09937
v -5.04577 -0.70361 0.25710
v -5.18030 -0.69902 -0.05359
v -5.05384 -0.82113 -0.09937
v -5.04577 -0.70361 0.25710
v -5.27326 -0.66663 0.27264
v -5.18030 -0.69902 -0.05359
v -5.27326 -0.66663 0.27264
v -5.27326 -0.78506 0.04298
v -5.18030 -0.69902 -0.05359
v -5.27326 -0.66663 0.27264
v -5.45184 -0.63023 0.14413
v -5.27326 -0.78506 0.04298
v -5.45184 -0.63023 0.14413
v -5.39705 -0.81063 0.01759
v -5.27326 -0.78506 0.04298
v -5.45184 -0.63023 0.14413
v -5.69980 -0.73176 0.06007
v -5.39705 -0.81063 0.01759
v -5.69980 -0.73176 0.06007
v -5.48346 -0.80184 -0.10647
v -5.39705 -0.81063 0.01759
v -5.69980 -0.73176 0.06007
v -5.71494 -0.69362 -0.26828
v -5.48346 -0.80184 -0.10647
v -5.71494 -0.69362 -0.26828
v -5.48128 -0.73901 -0.26828
v -5.48346 -0.80184 -0.10647
v -5.71494 -0.69362 -0.26828
v -5.61307 -0.65664 -0.52986
v -5.48128 -0.73901 -0.26828
v -5.61307 -0.65664 -0.52986
v -5.45153 -0.73508 -0.40551
v -5.48128 -0.73901 -0.26828
v -5.61307 -0.65664 -0.52986
v -5.47003 -0.65751 -0.72270
v -5.45153 -0.73508 -0.40551
v -5.47003 -0.65751 -0.72270
v -5.40991 -0.85720 -0.58385
v -5.45153 -0.73508 -0.40551
v -5.47003 -0.65751 -0.72270
v -5.27326 -0.69449 -0.85873
v -5.40991 -0.85720 -0.58385
v -5.27326 -0.69449 -0.85873
v -5.27326 -0.77116 -0.56931
v -5.40991 -0.85720 -0.58385
v -5.27326 -0.69449 -0.85873
v -5.02758 -0.73089 -0.83566
v -5.27326 -0.77116 -0.56931
v -5.02758 -0.73089 -0.83566
v -5.16744 -0.74559 -0.51267
v -5.27326 -0.77116 -0.56931
v -5.02758 -0.73089 -0.83566
v -4.96496 -0.62936 -0.50561
v -5.16744 -0.74559 -0.51267
v -4.96496 -0.62936 -0.50561
v -5.08577 -0.75437 -0.41261
v -5.16744 -0.74559 -0.51267
v -4.96496 -0.62936 -0.50561
v -4.86641 -0.66750 -0.26828
v -5.08577 -0.75437 -0.41261
v -4.86641 -0.66750 -0.26828
v -5.02206 -0.81721 -0.26828
v -5.08577 -0.75437 -0.41261
v -5.02206 -0.81721 -0.26828
v -5.05384 -0.82113 -0.09937
v -5.27326 -0.77999 -0.26828
v -5.05384 -0.82113 -0.09937
v -5.18030 -0.69902 -0.05359
v -5.27326 -0.78115 -0.26828
v -5.18030 -0.69902 -0.05359
v -5.27326 -0.78506 0.04298
v -5.27326 -0.79748 -0.26828
v -5.27326 -0.78506 0.04298
v -5.39705 -0.81063 0.01759
v -5.27326 -0.87085 -0.26828
v -5.39705 -0.81063 0.01759
v -5.48346 -0.80184 -0.10647
v -5.27326 -0.82724 -0.26828
v -5.48346 -0.80184 -0.10647
v -5.48128 -0.73901 -0.26828
v -5.27326 -0.72659 -0.26828
v -5.48128 -0.73901 -0.26828
v -5.45153 -0.73508 -0.40551
v -5.27326 -0.84473 -0.26828
v -5.45153 -0.73508 -0.40551
v -5.40991 -0.85720 -0.58385
v -5.27326 -0.84357 -0.26828
v -5.40991 -0.85720 -0.58385
v -5.27326 -0.77116 -0.56931
v -5.27326 -0.82724 -0.26828
v -5.27326 -0.77116 -0.56931
v -5.16744 -0.74559 -0.51267
v -5.27326 -0.75387 -0.26828
v -5.16744 -0.74559 -0.51267
v -5.08577 -0.75437 -0.41261
v -5.27326 -0.79748 -0.26828
v -5.08577 -0.75437 -0.41261
v -5.02206 -0.81721 -0.26828
v -5.27326 -0.89813 -0.26828
v -6.53949 0.69358 -6.38140
v -6.34747 0.71577 -6.23358
v -6.33185 0.69026 -6.38140
v -6.53949 0.74088 -6.38140
v -6.41551 0.76327 -6.09508
v -6.34747 0.71577 -6.23358
v -6.53949 0.80775 -6.38140
v -6.53949 0.77502 -6.04214
v -6.41551 0.76327 -6.09508
v -6.53949 0.78773 -6.38140
v -6.63226 0.65026 -6.16715
v -6.53949 0.77502 -6.04214
v -6.53949 0.74814 -6.38140
v -6.74073 0.73506 -6.22648
v -6.63226 0.65026 -6.16715
v -6.53949 0.69363 -6.38140
v -6.79107 0.76985 -6.38140
v -6.74073 0.73506 -6.22648
v -6.53949 0.83503 -6.38140
v -6.74516 0.74433 -6.53973
v -6.79107 0.76985 -6.38140
v -6.53949 0.78773 -6.38140
v -6.64512 0.69683 -6.62535
v -6.74516 0.74433 -6.53973
v -6.53949 0.72086 -6.38140
v -6.53949 0.68509 -6.65443
v -6.64512 0.69683 -6.62535
v -6.53949 0.74088 -6.38140
v -6.40265 0.80984 -6.69741
v -6.53949 0.68509 -6.65443
v -6.53949 0.78047 -6.38140
v -6.34303 0.72504 -6.53263
v -6.40265 0.80984 -6.69741
v -6.53949 0.83498 -6.38140
v -6.33185 0.69026 -6.38140
v -6.34303 0.72504 -6.53263
v -6.33185 0.69026 -6.38140
v -6.34747 0.71577 -6.23358
v -6.13338 0.61889 -6.38140
v -6.34747 0.71577 -6.23358
v -6.09952 0.69533 -6.04271
v -6.13338 0.61889 -6.38140
v -6.34747 0.71577 -6.23358
v -6.41551 0.76327 -6.09508
v -6.09952 0.69533 -6.04271
v -6.41551 0.76327 -6.09508
v -6.34312 0.60885 -5.92791
v -6.09952 0.69533 -6.04271
v -6.41551 0.76327 -6.09508
v -6.53949 0.77502 -6.04214
v -6.34312 0.60885 -5.92791
v -6.53949 0.77502 -6.04214
v -6.53949 0.60694 -5.86115
v -6.34312 0.60885 -5.92791
v -6.53949 0.77502 -6.04214
v -6.63226 0.65026 -6.16715
v -6.53949 0.60694 -5.86115
v -6.63226 0.65026 -6.16715
v -6.74920 0.62887 -5.89709
v -6.53949 0.60694 -5.86115
v -6.63226 0.65026 -6.16715
v -6.74073 0.73506 -6.22648
v -6.74920 0.62887 -5.89709
v -6.74073 0.73506 -6.22648
v -6.94795 0.66805 -6.06696
v -6.74920 0.62887 -5.89709
v -6.74073 0.73506 -6.22648
v -6.79107 0.76985 -6.38140
v -6.94795 0.66805 -6.06696
v -6.79107 0.76985 -6.38140
v -6.98190 0.64612 -6.38140
v -6.94795 0.66805 -6.06696
v -6.79107 0.76985 -6.38140
v -6.74516 0.74433 -6.53973
v -6.98190 0.64612 -6.38140
v -6.74516 0.74433 -6.53973
v -6.83436 0.56968 -6.60840
v -6.98190 0.64612 -6.38140
v -6.74516 0.74433 -6.53973
v -6.64512 0.69683 -6.62535
v -6.83436 0.56968 -6.60840
v -6.64512 0.69683 -6.62535
v -6.76738 0.65615 -6.90771
v -6.83436 0.56968 -6.60840
v -6.64512 0.69683 -6.62535
v -6.53949 0.68509 -6.65443
v -6.76738 0.65615 -6.90771
v -6.53949 0.68509 -6.65443
v -6.53949 0.65806 -6.99252
v -6.76738 0.65615 -6.90771
v -6.53949 0.68509 -6.65443
v -6.40265 0.80984 -6.69741
v -6.53949 0.65806 -6.99252
v -6.40265 0.80984 -6.69741
v -6.32493 0.63613 -6.87689
v -6.53949 0.65806 -6.99252
v -6.40265 0.80984 -6.69741
v -6.34303 0.72504 -6.53263
v -6.32493 0.63613 -6.87689
v -6.34303 0.72504 -6.53263
v -6.21311 0.59696 -6.63264
v -6.32493 0.63613 -6.87689
v -6.34303 0.72504 -6.53263
v -6.33185 0.69026 -6.38140
v -6.21311 0.59696 -6.63264
v -6.33185 0.69026 -6.38140
v -6.13338 0.61889 -6.38140
v -6.21311 0.59696 -6.63264
v -6.13338 0.61889 -6.38140
v -6.09952 0.69533 -6.04271
v -5.95594 0.49559 -6.38140
v -6.09952 0.69533 -6.04271
v -6.06579 0.48423 -6.01675
v -5.95594 0.49559 -6.38140
v -6.09952 0.69533 -6.04271
v -6.34312 0.60885 -5.92791
v -6.06579 0.48423 -6.01675
v -6.34312 0.60885 -5.92791
v -6.29739 0.46473 -5.82230
v -6.06579 0.48423 -6.01675
v -6.34312 0.60885 -5.92791
v -6.53949 0.60694 -5.86115
v -6.29739 0.46473 -5.82230
v -6.53949 0.60694 -5.86115
v -6.53949 0.49152 -5.62079
v -6.29739 0.46473 -5.82230
v -6.53949 0.60694 -5.86115
v -6.74920 0.62887 -5.89709
v -6.53949 0.49152 -5.62079
v -6.74920 0.62887 -5.89709
v -6.86457 0.51629 -5.63064
v -6.53949 0.49152 -5.62079
v -6.74920 0.62887 -5.89709
v -6.94795 0.66805 -6.06696
v -6.86457 0.51629 -5.63064
v -6.94795 0.66805 -6.06696
v -6.95940 0.46494 -6.05814
v -6.86457 0.51629 -5.63064
v -6.94795 0.66805 -6.06696
v -6.98190 0.64612 -6.38140
v -6.95940 0.46494 -6.05814
v -6.98190 0.64612 -6.38140
v -7.06460 0.47744 -6.38140
v -6.95940 0.46494 -6.05814
v -6.98190 0.64612 -6.38140
v -6.83436 0.56968 -6.60840
v -7.06460 0.47744 -6.38140
v -6.83436 0.56968 -6.60840
v -7.02592 0.48880 -6.75585
v -7.06460 0.47744 -6.38140
v -6.83436 0.56968 -6.60840
v -6.76738 0.65615 -6.90771
v -7.02592 0.48880 -6.75585
v -6.76738 0.65615 -6.90771
v -6.85171 0.50830 -7.10246
v -7.02592 0.48880 -6.75585
v -6.76738 0.65615 -6.90771
v -6.53949 0.65806 -6.99252
v -6.85171 0.50830 -7.10246
v -6.53949 0.65806 -6.99252
v -6.53949 0.48150 -7.09900
v -6.85171 0.50830 -7.10246
v -6.53949 0.65806 -6.99252
v -6.32493 0.63613 -6.87689
v -6.53949 0.48150 -7.09900
v -6.32493 0.63613 -6.87689
v -6.31025 0.45674 -6.91080
v -6.53949 0.48150 -7.09900
v -6.32493 0.63613 -6.87689
v -6.21311 0.59696 -6.63264
v -6.31025 0.45674 -6.91080
v -6.21311 0.59696 -6.63264
v -5.99928 0.50809 -6.79725
v -6.31025 0.45674 -6.91080
v -6.21311 0.59696 -6.63264
v -6.13338 0.61889 -6.38140
v -5.99928 0.50809 -6.79725
v -6.13338 0.61889 -6.38140
v -5.95594 0.49559 -6.38140
v -5.99928 0.50809 -6.79725
v -5.95594 0.49559 -6.38140
v -6.06579 0.48423 -6.01675
v -5.99741 0.31431 -6.38140
v -6.06579 0.48423 -6.01675
v -6.08329 0.31431 -6.03022
v -5.99741 0.31431 -6.38140
v -6.06579 0.48423 -6.01675
v -6.29739 0.46473 -5.82230
v -6.08329 0.31431 -6.03022
v -6.29739 0.46473 -5.82230
v -6.19234 0.31431 -5.57969
v -6.08329 0.31431 -6.03022
v -6.29739 0.46473 -5.82230
v -6.53949 0.49152 -5.62079
v -6.19234 0.31431 -5.57969
v -6.53949 0.49152 -5.62079
v -6.53949 0.31431 -5.56775
v -6.19234 0.31431 -5.57969
v -6.53949 0.49152 -5.62079
v -6.86457 0.51629 -5.63064
v -6.53949 0.31431 -5.56775
v -6.86457 0.51629 -5.63064
v -6.82871 0.31431 -5.71347
v -6.53949 0.31431 -5.56775
v -6.86457 0.51629 -5.63064
v -6.95940 0.46494 -6.05814
v -6.82871 0.31431 -5.71347
v -6.95940 0.46494 -6.05814
v -6.99568 0.31431 -6.03022
v -6.82871 0.31431 -5.71347
v -6.95940 0.46494 -6.05814
v -7.06460 0.47744 -6.38140
v -6.99568 0.31431 -6.03022
v -7.06460 0.47744 -6.38140
v -7.19741 0.31431 -6.38140
v -6.99568 0.31431 -6.03022
v -7.06460 0.47744 -6.38140
v -7.02592 0.48880 -6.75585
v -7.19741 0.31431 -6.38140
v -7.02592 0.48880 -6.75585
v -7.12252 0.31431 -6.83022
v -7.19741 0.31431 -6.38140
v -7.02592 0.48880 -6.75585
v -6.85171 0.50830 -7.10246
v -7.12252 0.31431 -6.83022
v -6.85171 0.50830 -7.10246
v -6.79234 0.31431 -6.96533
v -7.12252 0.31431 -6.83022
v -6.85171 0.50830 -7.10246
v -6.53949 0.48150 -7.09900
v -6.79234 0.31431 -6.96533
v -6.53949 0.48150 -7.09900
v -6.53949 0.31431 -7.16775
v -6.79234 0.31431 -6.96533
v -6.53949 0.48150 -7.09900
v -6.31025 0.45674 -6.91080
v -6.53949 0.31431 -7.16775
v -6.31025 0.45674 -6.91080
v -6.22871 0.31431 -7.09911
v -6.53949 0.31431 -7.16775
v -6.31025 0.45674 -6.91080
v -5.99928 0.50809 -6.79725
v -6.22871 0.31431 -7.09911
v -5.99928 0.50809 -6.79725
v -5.95645 0.31431 -6.83022
v -6.22871 0.31431 -7.09911
v -5.99928 0.50809 -6.79725
v -5.95594 0.49559 -6.38140
v -5.95645 0.31431 -6.83022
v -5.95594 0.49559 -6.38140
v -5.99741 0.31431 -6.38140
v -5.95645 0.31431 -6.83022
v -5.99741 0.31431 -6.38140
v -6.08329 0.31431 -6.03022
v -5.97341 0.13845 -6.38140
v -6.08329 0.31431 -6.03022
v -6.03393 0.13295 -5.99222
v -5.97341 0.13845 -6.38140
v -6.08329 0.31431 -6.03022
v -6.19234 0.31431 -5.57969
v -6.03393 0.13295 -5.99222
v -6.19234 0.31431 -5.57969
v -6.23488 0.12505 -5.67793
v -6.03393 0.13295 -5.99222
v -6.19234 0.31431 -5.57969
v -6.53949 0.31431 -5.56775
v -6.23488 0.12505 -5.67793
v -6.53949 0.31431 -5.56775
v -6.53949 0.16781 -5.75264
v -6.23488 0.12505 -5.67793
v -6.53949 0.31431 -5.56775
v -6.82871 0.31431 -5.71347
v -6.53949 0.16781 -5.75264
v -6.82871 0.31431 -5.71347
v -6.80206 0.15116 -5.77500
v -6.53949 0.16781 -5.75264
v -6.82871 0.31431 -5.71347
v -6.99568 0.31431 -6.03022
v -6.80206 0.15116 -5.77500
v -6.99568 0.31431 -6.03022
v -7.09882 0.11366 -5.95082
v -6.80206 0.15116 -5.77500
v -6.99568 0.31431 -6.03022
v -7.19741 0.31431 -6.38140
v -7.09882 0.11366 -5.95082
v -7.19741 0.31431 -6.38140
v -7.08207 0.14575 -6.38140
v -7.09882 0.11366 -5.95082
v -7.19741 0.31431 -6.38140
v -7.12252 0.31431 -6.83022
v -7.08207 0.14575 -6.38140
v -7.12252 0.31431 -6.83022
v -6.99405 0.15124 -6.73132
v -7.08207 0.14575 -6.38140
v -7.12252 0.31431 -6.83022
v -6.79234 0.31431 -6.96533
v -6.99405 0.15124 -6.73132
v -6.79234 0.31431 -6.96533
v -6.78920 0.15915 -6.95810
v -6.99405 0.15124 -6.73132
v -6.79234 0.31431 -6.96533
v -6.53949 0.31431 -7.16775
v -6.78920 0.15915 -6.95810
v -6.53949 0.31431 -7.16775
v -6.53949 0.11639 -7.23085
v -6.78920 0.15915 -6.95810
v -6.53949 0.31431 -7.16775
v -6.22871 0.31431 -7.09911
v -6.53949 0.11639 -7.23085
v -6.22871 0.31431 -7.09911
v -6.24774 0.13304 -7.05516
v -6.53949 0.11639 -7.23085
v -6.22871 0.31431 -7.09911
v -5.95645 0.31431 -6.83022
v -6.24774 0.13304 -7.05516
v -5.95645 0.31431 -6.83022
v -6.13869 0.17053 -6.68993
v -6.24774 0.13304 -7.05516
v -5.95645 0.31431 -6.83022
v -5.99741 0.31431 -6.38140
v -6.13869 0.17053 -6.68993
v -5.99741 0.31431 -6.38140
v -5.97341 0.13845 -6.38140
v -6.13869 0.17053 -6.68993
v -5.97341 0.13845 -6.38140
v -6.03393 0.13295 -5.99222
v -6.03914 -0.06095 -6.38140
v -6.03393 0.13295 -5.99222
v -6.18118 0.00401 -6.10558
v -6.03914 -0.06095 -6.38140
v -6.03393 0.13295 -5.99222
v -6.23488 0.12505 -5.67793
v -6.18118 0.00401 -6.10558
v -6.23488 0.12505 -5.67793
v -6.35874 0.04318 -5.96398
v -6.18118 0.00401 -6.10558
v -6.23488 0.12505 -5.67793
v -6.53949 0.16781 -5.75264
v -6.35874 0.04318 -5.96398
v -6.53949 0.16781 -5.75264
v -6.53949 -0.02178 -5.78392
v -6.35874 0.04318 -5.96398
v -6.53949 0.16781 -5.75264
v -6.80206 0.15116 -5.77500
v -6.53949 -0.02178 -5.78392
v -6.80206 0.15116 -5.77500
v -6.76481 -0.02369 -5.86102
v -6.53949 -0.02178 -5.78392
v -6.80206 0.15116 -5.77500
v -7.09882 0.11366 -5.95082
v -6.76481 -0.02369 -5.86102
v -7.09882 0.11366 -5.95082
v -6.92929 -0.02327 -6.08133
v -6.76481 -0.02369 -5.86102
v -7.09882 0.11366 -5.95082
v -7.08207 0.14575 -6.38140
v -6.92929 -0.02327 -6.08133
v -7.08207 0.14575 -6.38140
v -6.88767 0.05317 -6.38140
v -6.92929 -0.02327 -6.08133
v -7.08207 0.14575 -6.38140
v -6.99405 0.15124 -6.73132
v -6.88767 0.05317 -6.38140
v -6.99405 0.15124 -6.73132
v -6.91603 -0.01179 -6.67126
v -6.88767 0.05317 -6.38140
v -6.99405 0.15124 -6.73132
v -6.78920 0.15915 -6.95810
v -6.91603 -0.01179 -6.67126
v -6.78920 0.15915 -6.95810
v -6.78300 -0.05097 -6.94377
v -6.91603 -0.01179 -6.67126
v -6.78920 0.15915 -6.95810
v -6.53949 0.11639 -7.23085
v -6.78300 -0.05097 -6.94377
v -6.53949 0.11639 -7.23085
v -6.53949 0.01399 -6.91529
v -6.78300 -0.05097 -6.94377
v -6.53949 0.11639 -7.23085
v -6.24774 0.13304 -7.05516
v -6.53949 0.01399 -6.91529
v -6.24774 0.13304 -7.05516
v -6.34055 0.01590 -6.84082
v -6.53949 0.01399 -6.91529
v -6.24774 0.13304 -7.05516
v -6.13869 0.17053 -6.68993
v -6.34055 0.01590 -6.84082
v -6.13869 0.17053 -6.68993
v -6.19444 0.01549 -6.64701
v -6.34055 0.01590 -6.84082
v -6.13869 0.17053 -6.68993
v -5.97341 0.13845 -6.38140
v -6.19444 0.01549 -6.64701
v -5.97341 0.13845 -6.38140
v -6.03914 -0.06095 -6.38140
v -6.19444 0.01549 -6.64701
v -6.03914 -0.06095 -6.38140
v -6.18118 0.00401 -6.10558
v -6.32886 -0.06707 -6.38140
v -6.18118 0.00401 -6.10558
v -6.35293 -0.07573 -6.23779
v -6.32886 -0.06707 -6.38140
v -6.18118 0.00401 -6.10558
v -6.35874 0.04318 -5.96398
v -6.35293 -0.07573 -6.23779
v -6.35874 0.04318 -5.96398
v -6.42623 -0.09582 -6.11985
v -6.35293 -0.07573 -6.23779
v -6.35874 0.04318 -5.96398
v -6.53949 -0.02178 -5.78392
v -6.42623 -0.09582 -6.11985
v -6.53949 -0.02178 -5.78392
v -6.53949 -0.17713 -6.01952
v -6.42623 -0.09582 -6.11985
v -6.53949 -0.02178 -5.78392
v -6.76481 -0.02369 -5.86102
v -6.53949 -0.17713 -6.01952
v -6.76481 -0.02369 -5.86102
v -6.64298 -0.06049 -6.14238
v -6.53949 -0.17713 -6.01952
v -6.76481 -0.02369 -5.86102
v -6.92929 -0.02327 -6.08133
v -6.64298 -0.06049 -6.14238
v -6.92929 -0.02327 -6.08133
v -6.71681 -0.05644 -6.24489
v -6.64298 -0.06049 -6.14238
v -6.92929 -0.02327 -6.08133
v -6.88767 0.05317 -6.38140
v -6.71681 -0.05644 -6.24489
v -6.88767 0.05317 -6.38140
v -6.78808 -0.13581 -6.38140
v -6.71681 -0.05644 -6.24489
v -6.88767 0.05317 -6.38140
v -6.91603 -0.01179 -6.67126
v -6.78808 -0.13581 -6.38140
v -6.91603 -0.01179 -6.67126
v -6.75063 -0.12715 -6.54394
v -6.78808 -0.13581 -6.38140
v -6.91603 -0.01179 -6.67126
v -6.78300 -0.05097 -6.94377
v -6.75063 -0.12715 -6.54394
v -6.78300 -0.05097 -6.94377
v -6.65584 -0.10706 -6.65011
v -6.75063 -0.12715 -6.54394
v -6.78300 -0.05097 -6.94377
v -6.53949 0.01399 -6.91529
v -6.65584 -0.10706 -6.65011
v -6.53949 0.01399 -6.91529
v -6.53949 -0.02575 -6.63181
v -6.65584 -0.10706 -6.65011
v -6.53949 0.01399 -6.91529
v -6.34055 0.01590 -6.84082
v -6.53949 -0.02575 -6.63181
v -6.34055 0.01590 -6.84082
v -6.41337 -0.14239 -6.67264
v -6.53949 -0.02575 -6.63181
v -6.34055 0.01590 -6.84082
v -6.19444 0.01549 -6.64701
v -6.41337 -0.14239 -6.67264
v -6.19444 0.01549 -6.64701
v -6.31911 -0.14644 -6.55104
v -6.41337 -0.14239 -6.67264
v -6.19444 0.01549 -6.64701
v -6.03914 -0.06095 -6.38140
v -6.31911 -0.14644 -6.55104
v -6.03914 -0.06095 -6.38140
v -6.32886 -0.06707 -6.38140
v -6.31911 -0.14644 -6.55104
v -6.32886 -0.06707 -6.38140
v -6.35293 -0.07573 -6.23779
v -6.53949 -0.06502 -6.38140
v -6.35293 -0.07573 -6.23779
v -6.42623 -0.09582 -6.11985
v -6.53949 -0.20642 -6.38140
v -6.42623 -0.09582 -6.11985
v -6.53949 -0.17713 -6.01952
v -6.53949 -0.15912 -6.38140
v -6.53949 -0.17713 -6.01952
v -6.64298 -0.06049 -6.14238
v -6.53949 -0.09225 -6.38140
v -6.64298 -0.06049 -6.14238
v -6.71681 -0.05644 -6.24489
v -6.53949 -0.11227 -6.38140
v -6.71681 -0.05644 -6.24489
v -6.78808 -0.13581 -6.38140
v -6.53949 -0.15186 -6.38140
v -6.78808 -0.13581 -6.38140
v -6.75063 -0.12715 -6.54394
v -6.53949 -0.20637 -6.38140
v -6.75063 -0.12715 -6.54394
v -6.65584 -0.10706 -6.65011
v -6.53949 -0.06497 -6.38140
v -6.65584 -0.10706 -6.65011
v -6.53949 -0.02575 -6.63181
v -6.53949 -0.11227 -6.38140
v -6.53949 -0.02575 -6.63181
v -6.41337 -0.14239 -6.67264
v -6.53949 -0.17914 -6.38140
v -6.41337 -0.14239 -6.67264
v -6.31911 -0.14644 -6.55104
v -6.53949 -0.15912 -6.38140
v -6.31911 -0.14644 -6.55104
v -6.32886 -0.06707 -6.38140
v -6.53949 -0.11953 -6.38140
v -4.15640 -1.10213 -4.95144
v -3.94734 -1.02935 -4.79050
v -3.94887 -1.09069 -4.95144
v -4.15640 -1.00431 -4.95144
v -4.03238 -1.01732 -4.66501
v -3.94734 -1.02935 -4.79050
v -4.15640 -0.95807 -4.95144
v -4.15640 -1.04139 -4.63843
v -4.03238 -1.01732 -4.66501
v -4.15640 -1.02860 -4.95144
v -4.24913 -1.13068 -4.73731
v -4.15640 -1.04139 -4.63843
v -4.15640 -1.04757 -4.95144
v -4.37470 -1.01006 -4.78340
v -4.24913 -1.13068 -4.73731
v -4.15640 -1.05156 -4.95144
v -4.40809 -1.01074 -4.95144
v -4.37470 -1.01006 -4.78340
v -4.15640 -0.93079 -4.95144
v -4.34503 -1.07208 -5.09665
v -4.40809 -1.01074 -4.95144
v -4.15640 -1.02860 -4.95144
v -4.26199 -1.08411 -5.19528
v -4.34503 -1.07208 -5.09665
v -4.15640 -1.07485 -4.95144
v -4.15640 -1.06003 -5.25073
v -4.26199 -1.08411 -5.19528
v -4.15640 -1.00431 -4.95144
v -4.01952 -0.97075 -5.26757
v -4.15640 -1.06003 -5.25073
v -4.15640 -0.98535 -4.95144
v -3.97700 -1.09137 -5.08955
v -4.01952 -0.97075 -5.26757
v -4.15640 -0.98135 -4.95144
v -3.94887 -1.09069 -4.95144
v -3.97700 -1.09137 -5.08955
v -3.94887 -1.09069 -4.95144
v -3.94734 -1.02935 -4.79050
v -3.71662 -1.13662 -4.95144
v -3.94734 -1.02935 -4.79050
v -3.72834 -1.09575 -4.62192
v -3.71662 -1.13662 -4.95144
v -3.94734 -1.02935 -4.79050
v -4.03238 -1.01732 -4.66501
v -3.72834 -1.09575 -4.62192
v -4.03238 -1.01732 -4.66501
v -3.97687 -1.19717 -4.53684
v -3.72834 -1.09575 -4.62192
v -4.03238 -1.01732 -4.66501
v -4.15640 -1.04139 -4.63843
v -3.97687 -1.19717 -4.53684
v -4.15640 -1.04139 -4.63843
v -4.15640 -1.16351 -4.41286
v -3.97687 -1.19717 -4.53684
v -4.15640 -1.04139 -4.63843
v -4.24913 -1.13068 -4.73731
v -4.15640 -1.16351 -4.41286
v -4.24913 -1.13068 -4.73731
v -4.38295 -1.12663 -4.42825
v -4.15640 -1.16351 -4.41286
v -4.24913 -1.13068 -4.73731
v -4.37470 -1.01006 -4.78340
v -4.38295 -1.12663 -4.42825
v -4.37470 -1.01006 -4.78340
v -4.55296 -1.12303 -4.64617
v -4.38295 -1.12663 -4.42825
v -4.37470 -1.01006 -4.78340
v -4.40809 -1.01074 -4.95144
v -4.55296 -1.12303 -4.64617
v -4.40809 -1.01074 -4.95144
v -4.56514 -1.15990 -4.95144
v -4.55296 -1.12303 -4.64617
v -4.40809 -1.01074 -4.95144
v -4.34503 -1.07208 -5.09665
v -4.56514 -1.15990 -4.95144
v -4.34503 -1.07208 -5.09665
v -4.46319 -1.20077 -5.18761
v -4.56514 -1.15990 -4.95144
v -4.34503 -1.07208 -5.09665
v -4.26199 -1.08411 -5.19528
v -4.46319 -1.20077 -5.18761
v -4.26199 -1.08411 -5.19528
v -4.40114 -1.09935 -5.51664
v -4.46319 -1.20077 -5.18761
v -4.26199 -1.08411 -5.19528
v -4.15640 -1.06003 -5.25073
v -4.40114 -1.09935 -5.51664
v -4.15640 -1.06003 -5.25073
v -4.15640 -1.13301 -5.54423
v -4.40114 -1.09935 -5.51664
v -4.15640 -1.06003 -5.25073
v -4.01952 -0.97075 -5.26757
v -4.15640 -1.13301 -5.54423
v -4.01952 -0.97075 -5.26757
v -3.95869 -1.16989 -5.40804
v -4.15640 -1.13301 -5.54423
v -4.01952 -0.97075 -5.26757
v -3.97700 -1.09137 -5.08955
v -3.95869 -1.16989 -5.40804
v -3.97700 -1.09137 -5.08955
v -3.81811 -1.17349 -5.21186
v -3.95869 -1.16989 -5.40804
v -3.97700 -1.09137 -5.08955
v -3.94887 -1.09069 -4.95144
v -3.81811 -1.17349 -5.21186
v -3.94887 -1.09069 -4.95144
v -3.71662 -1.13662 -4.95144
v -3.81811 -1.17349 -5.21186
v -3.71662 -1.13662 -4.95144
v -3.72834 -1.09575 -4.62192
v -3.60630 -1.29556 -4.95144
v -3.72834 -1.09575 -4.62192
v -3.71196 -1.30703 -4.60931
v -3.60630 -1.29556 -4.95144
v -3.72834 -1.09575 -4.62192
v -3.97687 -1.19717 -4.53684
v -3.71196 -1.30703 -4.60931
v -3.97687 -1.19717 -4.53684
v -3.89758 -1.30565 -4.35373
v -3.71196 -1.30703 -4.60931
v -3.97687 -1.19717 -4.53684
v -4.15640 -1.16351 -4.41286
v -3.89758 -1.30565 -4.35373
v -4.15640 -1.16351 -4.41286
v -4.15640 -1.27875 -4.14580
v -3.89758 -1.30565 -4.35373
v -4.15640 -1.16351 -4.41286
v -4.38295 -1.12663 -4.42825
v -4.15640 -1.27875 -4.14580
v -4.38295 -1.12663 -4.42825
v -4.46477 -1.27486 -4.23929
v -4.15640 -1.27875 -4.14580
v -4.38295 -1.12663 -4.42825
v -4.55296 -1.12303 -4.64617
v -4.46477 -1.27486 -4.23929
v -4.55296 -1.12303 -4.64617
v -4.54707 -1.32632 -4.65071
v -4.46477 -1.27486 -4.23929
v -4.55296 -1.12303 -4.64617
v -4.56514 -1.15990 -4.95144
v -4.54707 -1.32632 -4.65071
v -4.56514 -1.15990 -4.95144
v -4.71495 -1.29294 -4.95144
v -4.54707 -1.32632 -4.65071
v -4.56514 -1.15990 -4.95144
v -4.46319 -1.20077 -5.18761
v -4.71495 -1.29294 -4.95144
v -4.46319 -1.20077 -5.18761
v -4.67208 -1.28147 -5.34841
v -4.71495 -1.29294 -4.95144
v -4.46319 -1.20077 -5.18761
v -4.40114 -1.09935 -5.51664
v -4.67208 -1.28147 -5.34841
v -4.40114 -1.09935 -5.51664
v -4.45191 -1.28285 -5.63389
v -4.67208 -1.28147 -5.34841
v -4.40114 -1.09935 -5.51664
v -4.15640 -1.13301 -5.54423
v -4.45191 -1.28285 -5.63389
v -4.15640 -1.13301 -5.54423
v -4.15640 -1.30975 -5.62401
v -4.45191 -1.28285 -5.63389
v -4.15640 -1.13301 -5.54423
v -3.95869 -1.16989 -5.40804
v -4.15640 -1.30975 -5.62401
v -3.95869 -1.16989 -5.40804
v -3.91044 -1.31364 -5.51946
v -4.15640 -1.30975 -5.62401
v -3.95869 -1.16989 -5.40804
v -3.81811 -1.17349 -5.21186
v -3.91044 -1.31364 -5.51946
v -3.81811 -1.17349 -5.21186
v -3.58695 -1.26218 -5.38981
v -3.91044 -1.31364 -5.51946
v -3.81811 -1.17349 -5.21186
v -3.71662 -1.13662 -4.95144
v -3.58695 -1.26218 -5.38981
v -3.71662 -1.13662 -4.95144
v -3.60630 -1.29556 -4.95144
v -3.58695 -1.26218 -5.38981
v -3.60630 -1.29556 -4.95144
v -3.71196 -1.30703 -4.60931
v -3.63425 -1.46646 -4.95144
v -3.71196 -1.30703 -4.60931
v -3.65914 -1.46646 -4.56865
v -3.63425 -1.46646 -4.95144
v -3.71196 -1.30703 -4.60931
v -3.89758 -1.30565 -4.35373
v -3.65914 -1.46646 -4.56865
v -3.89758 -1.30565 -4.35373
v -3.79929 -1.46646 -4.12673
v -3.65914 -1.46646 -4.56865
v -3.89758 -1.30565 -4.35373
v -4.15640 -1.27875 -4.14580
v -3.79929 -1.46646 -4.12673
v -4.15640 -1.27875 -4.14580
v -4.15640 -1.46646 -4.20103
v -3.79929 -1.46646 -4.12673
v -4.15640 -1.27875 -4.14580
v -4.46477 -1.27486 -4.23929
v -4.15640 -1.46646 -4.20103
v -4.46477 -1.27486 -4.23929
v -4.43566 -1.46646 -4.30652
v -4.15640 -1.46646 -4.20103
v -4.46477 -1.27486 -4.23929
v -4.54707 -1.32632 -4.65071
v -4.43566 -1.46646 -4.30652
v -4.54707 -1.32632 -4.65071
v -4.65367 -1.46646 -4.56865
v -4.43566 -1.46646 -4.30652
v -4.54707 -1.32632 -4.65071
v -4.71495 -1.29294 -4.95144
v -4.65367 -1.46646 -4.56865
v -4.71495 -1.29294 -4.95144
v -4.83425 -1.46646 -4.95144
v -4.65367 -1.46646 -4.56865
v -4.71495 -1.29294 -4.95144
v -4.67208 -1.28147 -5.34841
v -4.83425 -1.46646 -4.95144
v -4.67208 -1.28147 -5.34841
v -4.69837 -1.46646 -5.36865
v -4.83425 -1.46646 -4.95144
v -4.67208 -1.28147 -5.34841
v -4.45191 -1.28285 -5.63389
v -4.69837 -1.46646 -5.36865
v -4.45191 -1.28285 -5.63389
v -4.39929 -1.46646 -5.51237
v -4.69837 -1.46646 -5.36865
v -4.45191 -1.28285 -5.63389
v -4.15640 -1.30975 -5.62401
v -4.39929 -1.46646 -5.51237
v -4.15640 -1.30975 -5.62401
v -4.15640 -1.46646 -5.80103
v -4.39929 -1.46646 -5.51237
v -4.15640 -1.30975 -5.62401
v -3.91044 -1.31364 -5.51946
v -4.15640 -1.46646 -5.80103
v -3.91044 -1.31364 -5.51946
v -3.83566 -1.46646 -5.69216
v -4.15640 -1.46646 -5.80103
v -3.91044 -1.31364 -5.51946
v -3.58695 -1.26218 -5.38981
v -3.83566 -1.46646 -5.69216
v -3.58695 -1.26218 -5.38981
v -3.61444 -1.46646 -5.36865
v -3.83566 -1.46646 -5.69216
v -3.58695 -1.26218 -5.38981
v -3.60630 -1.29556 -4.95144
v -3.61444 -1.46646 -5.36865
v -3.60630 -1.29556 -4.95144
v -3.63425 -1.46646 -4.95144
v -3.61444 -1.46646 -5.36865
v -3.63425 -1.46646 -4.95144
v -3.65914 -1.46646 -4.56865
v -3.54280 -1.65708 -4.95144
v -3.65914 -1.46646 -4.56865
v -3.65064 -1.64789 -4.56210
v -3.54280 -1.65708 -4.95144
v -3.65914 -1.46646 -4.56865
v -3.79929 -1.46646 -4.12673
v -3.65064 -1.64789 -4.56210
v -3.79929 -1.46646 -4.12673
v -3.87556 -1.64095 -4.30286
v -3.65064 -1.64789 -4.56210
v -3.79929 -1.46646 -4.12673
v -4.15640 -1.46646 -4.20103
v -3.87556 -1.64095 -4.30286
v -4.15640 -1.46646 -4.20103
v -4.15640 -1.61288 -4.32300
v -3.87556 -1.64095 -4.30286
v -4.15640 -1.46646 -4.20103
v -4.43566 -1.46646 -4.30652
v -4.15640 -1.61288 -4.32300
v -4.43566 -1.46646 -4.30652
v -4.44274 -1.64437 -4.29016
v -4.15640 -1.61288 -4.32300
v -4.43566 -1.46646 -4.30652
v -4.65367 -1.46646 -4.56865
v -4.44274 -1.64437 -4.29016
v -4.65367 -1.46646 -4.56865
v -4.71594 -1.66717 -4.52071
v -4.44274 -1.64437 -4.29016
v -4.65367 -1.46646 -4.56865
v -4.83425 -1.46646 -4.95144
v -4.71594 -1.66717 -4.52071
v -4.83425 -1.46646 -4.95144
v -4.65146 -1.62025 -4.95144
v -4.71594 -1.66717 -4.52071
v -4.83425 -1.46646 -4.95144
v -4.69837 -1.46646 -5.36865
v -4.65146 -1.62025 -4.95144
v -4.69837 -1.46646 -5.36865
v -4.61076 -1.62945 -5.30121
v -4.65146 -1.62025 -4.95144
v -4.69837 -1.46646 -5.36865
v -4.39929 -1.46646 -5.51237
v -4.61076 -1.62945 -5.30121
v -4.39929 -1.46646 -5.51237
v -4.42988 -1.63638 -5.58302
v -4.61076 -1.62945 -5.30121
v -4.39929 -1.46646 -5.51237
v -4.15640 -1.46646 -5.80103
v -4.42988 -1.63638 -5.58302
v -4.15640 -1.46646 -5.80103
v -4.15640 -1.66445 -5.80121
v -4.42988 -1.63638 -5.58302
v -4.15640 -1.46646 -5.80103
v -3.83566 -1.46646 -5.69216
v -4.15640 -1.66445 -5.80121
v -3.83566 -1.46646 -5.69216
v -3.88842 -1.63296 -5.57033
v -4.15640 -1.66445 -5.80121
v -3.83566 -1.46646 -5.69216
v -3.61444 -1.46646 -5.36865
v -3.88842 -1.63296 -5.57033
v -3.61444 -1.46646 -5.36865
v -3.75582 -1.61016 -5.25981
v -3.88842 -1.63296 -5.57033
v -3.61444 -1.46646 -5.36865
v -3.63425 -1.46646 -4.95144
v -3.75582 -1.61016 -5.25981
v -3.63425 -1.46646 -4.95144
v -3.54280 -1.65708 -4.95144
v -3.75582 -1.61016 -5.25981
v -3.54280 -1.65708 -4.95144
v -3.65064 -1.64789 -4.56210
v -3.66981 -1.83140 -4.95144
v -3.65064 -1.64789 -4.56210
v -3.82727 -1.75150 -4.69807
v -3.66981 -1.83140 -4.95144
v -3.65064 -1.64789 -4.56210
v -3.87556 -1.64095 -4.30286
v -3.82727 -1.75150 -4.69807
v -3.87556 -1.64095 -4.30286
v -3.96878 -1.74789 -4.51814
v -3.82727 -1.75150 -4.69807
v -3.87556 -1.64095 -4.30286
v -4.15640 -1.61288 -4.32300
v -3.96878 -1.74789 -4.51814
v -4.15640 -1.61288 -4.32300
v -4.15640 -1.82780 -4.30906
v -3.96878 -1.74789 -4.51814
v -4.15640 -1.61288 -4.32300
v -4.44274 -1.64437 -4.29016
v -4.15640 -1.82780 -4.30906
v -4.44274 -1.64437 -4.29016
v -4.37486 -1.79414 -4.44695
v -4.15640 -1.82780 -4.30906
v -4.44274 -1.64437 -4.29016
v -4.71594 -1.66717 -4.52071
v -4.37486 -1.79414 -4.44695
v -4.71594 -1.66717 -4.52071
v -4.51704 -1.77878 -4.67382
v -4.37486 -1.79414 -4.44695
v -4.71594 -1.66717 -4.52071
v -4.65146 -1.62025 -4.95144
v -4.51704 -1.77878 -4.67382
v -4.65146 -1.62025 -4.95144
v -4.51834 -1.73791 -4.95144
v -4.51704 -1.77878 -4.67382
v -4.65146 -1.62025 -4.95144
v -4.61076 -1.62945 -5.30121
v -4.51834 -1.73791 -4.95144
v -4.61076 -1.62945 -5.30121
v -4.56211 -1.81781 -5.26376
v -4.51834 -1.73791 -4.95144
v -4.61076 -1.62945 -5.30121
v -4.42988 -1.63638 -5.58302
v -4.56211 -1.81781 -5.26376
v -4.42988 -1.63638 -5.58302
v -4.39304 -1.82142 -5.49794
v -4.56211 -1.81781 -5.26376
v -4.42988 -1.63638 -5.58302
v -4.15640 -1.66445 -5.80121
v -4.39304 -1.82142 -5.49794
v -4.15640 -1.66445 -5.80121
v -4.15640 -1.74151 -5.44043
v -4.39304 -1.82142 -5.49794
v -4.15640 -1.66445 -5.80121
v -3.88842 -1.63296 -5.57033
v -4.15640 -1.74151 -5.44043
v -3.88842 -1.63296 -5.57033
v -3.95059 -1.77517 -5.42674
v -4.15640 -1.74151 -5.44043
v -3.88842 -1.63296 -5.57033
v -3.75582 -1.61016 -5.25981
v -3.95059 -1.77517 -5.42674
v -3.75582 -1.61016 -5.25981
v -3.78219 -1.79053 -5.23951
v -3.95059 -1.77517 -5.42674
v -3.75582 -1.61016 -5.25981
v -3.54280 -1.65708 -4.95144
v -3.78219 -1.79053 -5.23951
v -3.54280 -1.65708 -4.95144
v -3.66981 -1.83140 -4.95144
v -3.78219 -1.79053 -5.23951
v -3.66981 -1.83140 -4.95144
v -3.82727 -1.75150 -4.69807
v -3.95976 -1.82250 -4.95144
v -3.82727 -1.75150 -4.69807
v -3.95786 -1.88157 -4.79860
v -3.95976 -1.82250 -4.95144
v -3.82727 -1.75150 -4.69807
v -3.96878 -1.74789 -4.51814
v -3.95786 -1.88157 -4.79860
v -3.96878 -1.74789 -4.51814
v -4.03615 -1.90191 -4.67374
v -3.95786 -1.88157 -4.79860
v -3.96878 -1.74789 -4.51814
v -4.15640 -1.82780 -4.30906
v -4.03615 -1.90191 -4.67374
v -4.15640 -1.82780 -4.30906
v -4.15640 -1.93281 -4.60803
v -4.03615 -1.90191 -4.67374
v -4.15640 -1.82780 -4.30906
v -4.37486 -1.79414 -4.44695
v -4.15640 -1.93281 -4.60803
v -4.37486 -1.79414 -4.44695
v -4.25290 -1.81592 -4.72858
v -4.15640 -1.93281 -4.60803
v -4.37486 -1.79414 -4.44695
v -4.51704 -1.77878 -4.67382
v -4.25290 -1.81592 -4.72858
v -4.51704 -1.77878 -4.67382
v -4.34572 -1.86228 -4.80570
v -4.25290 -1.81592 -4.72858
v -4.51704 -1.77878 -4.67382
v -4.51834 -1.73791 -4.95144
v -4.34572 -1.86228 -4.80570
v -4.51834 -1.73791 -4.95144
v -4.41898 -1.94190 -4.95144
v -4.34572 -1.86228 -4.80570
v -4.51834 -1.73791 -4.95144
v -4.56211 -1.81781 -5.26376
v -4.41898 -1.94190 -4.95144
v -4.56211 -1.81781 -5.26376
v -4.35555 -1.88284 -5.10475
v -4.41898 -1.94190 -4.95144
v -4.56211 -1.81781 -5.26376
v -4.39304 -1.82142 -5.49794
v -4.35555 -1.88284 -5.10475
v -4.39304 -1.82142 -5.49794
v -4.26576 -1.86249 -5.20400
v -4.35555 -1.88284 -5.10475
v -4.39304 -1.82142 -5.49794
v -4.15640 -1.74151 -5.44043
v -4.26576 -1.86249 -5.20400
v -4.15640 -1.74151 -5.44043
v -4.15640 -1.83160 -5.22032
v -4.26576 -1.86249 -5.20400
v -4.15640 -1.74151 -5.44043
v -3.95059 -1.77517 -5.42674
v -4.15640 -1.83160 -5.22032
v -3.95059 -1.77517 -5.42674
v -4.02329 -1.94848 -5.25884
v -4.15640 -1.83160 -5.22032
v -3.95059 -1.77517 -5.42674
v -3.78219 -1.79053 -5.23951
v -4.02329 -1.94848 -5.25884
v -3.78219 -1.79053 -5.23951
v -3.94803 -1.90213 -5.11185
v -4.02329 -1.94848 -5.25884
v -3.78219 -1.79053 -5.23951
v -3.66981 -1.83140 -4.95144
v -3.94803 -1.90213 -5.11185
v -3.66981 -1.83140 -4.95144
v -3.95976 -1.82250 -4.95144
v -3.94803 -1.90213 -5.11185
v -3.95976 -1.82250 -4.95144
v -3.95786 -1.88157 -4.79860
v -4.15640 -1.88135 -4.95144
v -3.95786 -1.88157 -4.79860
v -4.03615 -1.90191 -4.67374
v -4.15640 -2.00213 -4.95144
v -4.03615 -1.90191 -4.67374
v -4.15640 -1.93281 -4.60803
v -4.15640 -1.90431 -4.95144
v -4.15640 -1.93281 -4.60803
v -4.25290 -1.81592 -4.72858
v -4.15640 -1.85807 -4.95144
v -4.25290 -1.81592 -4.72858
v -4.34572 -1.86228 -4.80570
v -4.15640 -1.92860 -4.95144
v -4.34572 -1.86228 -4.80570
v -4.41898 -1.94190 -4.95144
v -4.15640 -1.94757 -4.95144
v -4.41898 -1.94190 -4.95144
v -4.35555 -1.88284 -5.10475
v -4.15640 -1.95156 -4.95144
v -4.35555 -1.88284 -5.10475
v -4.26576 -1.86249 -5.20400
v -4.15640 -1.83079 -4.95144
v -4.26576 -1.86249 -5.20400
v -4.15640 -1.83160 -5.22032
v -4.15640 -1.92860 -4.95144
v -4.15640 -1.83160 -5.22032
v -4.02329 -1.94848 -5.25884
v -4.15640 -1.97485 -4.95144
v -4.02329 -1.94848 -5.25884
v -3.94803 -1.90213 -5.11185
v -4.15640 -1.90431 -4.95144
v -3.94803 -1.90213 -5.11185
v -3.95976 -1.82250 -4.95144
v -4.15640 -1.88535 -4.95144
v 6.10046 0.05239 -6.01050
v 6.32590 0.13788 -5.83695
v 6.32771 0.07801 -6.01050
v 6.10046 0.17771 -6.01050
v 6.21462 0.07996 -5.74685
v 6.32590 0.13788 -5.83695
v 6.10046 0.15339 -6.01050
v 6.10046 0.05735 -5.72270
v 6.21462 0.07996 -5.74685
v 6.10046 0.05535 -6.01050
v 5.99787 0.03802 -5.77359
v 6.10046 0.05735 -5.72270
v 6.10046 0.10695 -6.01050
v 5.86579 0.15717 -5.82985
v 5.99787 0.03802 -5.77359
v 6.10046 0.13046 -6.01050
v 5.86849 0.08654 -6.01050
v 5.86579 0.15717 -5.82985
v 6.10046 0.18067 -6.01050
v 5.92821 0.02667 -6.14310
v 5.86849 0.08654 -6.01050
v 6.10046 0.05535 -6.01050
v 5.98501 0.08459 -6.27711
v 5.92821 0.02667 -6.14310
v 6.10046 0.07967 -6.01050
v 6.10046 0.10719 -6.33500
v 5.98501 0.08459 -6.27711
v 6.10046 0.17771 -6.01050
v 6.22748 0.12653 -6.30385
v 6.10046 0.10719 -6.33500
v 6.10046 0.12611 -6.01050
v 6.26349 0.00738 -6.13600
v 6.22748 0.12653 -6.30385
v 6.10046 0.10260 -6.01050
v 6.32771 0.07801 -6.01050
v 6.26349 0.00738 -6.13600
v 6.32771 0.07801 -6.01050
v 6.32590 0.13788 -5.83695
v 6.55858 0.01012 -6.01050
v 6.32590 0.13788 -5.83695
v 6.48778 0.00196 -5.71234
v 6.55858 0.01012 -6.01050
v 6.32590 0.13788 -5.83695
v 6.21462 0.07996 -5.74685
v 6.48778 0.00196 -5.71234
v 6.21462 0.07996 -5.74685
v 6.27082 -0.07793 -5.61707
v 6.48778 0.00196 -5.71234
v 6.21462 0.07996 -5.74685
v 6.10046 0.05735 -5.72270
v 6.27082 -0.07793 -5.61707
v 6.10046 0.05735 -5.72270
v 6.10046 0.00476 -5.40920
v 6.27082 -0.07793 -5.61707
v 6.10046 0.05735 -5.72270
v 5.99787 0.03802 -5.77359
v 6.10046 0.00476 -5.40920
v 5.99787 0.03802 -5.77359
v 5.86474 0.02010 -5.46613
v 6.10046 0.00476 -5.40920
v 5.99787 0.03802 -5.77359
v 5.86579 0.15717 -5.82985
v 5.86474 0.02010 -5.46613
v 5.86579 0.15717 -5.82985
v 5.74464 -0.02532 -5.73659
v 5.86474 0.02010 -5.46613
v 5.86579 0.15717 -5.82985
v 5.86849 0.08654 -6.01050
v 5.74464 -0.02532 -5.73659
v 5.86849 0.08654 -6.01050
v 5.71005 -0.04067 -6.01050
v 5.74464 -0.02532 -5.73659
v 5.86849 0.08654 -6.01050
v 5.92821 0.02667 -6.14310
v 5.71005 -0.04067 -6.01050
v 5.92821 0.02667 -6.14310
v 5.75293 -0.03250 -6.27803
v 5.71005 -0.04067 -6.01050
v 5.92821 0.02667 -6.14310
v 5.98501 0.08459 -6.27711
v 5.75293 -0.03250 -6.27803
v 5.98501 0.08459 -6.27711
v 5.84655 0.04738 -6.59687
v 5.75293 -0.03250 -6.27803
v 5.98501 0.08459 -6.27711
v 6.10046 0.10719 -6.33500
v 5.84655 0.04738 -6.59687
v 6.10046 0.10719 -6.33500
v 6.10046 -0.03531 -6.54057
v 5.84655 0.04738 -6.59687
v 6.10046 0.10719 -6.33500
v 6.22748 0.12653 -6.30385
v 6.10046 -0.03531 -6.54057
v 6.22748 0.12653 -6.30385
v 6.28900 -0.05065 -6.44593
v 6.10046 -0.03531 -6.54057
v 6.22748 0.12653 -6.30385
v 6.26349 0.00738 -6.13600
v 6.28900 -0.05065 -6.44593
v 6.26349 0.00738 -6.13600
v 6.47949 -0.00522 -6.30228
v 6.28900 -0.05065 -6.44593
v 6.26349 0.00738 -6.13600
v 6.32771 0.07801 -6.01050
v 6.47949 -0.00522 -6.30228
v 6.32771 0.07801 -6.01050
v 6.55858 0.01012 -6.01050
v 6.47949 -0.00522 -6.30228
v 6.55858 0.01012 -6.01050
v 6.48778 0.00196 -5.71234
v 6.58461 -0.18306 -6.01050
v 6.48778 0.00196 -5.71234
v 6.54610 -0.17361 -5.66744
v 6.58461 -0.18306 -6.01050
v 6.48778 0.00196 -5.71234
v 6.27082 -0.07793 -5.61707
v 6.54610 -0.17361 -5.66744
v 6.27082 -0.07793 -5.61707
v 6.39225 -0.15217 -5.33663
v 6.54610 -0.17361 -5.66744
v 6.27082 -0.07793 -5.61707
v 6.10046 0.00476 -5.40920
v 6.39225 -0.15217 -5.33663
v 6.10046 0.00476 -5.40920
v 6.10046 -0.14619 -5.20671
v 6.39225 -0.15217 -5.33663
v 6.10046 0.00476 -5.40920
v 5.86474 0.02010 -5.46613
v 6.10046 -0.14619 -5.20671
v 5.86474 0.02010 -5.46613
v 5.82506 -0.16236 -5.37451
v 6.10046 -0.14619 -5.20671
v 5.86474 0.02010 -5.46613
v 5.74464 -0.02532 -5.73659
v 5.82506 -0.16236 -5.37451
v 5.74464 -0.02532 -5.73659
v 5.70859 -0.19290 -5.70884
v 5.82506 -0.16236 -5.37451
v 5.74464 -0.02532 -5.73659
v 5.71005 -0.04067 -6.01050
v 5.70859 -0.19290 -5.70884
v 5.71005 -0.04067 -6.01050
v 5.47596 -0.13946 -6.01050
v 5.70859 -0.19290 -5.70884
v 5.71005 -0.04067 -6.01050
v 5.75293 -0.03250 -6.27803
v 5.47596 -0.13946 -6.01050
v 5.75293 -0.03250 -6.27803
v 5.58598 -0.14892 -6.40655
v 5.47596 -0.13946 -6.01050
v 5.75293 -0.03250 -6.27803
v 5.84655 0.04738 -6.59687
v 5.58598 -0.14892 -6.40655
v 5.84655 0.04738 -6.59687
v 5.83792 -0.17035 -6.61680
v 5.58598 -0.14892 -6.40655
v 5.84655 0.04738 -6.59687
v 6.10046 -0.03531 -6.54057
v 5.83792 -0.17035 -6.61680
v 6.10046 -0.03531 -6.54057
v 6.10046 -0.17634 -6.68492
v 5.83792 -0.17035 -6.61680
v 6.10046 -0.03531 -6.54057
v 6.28900 -0.05065 -6.44593
v 6.10046 -0.17634 -6.68492
v 6.28900 -0.05065 -6.44593
v 6.37939 -0.16016 -6.65467
v 6.10046 -0.17634 -6.68492
v 6.28900 -0.05065 -6.44593
v 6.47949 -0.00522 -6.30228
v 6.37939 -0.16016 -6.65467
v 6.47949 -0.00522 -6.30228
v 6.66871 -0.12963 -6.44794
v 6.37939 -0.16016 -6.65467
v 6.47949 -0.00522 -6.30228
v 6.55858 0.01012 -6.01050
v 6.66871 -0.12963 -6.44794
v 6.55858 0.01012 -6.01050
v 6.58461 -0.18306 -6.01050
v 6.66871 -0.12963 -6.44794
v 6.58461 -0.18306 -6.01050
v 6.54610 -0.17361 -5.66744
v 6.65131 -0.33347 -6.01050
v 6.54610 -0.17361 -5.66744
v 6.65434 -0.33347 -5.58412
v 6.65131 -0.33347 -6.01050
v 6.54610 -0.17361 -5.66744
v 6.39225 -0.15217 -5.33663
v 6.65434 -0.33347 -5.58412
v 6.39225 -0.15217 -5.33663
v 6.44322 -0.33347 -5.21893
v 6.65434 -0.33347 -5.58412
v 6.39225 -0.15217 -5.33663
v 6.10046 -0.14619 -5.20671
v 6.44322 -0.33347 -5.21893
v 6.10046 -0.14619 -5.20671
v 6.10046 -0.33347 -5.34726
v 6.44322 -0.33347 -5.21893
v 6.10046 -0.14619 -5.20671
v 5.82506 -0.16236 -5.37451
v 6.10046 -0.33347 -5.34726
v 5.82506 -0.16236 -5.37451
v 5.80684 -0.33347 -5.33243
v 6.10046 -0.33347 -5.34726
v 5.82506 -0.16236 -5.37451
v 5.70859 -0.19290 -5.70884
v 5.80684 -0.33347 -5.33243
v 5.70859 -0.19290 -5.70884
v 5.54657 -0.33347 -5.58412
v 5.80684 -0.33347 -5.33243
v 5.70859 -0.19290 -5.70884
v 5.47596 -0.13946 -6.01050
v 5.54657 -0.33347 -5.58412
v 5.47596 -0.13946 -6.01050
v 5.45131 -0.33347 -6.01050
v 5.54657 -0.33347 -5.58412
v 5.47596 -0.13946 -6.01050
v 5.58598 -0.14892 -6.40655
v 5.45131 -0.33347 -6.01050
v 5.58598 -0.14892 -6.40655
v 5.61511 -0.33347 -6.38412
v 5.45131 -0.33347 -6.01050
v 5.58598 -0.14892 -6.40655
v 5.83792 -0.17035 -6.61680
v 5.61511 -0.33347 -6.38412
v 5.83792 -0.17035 -6.61680
v 5.84322 -0.33347 -6.60457
v 5.61511 -0.33347 -6.38412
v 5.83792 -0.17035 -6.61680
v 6.10046 -0.17634 -6.68492
v 5.84322 -0.33347 -6.60457
v 6.10046 -0.17634 -6.68492
v 6.10046 -0.33347 -6.94726
v 5.84322 -0.33347 -6.60457
v 6.10046 -0.17634 -6.68492
v 6.37939 -0.16016 -6.65467
v 6.10046 -0.33347 -6.94726
v 6.37939 -0.16016 -6.65467
v 6.40684 -0.33347 -6.71807
v 6.10046 -0.33347 -6.94726
v 6.37939 -0.16016 -6.65467
v 6.66871 -0.12963 -6.44794
v 6.40684 -0.33347 -6.71807
v 6.66871 -0.12963 -6.44794
v 6.58581 -0.33347 -6.38412
v 6.40684 -0.33347 -6.71807
v 6.66871 -0.12963 -6.44794
v 6.58461 -0.18306 -6.01050
v 6.58581 -0.33347 -6.38412
v 6.58461 -0.18306 -6.01050
v 6.65131 -0.33347 -6.01050
v 6.58581 -0.33347 -6.38412
v 6.65131 -0.33347 -6.01050
v 6.65434 -0.33347 -5.58412
v 6.75971 -0.53828 -6.01050
v 6.65434 -0.33347 -5.58412
v 6.56499 -0.50011 -5.65291
v 6.75971 -0.53828 -6.01050
v 6.65434 -0.33347 -5.58412
v 6.44322 -0.33347 -5.21893
v 6.56499 -0.50011 -5.65291
v 6.44322 -0.33347 -5.21893
v 6.35848 -0.49378 -5.41463
v 6.56499 -0.50011 -5.65291
v 6.44322 -0.33347 -5.21893
v 6.10046 -0.33347 -5.34726
v 6.35848 -0.49378 -5.41463
v 6.10046 -0.33347 -5.34726
v 6.10046 -0.49469 -5.31857
v 6.35848 -0.49378 -5.41463
v 6.10046 -0.33347 -5.34726
v 5.80684 -0.33347 -5.33243
v 6.10046 -0.49469 -5.31857
v 5.80684 -0.33347 -5.33243
v 5.79129 -0.52556 -5.29651
v 6.10046 -0.49469 -5.31857
v 5.80684 -0.33347 -5.33243
v 5.54657 -0.33347 -5.58412
v 5.79129 -0.52556 -5.29651
v 5.54657 -0.33347 -5.58412
v 5.58216 -0.51940 -5.61151
v 5.79129 -0.52556 -5.29651
v 5.54657 -0.33347 -5.58412
v 5.45131 -0.33347 -6.01050
v 5.58216 -0.51940 -5.61151
v 5.45131 -0.33347 -6.01050
v 5.65106 -0.47308 -6.01050
v 5.58216 -0.51940 -5.61151
v 5.45131 -0.33347 -6.01050
v 5.61511 -0.33347 -6.38412
v 5.65106 -0.47308 -6.01050
v 5.61511 -0.33347 -6.38412
v 5.60486 -0.51125 -6.39201
v 5.65106 -0.47308 -6.01050
v 5.61511 -0.33347 -6.38412
v 5.84322 -0.33347 -6.60457
v 5.60486 -0.51125 -6.39201
v 5.84322 -0.33347 -6.60457
v 5.80415 -0.51757 -6.69480
v 5.60486 -0.51125 -6.39201
v 5.84322 -0.33347 -6.60457
v 6.10046 -0.33347 -6.94726
v 5.80415 -0.51757 -6.69480
v 6.10046 -0.33347 -6.94726
v 6.10046 -0.51667 -6.79678
v 5.80415 -0.51757 -6.69480
v 6.10046 -0.33347 -6.94726
v 6.40684 -0.33347 -6.71807
v 6.10046 -0.51667 -6.79678
v 6.40684 -0.33347 -6.71807
v 6.34562 -0.48579 -6.57667
v 6.10046 -0.51667 -6.79678
v 6.40684 -0.33347 -6.71807
v 6.58581 -0.33347 -6.38412
v 6.34562 -0.48579 -6.57667
v 6.58581 -0.33347 -6.38412
v 6.54228 -0.49196 -6.35062
v 6.34562 -0.48579 -6.57667
v 6.58581 -0.33347 -6.38412
v 6.65131 -0.33347 -6.01050
v 6.54228 -0.49196 -6.35062
v 6.65131 -0.33347 -6.01050
v 6.75971 -0.53828 -6.01050
v 6.54228 -0.49196 -6.35062
v 6.75971 -0.53828 -6.01050
v 6.56499 -0.50011 -5.65291
v 6.54001 -0.66314 -6.01050
v 6.56499 -0.50011 -5.65291
v 6.41372 -0.60476 -5.76935
v 6.54001 -0.66314 -6.01050
v 6.56499 -0.50011 -5.65291
v 6.35848 -0.49378 -5.41463
v 6.41372 -0.60476 -5.76935
v 6.35848 -0.49378 -5.41463
v 6.31160 -0.65019 -5.52288
v 6.41372 -0.60476 -5.76935
v 6.35848 -0.49378 -5.41463
v 6.10046 -0.49469 -5.31857
v 6.31160 -0.65019 -5.52288
v 6.10046 -0.49469 -5.31857
v 6.10046 -0.70856 -5.34367
v 6.31160 -0.65019 -5.52288
v 6.10046 -0.49469 -5.31857
v 5.79129 -0.52556 -5.29651
v 6.10046 -0.70856 -5.34367
v 5.79129 -0.52556 -5.29651
v 5.90553 -0.62587 -5.56032
v 6.10046 -0.70856 -5.34367
v 5.79129 -0.52556 -5.29651
v 5.58216 -0.51940 -5.61151
v 5.90553 -0.62587 -5.56032
v 5.58216 -0.51940 -5.61151
v 5.75570 -0.63204 -5.74511
v 5.90553 -0.62587 -5.56032
v 5.58216 -0.51940 -5.61151
v 5.65106 -0.47308 -6.01050
v 5.75570 -0.63204 -5.74511
v 5.65106 -0.47308 -6.01050
v 5.69148 -0.64020 -6.01050
v 5.75570 -0.63204 -5.74511
v 5.65106 -0.47308 -6.01050
v 5.60486 -0.51125 -6.39201
v 5.69148 -0.64020 -6.01050
v 5.60486 -0.51125 -6.39201
v 5.67887 -0.69858 -6.33504
v 5.69148 -0.64020 -6.01050
v 5.60486 -0.51125 -6.39201
v 5.80415 -0.51757 -6.69480
v 5.67887 -0.69858 -6.33504
v 5.80415 -0.51757 -6.69480
v 5.88734 -0.65315 -6.50268
v 5.67887 -0.69858 -6.33504
v 5.80415 -0.51757 -6.69480
v 6.10046 -0.51667 -6.79678
v 5.88734 -0.65315 -6.50268
v 6.10046 -0.51667 -6.79678
v 6.10046 -0.59478 -6.47504
v 5.88734 -0.65315 -6.50268
v 6.10046 -0.51667 -6.79678
v 6.34562 -0.48579 -6.57667
v 6.10046 -0.59478 -6.47504
v 6.34562 -0.48579 -6.57667
v 6.32979 -0.67747 -6.54012
v 6.10046 -0.59478 -6.47504
v 6.34562 -0.48579 -6.57667
v 6.54228 -0.49196 -6.35062
v 6.32979 -0.67747 -6.54012
v 6.54228 -0.49196 -6.35062
v 6.49055 -0.67130 -6.31079
v 6.32979 -0.67747 -6.54012
v 6.54228 -0.49196 -6.35062
v 6.75971 -0.53828 -6.01050
v 6.49055 -0.67130 -6.31079
v 6.75971 -0.53828 -6.01050
v 6.54001 -0.66314 -6.01050
v 6.49055 -0.67130 -6.31079
v 6.54001 -0.66314 -6.01050
v 6.41372 -0.60476 -5.76935
v 6.29767 -0.69056 -6.01050
v 6.41372 -0.60476 -5.76935
v 6.32266 -0.79805 -5.83945
v 6.29767 -0.69056 -6.01050
v 6.41372 -0.60476 -5.76935
v 6.31160 -0.65019 -5.52288
v 6.32266 -0.79805 -5.83945
v 6.31160 -0.65019 -5.52288
v 6.22042 -0.76789 -5.73346
v 6.32266 -0.79805 -5.83945
v 6.31160 -0.65019 -5.52288
v 6.10046 -0.70856 -5.34367
v 6.22042 -0.76789 -5.73346
v 6.10046 -0.70856 -5.34367
v 6.10046 -0.75036 -5.70351
v 6.22042 -0.76789 -5.73346
v 6.10046 -0.70856 -5.34367
v 5.90553 -0.62587 -5.56032
v 6.10046 -0.75036 -5.70351
v 5.90553 -0.62587 -5.56032
v 6.00367 -0.68398 -5.78697
v 6.10046 -0.75036 -5.70351
v 5.90553 -0.62587 -5.56032
v 5.75570 -0.63204 -5.74511
v 6.00367 -0.68398 -5.78697
v 5.75570 -0.63204 -5.74511
v 5.88748 -0.77876 -5.84655
v 6.00367 -0.68398 -5.78697
v 5.75570 -0.63204 -5.74511
v 5.69148 -0.64020 -6.01050
v 5.88748 -0.77876 -5.84655
v 5.69148 -0.64020 -6.01050
v 5.83845 -0.80788 -6.01050
v 5.88748 -0.77876 -5.84655
v 5.69148 -0.64020 -6.01050
v 5.67887 -0.69858 -6.33504
v 5.83845 -0.80788 -6.01050
v 5.67887 -0.69858 -6.33504
v 5.92497 -0.70039 -6.14559
v 5.83845 -0.80788 -6.01050
v 5.67887 -0.69858 -6.33504
v 5.88734 -0.65315 -6.50268
v 5.92497 -0.70039 -6.14559
v 5.88734 -0.65315 -6.50268
v 5.99081 -0.73055 -6.26373
v 5.92497 -0.70039 -6.14559
v 5.88734 -0.65315 -6.50268
v 6.10046 -0.59478 -6.47504
v 5.99081 -0.73055 -6.26373
v 6.10046 -0.59478 -6.47504
v 6.10046 -0.74807 -6.31581
v 5.99081 -0.73055 -6.26373
v 6.10046 -0.59478 -6.47504
v 6.32979 -0.67747 -6.54012
v 6.10046 -0.74807 -6.31581
v 6.32979 -0.67747 -6.54012
v 6.23328 -0.81446 -6.31724
v 6.10046 -0.74807 -6.31581
v 6.32979 -0.67747 -6.54012
v 6.49055 -0.67130 -6.31079
v 6.23328 -0.81446 -6.31724
v 6.49055 -0.67130 -6.31079
v 6.28518 -0.71968 -6.15270
v 6.23328 -0.81446 -6.31724
v 6.49055 -0.67130 -6.31079
v 6.54001 -0.66314 -6.01050
v 6.28518 -0.71968 -6.15270
v 6.54001 -0.66314 -6.01050
v 6.29767 -0.69056 -6.01050
v 6.28518 -0.71968 -6.15270
v 6.29767 -0.69056 -6.01050
v 6.32266 -0.79805 -5.83945
v 6.10046 -0.79740 -6.01050
v 6.32266 -0.79805 -5.83945
v 6.22042 -0.76789 -5.73346
v 6.10046 -0.84761 -6.01050
v 6.22042 -0.76789 -5.73346
v 6.10046 -0.75036 -5.70351
v 6.10046 -0.72229 -6.01050
v 6.10046 -0.75036 -5.70351
v 6.00367 -0.68398 -5.78697
v 6.10046 -0.74661 -6.01050
v 6.00367 -0.68398 -5.78697
v 5.88748 -0.77876 -5.84655
v 6.10046 -0.84465 -6.01050
v 5.88748 -0.77876 -5.84655
v 5.83845 -0.80788 -6.01050
v 6.10046 -0.79305 -6.01050
v 5.83845 -0.80788 -6.01050
v 5.92497 -0.70039 -6.14559
v 6.10046 -0.76954 -6.01050
v 5.92497 -0.70039 -6.14559
v 5.99081 -0.73055 -6.26373
v 6.10046 -0.71933 -6.01050
v 5.99081 -0.73055 -6.26373
v 6.10046 -0.74807 -6.31581
v 6.10046 -0.84465 -6.01050
v 6.10046 -0.74807 -6.31581
v 6.23328 -0.81446 -6.31724
v 6.10046 -0.82033 -6.01050
v 6.23328 -0.81446 -6.31724
v 6.28518 -0.71968 -6.15270
v 6.10046 -0.72229 -6.01050
v 6.28518 -0.71968 -6.15270
v 6.29767 -0.69056 -6.01050
v 6.10046 -0.77389 -6.01050
v 5.17779 -0.03483 -7.14898
v 5.37731 -0.09538 -6.99539
v 5.44338 -0.03166 -7.14898
v 5.17779 -0.02681 -7.14898
v 5.27280 -0.16850 -6.92958
v 5.37731 -0.09538 -6.99539
v 5.17779 -0.11752 -7.14898
v 5.17779 -0.06751 -6.82127
v 5.27280 -0.16850 -6.92958
v 5.17779 -0.09825 -7.14898
v 5.05605 -0.07165 -6.86782
v 5.17779 -0.06751 -6.82127
v 5.17779 0.01973 -7.14898
v 4.96905 -0.07609 -6.98829
v 5.05605 -0.07165 -6.86782
v 5.17779 -0.07406 -7.14898
v 4.98416 -0.16192 -7.14898
v 4.96905 -0.07609 -6.98829
v 5.17779 -0.09024 -7.14898
v 4.97962 -0.09819 -7.30154
v 4.98416 -0.16192 -7.14898
v 5.17779 -0.09825 -7.14898
v 5.04319 -0.02508 -7.45984
v 4.97962 -0.09819 -7.30154
v 5.17779 -0.00755 -7.14898
v 5.17779 -0.12607 -7.43357
v 5.04319 -0.02508 -7.45984
v 5.17779 -0.02681 -7.14898
v 5.28566 -0.12193 -7.39808
v 5.17779 -0.12607 -7.43357
v 5.17779 -0.14480 -7.14898
v 5.36675 -0.11748 -7.29444
v 5.28566 -0.12193 -7.39808
v 5.17779 -0.05100 -7.14898
v 5.44338 -0.03166 -7.14898
v 5.36675 -0.11748 -7.29444
v 5.44338 -0.03166 -7.14898
v 5.37731 -0.09538 -6.99539
v 5.55772 -0.22759 -7.14898
v 5.37731 -0.09538 -6.99539
v 5.52679 -0.21030 -6.88033
v 5.55772 -0.22759 -7.14898
v 5.37731 -0.09538 -6.99539
v 5.27280 -0.16850 -6.92958
v 5.52679 -0.21030 -6.88033
v 5.27280 -0.16850 -6.92958
v 5.38726 -0.19834 -6.66525
v 5.52679 -0.21030 -6.88033
v 5.27280 -0.16850 -6.92958
v 5.17779 -0.06751 -6.82127
v 5.38726 -0.19834 -6.66525
v 5.17779 -0.06751 -6.82127
v 5.17779 -0.14111 -6.48867
v 5.38726 -0.19834 -6.66525
v 5.17779 -0.06751 -6.82127
v 5.05605 -0.07165 -6.86782
v 5.17779 -0.14111 -6.48867
v 5.05605 -0.07165 -6.86782
v 4.98118 -0.21761 -6.69492
v 5.17779 -0.14111 -6.48867
v 5.05605 -0.07165 -6.86782
v 4.96905 -0.07609 -6.98829
v 4.98118 -0.21761 -6.69492
v 4.96905 -0.07609 -6.98829
v 4.86030 -0.23758 -6.90458
v 4.98118 -0.21761 -6.69492
v 4.96905 -0.07609 -6.98829
v 4.98416 -0.16192 -7.14898
v 4.86030 -0.23758 -6.90458
v 4.98416 -0.16192 -7.14898
v 4.70919 -0.16108 -7.14898
v 4.86030 -0.23758 -6.90458
v 4.98416 -0.16192 -7.14898
v 4.97962 -0.09819 -7.30154
v 4.70919 -0.16108 -7.14898
v 4.97962 -0.09819 -7.30154
v 4.79194 -0.17837 -7.44601
v 4.70919 -0.16108 -7.14898
v 4.97962 -0.09819 -7.30154
v 5.04319 -0.02508 -7.45984
v 4.79194 -0.17837 -7.44601
v 5.04319 -0.02508 -7.45984
v 4.96299 -0.19033 -7.64505
v 4.79194 -0.17837 -7.44601
v 5.04319 -0.02508 -7.45984
v 5.17779 -0.12607 -7.43357
v 4.96299 -0.19033 -7.64505
v 5.17779 -0.12607 -7.43357
v 5.17779 -0.24756 -7.62004
v 4.96299 -0.19033 -7.64505
v 5.17779 -0.12607 -7.43357
v 5.28566 -0.12193 -7.39808
v 5.17779 -0.24756 -7.62004
v 5.28566 -0.12193 -7.39808
v 5.40544 -0.17106 -7.67471
v 5.17779 -0.24756 -7.62004
v 5.28566 -0.12193 -7.39808
v 5.36675 -0.11748 -7.29444
v 5.40544 -0.17106 -7.67471
v 5.36675 -0.11748 -7.29444
v 5.59515 -0.15109 -7.47026
v 5.40544 -0.17106 -7.67471
v 5.36675 -0.11748 -7.29444
v 5.44338 -0.03166 -7.14898
v 5.59515 -0.15109 -7.47026
v 5.44338 -0.03166 -7.14898
v 5.55772 -0.22759 -7.14898
v 5.59515 -0.15109 -7.47026
v 5.55772 -0.22759 -7.14898
v 5.52679 -0.21030 -6.88033
v 5.64763 -0.36658 -7.14898
v 5.52679 -0.21030 -6.88033
v 5.72435 -0.31647 -6.72824
v 5.64763 -0.36658 -7.14898
v 5.52679 -0.21030 -6.88033
v 5.38726 -0.19834 -6.66525
v 5.72435 -0.31647 -6.72824
v 5.38726 -0.19834 -6.66525
v 5.47675 -0.32679 -6.45857
v 5.72435 -0.31647 -6.72824
v 5.38726 -0.19834 -6.66525
v 5.17779 -0.14111 -6.48867
v 5.47675 -0.32679 -6.45857
v 5.17779 -0.14111 -6.48867
v 5.17779 -0.36146 -6.50056
v 5.47675 -0.32679 -6.45857
v 5.17779 -0.14111 -6.48867
v 4.98118 -0.21761 -6.69492
v 5.17779 -0.36146 -6.50056
v 4.98118 -0.21761 -6.69492
v 4.90956 -0.34588 -6.52953
v 5.17779 -0.36146 -6.50056
v 4.98118 -0.21761 -6.69492
v 4.86030 -0.23758 -6.90458
v 4.90956 -0.34588 -6.52953
v 4.86030 -0.23758 -6.90458
v 4.68501 -0.33576 -6.76964
v 4.90956 -0.34588 -6.52953
v 4.86030 -0.23758 -6.90458
v 4.70919 -0.16108 -7.14898
v 4.68501 -0.33576 -6.76964
v 4.70919 -0.16108 -7.14898
v 4.53897 -0.31408 -7.14898
v 4.68501 -0.33576 -6.76964
v 4.70919 -0.16108 -7.14898
v 4.79194 -0.17837 -7.44601
v 4.53897 -0.31408 -7.14898
v 4.79194 -0.17837 -7.44601
v 4.76423 -0.36418 -7.46734
v 4.53897 -0.31408 -7.14898
v 4.79194 -0.17837 -7.44601
v 4.96299 -0.19033 -7.64505
v 4.76423 -0.36418 -7.46734
v 4.96299 -0.19033 -7.64505
v 4.92242 -0.35387 -7.73874
v 4.76423 -0.36418 -7.46734
v 4.96299 -0.19033 -7.64505
v 5.17779 -0.24756 -7.62004
v 4.92242 -0.35387 -7.73874
v 5.17779 -0.24756 -7.62004
v 5.17779 -0.31920 -7.97877
v 4.92242 -0.35387 -7.73874
v 5.17779 -0.24756 -7.62004
v 5.40544 -0.17106 -7.67471
v 5.17779 -0.31920 -7.97877
v 5.40544 -0.17106 -7.67471
v 5.46389 -0.33478 -7.80969
v 5.17779 -0.31920 -7.97877
v 5.40544 -0.17106 -7.67471
v 5.59515 -0.15109 -7.47026
v 5.46389 -0.33478 -7.80969
v 5.59515 -0.15109 -7.47026
v 5.64513 -0.34489 -7.50874
v 5.46389 -0.33478 -7.80969
v 5.59515 -0.15109 -7.47026
v 5.55772 -0.22759 -7.14898
v 5.64513 -0.34489 -7.50874
v 5.55772 -0.22759 -7.14898
v 5.64763 -0.36658 -7.14898
v 5.64513 -0.34489 -7.50874
v 5.64763 -0.36658 -7.14898
v 5.72435 -0.31647 -6.72824
v 5.85111 -0.51253 -7.14898
v 5.72435 -0.31647 -6.72824
v 5.70228 -0.51253 -6.74523
v 5.85111 -0.51253 -7.14898
v 5.72435 -0.31647 -6.72824
v 5.47675 -0.32679 -6.45857
v 5.70228 -0.51253 -6.74523
v 5.47675 -0.32679 -6.45857
v 5.45932 -0.51253 -6.49882
v 5.70228 -0.51253 -6.74523
v 5.47675 -0.32679 -6.45857
v 5.17779 -0.36146 -6.50056
v 5.45932 -0.51253 -6.49882
v 5.17779 -0.36146 -6.50056
v 5.17779 -0.51253 -6.44049
v 5.45932 -0.51253 -6.49882
v 5.17779 -0.36146 -6.50056
v 4.90956 -0.34588 -6.52953
v 5.17779 -0.51253 -6.44049
v 4.90956 -0.34588 -6.52953
v 4.82295 -0.51253 -6.32951
v 5.17779 -0.51253 -6.44049
v 4.90956 -0.34588 -6.52953
v 4.68501 -0.33576 -6.76964
v 4.82295 -0.51253 -6.32951
v 4.68501 -0.33576 -6.76964
v 4.65331 -0.51253 -6.74523
v 4.82295 -0.51253 -6.32951
v 4.68501 -0.33576 -6.76964
v 4.53897 -0.31408 -7.14898
v 4.65331 -0.51253 -6.74523
v 4.53897 -0.31408 -7.14898
v 4.65111 -0.51253 -7.14898
v 4.65331 -0.51253 -6.74523
v 4.53897 -0.31408 -7.14898
v 4.76423 -0.36418 -7.46734
v 4.65111 -0.51253 -7.14898
v 4.76423 -0.36418 -7.46734
v 4.66305 -0.51253 -7.54523
v 4.65111 -0.51253 -7.14898
v 4.76423 -0.36418 -7.46734
v 4.92242 -0.35387 -7.73874
v 4.66305 -0.51253 -7.54523
v 4.92242 -0.35387 -7.73874
v 4.85932 -0.51253 -7.88446
v 4.66305 -0.51253 -7.54523
v 4.92242 -0.35387 -7.73874
v 5.17779 -0.31920 -7.97877
v 4.85932 -0.51253 -7.88446
v 5.17779 -0.31920 -7.97877
v 5.17779 -0.51253 -8.04049
v 4.85932 -0.51253 -7.88446
v 5.17779 -0.31920 -7.97877
v 5.46389 -0.33478 -7.80969
v 5.17779 -0.51253 -8.04049
v 5.46389 -0.33478 -7.80969
v 5.42295 -0.51253 -7.71515
v 5.17779 -0.51253 -8.04049
v 5.46389 -0.33478 -7.80969
v 5.64513 -0.34489 -7.50874
v 5.42295 -0.51253 -7.71515
v 5.64513 -0.34489 -7.50874
v 5.69254 -0.51253 -7.54523
v 5.42295 -0.51253 -7.71515
v 5.64513 -0.34489 -7.50874
v 5.64763 -0.36658 -7.14898
v 5.69254 -0.51253 -7.54523
v 5.64763 -0.36658 -7.14898
v 5.85111 -0.51253 -7.14898
v 5.69254 -0.51253 -7.54523
v 5.85111 -0.51253 -7.14898
v 5.70228 -0.51253 -6.74523
v 5.76478 -0.69489 -7.14898
v 5.70228 -0.51253 -6.74523
v 5.56219 -0.65042 -6.85307
v 5.76478 -0.69489 -7.14898
v 5.70228 -0.51253 -6.74523
v 5.45932 -0.51253 -6.49882
v 5.56219 -0.65042 -6.85307
v 5.45932 -0.51253 -6.49882
v 5.47195 -0.69530 -6.46967
v 5.56219 -0.65042 -6.85307
v 5.45932 -0.51253 -6.49882
v 5.17779 -0.51253 -6.44049
v 5.47195 -0.69530 -6.46967
v 5.17779 -0.51253 -6.44049
v 5.17779 -0.70249 -6.33369
v 5.47195 -0.69530 -6.46967
v 5.17779 -0.51253 -6.44049
v 4.82295 -0.51253 -6.32951
v 5.17779 -0.70249 -6.33369
v 4.82295 -0.51253 -6.32951
v 4.90476 -0.68218 -6.51844
v 5.17779 -0.70249 -6.33369
v 4.82295 -0.51253 -6.32951
v 4.65331 -0.51253 -6.74523
v 4.90476 -0.68218 -6.51844
v 4.65331 -0.51253 -6.74523
v 4.73962 -0.66971 -6.81168
v 4.90476 -0.68218 -6.51844
v 4.65331 -0.51253 -6.74523
v 4.65111 -0.51253 -7.14898
v 4.73962 -0.66971 -6.81168
v 4.65111 -0.51253 -7.14898
v 4.65612 -0.67460 -7.14898
v 4.73962 -0.66971 -6.81168
v 4.65111 -0.51253 -7.14898
v 4.66305 -0.51253 -7.54523
v 4.65612 -0.67460 -7.14898
v 4.66305 -0.51253 -7.54523
v 4.60207 -0.71906 -7.59218
v 4.65612 -0.67460 -7.14898
v 4.66305 -0.51253 -7.54523
v 4.85932 -0.51253 -7.88446
v 4.60207 -0.71906 -7.59218
v 4.85932 -0.51253 -7.88446
v 4.91762 -0.67419 -7.74983
v 4.60207 -0.71906 -7.59218
v 4.85932 -0.51253 -7.88446
v 5.17779 -0.51253 -8.04049
v 4.91762 -0.67419 -7.74983
v 5.17779 -0.51253 -8.04049
v 5.17779 -0.66699 -7.81190
v 4.91762 -0.67419 -7.74983
v 5.17779 -0.51253 -8.04049
v 5.42295 -0.51253 -7.71515
v 5.17779 -0.66699 -7.81190
v 5.42295 -0.51253 -7.71515
v 5.45909 -0.68731 -7.79860
v 5.17779 -0.66699 -7.81190
v 5.42295 -0.51253 -7.71515
v 5.69254 -0.51253 -7.54523
v 5.45909 -0.68731 -7.79860
v 5.69254 -0.51253 -7.54523
v 5.69975 -0.69977 -7.55078
v 5.45909 -0.68731 -7.79860
v 5.69254 -0.51253 -7.54523
v 5.85111 -0.51253 -7.14898
v 5.69975 -0.69977 -7.55078
v 5.85111 -0.51253 -7.14898
v 5.76478 -0.69489 -7.14898
v 5.69975 -0.69977 -7.55078
v 5.76478 -0.69489 -7.14898
v 5.56219 -0.65042 -6.85307
v 5.57309 -0.80900 -7.14898
v 5.56219 -0.65042 -6.85307
v 5.55878 -0.84247 -6.85570
v 5.57309 -0.80900 -7.14898
v 5.56219 -0.65042 -6.85307
v 5.47195 -0.69530 -6.46967
v 5.55878 -0.84247 -6.85570
v 5.47195 -0.69530 -6.46967
v 5.41107 -0.86245 -6.61026
v 5.55878 -0.84247 -6.85570
v 5.47195 -0.69530 -6.46967
v 5.17779 -0.70249 -6.33369
v 5.41107 -0.86245 -6.61026
v 5.17779 -0.70249 -6.33369
v 5.17779 -0.82897 -6.58642
v 5.41107 -0.86245 -6.61026
v 5.17779 -0.70249 -6.33369
v 4.90476 -0.68218 -6.51844
v 5.17779 -0.82897 -6.58642
v 4.90476 -0.68218 -6.51844
v 5.00499 -0.77174 -6.74991
v 5.17779 -0.82897 -6.58642
v 4.90476 -0.68218 -6.51844
v 4.73962 -0.66971 -6.81168
v 5.00499 -0.77174 -6.74991
v 4.73962 -0.66971 -6.81168
v 4.76531 -0.86975 -6.83145
v 5.00499 -0.77174 -6.74991
v 4.73962 -0.66971 -6.81168
v 4.65612 -0.67460 -7.14898
v 4.76531 -0.86975 -6.83145
v 4.65612 -0.67460 -7.14898
v 4.72456 -0.85246 -7.14898
v 4.76531 -0.86975 -6.83145
v 4.65612 -0.67460 -7.14898
v 4.60207 -0.71906 -7.59218
v 4.72456 -0.85246 -7.14898
v 4.60207 -0.71906 -7.59218
v 4.82393 -0.81899 -7.42139
v 4.72456 -0.85246 -7.14898
v 4.60207 -0.71906 -7.59218
v 4.91762 -0.67419 -7.74983
v 4.82393 -0.81899 -7.42139
v 4.91762 -0.67419 -7.74983
v 4.98680 -0.79902 -7.59006
v 4.82393 -0.81899 -7.42139
v 4.91762 -0.67419 -7.74983
v 5.17779 -0.66699 -7.81190
v 4.98680 -0.79902 -7.59006
v 5.17779 -0.66699 -7.81190
v 5.17779 -0.83249 -7.71779
v 4.98680 -0.79902 -7.59006
v 5.17779 -0.66699 -7.81190
v 5.45909 -0.68731 -7.79860
v 5.17779 -0.83249 -7.71779
v 5.45909 -0.68731 -7.79860
v 5.42926 -0.88972 -7.72971
v 5.17779 -0.83249 -7.71779
v 5.45909 -0.68731 -7.79860
v 5.69975 -0.69977 -7.55078
v 5.42926 -0.88972 -7.72971
v 5.69975 -0.69977 -7.55078
v 5.50016 -0.79171 -7.39714
v 5.42926 -0.88972 -7.72971
v 5.69975 -0.69977 -7.55078
v 5.76478 -0.69489 -7.14898
v 5.50016 -0.79171 -7.39714
v 5.76478 -0.69489 -7.14898
v 5.57309 -0.80900 -7.14898
v 5.50016 -0.79171 -7.39714
v 5.57309 -0.80900 -7.14898
v 5.55878 -0.84247 -6.85570
v 5.42328 -0.95702 -7.14898
v 5.55878 -0.84247 -6.85570
v 5.40514 -0.98785 -6.97397
v 5.42328 -0.95702 -7.14898
v 5.55878 -0.84247 -6.85570
v 5.41107 -0.86245 -6.61026
v 5.40514 -0.98785 -6.97397
v 5.41107 -0.86245 -6.61026
v 5.27362 -0.85955 -6.92768
v 5.40514 -0.98785 -6.97397
v 5.41107 -0.86245 -6.61026
v 5.17779 -0.82897 -6.58642
v 5.27362 -0.85955 -6.92768
v 5.17779 -0.82897 -6.58642
v 5.17779 -0.91868 -6.84990
v 5.27362 -0.85955 -6.92768
v 5.17779 -0.82897 -6.58642
v 5.00499 -0.77174 -6.74991
v 5.17779 -0.91868 -6.84990
v 5.00499 -0.77174 -6.74991
v 5.05687 -0.95044 -6.86972
v 5.17779 -0.91868 -6.84990
v 5.00499 -0.77174 -6.74991
v 4.76531 -0.86975 -6.83145
v 5.05687 -0.95044 -6.86972
v 4.76531 -0.86975 -6.83145
v 4.95968 -0.96856 -6.98108
v 5.05687 -0.95044 -6.86972
v 4.76531 -0.86975 -6.83145
v 4.72456 -0.85246 -7.14898
v 4.95968 -0.96856 -6.98108
v 4.72456 -0.85246 -7.14898
v 4.96406 -0.89954 -7.14898
v 4.95968 -0.96856 -6.98108
v 4.72456 -0.85246 -7.14898
v 4.82393 -0.81899 -7.42139
v 4.96406 -0.89954 -7.14898
v 4.82393 -0.81899 -7.42139
v 5.00744 -0.86871 -7.28012
v 4.96406 -0.89954 -7.14898
v 4.82393 -0.81899 -7.42139
v 4.98680 -0.79902 -7.59006
v 5.00744 -0.86871 -7.28012
v 4.98680 -0.79902 -7.59006
v 5.04401 -0.99701 -7.45794
v 5.00744 -0.86871 -7.28012
v 4.98680 -0.79902 -7.59006
v 5.17779 -0.83249 -7.71779
v 5.04401 -0.99701 -7.45794
v 5.17779 -0.83249 -7.71779
v 5.17779 -0.93788 -7.46220
v 5.04401 -0.99701 -7.45794
v 5.17779 -0.83249 -7.71779
v 5.42926 -0.88972 -7.72971
v 5.17779 -0.93788 -7.46220
v 5.42926 -0.88972 -7.72971
v 5.28648 -0.90612 -7.39998
v 5.17779 -0.93788 -7.46220
v 5.42926 -0.88972 -7.72971
v 5.50016 -0.79171 -7.39714
v 5.28648 -0.90612 -7.39998
v 5.50016 -0.79171 -7.39714
v 5.35737 -0.88799 -7.28722
v 5.28648 -0.90612 -7.39998
v 5.50016 -0.79171 -7.39714
v 5.57309 -0.80900 -7.14898
v 5.35737 -0.88799 -7.28722
v 5.57309 -0.80900 -7.14898
v 5.42328 -0.95702 -7.14898
v 5.35737 -0.88799 -7.28722
v 5.42328 -0.95702 -7.14898
v 5.40514 -0.98785 -6.97397
v 5.17779 -0.95100 -7.14898
v 5.40514 -0.98785 -6.97397
v 5.27362 -0.85955 -6.92768
v 5.17779 -0.93483 -7.14898
v 5.27362 -0.85955 -6.92768
v 5.17779 -0.91868 -6.84990
v 5.17779 -0.92681 -7.14898
v 5.17779 -0.91868 -6.84990
v 5.05687 -0.95044 -6.86972
v 5.17779 -1.01752 -7.14898
v 5.05687 -0.95044 -6.86972
v 4.95968 -0.96856 -6.98108
v 5.17779 -0.99825 -7.14898
v 4.95968 -0.96856 -6.98108
v 4.96406 -0.89954 -7.14898
v 5.17779 -0.88027 -7.14898
v 4.96406 -0.89954 -7.14898
v 5.00744 -0.86871 -7.28012
v 5.17779 -0.97406 -7.14898
v 5.00744 -0.86871 -7.28012
v 5.04401 -0.99701 -7.45794
v 5.17779 -0.99024 -7.14898
v 5.04401 -0.99701 -7.45794
v 5.17779 -0.93788 -7.46220
v 5.17779 -0.99825 -7.14898
v 5.17779 -0.93788 -7.46220
v 5.28648 -0.90612 -7.39998
v 5.17779 -0.90755 -7.14898
v 5.28648 -0.90612 -7.39998
v 5.35737 -0.88799 -7.28722
v 5.17779 -0.92681 -7.14898
v 5.35737 -0.88799 -7.28722
v 5.42328 -0.95702 -7.14898
v 5.17779 -1.04480 -7.14898
v 4.57555 -0.64660 -4.55501
v 4.80145 -0.58690 -4.38112
v 4.81779 -0.62058 -4.55501
v 4.57555 -0.53583 -4.55501
v 4.68222 -0.67291 -4.30867
v 4.80145 -0.58690 -4.38112
v 4.57555 -0.59909 -4.55501
v 4.57555 -0.66933 -4.26792
v 4.68222 -0.67291 -4.30867
v 4.57555 -0.68257 -4.55501
v 4.46547 -0.66057 -4.30080
v 4.57555 -0.66933 -4.26792
v 4.57555 -0.59204 -4.55501
v 4.34042 -0.56761 -4.37401
v 4.46547 -0.66057 -4.30080
v 4.57555 -0.58308 -4.55501
v 4.35857 -0.66633 -4.55501
v 4.34042 -0.56761 -4.37401
v 4.57555 -0.57181 -4.55501
v 4.40375 -0.70001 -4.68726
v 4.35857 -0.66633 -4.55501
v 4.57555 -0.68257 -4.55501
v 4.45261 -0.61400 -4.83893
v 4.40375 -0.70001 -4.68726
v 4.57555 -0.61932 -4.55501
v 4.57555 -0.61759 -4.88021
v 4.45261 -0.61400 -4.83893
v 4.57555 -0.53583 -4.55501
v 4.69508 -0.62634 -4.83106
v 4.57555 -0.61759 -4.88021
v 4.57555 -0.62637 -4.55501
v 4.73812 -0.71930 -4.68016
v 4.69508 -0.62634 -4.83106
v 4.57555 -0.63532 -4.55501
v 4.81779 -0.62058 -4.55501
v 4.73812 -0.71930 -4.68016
v 4.81779 -0.62058 -4.55501
v 4.80145 -0.58690 -4.38112
v 5.02397 -0.72289 -4.55501
v 4.80145 -0.58690 -4.38112
v 4.94039 -0.74324 -4.27416
v 5.02397 -0.72289 -4.55501
v 4.80145 -0.58690 -4.38112
v 4.68222 -0.67291 -4.30867
v 4.94039 -0.74324 -4.27416
v 4.68222 -0.67291 -4.30867
v 4.75076 -0.79639 -4.15038
v 4.94039 -0.74324 -4.27416
v 4.68222 -0.67291 -4.30867
v 4.57555 -0.66933 -4.26792
v 4.75076 -0.79639 -4.15038
v 4.57555 -0.66933 -4.26792
v 4.57555 -0.70150 -3.91910
v 4.75076 -0.79639 -4.15038
v 4.57555 -0.66933 -4.26792
v 4.46547 -0.66057 -4.30080
v 4.57555 -0.70150 -3.91910
v 4.46547 -0.66057 -4.30080
v 4.34468 -0.71290 -4.02185
v 4.57555 -0.70150 -3.91910
v 4.46547 -0.66057 -4.30080
v 4.34042 -0.56761 -4.37401
v 4.34468 -0.71290 -4.02185
v 4.34042 -0.56761 -4.37401
v 4.24221 -0.77052 -4.29841
v 4.34468 -0.71290 -4.02185
v 4.34042 -0.56761 -4.37401
v 4.35857 -0.66633 -4.55501
v 4.24221 -0.77052 -4.29841
v 4.35857 -0.66633 -4.55501
v 4.17544 -0.75912 -4.55501
v 4.24221 -0.77052 -4.29841
v 4.35857 -0.66633 -4.55501
v 4.40375 -0.70001 -4.68726
v 4.17544 -0.75912 -4.55501
v 4.40375 -0.70001 -4.68726
v 4.20554 -0.73877 -4.83985
v 4.17544 -0.75912 -4.55501
v 4.40375 -0.70001 -4.68726
v 4.45261 -0.61400 -4.83893
v 4.20554 -0.73877 -4.83985
v 4.45261 -0.61400 -4.83893
v 4.32650 -0.68562 -5.13018
v 4.20554 -0.73877 -4.83985
v 4.45261 -0.61400 -4.83893
v 4.57555 -0.61759 -4.88021
v 4.32650 -0.68562 -5.13018
v 4.57555 -0.61759 -4.88021
v 4.57555 -0.78051 -5.05047
v 4.32650 -0.68562 -5.13018
v 4.57555 -0.61759 -4.88021
v 4.69508 -0.62634 -4.83106
v 4.57555 -0.78051 -5.05047
v 4.69508 -0.62634 -4.83106
v 4.76895 -0.76911 -5.00165
v 4.57555 -0.78051 -5.05047
v 4.69508 -0.62634 -4.83106
v 4.73812 -0.71930 -4.68016
v 4.76895 -0.76911 -5.00165
v 4.73812 -0.71930 -4.68016
v 4.97706 -0.71149 -4.86409
v 4.76895 -0.76911 -5.00165
v 4.73812 -0.71930 -4.68016
v 4.81779 -0.62058 -4.55501
v 4.97706 -0.71149 -4.86409
v 4.81779 -0.62058 -4.55501
v 5.02397 -0.72289 -4.55501
v 4.97706 -0.71149 -4.86409
v 5.02397 -0.72289 -4.55501
v 4.94039 -0.74324 -4.27416
v 5.03322 -0.91702 -4.55501
v 4.94039 -0.74324 -4.27416
v 5.04258 -0.89167 -4.19549
v 5.03322 -0.91702 -4.55501
v 4.94039 -0.74324 -4.27416
v 4.75076 -0.79639 -4.15038
v 5.04258 -0.89167 -4.19549
v 4.75076 -0.79639 -4.15038
v 4.88058 -0.86968 -3.85056
v 5.04258 -0.89167 -4.19549
v 4.75076 -0.79639 -4.15038
v 4.57555 -0.70150 -3.91910
v 4.88058 -0.86968 -3.85056
v 4.57555 -0.70150 -3.91910
v 4.57555 -0.87960 -3.78415
v 4.88058 -0.86968 -3.85056
v 4.57555 -0.70150 -3.91910
v 4.34468 -0.71290 -4.02185
v 4.57555 -0.87960 -3.78415
v 4.34468 -0.71290 -4.02185
v 4.31340 -0.89632 -3.94960
v 4.57555 -0.87960 -3.78415
v 4.34468 -0.71290 -4.02185
v 4.24221 -0.77052 -4.29841
v 4.31340 -0.89632 -3.94960
v 4.24221 -0.77052 -4.29841
v 4.16229 -0.91096 -4.23689
v 4.31340 -0.89632 -3.94960
v 4.24221 -0.77052 -4.29841
v 4.17544 -0.75912 -4.55501
v 4.16229 -0.91096 -4.23689
v 4.17544 -0.75912 -4.55501
v 3.92456 -0.85697 -4.55501
v 4.16229 -0.91096 -4.23689
v 4.17544 -0.75912 -4.55501
v 4.20554 -0.73877 -4.83985
v 3.92456 -0.85697 -4.55501
v 4.20554 -0.73877 -4.83985
v 4.08245 -0.88232 -4.93460
v 3.92456 -0.85697 -4.55501
v 4.20554 -0.73877 -4.83985
v 4.32650 -0.68562 -5.13018
v 4.08245 -0.88232 -4.93460
v 4.32650 -0.68562 -5.13018
v 4.32626 -0.90431 -5.13073
v 4.08245 -0.88232 -4.93460
v 4.32650 -0.68562 -5.13018
v 4.57555 -0.78051 -5.05047
v 4.32626 -0.90431 -5.13073
v 4.57555 -0.78051 -5.05047
v 4.57555 -0.89440 -5.26235
v 4.32626 -0.90431 -5.13073
v 4.57555 -0.78051 -5.05047
v 4.76895 -0.76911 -5.00165
v 4.57555 -0.89440 -5.26235
v 4.76895 -0.76911 -5.00165
v 4.86772 -0.87767 -5.22976
v 4.57555 -0.89440 -5.26235
v 4.76895 -0.76911 -5.00165
v 4.97706 -0.71149 -4.86409
v 4.86772 -0.87767 -5.22976
v 4.97706 -0.71149 -4.86409
v 5.12242 -0.86303 -4.97599
v 4.86772 -0.87767 -5.22976
v 4.97706 -0.71149 -4.86409
v 5.02397 -0.72289 -4.55501
v 5.12242 -0.86303 -4.97599
v 5.02397 -0.72289 -4.55501
v 5.03322 -0.91702 -4.55501
v 5.12242 -0.86303 -4.97599
v 5.03322 -0.91702 -4.55501
v 5.04258 -0.89167 -4.19549
v 5.16206 -1.05920 -4.55501
v 5.04258 -0.89167 -4.19549
v 5.14351 -1.05920 -4.11780
v 5.16206 -1.05920 -4.55501
v 5.04258 -0.89167 -4.19549
v 4.88058 -0.86968 -3.85056
v 5.14351 -1.05920 -4.11780
v 4.88058 -0.86968 -3.85056
v 4.90048 -1.05920 -3.80462
v 5.14351 -1.05920 -4.11780
v 4.88058 -0.86968 -3.85056
v 4.57555 -0.87960 -3.78415
v 4.90048 -1.05920 -3.80462
v 4.57555 -0.87960 -3.78415
v 4.57555 -1.05920 -3.91345
v 4.90048 -1.05920 -3.80462
v 4.57555 -0.87960 -3.78415
v 4.31340 -0.89632 -3.94960
v 4.57555 -1.05920 -3.91345
v 4.31340 -0.89632 -3.94960
v 4.26410 -1.05920 -3.83576
v 4.57555 -1.05920 -3.91345
v 4.31340 -0.89632 -3.94960
v 4.16229 -0.91096 -4.23689
v 4.26410 -1.05920 -3.83576
v 4.16229 -0.91096 -4.23689
v 4.00759 -1.05920 -4.11780
v 4.26410 -1.05920 -3.83576
v 4.16229 -0.91096 -4.23689
v 3.92456 -0.85697 -4.55501
v 4.00759 -1.05920 -4.11780
v 3.92456 -0.85697 -4.55501
v 3.96206 -1.05920 -4.55501
v 4.00759 -1.05920 -4.11780
v 3.92456 -0.85697 -4.55501
v 4.08245 -0.88232 -4.93460
v 3.96206 -1.05920 -4.55501
v 4.08245 -0.88232 -4.93460
v 4.10428 -1.05920 -4.91780
v 3.96206 -1.05920 -4.55501
v 4.08245 -0.88232 -4.93460
v 4.32626 -0.90431 -5.13073
v 4.10428 -1.05920 -4.91780
v 4.32626 -0.90431 -5.13073
v 4.30048 -1.05920 -5.19026
v 4.10428 -1.05920 -4.91780
v 4.32626 -0.90431 -5.13073
v 4.57555 -0.89440 -5.26235
v 4.30048 -1.05920 -5.19026
v 4.57555 -0.89440 -5.26235
v 4.57555 -1.05920 -5.51345
v 4.30048 -1.05920 -5.19026
v 4.57555 -0.89440 -5.26235
v 4.86772 -0.87767 -5.22976
v 4.57555 -1.05920 -5.51345
v 4.86772 -0.87767 -5.22976
v 4.86410 -1.05920 -5.22140
v 4.57555 -1.05920 -5.51345
v 4.86772 -0.87767 -5.22976
v 5.12242 -0.86303 -4.97599
v 4.86410 -1.05920 -5.22140
v 5.12242 -0.86303 -4.97599
v 5.04682 -1.05920 -4.91780
v 4.86410 -1.05920 -5.22140
v 5.12242 -0.86303 -4.97599
v 5.03322 -0.91702 -4.55501
v 5.04682 -1.05920 -4.91780
v 5.03322 -0.91702 -4.55501
v 5.16206 -1.05920 -4.55501
v 5.04682 -1.05920 -4.91780
v 5.16206 -1.05920 -4.55501
v 5.14351 -1.05920 -4.11780
v 5.23607 -1.26440 -4.55501
v 5.14351 -1.05920 -4.11780
v 5.00874 -1.21460 -4.22154
v 5.23607 -1.26440 -4.55501
v 5.14351 -1.05920 -4.11780
v 4.90048 -1.05920 -3.80462
v 5.00874 -1.21460 -4.22154
v 4.90048 -1.05920 -3.80462
v 4.83293 -1.21912 -3.96061
v 5.00874 -1.21460 -4.22154
v 4.90048 -1.05920 -3.80462
v 4.57555 -1.05920 -3.91345
v 4.83293 -1.21912 -3.96061
v 4.57555 -1.05920 -3.91345
v 4.57555 -1.23166 -3.81484
v 4.83293 -1.21912 -3.96061
v 4.57555 -1.05920 -3.91345
v 4.26410 -1.05920 -3.83576
v 4.57555 -1.23166 -3.81484
v 4.26410 -1.05920 -3.83576
v 4.26575 -1.25169 -3.83956
v 4.57555 -1.23166 -3.81484
v 4.26410 -1.05920 -3.83576
v 4.00759 -1.05920 -4.11780
v 4.26575 -1.25169 -3.83956
v 4.00759 -1.05920 -4.11780
v 4.08859 -1.23389 -4.18015
v 4.26575 -1.25169 -3.83956
v 4.00759 -1.05920 -4.11780
v 3.96206 -1.05920 -4.55501
v 4.08859 -1.23389 -4.18015
v 3.96206 -1.05920 -4.55501
v 4.12741 -1.19842 -4.55501
v 4.08859 -1.23389 -4.18015
v 3.96206 -1.05920 -4.55501
v 4.10428 -1.05920 -4.91780
v 4.12741 -1.19842 -4.55501
v 4.10428 -1.05920 -4.91780
v 4.04861 -1.24823 -4.96065
v 4.12741 -1.19842 -4.55501
v 4.10428 -1.05920 -4.91780
v 4.30048 -1.05920 -5.19026
v 4.04861 -1.24823 -4.96065
v 4.30048 -1.05920 -5.19026
v 4.27861 -1.24370 -5.24077
v 4.04861 -1.24823 -4.96065
v 4.30048 -1.05920 -5.19026
v 4.57555 -1.05920 -5.51345
v 4.27861 -1.24370 -5.24077
v 4.57555 -1.05920 -5.51345
v 4.57555 -1.23116 -5.29305
v 4.27861 -1.24370 -5.24077
v 4.57555 -1.05920 -5.51345
v 4.86410 -1.05920 -5.22140
v 4.57555 -1.23116 -5.29305
v 4.86410 -1.05920 -5.22140
v 4.82007 -1.21113 -5.11972
v 4.57555 -1.23116 -5.29305
v 4.86410 -1.05920 -5.22140
v 5.04682 -1.05920 -4.91780
v 4.82007 -1.21113 -5.11972
v 5.04682 -1.05920 -4.91780
v 5.04871 -1.22894 -4.91925
v 4.82007 -1.21113 -5.11972
v 5.04682 -1.05920 -4.91780
v 5.16206 -1.05920 -4.55501
v 5.04871 -1.22894 -4.91925
v 5.16206 -1.05920 -4.55501
v 5.23607 -1.26440 -4.55501
v 5.04871 -1.22894 -4.91925
v 5.23607 -1.26440 -4.55501
v 5.00874 -1.21460 -4.22154
v 4.98914 -1.36940 -4.55501
v 5.00874 -1.21460 -4.22154
v 4.89721 -1.33777 -4.30740
v 4.98914 -1.36940 -4.55501
v 5.00874 -1.21460 -4.22154
v 4.83293 -1.21912 -3.96061
v 4.89721 -1.33777 -4.30740
v 4.83293 -1.21912 -3.96061
v 4.79967 -1.39539 -4.03742
v 4.89721 -1.33777 -4.30740
v 4.83293 -1.21912 -3.96061
v 4.57555 -1.23166 -3.81484
v 4.79967 -1.39539 -4.03742
v 4.57555 -1.23166 -3.81484
v 4.57555 -1.42702 -3.90112
v 4.79967 -1.39539 -4.03742
v 4.57555 -1.23166 -3.81484
v 4.26575 -1.25169 -3.83956
v 4.57555 -1.42702 -3.90112
v 4.26575 -1.25169 -3.83956
v 4.39359 -1.33213 -4.13481
v 4.57555 -1.42702 -3.90112
v 4.26575 -1.25169 -3.83956
v 4.08859 -1.23389 -4.18015
v 4.39359 -1.33213 -4.13481
v 4.08859 -1.23389 -4.18015
v 4.22239 -1.36505 -4.28315
v 4.39359 -1.33213 -4.13481
v 4.08859 -1.23389 -4.18015
v 4.12741 -1.19842 -4.55501
v 4.22239 -1.36505 -4.28315
v 4.12741 -1.19842 -4.55501
v 4.14061 -1.38540 -4.55501
v 4.22239 -1.36505 -4.28315
v 4.12741 -1.19842 -4.55501
v 4.04861 -1.24823 -4.96065
v 4.14061 -1.38540 -4.55501
v 4.04861 -1.24823 -4.96065
v 4.16236 -1.41703 -4.87308
v 4.14061 -1.38540 -4.55501
v 4.04861 -1.24823 -4.96065
v 4.27861 -1.24370 -5.24077
v 4.16236 -1.41703 -4.87308
v 4.27861 -1.24370 -5.24077
v 4.37541 -1.35941 -5.01722
v 4.16236 -1.41703 -4.87308
v 4.27861 -1.24370 -5.24077
v 4.57555 -1.23116 -5.29305
v 4.37541 -1.35941 -5.01722
v 4.57555 -1.23116 -5.29305
v 4.57555 -1.32779 -5.03249
v 4.37541 -1.35941 -5.01722
v 4.57555 -1.23116 -5.29305
v 4.82007 -1.21113 -5.11972
v 4.57555 -1.32779 -5.03249
v 4.82007 -1.21113 -5.11972
v 4.81786 -1.42267 -5.11461
v 4.57555 -1.32779 -5.03249
v 4.82007 -1.21113 -5.11972
v 5.04871 -1.22894 -4.91925
v 4.81786 -1.42267 -5.11461
v 5.04871 -1.22894 -4.91925
v 4.95723 -1.38975 -4.84883
v 4.81786 -1.42267 -5.11461
v 5.04871 -1.22894 -4.91925
v 5.23607 -1.26440 -4.55501
v 4.95723 -1.38975 -4.84883
v 5.23607 -1.26440 -4.55501
v 4.98914 -1.36940 -4.55501
v 4.95723 -1.38975 -4.84883
v 4.98914 -1.36940 -4.55501
v 4.89721 -1.33777 -4.30740
v 4.78299 -1.43481 -4.55501
v 4.89721 -1.33777 -4.30740
v 4.80725 -1.54364 -4.37665
v 4.78299 -1.43481 -4.55501
v 4.89721 -1.33777 -4.30740
v 4.79967 -1.39539 -4.03742
v 4.80725 -1.54364 -4.37665
v 4.79967 -1.39539 -4.03742
v 4.69039 -1.47510 -4.28979
v 4.80725 -1.54364 -4.37665
v 4.79967 -1.39539 -4.03742
v 4.57555 -1.42702 -3.90112
v 4.69039 -1.47510 -4.28979
v 4.57555 -1.42702 -3.90112
v 4.57555 -1.45623 -4.26265
v 4.69039 -1.47510 -4.28979
v 4.57555 -1.42702 -3.90112
v 4.39359 -1.33213 -4.13481
v 4.57555 -1.45623 -4.26265
v 4.39359 -1.33213 -4.13481
v 4.47364 -1.42823 -4.31968
v 4.57555 -1.45623 -4.26265
v 4.39359 -1.33213 -4.13481
v 4.22239 -1.36505 -4.28315
v 4.47364 -1.42823 -4.31968
v 4.22239 -1.36505 -4.28315
v 4.35307 -1.52435 -4.38375
v 4.47364 -1.42823 -4.31968
v 4.22239 -1.36505 -4.28315
v 4.14061 -1.38540 -4.55501
v 4.35307 -1.52435 -4.38375
v 4.14061 -1.38540 -4.55501
v 4.32377 -1.51509 -4.55501
v 4.35307 -1.52435 -4.38375
v 4.14061 -1.38540 -4.55501
v 4.16236 -1.41703 -4.87308
v 4.32377 -1.51509 -4.55501
v 4.16236 -1.41703 -4.87308
v 4.40956 -1.40626 -4.68279
v 4.32377 -1.51509 -4.55501
v 4.16236 -1.41703 -4.87308
v 4.37541 -1.35941 -5.01722
v 4.40956 -1.40626 -4.68279
v 4.37541 -1.35941 -5.01722
v 4.46078 -1.47480 -4.82005
v 4.40956 -1.40626 -4.68279
v 4.37541 -1.35941 -5.01722
v 4.57555 -1.32779 -5.03249
v 4.46078 -1.47480 -4.82005
v 4.57555 -1.32779 -5.03249
v 4.57555 -1.49367 -4.87494
v 4.46078 -1.47480 -4.82005
v 4.57555 -1.32779 -5.03249
v 4.81786 -1.42267 -5.11461
v 4.57555 -1.49367 -4.87494
v 4.81786 -1.42267 -5.11461
v 4.70325 -1.52167 -4.84994
v 4.57555 -1.49367 -4.87494
v 4.81786 -1.42267 -5.11461
v 4.95723 -1.38975 -4.84883
v 4.70325 -1.52167 -4.84994
v 4.95723 -1.38975 -4.84883
v 4.75077 -1.42554 -4.68990
v 4.70325 -1.52167 -4.84994
v 4.95723 -1.38975 -4.84883
v 4.98914 -1.36940 -4.55501
v 4.75077 -1.42554 -4.68990
v 4.98914 -1.36940 -4.55501
v 4.78299 -1.43481 -4.55501
v 4.75077 -1.42554 -4.68990
v 4.78299 -1.43481 -4.55501
v 4.80725 -1.54364 -4.37665
v 4.57555 -1.53532 -4.55501
v 4.80725 -1.54364 -4.37665
v 4.69039 -1.47510 -4.28979
v 4.57555 -1.54660 -4.55501
v 4.69039 -1.47510 -4.28979
v 4.57555 -1.45623 -4.26265
v 4.57555 -1.43583 -4.55501
v 4.57555 -1.45623 -4.26265
v 4.47364 -1.42823 -4.31968
v 4.57555 -1.49909 -4.55501
v 4.47364 -1.42823 -4.31968
v 4.35307 -1.52435 -4.38375
v 4.57555 -1.58257 -4.55501
v 4.35307 -1.52435 -4.38375
v 4.32377 -1.51509 -4.55501
v 4.57555 -1.49204 -4.55501
v 4.32377 -1.51509 -4.55501
v 4.40956 -1.40626 -4.68279
v 4.57555 -1.48308 -4.55501
v 4.40956 -1.40626 -4.68279
v 4.46078 -1.47480 -4.82005
v 4.57555 -1.47181 -4.55501
v 4.46078 -1.47480 -4.82005
v 4.57555 -1.49367 -4.87494
v 4.57555 -1.58257 -4.55501
v 4.57555 -1.49367 -4.87494
v 4.70325 -1.52167 -4.84994
v 4.57555 -1.51932 -4.55501
v 4.70325 -1.52167 -4.84994
v 4.75077 -1.42554 -4.68990
v 4.57555 -1.43583 -4.55501
v 4.75077 -1.42554 -4.68990
v 4.78299 -1.43481 -4.55501
v 4.57555 -1.52637 -4.55501
v -3.86201 -0.90113 -6.28893
v -3.65961 -0.84526 -6.13312
v -3.65603 -0.89547 -6.28893
v -3.86201 -0.82139 -6.28893
v -3.73720 -0.81647 -6.00071
v -3.65961 -0.84526 -6.13312
v -3.86201 -0.76300 -6.28893
v -3.86201 -0.82942 -5.96565
v -3.73720 -0.81647 -6.00071
v -3.86201 -0.81546 -6.28893
v -3.95395 -0.93546 -6.07659
v -3.86201 -0.82942 -5.96565
v -3.86201 -0.84657 -6.28893
v -4.07363 -0.82597 -6.12602
v -3.95395 -0.93546 -6.07659
v -3.86201 -0.86864 -6.28893
v -4.11525 -0.80989 -6.28893
v -4.07363 -0.82597 -6.12602
v -3.86201 -0.73572 -6.28893
v -4.05731 -0.86010 -6.43927
v -4.11525 -0.80989 -6.28893
v -3.86201 -0.81546 -6.28893
v -3.96681 -0.88889 -6.53097
v -4.05731 -0.86010 -6.43927
v -3.86201 -0.87385 -6.28893
v -3.86201 -0.87595 -6.57794
v -3.96681 -0.88889 -6.53097
v -3.86201 -0.82139 -6.28893
v -3.72434 -0.76990 -6.60685
v -3.86201 -0.87595 -6.57794
v -3.86201 -0.79028 -6.28893
v -3.67593 -0.87939 -6.43217
v -3.72434 -0.76990 -6.60685
v -3.86201 -0.76821 -6.28893
v -3.65603 -0.89547 -6.28893
v -3.67593 -0.87939 -6.43217
v -3.65603 -0.89547 -6.28893
v -3.65961 -0.84526 -6.13312
v -3.43427 -0.94763 -6.28893
v -3.65961 -0.84526 -6.13312
v -3.42694 -0.89165 -5.95401
v -3.43427 -0.94763 -6.28893
v -3.65961 -0.84526 -6.13312
v -3.73720 -0.81647 -6.00071
v -3.42694 -0.89165 -5.95401
v -3.73720 -0.81647 -6.00071
v -3.67646 -0.99010 -5.86041
v -3.42694 -0.89165 -5.95401
v -3.73720 -0.81647 -6.00071
v -3.86201 -0.82942 -5.96565
v -3.67646 -0.99010 -5.86041
v -3.86201 -0.82942 -5.96565
v -3.86201 -0.97155 -5.76115
v -3.67646 -0.99010 -5.86041
v -3.86201 -0.82942 -5.96565
v -3.95395 -0.93546 -6.07659
v -3.86201 -0.97155 -5.76115
v -3.95395 -0.93546 -6.07659
v -4.08253 -0.93764 -5.77965
v -3.86201 -0.97155 -5.76115
v -3.95395 -0.93546 -6.07659
v -4.07363 -0.82597 -6.12602
v -4.08253 -0.93764 -5.77965
v -4.07363 -0.82597 -6.12602
v -4.26558 -0.91893 -5.97826
v -4.08253 -0.93764 -5.77965
v -4.07363 -0.82597 -6.12602
v -4.11525 -0.80989 -6.28893
v -4.26558 -0.91893 -5.97826
v -4.11525 -0.80989 -6.28893
v -4.28280 -0.95284 -6.28893
v -4.26558 -0.91893 -5.97826
v -4.11525 -0.80989 -6.28893
v -4.05731 -0.86010 -6.43927
v -4.28280 -0.95284 -6.28893
v -4.05731 -0.86010 -6.43927
v -4.16178 -1.00882 -6.51970
v -4.28280 -0.95284 -6.28893
v -4.05731 -0.86010 -6.43927
v -3.96681 -0.88889 -6.53097
v -4.16178 -1.00882 -6.51970
v -3.96681 -0.88889 -6.53097
v -4.10072 -0.91036 -6.84021
v -4.16178 -1.00882 -6.51970
v -3.96681 -0.88889 -6.53097
v -3.86201 -0.87595 -6.57794
v -4.10072 -0.91036 -6.84021
v -3.86201 -0.87595 -6.57794
v -3.86201 -0.92891 -6.89252
v -4.10072 -0.91036 -6.84021
v -3.86201 -0.87595 -6.57794
v -3.72434 -0.76990 -6.60685
v -3.86201 -0.92891 -6.89252
v -3.72434 -0.76990 -6.60685
v -3.65827 -0.96282 -6.75944
v -3.86201 -0.92891 -6.89252
v -3.72434 -0.76990 -6.60685
v -3.67593 -0.87939 -6.43217
v -3.65827 -0.96282 -6.75944
v -3.67593 -0.87939 -6.43217
v -3.53073 -0.98154 -6.54394
v -3.65827 -0.96282 -6.75944
v -3.67593 -0.87939 -6.43217
v -3.65603 -0.89547 -6.28893
v -3.53073 -0.98154 -6.54394
v -3.65603 -0.89547 -6.28893
v -3.43427 -0.94763 -6.28893
v -3.53073 -0.98154 -6.54394
v -3.43427 -0.94763 -6.28893
v -3.42694 -0.89165 -5.95401
v -3.29610 -1.09262 -6.28893
v -3.42694 -0.89165 -5.95401
v -3.40848 -1.10574 -5.93980
v -3.29610 -1.09262 -6.28893
v -3.42694 -0.89165 -5.95401
v -3.67646 -0.99010 -5.86041
v -3.40848 -1.10574 -5.93980
v -3.67646 -0.99010 -5.86041
v -3.61109 -1.11253 -5.70946
v -3.40848 -1.10574 -5.93980
v -3.67646 -0.99010 -5.86041
v -3.86201 -0.97155 -5.76115
v -3.61109 -1.11253 -5.70946
v -3.86201 -0.97155 -5.76115
v -3.86201 -1.08398 -5.49728
v -3.61109 -1.11253 -5.70946
v -3.86201 -0.97155 -5.76115
v -4.08253 -0.93764 -5.77965
v -3.86201 -1.08398 -5.49728
v -4.08253 -0.93764 -5.77965
v -4.17828 -1.07192 -5.55854
v -3.86201 -1.08398 -5.49728
v -4.08253 -0.93764 -5.77965
v -4.26558 -0.91893 -5.97826
v -4.17828 -1.07192 -5.55854
v -4.26558 -0.91893 -5.97826
v -4.26177 -1.12503 -5.98119
v -4.17828 -1.07192 -5.55854
v -4.26558 -0.91893 -5.97826
v -4.28280 -0.95284 -6.28893
v -4.26177 -1.12503 -5.98119
v -4.28280 -0.95284 -6.28893
v -4.40476 -1.09982 -6.28893
v -4.26177 -1.12503 -5.98119
v -4.28280 -0.95284 -6.28893
v -4.16178 -1.00882 -6.51970
v -4.40476 -1.09982 -6.28893
v -4.16178 -1.00882 -6.51970
v -4.36860 -1.08670 -6.67890
v -4.40476 -1.09982 -6.28893
v -4.16178 -1.00882 -6.51970
v -4.10072 -0.91036 -6.84021
v -4.36860 -1.08670 -6.67890
v -4.10072 -0.91036 -6.84021
v -4.16542 -1.07991 -6.98962
v -4.36860 -1.08670 -6.67890
v -4.10072 -0.91036 -6.84021
v -3.86201 -0.92891 -6.89252
v -4.16542 -1.07991 -6.98962
v -3.86201 -0.92891 -6.89252
v -3.86201 -1.10846 -6.97549
v -4.16542 -1.07991 -6.98962
v -3.86201 -0.92891 -6.89252
v -3.65827 -0.96282 -6.75944
v -3.86201 -1.10846 -6.97549
v -3.65827 -0.96282 -6.75944
v -3.62395 -1.12052 -6.83870
v -3.86201 -1.10846 -6.97549
v -3.65827 -0.96282 -6.75944
v -3.53073 -0.98154 -6.54394
v -3.62395 -1.12052 -6.83870
v -3.53073 -0.98154 -6.54394
v -3.30164 -1.06742 -6.72030
v -3.62395 -1.12052 -6.83870
v -3.53073 -0.98154 -6.54394
v -3.43427 -0.94763 -6.28893
v -3.30164 -1.06742 -6.72030
v -3.43427 -0.94763 -6.28893
v -3.29610 -1.09262 -6.28893
v -3.30164 -1.06742 -6.72030
v -3.29610 -1.09262 -6.28893
v -3.40848 -1.10574 -5.93980
v -3.33591 -1.26843 -6.28893
v -3.40848 -1.10574 -5.93980
v -3.38219 -1.26843 -5.91956
v -3.33591 -1.26843 -6.28893
v -3.40848 -1.10574 -5.93980
v -3.61109 -1.11253 -5.70946
v -3.38219 -1.26843 -5.91956
v -3.61109 -1.11253 -5.70946
v -3.50687 -1.26843 -5.46877
v -3.38219 -1.26843 -5.91956
v -3.61109 -1.11253 -5.70946
v -3.86201 -1.08398 -5.49728
v -3.50687 -1.26843 -5.46877
v -3.86201 -1.08398 -5.49728
v -3.86201 -1.26843 -5.51166
v -3.50687 -1.26843 -5.46877
v -3.86201 -1.08398 -5.49728
v -4.17828 -1.07192 -5.55854
v -3.86201 -1.26843 -5.51166
v -4.17828 -1.07192 -5.55854
v -4.14324 -1.26843 -5.63944
v -3.86201 -1.26843 -5.51166
v -4.17828 -1.07192 -5.55854
v -4.26177 -1.12503 -5.98119
v -4.14324 -1.26843 -5.63944
v -4.26177 -1.12503 -5.98119
v -4.34183 -1.26843 -5.91956
v -4.14324 -1.26843 -5.63944
v -4.26177 -1.12503 -5.98119
v -4.40476 -1.09982 -6.28893
v -4.34183 -1.26843 -5.91956
v -4.40476 -1.09982 -6.28893
v -4.53591 -1.26843 -6.28893
v -4.34183 -1.26843 -5.91956
v -4.40476 -1.09982 -6.28893
v -4.36860 -1.08670 -6.67890
v -4.53591 -1.26843 -6.28893
v -4.36860 -1.08670 -6.67890
v -4.42142 -1.26843 -6.71956
v -4.53591 -1.26843 -6.28893
v -4.36860 -1.08670 -6.67890
v -4.16542 -1.07991 -6.98962
v -4.42142 -1.26843 -6.71956
v -4.16542 -1.07991 -6.98962
v -4.10687 -1.26843 -6.85442
v -4.42142 -1.26843 -6.71956
v -4.16542 -1.07991 -6.98962
v -3.86201 -1.10846 -6.97549
v -4.10687 -1.26843 -6.85442
v -3.86201 -1.10846 -6.97549
v -3.86201 -1.26843 -7.11166
v -4.10687 -1.26843 -6.85442
v -3.86201 -1.10846 -6.97549
v -3.62395 -1.12052 -6.83870
v -3.86201 -1.26843 -7.11166
v -3.62395 -1.12052 -6.83870
v -3.54324 -1.26843 -7.02508
v -3.86201 -1.26843 -7.11166
v -3.62395 -1.12052 -6.83870
v -3.30164 -1.06742 -6.72030
v -3.54324 -1.26843 -7.02508
v -3.30164 -1.06742 -6.72030
v -3.30260 -1.26843 -6.71956
v -3.54324 -1.26843 -7.02508
v -3.30164 -1.06742 -6.72030
v -3.29610 -1.09262 -6.28893
v -3.30260 -1.26843 -6.71956
v -3.29610 -1.09262 -6.28893
v -3.33591 -1.26843 -6.28893
v -3.30260 -1.26843 -6.71956
v -3.33591 -1.26843 -6.28893
v -3.38219 -1.26843 -5.91956
v -3.26700 -1.45327 -6.28893
v -3.38219 -1.26843 -5.91956
v -3.35299 -1.45102 -5.89709
v -3.26700 -1.45327 -6.28893
v -3.38219 -1.26843 -5.91956
v -3.50687 -1.26843 -5.46877
v -3.35299 -1.45102 -5.89709
v -3.50687 -1.26843 -5.46877
v -3.57187 -1.44870 -5.61887
v -3.35299 -1.45102 -5.89709
v -3.50687 -1.26843 -5.46877
v -3.86201 -1.26843 -5.51166
v -3.57187 -1.44870 -5.61887
v -3.86201 -1.26843 -5.51166
v -3.86201 -1.41369 -5.66549
v -3.57187 -1.44870 -5.61887
v -3.86201 -1.26843 -5.51166
v -4.14324 -1.26843 -5.63944
v -3.86201 -1.41369 -5.66549
v -4.14324 -1.26843 -5.63944
v -4.13905 -1.44056 -5.64912
v -3.86201 -1.41369 -5.66549
v -4.14324 -1.26843 -5.63944
v -4.34183 -1.26843 -5.91956
v -4.13905 -1.44056 -5.64912
v -4.34183 -1.26843 -5.91956
v -4.42479 -1.47031 -5.85570
v -4.13905 -1.44056 -5.64912
v -4.34183 -1.26843 -5.91956
v -4.53591 -1.26843 -6.28893
v -4.42479 -1.47031 -5.85570
v -4.53591 -1.26843 -6.28893
v -4.37566 -1.42800 -6.28893
v -4.42479 -1.47031 -5.85570
v -4.53591 -1.26843 -6.28893
v -4.42142 -1.26843 -6.71956
v -4.37566 -1.42800 -6.28893
v -4.42142 -1.26843 -6.71956
v -4.31312 -1.43025 -6.63619
v -4.37566 -1.42800 -6.28893
v -4.42142 -1.26843 -6.71956
v -4.10687 -1.26843 -6.85442
v -4.31312 -1.43025 -6.63619
v -4.10687 -1.26843 -6.85442
v -4.12619 -1.43257 -6.89904
v -4.31312 -1.43025 -6.63619
v -4.10687 -1.26843 -6.85442
v -3.86201 -1.26843 -7.11166
v -4.12619 -1.43257 -6.89904
v -3.86201 -1.26843 -7.11166
v -3.86201 -1.46759 -7.14370
v -4.12619 -1.43257 -6.89904
v -3.86201 -1.26843 -7.11166
v -3.54324 -1.26843 -7.02508
v -3.86201 -1.46759 -7.14370
v -3.54324 -1.26843 -7.02508
v -3.58473 -1.44071 -6.92928
v -3.86201 -1.46759 -7.14370
v -3.54324 -1.26843 -7.02508
v -3.30260 -1.26843 -6.71956
v -3.58473 -1.44071 -6.92928
v -3.30260 -1.26843 -6.71956
v -3.46467 -1.41096 -6.59480
v -3.58473 -1.44071 -6.92928
v -3.30260 -1.26843 -6.71956
v -3.33591 -1.26843 -6.28893
v -3.46467 -1.41096 -6.59480
v -3.33591 -1.26843 -6.28893
v -3.26700 -1.45327 -6.28893
v -3.46467 -1.41096 -6.59480
v -3.26700 -1.45327 -6.28893
v -3.35299 -1.45102 -5.89709
v -3.36732 -1.63945 -6.28893
v -3.35299 -1.45102 -5.89709
v -3.52244 -1.56251 -6.02753
v -3.36732 -1.63945 -6.28893
v -3.35299 -1.45102 -5.89709
v -3.57187 -1.44870 -5.61887
v -3.52244 -1.56251 -6.02753
v -3.57187 -1.44870 -5.61887
v -3.67843 -1.54379 -5.86498
v -3.52244 -1.56251 -6.02753
v -3.57187 -1.44870 -5.61887
v -3.86201 -1.41369 -5.66549
v -3.67843 -1.54379 -5.86498
v -3.86201 -1.41369 -5.66549
v -3.86201 -1.62073 -5.66261
v -3.67843 -1.54379 -5.86498
v -3.86201 -1.41369 -5.66549
v -4.13905 -1.44056 -5.64912
v -3.86201 -1.62073 -5.66261
v -4.13905 -1.44056 -5.64912
v -4.08451 -1.60218 -5.77508
v -3.86201 -1.62073 -5.66261
v -4.13905 -1.44056 -5.64912
v -4.42479 -1.47031 -5.85570
v -4.08451 -1.60218 -5.77508
v -4.42479 -1.47031 -5.85570
v -4.23308 -1.58979 -6.00328
v -4.08451 -1.60218 -5.77508
v -4.42479 -1.47031 -5.85570
v -4.37566 -1.42800 -6.28893
v -4.23308 -1.58979 -6.00328
v -4.37566 -1.42800 -6.28893
v -4.21584 -1.53381 -6.28893
v -4.23308 -1.58979 -6.00328
v -4.37566 -1.42800 -6.28893
v -4.31312 -1.43025 -6.63619
v -4.21584 -1.53381 -6.28893
v -4.31312 -1.43025 -6.63619
v -4.25728 -1.61075 -6.59321
v -4.21584 -1.53381 -6.28893
v -4.31312 -1.43025 -6.63619
v -4.12619 -1.43257 -6.89904
v -4.25728 -1.61075 -6.59321
v -4.12619 -1.43257 -6.89904
v -4.10270 -1.62946 -6.84478
v -4.25728 -1.61075 -6.59321
v -4.12619 -1.43257 -6.89904
v -3.86201 -1.46759 -7.14370
v -4.10270 -1.62946 -6.84478
v -3.86201 -1.46759 -7.14370
v -3.86201 -1.55252 -6.79398
v -4.10270 -1.62946 -6.84478
v -3.86201 -1.46759 -7.14370
v -3.58473 -1.44071 -6.92928
v -3.86201 -1.55252 -6.79398
v -3.58473 -1.44071 -6.92928
v -3.66025 -1.57107 -6.75488
v -3.86201 -1.55252 -6.79398
v -3.58473 -1.44071 -6.92928
v -3.46467 -1.41096 -6.59480
v -3.66025 -1.57107 -6.75488
v -3.46467 -1.41096 -6.59480
v -3.49823 -1.58347 -6.56896
v -3.66025 -1.57107 -6.75488
v -3.46467 -1.41096 -6.59480
v -3.26700 -1.45327 -6.28893
v -3.49823 -1.58347 -6.56896
v -3.26700 -1.45327 -6.28893
v -3.36732 -1.63945 -6.28893
v -3.49823 -1.58347 -6.56896
v -3.36732 -1.63945 -6.28893
v -3.52244 -1.56251 -6.02753
v -3.66102 -1.63235 -6.28893
v -3.52244 -1.56251 -6.02753
v -3.66913 -1.67169 -6.14045
v -3.66102 -1.63235 -6.28893
v -3.52244 -1.56251 -6.02753
v -3.67843 -1.54379 -5.86498
v -3.66913 -1.67169 -6.14045
v -3.67843 -1.54379 -5.86498
v -3.74393 -1.69601 -6.01625
v -3.66913 -1.67169 -6.14045
v -3.67843 -1.54379 -5.86498
v -3.86201 -1.62073 -5.66261
v -3.74393 -1.69601 -6.01625
v -3.86201 -1.62073 -5.66261
v -3.86201 -1.74663 -5.93679
v -3.74393 -1.69601 -6.01625
v -3.86201 -1.62073 -5.66261
v -4.08451 -1.60218 -5.77508
v -3.86201 -1.74663 -5.93679
v -4.08451 -1.60218 -5.77508
v -3.96068 -1.62577 -6.06105
v -3.86201 -1.74663 -5.93679
v -4.08451 -1.60218 -5.77508
v -4.23308 -1.58979 -6.00328
v -3.96068 -1.62577 -6.06105
v -4.23308 -1.58979 -6.00328
v -4.04566 -1.65240 -6.14755
v -3.96068 -1.62577 -6.06105
v -4.23308 -1.58979 -6.00328
v -4.21584 -1.53381 -6.28893
v -4.04566 -1.65240 -6.14755
v -4.21584 -1.53381 -6.28893
v -4.12024 -1.73600 -6.28893
v -4.04566 -1.65240 -6.14755
v -4.21584 -1.53381 -6.28893
v -4.25728 -1.61075 -6.59321
v -4.12024 -1.73600 -6.28893
v -4.25728 -1.61075 -6.59321
v -4.06683 -1.69666 -6.44660
v -4.12024 -1.73600 -6.28893
v -4.25728 -1.61075 -6.59321
v -4.10270 -1.62946 -6.84478
v -4.06683 -1.69666 -6.44660
v -4.10270 -1.62946 -6.84478
v -3.97354 -1.67234 -6.54651
v -4.06683 -1.69666 -6.44660
v -4.10270 -1.62946 -6.84478
v -3.86201 -1.55252 -6.79398
v -3.97354 -1.67234 -6.54651
v -3.86201 -1.55252 -6.79398
v -3.86201 -1.62172 -6.54908
v -3.97354 -1.67234 -6.54651
v -3.86201 -1.55252 -6.79398
v -3.66025 -1.57107 -6.75488
v -3.86201 -1.62172 -6.54908
v -3.66025 -1.57107 -6.75488
v -3.73107 -1.74258 -6.59131
v -3.86201 -1.62172 -6.54908
v -3.66025 -1.57107 -6.75488
v -3.49823 -1.58347 -6.56896
v -3.73107 -1.74258 -6.59131
v -3.49823 -1.58347 -6.56896
v -3.64796 -1.71595 -6.45370
v -3.73107 -1.74258 -6.59131
v -3.49823 -1.58347 -6.56896
v -3.36732 -1.63945 -6.28893
v -3.64796 -1.71595 -6.45370
v -3.36732 -1.63945 -6.28893
v -3.66102 -1.63235 -6.28893
v -3.64796 -1.71595 -6.45370
v -3.66102 -1.63235 -6.28893
v -3.66913 -1.67169 -6.14045
v -3.86201 -1.66821 -6.28893
v -3.66913 -1.67169 -6.14045
v -3.74393 -1.69601 -6.01625
v -3.86201 -1.80113 -6.28893
v -3.74393 -1.69601 -6.01625
v -3.86201 -1.74663 -5.93679
v -3.86201 -1.72139 -6.28893
v -3.86201 -1.74663 -5.93679
v -3.96068 -1.62577 -6.06105
v -3.86201 -1.66300 -6.28893
v -3.96068 -1.62577 -6.06105
v -4.04566 -1.65240 -6.14755
v -3.86201 -1.71546 -6.28893
v -4.04566 -1.65240 -6.14755
v -4.12024 -1.73600 -6.28893
v -3.86201 -1.74657 -6.28893
v -4.12024 -1.73600 -6.28893
v -4.06683 -1.69666 -6.44660
v -3.86201 -1.76864 -6.28893
v -4.06683 -1.69666 -6.44660
v -3.97354 -1.67234 -6.54651
v -3.86201 -1.63572 -6.28893
v -3.97354 -1.67234 -6.54651
v -3.86201 -1.62172 -6.54908
v -3.86201 -1.71546 -6.28893
v -3.86201 -1.62172 -6.54908
v -3.73107 -1.74258 -6.59131
v -3.86201 -1.77385 -6.28893
v -3.73107 -1.74258 -6.59131
v -3.64796 -1.71595 -6.45370
v -3.86201 -1.72139 -6.28893
v -3.64796 -1.71595 -6.45370
v -3.66102 -1.63235 -6.28893
v -3.86201 -1.69028 -6.28893
v -5.02896 -0.17536 -0.59049
v -4.85375 -0.24434 -0.45562
v -4.79842 -0.19324 -0.59049
v -5.02896 -0.20205 -0.59049
v -4.91644 -0.20319 -0.33064
v -4.85375 -0.24434 -0.45562
v -5.02896 -0.17326 -0.59049
v -5.02896 -0.11482 -0.22536
v -4.91644 -0.20319 -0.33064
v -5.02896 -0.11929 -0.59049
v -5.13319 -0.23323 -0.34979
v -5.02896 -0.11482 -0.22536
v -5.02896 -0.12080 -0.59049
v -5.21340 -0.22505 -0.44851
v -5.13319 -0.23323 -0.34979
v -5.02896 -0.24930 -0.59049
v -5.25764 -0.19661 -0.59049
v -5.21340 -0.22505 -0.44851
v -5.02896 -0.14598 -0.59049
v -5.25145 -0.14551 -0.76176
v -5.25764 -0.19661 -0.59049
v -5.02896 -0.11929 -0.59049
v -5.14605 -0.18666 -0.86090
v -5.25145 -0.14551 -0.76176
v -5.02896 -0.14808 -0.59049
v -5.02896 -0.27503 -0.83766
v -5.14605 -0.18666 -0.86090
v -5.02896 -0.20205 -0.59049
v -4.90358 -0.15662 -0.88005
v -5.02896 -0.27503 -0.83766
v -5.02896 -0.20054 -0.59049
v -4.81570 -0.16480 -0.75466
v -4.90358 -0.15662 -0.88005
v -5.02896 -0.07204 -0.59049
v -4.79842 -0.19324 -0.59049
v -4.81570 -0.16480 -0.75466
v -4.79842 -0.19324 -0.59049
v -4.85375 -0.24434 -0.45562
v -4.67218 -0.34308 -0.59049
v -4.85375 -0.24434 -0.45562
v -4.61098 -0.24869 -0.26873
v -4.67218 -0.34308 -0.59049
v -4.85375 -0.24434 -0.45562
v -4.91644 -0.20319 -0.33064
v -4.61098 -0.24869 -0.26873
v -4.91644 -0.20319 -0.33064
v -4.80793 -0.27913 -0.08005
v -4.61098 -0.24869 -0.26873
v -4.91644 -0.20319 -0.33064
v -5.02896 -0.11482 -0.22536
v -4.80793 -0.27913 -0.08005
v -5.02896 -0.11482 -0.22536
v -5.02896 -0.29899 -0.03640
v -4.80793 -0.27913 -0.08005
v -5.02896 -0.11482 -0.22536
v -5.13319 -0.23323 -0.34979
v -5.02896 -0.29899 -0.03640
v -5.13319 -0.23323 -0.34979
v -5.21401 -0.33310 -0.16314
v -5.02896 -0.29899 -0.03640
v -5.13319 -0.23323 -0.34979
v -5.21340 -0.22505 -0.44851
v -5.21401 -0.33310 -0.16314
v -5.21340 -0.22505 -0.44851
v -5.41544 -0.27597 -0.29298
v -5.21401 -0.33310 -0.16314
v -5.21340 -0.22505 -0.44851
v -5.25764 -0.19661 -0.59049
v -5.41544 -0.27597 -0.29298
v -5.25764 -0.19661 -0.59049
v -5.52071 -0.24186 -0.59049
v -5.41544 -0.27597 -0.29298
v -5.25764 -0.19661 -0.59049
v -5.25145 -0.14551 -0.76176
v -5.52071 -0.24186 -0.59049
v -5.25145 -0.14551 -0.76176
v -5.34583 -0.33626 -0.83442
v -5.52071 -0.24186 -0.59049
v -5.25145 -0.14551 -0.76176
v -5.14605 -0.18666 -0.86090
v -5.34583 -0.33626 -0.83442
v -5.14605 -0.18666 -0.86090
v -5.23220 -0.30582 -1.05985
v -5.34583 -0.33626 -0.83442
v -5.14605 -0.18666 -0.86090
v -5.02896 -0.27503 -0.83766
v -5.23220 -0.30582 -1.05985
v -5.02896 -0.27503 -0.83766
v -5.02896 -0.28595 -1.16777
v -5.23220 -0.30582 -1.05985
v -5.02896 -0.27503 -0.83766
v -4.90358 -0.15662 -0.88005
v -5.02896 -0.28595 -1.16777
v -4.90358 -0.15662 -0.88005
v -4.78975 -0.25185 -1.14294
v -5.02896 -0.28595 -1.16777
v -4.90358 -0.15662 -0.88005
v -4.81570 -0.16480 -0.75466
v -4.78975 -0.25185 -1.14294
v -4.81570 -0.16480 -0.75466
v -4.68060 -0.30898 -0.85867
v -4.78975 -0.25185 -1.14294
v -4.81570 -0.16480 -0.75466
v -4.79842 -0.19324 -0.59049
v -4.68060 -0.30898 -0.85867
v -4.79842 -0.19324 -0.59049
v -4.67218 -0.34308 -0.59049
v -4.68060 -0.30898 -0.85867
v -4.67218 -0.34308 -0.59049
v -4.61098 -0.24869 -0.26873
v -4.45140 -0.43125 -0.59049
v -4.61098 -0.24869 -0.26873
v -4.49271 -0.41831 -0.17769
v -4.45140 -0.43125 -0.59049
v -4.61098 -0.24869 -0.26873
v -4.80793 -0.27913 -0.08005
v -4.49271 -0.41831 -0.17769
v -4.80793 -0.27913 -0.08005
v -4.78387 -0.45839 -0.02448
v -4.49271 -0.41831 -0.17769
v -4.80793 -0.27913 -0.08005
v -5.02896 -0.29899 -0.03640
v -4.78387 -0.45839 -0.02448
v -5.02896 -0.29899 -0.03640
v -5.02896 -0.45589 0.07380
v -4.78387 -0.45839 -0.02448
v -5.02896 -0.29899 -0.03640
v -5.21401 -0.33310 -0.16314
v -5.02896 -0.45589 0.07380
v -5.21401 -0.33310 -0.16314
v -5.35106 -0.41054 0.15336
v -5.02896 -0.45589 0.07380
v -5.21401 -0.33310 -0.16314
v -5.41544 -0.27597 -0.29298
v -5.35106 -0.41054 0.15336
v -5.41544 -0.27597 -0.29298
v -5.51144 -0.43760 -0.21908
v -5.35106 -0.41054 0.15336
v -5.41544 -0.27597 -0.29298
v -5.52071 -0.24186 -0.59049
v -5.51144 -0.43760 -0.21908
v -5.52071 -0.24186 -0.59049
v -5.56006 -0.44568 -0.59049
v -5.51144 -0.43760 -0.21908
v -5.52071 -0.24186 -0.59049
v -5.34583 -0.33626 -0.83442
v -5.56006 -0.44568 -0.59049
v -5.34583 -0.33626 -0.83442
v -5.45283 -0.45862 -0.91679
v -5.56006 -0.44568 -0.59049
v -5.34583 -0.33626 -0.83442
v -5.23220 -0.30582 -1.05985
v -5.45283 -0.45862 -0.91679
v -5.23220 -0.30582 -1.05985
v -5.33820 -0.41853 -1.30465
v -5.45283 -0.45862 -0.91679
v -5.23220 -0.30582 -1.05985
v -5.02896 -0.28595 -1.16777
v -5.33820 -0.41853 -1.30465
v -5.02896 -0.28595 -1.16777
v -5.02896 -0.42103 -1.40441
v -5.33820 -0.41853 -1.30465
v -5.02896 -0.28595 -1.16777
v -4.78975 -0.25185 -1.14294
v -5.02896 -0.42103 -1.40441
v -4.78975 -0.25185 -1.14294
v -4.79673 -0.46638 -1.12681
v -5.02896 -0.42103 -1.40441
v -4.78975 -0.25185 -1.14294
v -4.68060 -0.30898 -0.85867
v -4.79673 -0.46638 -1.12681
v -4.68060 -0.30898 -0.85867
v -4.55132 -0.43933 -0.95819
v -4.79673 -0.46638 -1.12681
v -4.68060 -0.30898 -0.85867
v -4.67218 -0.34308 -0.59049
v -4.55132 -0.43933 -0.95819
v -4.67218 -0.34308 -0.59049
v -4.45140 -0.43125 -0.59049
v -4.55132 -0.43933 -0.95819
v -4.45140 -0.43125 -0.59049
v -4.49271 -0.41831 -0.17769
v -4.41217 -0.61067 -0.59049
v -4.49271 -0.41831 -0.17769
v -4.59350 -0.61067 -0.25528
v -4.41217 -0.61067 -0.59049
v -4.49271 -0.41831 -0.17769
v -4.78387 -0.45839 -0.02448
v -4.59350 -0.61067 -0.25528
v -4.78387 -0.45839 -0.02448
v -4.71917 -0.61067 0.12494
v -4.59350 -0.61067 -0.25528
v -4.78387 -0.45839 -0.02448
v -5.02896 -0.45589 0.07380
v -4.71917 -0.61067 0.12494
v -5.02896 -0.45589 0.07380
v -5.02896 -0.61067 0.25507
v -4.71917 -0.61067 0.12494
v -5.02896 -0.45589 0.07380
v -5.35106 -0.41054 0.15336
v -5.02896 -0.61067 0.25507
v -5.35106 -0.41054 0.15336
v -5.35554 -0.61067 0.16371
v -5.02896 -0.61067 0.25507
v -5.35106 -0.41054 0.15336
v -5.51144 -0.43760 -0.21908
v -5.35554 -0.61067 0.16371
v -5.51144 -0.43760 -0.21908
v -5.46442 -0.61067 -0.25528
v -5.35554 -0.61067 0.16371
v -5.51144 -0.43760 -0.21908
v -5.56006 -0.44568 -0.59049
v -5.46442 -0.61067 -0.25528
v -5.56006 -0.44568 -0.59049
v -5.61217 -0.61067 -0.59049
v -5.46442 -0.61067 -0.25528
v -5.56006 -0.44568 -0.59049
v -5.45283 -0.45862 -0.91679
v -5.61217 -0.61067 -0.59049
v -5.45283 -0.45862 -0.91679
v -5.63273 -0.61067 -1.05528
v -5.61217 -0.61067 -0.59049
v -5.45283 -0.45862 -0.91679
v -5.33820 -0.41853 -1.30465
v -5.63273 -0.61067 -1.05528
v -5.33820 -0.41853 -1.30465
v -5.31917 -0.61067 -1.26070
v -5.63273 -0.61067 -1.05528
v -5.33820 -0.41853 -1.30465
v -5.02896 -0.42103 -1.40441
v -5.31917 -0.61067 -1.26070
v -5.02896 -0.42103 -1.40441
v -5.02896 -0.61067 -1.34493
v -5.31917 -0.61067 -1.26070
v -5.02896 -0.42103 -1.40441
v -4.79673 -0.46638 -1.12681
v -5.02896 -0.61067 -1.34493
v -4.79673 -0.46638 -1.12681
v -4.75554 -0.61067 -1.22193
v -5.02896 -0.61067 -1.34493
v -4.79673 -0.46638 -1.12681
v -4.55132 -0.43933 -0.95819
v -4.75554 -0.61067 -1.22193
v -4.55132 -0.43933 -0.95819
v -4.42519 -0.61067 -1.05528
v -4.75554 -0.61067 -1.22193
v -4.55132 -0.43933 -0.95819
v -4.45140 -0.43125 -0.59049
v -4.42519 -0.61067 -1.05528
v -4.45140 -0.43125 -0.59049
v -4.41217 -0.61067 -0.59049
v -4.42519 -0.61067 -1.05528
v -4.41217 -0.61067 -0.59049
v -4.59350 -0.61067 -0.25528
v -4.50974 -0.77197 -0.59049
v -4.59350 -0.61067 -0.25528
v -4.57130 -0.77484 -0.23819
v -4.50974 -0.77197 -0.59049
v -4.59350 -0.61067 -0.25528
v -4.71917 -0.61067 0.12494
v -4.57130 -0.77484 -0.23819
v -4.71917 -0.61067 0.12494
v -4.70093 -0.81448 0.16706
v -4.57130 -0.77484 -0.23819
v -4.71917 -0.61067 0.12494
v -5.02896 -0.61067 0.25507
v -4.70093 -0.81448 0.16706
v -5.02896 -0.61067 0.25507
v -5.02896 -0.77435 0.11201
v -4.70093 -0.81448 0.16706
v -5.02896 -0.61067 0.25507
v -5.35554 -0.61067 0.16371
v -5.02896 -0.77435 0.11201
v -5.35554 -0.61067 0.16371
v -5.26812 -0.75926 -0.03819
v -5.02896 -0.77435 0.11201
v -5.35554 -0.61067 0.16371
v -5.46442 -0.61067 -0.25528
v -5.26812 -0.75926 -0.03819
v -5.46442 -0.61067 -0.25528
v -5.54039 -0.79413 -0.19679
v -5.26812 -0.75926 -0.03819
v -5.46442 -0.61067 -0.25528
v -5.61217 -0.61067 -0.59049
v -5.54039 -0.79413 -0.19679
v -5.61217 -0.61067 -0.59049
v -5.61839 -0.79378 -0.59049
v -5.54039 -0.79413 -0.19679
v -5.61217 -0.61067 -0.59049
v -5.63273 -0.61067 -1.05528
v -5.61839 -0.79378 -0.59049
v -5.63273 -0.61067 -1.05528
v -5.53143 -0.79091 -0.97729
v -5.61839 -0.79378 -0.59049
v -5.63273 -0.61067 -1.05528
v -5.31917 -0.61067 -1.26070
v -5.53143 -0.79091 -0.97729
v -5.31917 -0.61067 -1.26070
v -5.25526 -0.75127 -1.11310
v -5.53143 -0.79091 -0.97729
v -5.31917 -0.61067 -1.26070
v -5.02896 -0.61067 -1.34493
v -5.25526 -0.75127 -1.11310
v -5.02896 -0.61067 -1.34493
v -5.02896 -0.79141 -1.36620
v -5.25526 -0.75127 -1.11310
v -5.02896 -0.61067 -1.34493
v -4.75554 -0.61067 -1.22193
v -5.02896 -0.79141 -1.36620
v -4.75554 -0.61067 -1.22193
v -4.71379 -0.80649 -1.31835
v -5.02896 -0.79141 -1.36620
v -4.75554 -0.61067 -1.22193
v -4.42519 -0.61067 -1.05528
v -4.71379 -0.80649 -1.31835
v -4.42519 -0.61067 -1.05528
v -4.58027 -0.77162 -0.93590
v -4.71379 -0.80649 -1.31835
v -4.42519 -0.61067 -1.05528
v -4.41217 -0.61067 -0.59049
v -4.58027 -0.77162 -0.93590
v -4.41217 -0.61067 -0.59049
v -4.50974 -0.77197 -0.59049
v -4.58027 -0.77162 -0.93590
v -4.50974 -0.77197 -0.59049
v -4.57130 -0.77484 -0.23819
v -4.55401 -0.96689 -0.59049
v -4.57130 -0.77484 -0.23819
v -4.62794 -0.95796 -0.28179
v -4.55401 -0.96689 -0.59049
v -4.57130 -0.77484 -0.23819
v -4.70093 -0.81448 0.16706
v -4.62794 -0.95796 -0.28179
v -4.70093 -0.81448 0.16706
v -4.83552 -0.90083 -0.14376
v -4.62794 -0.95796 -0.28179
v -4.70093 -0.81448 0.16706
v -5.02896 -0.77435 0.11201
v -4.83552 -0.90083 -0.14376
v -5.02896 -0.77435 0.11201
v -5.02896 -0.90976 -0.05878
v -4.83552 -0.90083 -0.14376
v -5.02896 -0.77435 0.11201
v -5.26812 -0.75926 -0.03819
v -5.02896 -0.90976 -0.05878
v -5.26812 -0.75926 -0.03819
v -5.24160 -0.92962 -0.09944
v -5.02896 -0.90976 -0.05878
v -5.26812 -0.75926 -0.03819
v -5.54039 -0.79413 -0.19679
v -5.24160 -0.92962 -0.09944
v -5.54039 -0.79413 -0.19679
v -5.46148 -0.98524 -0.25754
v -5.24160 -0.92962 -0.09944
v -5.54039 -0.79413 -0.19679
v -5.61839 -0.79378 -0.59049
v -5.46148 -0.98524 -0.25754
v -5.61839 -0.79378 -0.59049
v -5.40253 -0.89085 -0.59049
v -5.46148 -0.98524 -0.25754
v -5.61839 -0.79378 -0.59049
v -5.53143 -0.79091 -0.97729
v -5.40253 -0.89085 -0.59049
v -5.53143 -0.79091 -0.97729
v -5.36279 -0.89977 -0.84748
v -5.40253 -0.89085 -0.59049
v -5.53143 -0.79091 -0.97729
v -5.25526 -0.75127 -1.11310
v -5.36279 -0.89977 -0.84748
v -5.25526 -0.75127 -1.11310
v -5.25978 -0.95690 -1.12355
v -5.36279 -0.89977 -0.84748
v -5.25526 -0.75127 -1.11310
v -5.02896 -0.79141 -1.36620
v -5.25978 -0.95690 -1.12355
v -5.02896 -0.79141 -1.36620
v -5.02896 -0.94798 -1.19015
v -5.25978 -0.95690 -1.12355
v -5.02896 -0.79141 -1.36620
v -4.71379 -0.80649 -1.31835
v -5.02896 -0.94798 -1.19015
v -4.71379 -0.80649 -1.31835
v -4.81733 -0.92811 -1.07923
v -5.02896 -0.94798 -1.19015
v -4.71379 -0.80649 -1.31835
v -4.58027 -0.77162 -0.93590
v -4.81733 -0.92811 -1.07923
v -4.58027 -0.77162 -0.93590
v -4.72663 -0.87249 -0.82323
v -4.81733 -0.92811 -1.07923
v -4.58027 -0.77162 -0.93590
v -4.50974 -0.77197 -0.59049
v -4.72663 -0.87249 -0.82323
v -4.50974 -0.77197 -0.59049
v -4.55401 -0.96689 -0.59049
v -4.72663 -0.87249 -0.82323
v -4.55401 -0.96689 -0.59049
v -4.62794 -0.95796 -0.28179
v -4.78841 -1.04622 -0.59049
v -4.62794 -0.95796 -0.28179
v -4.84026 -1.00519 -0.44524
v -4.78841 -1.04622 -0.59049
v -4.62794 -0.95796 -0.28179
v -4.83552 -0.90083 -0.14376
v -4.84026 -1.00519 -0.44524
v -4.83552 -0.90083 -0.14376
v -4.93067 -0.96662 -0.36350
v -4.84026 -1.00519 -0.44524
v -4.83552 -0.90083 -0.14376
v -5.02896 -0.90976 -0.05878
v -4.93067 -0.96662 -0.36350
v -5.02896 -0.90976 -0.05878
v -5.02896 -1.09761 -0.23192
v -4.93067 -0.96662 -0.36350
v -5.02896 -0.90976 -0.05878
v -5.24160 -0.92962 -0.09944
v -5.02896 -1.09761 -0.23192
v -5.24160 -0.92962 -0.09944
v -5.14742 -1.03964 -0.31693
v -5.02896 -1.09761 -0.23192
v -5.24160 -0.92962 -0.09944
v -5.46148 -0.98524 -0.25754
v -5.14742 -1.03964 -0.31693
v -5.46148 -0.98524 -0.25754
v -5.20843 -0.98590 -0.45234
v -5.14742 -1.03964 -0.31693
v -5.46148 -0.98524 -0.25754
v -5.40253 -0.89085 -0.59049
v -5.20843 -0.98590 -0.45234
v -5.40253 -0.89085 -0.59049
v -5.24763 -1.00661 -0.59049
v -5.20843 -0.98590 -0.45234
v -5.40253 -0.89085 -0.59049
v -5.36279 -0.89977 -0.84748
v -5.24763 -1.00661 -0.59049
v -5.36279 -0.89977 -0.84748
v -5.23796 -1.04764 -0.75138
v -5.24763 -1.00661 -0.59049
v -5.36279 -0.89977 -0.84748
v -5.25978 -0.95690 -1.12355
v -5.23796 -1.04764 -0.75138
v -5.25978 -0.95690 -1.12355
v -5.16028 -1.08621 -0.89376
v -5.23796 -1.04764 -0.75138
v -5.25978 -0.95690 -1.12355
v -5.02896 -0.94798 -1.19015
v -5.16028 -1.08621 -0.89376
v -5.02896 -0.94798 -1.19015
v -5.02896 -0.95522 -0.84421
v -5.16028 -1.08621 -0.89376
v -5.02896 -0.94798 -1.19015
v -4.81733 -0.92811 -1.07923
v -5.02896 -0.95522 -0.84421
v -4.81733 -0.92811 -1.07923
v -4.91781 -1.01319 -0.84719
v -5.02896 -0.95522 -0.84421
v -4.81733 -0.92811 -1.07923
v -4.72663 -0.87249 -0.82323
v -4.91781 -1.01319 -0.84719
v -4.72663 -0.87249 -0.82323
v -4.81074 -1.06693 -0.75848
v -4.91781 -1.01319 -0.84719
v -4.72663 -0.87249 -0.82323
v -4.55401 -0.96689 -0.59049
v -4.81074 -1.06693 -0.75848
v -4.55401 -0.96689 -0.59049
v -4.78841 -1.04622 -0.59049
v -4.81074 -1.06693 -0.75848
v -4.78841 -1.04622 -0.59049
v -4.84026 -1.00519 -0.44524
v -5.02896 -0.97204 -0.59049
v -4.84026 -1.00519 -0.44524
v -4.93067 -0.96662 -0.36350
v -5.02896 -1.07536 -0.59049
v -4.93067 -0.96662 -0.36350
v -5.02896 -1.09761 -0.23192
v -5.02896 -1.10205 -0.59049
v -5.02896 -1.09761 -0.23192
v -5.14742 -1.03964 -0.31693
v -5.02896 -1.07326 -0.59049
v -5.14742 -1.03964 -0.31693
v -5.20843 -0.98590 -0.45234
v -5.02896 -1.01929 -0.59049
v -5.20843 -0.98590 -0.45234
v -5.24763 -1.00661 -0.59049
v -5.02896 -1.02080 -0.59049
v -5.24763 -1.00661 -0.59049
v -5.23796 -1.04764 -0.75138
v -5.02896 -1.14930 -0.59049
v -5.23796 -1.04764 -0.75138
v -5.16028 -1.08621 -0.89376
v -5.02896 -1.04598 -0.59049
v -5.16028 -1.08621 -0.89376
v -5.02896 -0.95522 -0.84421
v -5.02896 -1.01929 -0.59049
v -5.02896 -0.95522 -0.84421
v -4.91781 -1.01319 -0.84719
v -5.02896 -1.04808 -0.59049
v -4.91781 -1.01319 -0.84719
v -4.81074 -1.06693 -0.75848
v -5.02896 -1.10205 -0.59049
v -4.81074 -1.06693 -0.75848
v -4.78841 -1.04622 -0.59049
v -5.02896 -1.10054 -0.59049
v 5.85391 0.03720 -3.19386
v 6.06374 0.01058 -3.03233
v 6.11758 0.04930 -3.19386
v 5.85391 0.07772 -3.19386
v 5.94987 -0.08063 -2.97225
v 6.06374 0.01058 -3.03233
v 5.85391 -0.02072 -3.19386
v 5.85391 -0.00464 -2.88202
v 5.94987 -0.08063 -2.97225
v 5.85391 -0.03396 -3.19386
v 5.73312 0.00931 -2.91490
v 5.85391 -0.00464 -2.88202
v 5.85391 0.09176 -3.19386
v 5.63486 0.02987 -3.02523
v 5.73312 0.00931 -2.91490
v 5.85391 0.03047 -3.19386
v 5.65836 -0.07405 -3.19386
v 5.63486 0.02987 -3.02523
v 5.85391 0.00655 -3.19386
v 5.66604 -0.03533 -3.33848
v 5.65836 -0.07405 -3.19386
v 5.85391 -0.03396 -3.19386
v 5.72026 0.05588 -3.50251
v 5.66604 -0.03533 -3.33848
v 5.85391 0.06448 -3.19386
v 5.85391 -0.02011 -3.49431
v 5.72026 0.05588 -3.50251
v 5.85391 0.07772 -3.19386
v 5.96273 -0.03406 -3.44516
v 5.85391 -0.02011 -3.49431
v 5.85391 -0.04800 -3.19386
v 6.03255 -0.05462 -3.33137
v 5.96273 -0.03406 -3.44516
v 5.85391 0.01329 -3.19386
v 6.11758 0.04930 -3.19386
v 6.03255 -0.05462 -3.33137
v 6.11758 0.04930 -3.19386
v 6.06374 0.01058 -3.03233
v 6.25550 -0.12693 -3.19386
v 6.06374 0.01058 -3.03233
v 6.19844 -0.12975 -2.92864
v 6.25550 -0.12693 -3.19386
v 6.06374 0.01058 -3.03233
v 5.94987 -0.08063 -2.97225
v 6.19844 -0.12975 -2.92864
v 5.94987 -0.08063 -2.97225
v 6.05254 -0.13018 -2.73515
v 6.19844 -0.12975 -2.92864
v 5.94987 -0.08063 -2.97225
v 5.85391 -0.00464 -2.88202
v 6.05254 -0.13018 -2.73515
v 5.85391 -0.00464 -2.88202
v 5.85391 -0.05283 -2.52666
v 6.05254 -0.13018 -2.73515
v 5.85391 -0.00464 -2.88202
v 5.73312 0.00931 -2.91490
v 5.85391 -0.05283 -2.52666
v 5.73312 0.00931 -2.91490
v 5.64646 -0.11695 -2.71477
v 5.85391 -0.05283 -2.52666
v 5.73312 0.00931 -2.91490
v 5.63486 0.02987 -3.02523
v 5.64646 -0.11695 -2.71477
v 5.63486 0.02987 -3.02523
v 5.54089 -0.15703 -2.95289
v 5.64646 -0.11695 -2.71477
v 5.63486 0.02987 -3.02523
v 5.65836 -0.07405 -3.19386
v 5.54089 -0.15703 -2.95289
v 5.65836 -0.07405 -3.19386
v 5.40697 -0.09292 -3.19386
v 5.54089 -0.15703 -2.95289
v 5.65836 -0.07405 -3.19386
v 5.66604 -0.03533 -3.33848
v 5.40697 -0.09292 -3.19386
v 5.66604 -0.03533 -3.33848
v 5.46359 -0.09009 -3.49433
v 5.40697 -0.09292 -3.19386
v 5.66604 -0.03533 -3.33848
v 5.72026 0.05588 -3.50251
v 5.46359 -0.09009 -3.49433
v 5.72026 0.05588 -3.50251
v 5.62827 -0.08967 -3.71494
v 5.46359 -0.09009 -3.49433
v 5.72026 0.05588 -3.50251
v 5.85391 -0.02011 -3.49431
v 5.62827 -0.08967 -3.71494
v 5.85391 -0.02011 -3.49431
v 5.85391 -0.16702 -3.65804
v 5.62827 -0.08967 -3.71494
v 5.85391 -0.02011 -3.49431
v 5.96273 -0.03406 -3.44516
v 5.85391 -0.16702 -3.65804
v 5.96273 -0.03406 -3.44516
v 6.07073 -0.10290 -3.69456
v 5.85391 -0.16702 -3.65804
v 5.96273 -0.03406 -3.44516
v 6.03255 -0.05462 -3.33137
v 6.07073 -0.10290 -3.69456
v 6.03255 -0.05462 -3.33137
v 6.27574 -0.06281 -3.51857
v 6.07073 -0.10290 -3.69456
v 6.03255 -0.05462 -3.33137
v 6.11758 0.04930 -3.19386
v 6.27574 -0.06281 -3.51857
v 6.11758 0.04930 -3.19386
v 6.25550 -0.12693 -3.19386
v 6.27574 -0.06281 -3.51857
v 6.25550 -0.12693 -3.19386
v 6.19844 -0.12975 -2.92864
v 6.30668 -0.28746 -3.19386
v 6.19844 -0.12975 -2.92864
v 6.38005 -0.23938 -2.78883
v 6.30668 -0.28746 -3.19386
v 6.19844 -0.12975 -2.92864
v 6.05254 -0.13018 -2.73515
v 6.38005 -0.23938 -2.78883
v 6.05254 -0.13018 -2.73515
v 6.16140 -0.23707 -2.48375
v 6.38005 -0.23938 -2.78883
v 6.05254 -0.13018 -2.73515
v 5.85391 -0.05283 -2.52666
v 6.16140 -0.23707 -2.48375
v 5.85391 -0.05283 -2.52666
v 5.85391 -0.26972 -2.51400
v 6.16140 -0.23707 -2.48375
v 5.85391 -0.05283 -2.52666
v 5.64646 -0.11695 -2.71477
v 5.85391 -0.26972 -2.51400
v 5.64646 -0.11695 -2.71477
v 5.59421 -0.26676 -2.59410
v 5.85391 -0.26972 -2.51400
v 5.64646 -0.11695 -2.71477
v 5.54089 -0.15703 -2.95289
v 5.59421 -0.26676 -2.59410
v 5.54089 -0.15703 -2.95289
v 5.38154 -0.25867 -2.83023
v 5.59421 -0.26676 -2.59410
v 5.54089 -0.15703 -2.95289
v 5.40697 -0.09292 -3.19386
v 5.38154 -0.25867 -2.83023
v 5.40697 -0.09292 -3.19386
v 5.19803 -0.22436 -3.19386
v 5.38154 -0.25867 -2.83023
v 5.40697 -0.09292 -3.19386
v 5.46359 -0.09009 -3.49433
v 5.19803 -0.22436 -3.19386
v 5.46359 -0.09009 -3.49433
v 5.41993 -0.27244 -3.52793
v 5.19803 -0.22436 -3.19386
v 5.46359 -0.09009 -3.49433
v 5.62827 -0.08967 -3.71494
v 5.41993 -0.27244 -3.52793
v 5.62827 -0.08967 -3.71494
v 5.60707 -0.27475 -3.76391
v 5.41993 -0.27244 -3.52793
v 5.62827 -0.08967 -3.71494
v 5.85391 -0.16702 -3.65804
v 5.60707 -0.27475 -3.76391
v 5.85391 -0.16702 -3.65804
v 5.85391 -0.24211 -3.99221
v 5.60707 -0.27475 -3.76391
v 5.85391 -0.16702 -3.65804
v 6.07073 -0.10290 -3.69456
v 5.85391 -0.24211 -3.99221
v 6.07073 -0.10290 -3.69456
v 6.14854 -0.24506 -3.87426
v 5.85391 -0.24211 -3.99221
v 6.07073 -0.10290 -3.69456
v 6.27574 -0.06281 -3.51857
v 6.14854 -0.24506 -3.87426
v 6.27574 -0.06281 -3.51857
v 6.34167 -0.25315 -3.56933
v 6.14854 -0.24506 -3.87426
v 6.27574 -0.06281 -3.51857
v 6.25550 -0.12693 -3.19386
v 6.34167 -0.25315 -3.56933
v 6.25550 -0.12693 -3.19386
v 6.30668 -0.28746 -3.19386
v 6.34167 -0.25315 -3.56933
v 6.30668 -0.28746 -3.19386
v 6.38005 -0.23938 -2.78883
v 6.51072 -0.42812 -3.19386
v 6.38005 -0.23938 -2.78883
v 6.40163 -0.42812 -2.77222
v 6.51072 -0.42812 -3.19386
v 6.38005 -0.23938 -2.78883
v 6.16140 -0.23707 -2.48375
v 6.40163 -0.42812 -2.77222
v 6.16140 -0.23707 -2.48375
v 6.14370 -0.42812 -2.52463
v 6.40163 -0.42812 -2.77222
v 6.16140 -0.23707 -2.48375
v 5.85391 -0.26972 -2.51400
v 6.14370 -0.42812 -2.52463
v 5.85391 -0.26972 -2.51400
v 5.85391 -0.42812 -2.52113
v 6.14370 -0.42812 -2.52463
v 5.85391 -0.26972 -2.51400
v 5.59421 -0.26676 -2.59410
v 5.85391 -0.42812 -2.52113
v 5.59421 -0.26676 -2.59410
v 5.50732 -0.42812 -2.39344
v 5.85391 -0.42812 -2.52113
v 5.59421 -0.26676 -2.59410
v 5.38154 -0.25867 -2.83023
v 5.50732 -0.42812 -2.39344
v 5.38154 -0.25867 -2.83023
v 5.30619 -0.42812 -2.77222
v 5.50732 -0.42812 -2.39344
v 5.38154 -0.25867 -2.83023
v 5.19803 -0.22436 -3.19386
v 5.30619 -0.42812 -2.77222
v 5.19803 -0.22436 -3.19386
v 5.31072 -0.42812 -3.19386
v 5.30619 -0.42812 -2.77222
v 5.19803 -0.22436 -3.19386
v 5.41993 -0.27244 -3.52793
v 5.31072 -0.42812 -3.19386
v 5.41993 -0.27244 -3.52793
v 5.36240 -0.42812 -3.57222
v 5.31072 -0.42812 -3.19386
v 5.41993 -0.27244 -3.52793
v 5.60707 -0.27475 -3.76391
v 5.36240 -0.42812 -3.57222
v 5.60707 -0.27475 -3.76391
v 5.54370 -0.42812 -3.91027
v 5.36240 -0.42812 -3.57222
v 5.60707 -0.27475 -3.76391
v 5.85391 -0.24211 -3.99221
v 5.54370 -0.42812 -3.91027
v 5.85391 -0.24211 -3.99221
v 5.85391 -0.42812 -4.12113
v 5.54370 -0.42812 -3.91027
v 5.85391 -0.24211 -3.99221
v 6.14854 -0.24506 -3.87426
v 5.85391 -0.42812 -4.12113
v 6.14854 -0.24506 -3.87426
v 6.10732 -0.42812 -3.77908
v 5.85391 -0.42812 -4.12113
v 6.14854 -0.24506 -3.87426
v 6.34167 -0.25315 -3.56933
v 6.10732 -0.42812 -3.77908
v 6.34167 -0.25315 -3.56933
v 6.34542 -0.42812 -3.57222
v 6.10732 -0.42812 -3.77908
v 6.34167 -0.25315 -3.56933
v 6.30668 -0.28746 -3.19386
v 6.34542 -0.42812 -3.57222
v 6.30668 -0.28746 -3.19386
v 6.51072 -0.42812 -3.19386
v 6.34542 -0.42812 -3.57222
v 6.51072 -0.42812 -3.19386
v 6.40163 -0.42812 -2.77222
v 6.46963 -0.61940 -3.19386
v 6.40163 -0.42812 -2.77222
v 6.24230 -0.56744 -2.89487
v 6.46963 -0.61940 -3.19386
v 6.40163 -0.42812 -2.77222
v 6.14370 -0.42812 -2.52463
v 6.24230 -0.56744 -2.89487
v 6.14370 -0.42812 -2.52463
v 6.13370 -0.60196 -2.54772
v 6.24230 -0.56744 -2.89487
v 6.14370 -0.42812 -2.52463
v 5.85391 -0.42812 -2.52113
v 6.13370 -0.60196 -2.54772
v 5.85391 -0.42812 -2.52113
v 5.85391 -0.61665 -2.38470
v 6.13370 -0.60196 -2.54772
v 5.85391 -0.42812 -2.52113
v 5.50732 -0.42812 -2.39344
v 5.85391 -0.61665 -2.38470
v 5.50732 -0.42812 -2.39344
v 5.56651 -0.60669 -2.53013
v 5.85391 -0.61665 -2.38470
v 5.50732 -0.42812 -2.39344
v 5.30619 -0.42812 -2.77222
v 5.56651 -0.60669 -2.53013
v 5.30619 -0.42812 -2.77222
v 5.41175 -0.58673 -2.85348
v 5.56651 -0.60669 -2.53013
v 5.30619 -0.42812 -2.77222
v 5.31072 -0.42812 -3.19386
v 5.41175 -0.58673 -2.85348
v 5.31072 -0.42812 -3.19386
v 5.36097 -0.58126 -3.19386
v 5.41175 -0.58673 -2.85348
v 5.31072 -0.42812 -3.19386
v 5.36240 -0.42812 -3.57222
v 5.36097 -0.58126 -3.19386
v 5.36240 -0.42812 -3.57222
v 5.28218 -0.63321 -3.63398
v 5.36097 -0.58126 -3.19386
v 5.36240 -0.42812 -3.57222
v 5.54370 -0.42812 -3.91027
v 5.28218 -0.63321 -3.63398
v 5.54370 -0.42812 -3.91027
v 5.57937 -0.59870 -3.82788
v 5.28218 -0.63321 -3.63398
v 5.54370 -0.42812 -3.91027
v 5.85391 -0.42812 -4.12113
v 5.57937 -0.59870 -3.82788
v 5.85391 -0.42812 -4.12113
v 5.85391 -0.58401 -3.86291
v 5.57937 -0.59870 -3.82788
v 5.85391 -0.42812 -4.12113
v 6.10732 -0.42812 -3.77908
v 5.85391 -0.58401 -3.86291
v 6.10732 -0.42812 -3.77908
v 6.12084 -0.59397 -3.81029
v 5.85391 -0.58401 -3.86291
v 6.10732 -0.42812 -3.77908
v 6.34542 -0.42812 -3.57222
v 6.12084 -0.59397 -3.81029
v 6.34542 -0.42812 -3.57222
v 6.37187 -0.61392 -3.59258
v 6.12084 -0.59397 -3.81029
v 6.34542 -0.42812 -3.57222
v 6.51072 -0.42812 -3.19386
v 6.37187 -0.61392 -3.59258
v 6.51072 -0.42812 -3.19386
v 6.46963 -0.61940 -3.19386
v 6.37187 -0.61392 -3.59258
v 6.46963 -0.61940 -3.19386
v 6.24230 -0.56744 -2.89487
v 6.24405 -0.72072 -3.19386
v 6.24230 -0.56744 -2.89487
v 6.21613 -0.74181 -2.91502
v 6.24405 -0.72072 -3.19386
v 6.24230 -0.56744 -2.89487
v 6.13370 -0.60196 -2.54772
v 6.21613 -0.74181 -2.91502
v 6.13370 -0.60196 -2.54772
v 6.08977 -0.78190 -2.64918
v 6.21613 -0.74181 -2.91502
v 6.13370 -0.60196 -2.54772
v 5.85391 -0.61665 -2.38470
v 6.08977 -0.78190 -2.64918
v 5.85391 -0.61665 -2.38470
v 5.85391 -0.76081 -2.60240
v 6.08977 -0.78190 -2.64918
v 5.85391 -0.61665 -2.38470
v 5.56651 -0.60669 -2.53013
v 5.85391 -0.76081 -2.60240
v 5.56651 -0.60669 -2.53013
v 5.68369 -0.68346 -2.80074
v 5.85391 -0.76081 -2.60240
v 5.56651 -0.60669 -2.53013
v 5.41175 -0.58673 -2.85348
v 5.68369 -0.68346 -2.80074
v 5.41175 -0.58673 -2.85348
v 5.46019 -0.76909 -2.89077
v 5.68369 -0.68346 -2.80074
v 5.41175 -0.58673 -2.85348
v 5.36097 -0.58126 -3.19386
v 5.46019 -0.76909 -2.89077
v 5.36097 -0.58126 -3.19386
v 5.39552 -0.77192 -3.19386
v 5.46019 -0.76909 -2.89077
v 5.36097 -0.58126 -3.19386
v 5.28218 -0.63321 -3.63398
v 5.39552 -0.77192 -3.19386
v 5.28218 -0.63321 -3.63398
v 5.48128 -0.75083 -3.48070
v 5.39552 -0.77192 -3.19386
v 5.28218 -0.63321 -3.63398
v 5.57937 -0.59870 -3.82788
v 5.48128 -0.75083 -3.48070
v 5.57937 -0.59870 -3.82788
v 5.66550 -0.71074 -3.62897
v 5.48128 -0.75083 -3.48070
v 5.57937 -0.59870 -3.82788
v 5.85391 -0.58401 -3.86291
v 5.66550 -0.71074 -3.62897
v 5.85391 -0.58401 -3.86291
v 5.85391 -0.73183 -3.73378
v 5.66550 -0.71074 -3.62897
v 5.85391 -0.58401 -3.86291
v 6.12084 -0.59397 -3.81029
v 5.85391 -0.73183 -3.73378
v 6.12084 -0.59397 -3.81029
v 6.10795 -0.80918 -3.78053
v 5.85391 -0.73183 -3.73378
v 6.12084 -0.59397 -3.81029
v 6.37187 -0.61392 -3.59258
v 6.10795 -0.80918 -3.78053
v 6.37187 -0.61392 -3.59258
v 6.19504 -0.72355 -3.45646
v 6.10795 -0.80918 -3.78053
v 6.37187 -0.61392 -3.59258
v 6.46963 -0.61940 -3.19386
v 6.19504 -0.72355 -3.45646
v 6.46963 -0.61940 -3.19386
v 6.24405 -0.72072 -3.19386
v 6.19504 -0.72355 -3.45646
v 6.24405 -0.72072 -3.19386
v 6.21613 -0.74181 -2.91502
v 6.08963 -0.85492 -3.19386
v 6.21613 -0.74181 -2.91502
v 6.08737 -0.91624 -3.01414
v 6.08963 -0.85492 -3.19386
v 6.21613 -0.74181 -2.91502
v 6.08977 -0.78190 -2.64918
v 6.08737 -0.91624 -3.01414
v 6.08977 -0.78190 -2.64918
v 5.95462 -0.79282 -2.96128
v 6.08737 -0.91624 -3.01414
v 6.08977 -0.78190 -2.64918
v 5.85391 -0.76081 -2.60240
v 5.95462 -0.79282 -2.96128
v 5.85391 -0.76081 -2.60240
v 5.85391 -0.82147 -2.90420
v 5.95462 -0.79282 -2.96128
v 5.85391 -0.76081 -2.60240
v 5.68369 -0.68346 -2.80074
v 5.85391 -0.82147 -2.90420
v 5.68369 -0.68346 -2.80074
v 5.73787 -0.84834 -2.92587
v 5.85391 -0.82147 -2.90420
v 5.68369 -0.68346 -2.80074
v 5.46019 -0.76909 -2.89077
v 5.73787 -0.84834 -2.92587
v 5.46019 -0.76909 -2.89077
v 5.62968 -0.89695 -3.02124
v 5.73787 -0.84834 -2.92587
v 5.46019 -0.76909 -2.89077
v 5.39552 -0.77192 -3.19386
v 5.62968 -0.89695 -3.02124
v 5.39552 -0.77192 -3.19386
v 5.63041 -0.83281 -3.19386
v 5.62968 -0.89695 -3.02124
v 5.39552 -0.77192 -3.19386
v 5.48128 -0.75083 -3.48070
v 5.63041 -0.83281 -3.19386
v 5.48128 -0.75083 -3.48070
v 5.68968 -0.77150 -3.32028
v 5.63041 -0.83281 -3.19386
v 5.48128 -0.75083 -3.48070
v 5.66550 -0.71074 -3.62897
v 5.68968 -0.77150 -3.32028
v 5.66550 -0.71074 -3.62897
v 5.72501 -0.89491 -3.49154
v 5.68968 -0.77150 -3.32028
v 5.66550 -0.71074 -3.62897
v 5.85391 -0.73183 -3.73378
v 5.72501 -0.89491 -3.49154
v 5.85391 -0.73183 -3.73378
v 5.85391 -0.86626 -3.51649
v 5.72501 -0.89491 -3.49154
v 5.85391 -0.73183 -3.73378
v 6.10795 -0.80918 -3.78053
v 5.85391 -0.86626 -3.51649
v 6.10795 -0.80918 -3.78053
v 5.96748 -0.83939 -3.45613
v 5.85391 -0.86626 -3.51649
v 6.10795 -0.80918 -3.78053
v 6.19504 -0.72355 -3.45646
v 5.96748 -0.83939 -3.45613
v 6.19504 -0.72355 -3.45646
v 6.02737 -0.79079 -3.32739
v 5.96748 -0.83939 -3.45613
v 6.19504 -0.72355 -3.45646
v 6.24405 -0.72072 -3.19386
v 6.02737 -0.79079 -3.32739
v 6.24405 -0.72072 -3.19386
v 6.08963 -0.85492 -3.19386
v 6.02737 -0.79079 -3.32739
v 6.08963 -0.85492 -3.19386
v 6.08737 -0.91624 -3.01414
v 5.85391 -0.88671 -3.19386
v 6.08737 -0.91624 -3.01414
v 5.95462 -0.79282 -2.96128
v 5.85391 -0.86280 -3.19386
v 5.95462 -0.79282 -2.96128
v 5.85391 -0.82147 -2.90420
v 5.85391 -0.82228 -3.19386
v 5.85391 -0.82147 -2.90420
v 5.73787 -0.84834 -2.92587
v 5.85391 -0.92072 -3.19386
v 5.73787 -0.84834 -2.92587
v 5.62968 -0.89695 -3.02124
v 5.85391 -0.93396 -3.19386
v 5.62968 -0.89695 -3.02124
v 5.63041 -0.83281 -3.19386
v 5.85391 -0.80824 -3.19386
v 5.63041 -0.83281 -3.19386
v 5.68968 -0.77150 -3.32028
v 5.85391 -0.86953 -3.19386
v 5.68968 -0.77150 -3.32028
v 5.72501 -0.89491 -3.49154
v 5.85391 -0.89345 -3.19386
v 5.72501 -0.89491 -3.49154
v 5.85391 -0.86626 -3.51649
v 5.85391 -0.93396 -3.19386
v 5.85391 -0.86626 -3.51649
v 5.96748 -0.83939 -3.45613
v 5.85391 -0.83552 -3.19386
v 5.96748 -0.83939 -3.45613
v 6.02737 -0.79079 -3.32739
v 5.85391 -0.82228 -3.19386
v 6.02737 -0.79079 -3.32739
v 6.08963 -0.85492 -3.19386
v 5.85391 -0.94800 -3.19386
v 5.11676 -0.50766 -4.16089
v 5.31351 -0.46897 -4.00943
v 5.32301 -0.50688 -4.16089
v 5.11676 -0.44489 -4.16089
v 5.24142 -0.42888 -3.87299
v 5.31351 -0.46897 -4.00943
v 5.11676 -0.38030 -4.16089
v 5.11676 -0.42953 -3.82893
v 5.24142 -0.42888 -3.87299
v 5.11676 -0.41579 -4.16089
v 5.02467 -0.54687 -3.94823
v 5.11676 -0.42953 -3.82893
v 5.11676 -0.45310 -4.16089
v 4.91077 -0.44968 -4.00233
v 5.02467 -0.54687 -3.94823
v 5.11676 -0.49214 -4.16089
v 4.86379 -0.42230 -4.16089
v 4.91077 -0.44968 -4.00233
v 5.11676 -0.35302 -4.16089
v 4.91582 -0.46022 -4.31558
v 4.86379 -0.42230 -4.16089
v 5.11676 -0.41579 -4.16089
v 5.01181 -0.50030 -4.40325
v 4.91582 -0.46022 -4.31558
v 5.11676 -0.48038 -4.16089
v 5.11676 -0.49965 -4.44122
v 5.01181 -0.50030 -4.40325
v 5.11676 -0.44489 -4.16089
v 5.25428 -0.38231 -4.47850
v 5.11676 -0.49965 -4.44122
v 5.11676 -0.40758 -4.16089
v 5.30847 -0.47951 -4.30848
v 5.25428 -0.38231 -4.47850
v 5.11676 -0.36854 -4.16089
v 5.32301 -0.50688 -4.16089
v 5.30847 -0.47951 -4.30848
v 5.32301 -0.50688 -4.16089
v 5.31351 -0.46897 -4.00943
v 5.53318 -0.56802 -4.16089
v 5.31351 -0.46897 -4.00943
v 5.55541 -0.50045 -3.82322
v 5.53318 -0.56802 -4.16089
v 5.31351 -0.46897 -4.00943
v 5.24142 -0.42888 -3.87299
v 5.55541 -0.50045 -3.82322
v 5.24142 -0.42888 -3.87299
v 5.30796 -0.59352 -3.71932
v 5.55541 -0.50045 -3.82322
v 5.24142 -0.42888 -3.87299
v 5.11676 -0.42953 -3.82893
v 5.30796 -0.59352 -3.71932
v 5.11676 -0.42953 -3.82893
v 5.11676 -0.58656 -3.63862
v 5.30796 -0.59352 -3.71932
v 5.11676 -0.42953 -3.82893
v 5.02467 -0.54687 -3.94823
v 5.11676 -0.58656 -3.63862
v 5.02467 -0.54687 -3.94823
v 4.90189 -0.55803 -3.66468
v 5.11676 -0.58656 -3.63862
v 5.02467 -0.54687 -3.94823
v 4.91077 -0.44968 -4.00233
v 4.90189 -0.55803 -3.66468
v 4.91077 -0.44968 -4.00233
v 4.70960 -0.52773 -3.84747
v 4.90189 -0.55803 -3.66468
v 4.91077 -0.44968 -4.00233
v 4.86379 -0.42230 -4.16089
v 4.70960 -0.52773 -3.84747
v 4.86379 -0.42230 -4.16089
v 4.68465 -0.55626 -4.16089
v 4.70960 -0.52773 -3.84747
v 4.86379 -0.42230 -4.16089
v 4.91582 -0.46022 -4.31558
v 4.68465 -0.55626 -4.16089
v 4.91582 -0.46022 -4.31558
v 4.82056 -0.62383 -4.38891
v 4.68465 -0.55626 -4.16089
v 4.91582 -0.46022 -4.31558
v 5.01181 -0.50030 -4.40325
v 4.82056 -0.62383 -4.38891
v 5.01181 -0.50030 -4.40325
v 4.88370 -0.53076 -4.69911
v 4.82056 -0.62383 -4.38891
v 5.01181 -0.50030 -4.40325
v 5.11676 -0.49965 -4.44122
v 4.88370 -0.53076 -4.69911
v 5.11676 -0.49965 -4.44122
v 5.11676 -0.53772 -4.77000
v 4.88370 -0.53076 -4.69911
v 5.11676 -0.49965 -4.44122
v 5.25428 -0.38231 -4.47850
v 5.11676 -0.53772 -4.77000
v 5.25428 -0.38231 -4.47850
v 5.32615 -0.56624 -4.64447
v 5.11676 -0.53772 -4.77000
v 5.25428 -0.38231 -4.47850
v 5.30847 -0.47951 -4.30848
v 5.32615 -0.56624 -4.64447
v 5.30847 -0.47951 -4.30848
v 5.44445 -0.59655 -4.41315
v 5.32615 -0.56624 -4.64447
v 5.30847 -0.47951 -4.30848
v 5.32301 -0.50688 -4.16089
v 5.44445 -0.59655 -4.41315
v 5.32301 -0.50688 -4.16089
v 5.53318 -0.56802 -4.16089
v 5.44445 -0.59655 -4.41315
v 5.53318 -0.56802 -4.16089
v 5.55541 -0.50045 -3.82322
v 5.69331 -0.70123 -4.16089
v 5.55541 -0.50045 -3.82322
v 5.58032 -0.71405 -3.80404
v 5.69331 -0.70123 -4.16089
v 5.55541 -0.50045 -3.82322
v 5.30796 -0.59352 -3.71932
v 5.58032 -0.71405 -3.80404
v 5.30796 -0.59352 -3.71932
v 5.36235 -0.72774 -3.59372
v 5.58032 -0.71405 -3.80404
v 5.30796 -0.59352 -3.71932
v 5.11676 -0.58656 -3.63862
v 5.36235 -0.72774 -3.59372
v 5.11676 -0.58656 -3.63862
v 5.11676 -0.69949 -3.38470
v 5.36235 -0.72774 -3.59372
v 5.11676 -0.58656 -3.63862
v 4.90189 -0.55803 -3.66468
v 5.11676 -0.69949 -3.38470
v 4.90189 -0.55803 -3.66468
v 4.79516 -0.68053 -3.41821
v 5.11676 -0.69949 -3.38470
v 4.90189 -0.55803 -3.66468
v 4.70960 -0.52773 -3.84747
v 4.79516 -0.68053 -3.41821
v 4.70960 -0.52773 -3.84747
v 4.70696 -0.73334 -3.84543
v 4.79516 -0.68053 -3.41821
v 4.70960 -0.52773 -3.84747
v 4.68465 -0.55626 -4.16089
v 4.70696 -0.73334 -3.84543
v 4.68465 -0.55626 -4.16089
v 4.58465 -0.71503 -4.16089
v 4.70696 -0.73334 -3.84543
v 4.68465 -0.55626 -4.16089
v 4.82056 -0.62383 -4.38891
v 4.58465 -0.71503 -4.16089
v 4.82056 -0.62383 -4.38891
v 4.62020 -0.70221 -4.54314
v 4.58465 -0.71503 -4.16089
v 4.82056 -0.62383 -4.38891
v 4.88370 -0.53076 -4.69911
v 4.62020 -0.70221 -4.54314
v 4.88370 -0.53076 -4.69911
v 4.80802 -0.68852 -4.87388
v 4.62020 -0.70221 -4.54314
v 4.88370 -0.53076 -4.69911
v 5.11676 -0.53772 -4.77000
v 4.80802 -0.68852 -4.87388
v 5.11676 -0.53772 -4.77000
v 5.11676 -0.71677 -4.86291
v 4.80802 -0.68852 -4.87388
v 5.11676 -0.53772 -4.77000
v 5.32615 -0.56624 -4.64447
v 5.11676 -0.71677 -4.86291
v 5.32615 -0.56624 -4.64447
v 5.34949 -0.73574 -4.69837
v 5.11676 -0.71677 -4.86291
v 5.32615 -0.56624 -4.64447
v 5.44445 -0.59655 -4.41315
v 5.34949 -0.73574 -4.69837
v 5.44445 -0.59655 -4.41315
v 5.66708 -0.68292 -4.58454
v 5.34949 -0.73574 -4.69837
v 5.44445 -0.59655 -4.41315
v 5.53318 -0.56802 -4.16089
v 5.66708 -0.68292 -4.58454
v 5.53318 -0.56802 -4.16089
v 5.69331 -0.70123 -4.16089
v 5.66708 -0.68292 -4.58454
v 5.69331 -0.70123 -4.16089
v 5.58032 -0.71405 -3.80404
v 5.65003 -0.88034 -4.16089
v 5.58032 -0.71405 -3.80404
v 5.58319 -0.88034 -3.80183
v 5.65003 -0.88034 -4.16089
v 5.58032 -0.71405 -3.80404
v 5.36235 -0.72774 -3.59372
v 5.58319 -0.88034 -3.80183
v 5.36235 -0.72774 -3.59372
v 5.46830 -0.88034 -3.34903
v 5.58319 -0.88034 -3.80183
v 5.36235 -0.72774 -3.59372
v 5.11676 -0.69949 -3.38470
v 5.46830 -0.88034 -3.34903
v 5.11676 -0.69949 -3.38470
v 5.11676 -0.88034 -3.36303
v 5.46830 -0.88034 -3.34903
v 5.11676 -0.69949 -3.38470
v 4.79516 -0.68053 -3.41821
v 5.11676 -0.88034 -3.36303
v 4.79516 -0.68053 -3.41821
v 4.83193 -0.88034 -3.50312
v 5.11676 -0.88034 -3.36303
v 4.79516 -0.68053 -3.41821
v 4.70696 -0.73334 -3.84543
v 4.83193 -0.88034 -3.50312
v 4.70696 -0.73334 -3.84543
v 4.65032 -0.88034 -3.80183
v 4.83193 -0.88034 -3.50312
v 4.70696 -0.73334 -3.84543
v 4.58465 -0.71503 -4.16089
v 4.65032 -0.88034 -3.80183
v 4.58465 -0.71503 -4.16089
v 4.45003 -0.88034 -4.16089
v 4.65032 -0.88034 -3.80183
v 4.58465 -0.71503 -4.16089
v 4.62020 -0.70221 -4.54314
v 4.45003 -0.88034 -4.16089
v 4.62020 -0.70221 -4.54314
v 4.54396 -0.88034 -4.60183
v 4.45003 -0.88034 -4.16089
v 4.62020 -0.70221 -4.54314
v 4.80802 -0.68852 -4.87388
v 4.54396 -0.88034 -4.60183
v 4.80802 -0.68852 -4.87388
v 4.86830 -0.88034 -4.73467
v 4.54396 -0.88034 -4.60183
v 4.80802 -0.68852 -4.87388
v 5.11676 -0.71677 -4.86291
v 4.86830 -0.88034 -4.73467
v 5.11676 -0.71677 -4.86291
v 5.11676 -0.88034 -4.96303
v 4.86830 -0.88034 -4.73467
v 5.11676 -0.71677 -4.86291
v 5.34949 -0.73574 -4.69837
v 5.11676 -0.88034 -4.96303
v 5.34949 -0.73574 -4.69837
v 5.43193 -0.88034 -4.88876
v 5.11676 -0.88034 -4.96303
v 5.34949 -0.73574 -4.69837
v 5.66708 -0.68292 -4.58454
v 5.43193 -0.88034 -4.88876
v 5.66708 -0.68292 -4.58454
v 5.68955 -0.88034 -4.60183
v 5.43193 -0.88034 -4.88876
v 5.66708 -0.68292 -4.58454
v 5.69331 -0.70123 -4.16089
v 5.68955 -0.88034 -4.60183
v 5.69331 -0.70123 -4.16089
v 5.65003 -0.88034 -4.16089
v 5.68955 -0.88034 -4.60183
v 5.65003 -0.88034 -4.16089
v 5.58319 -0.88034 -3.80183
v 5.69604 -1.06030 -4.16089
v 5.58319 -0.88034 -3.80183
v 5.62519 -1.06272 -3.76950
v 5.69604 -1.06030 -4.16089
v 5.58319 -0.88034 -3.80183
v 5.46830 -0.88034 -3.34903
v 5.62519 -1.06272 -3.76950
v 5.46830 -0.88034 -3.34903
v 5.41476 -1.06549 -3.47268
v 5.62519 -1.06272 -3.76950
v 5.46830 -0.88034 -3.34903
v 5.11676 -0.88034 -3.36303
v 5.41476 -1.06549 -3.47268
v 5.11676 -0.88034 -3.36303
v 5.11676 -1.02580 -3.53657
v 5.41476 -1.06549 -3.47268
v 5.11676 -0.88034 -3.36303
v 4.83193 -0.88034 -3.50312
v 5.11676 -1.02580 -3.53657
v 4.83193 -0.88034 -3.50312
v 4.84757 -1.04759 -3.53924
v 5.11676 -1.02580 -3.53657
v 4.83193 -0.88034 -3.50312
v 4.65032 -0.88034 -3.80183
v 4.84757 -1.04759 -3.53924
v 4.65032 -0.88034 -3.80183
v 4.55455 -1.08201 -3.72811
v 4.84757 -1.04759 -3.53924
v 4.65032 -0.88034 -3.80183
v 4.45003 -0.88034 -4.16089
v 4.55455 -1.08201 -3.72811
v 4.45003 -0.88034 -4.16089
v 4.58738 -1.04479 -4.16089
v 4.55455 -1.08201 -3.72811
v 4.45003 -0.88034 -4.16089
v 4.54396 -0.88034 -4.60183
v 4.58738 -1.04479 -4.16089
v 4.54396 -0.88034 -4.60183
v 4.66507 -1.04237 -4.50860
v 4.58738 -1.04479 -4.16089
v 4.54396 -0.88034 -4.60183
v 4.86830 -0.88034 -4.73467
v 4.66507 -1.04237 -4.50860
v 4.86830 -0.88034 -4.73467
v 4.86043 -1.03960 -4.75285
v 4.66507 -1.04237 -4.50860
v 4.86830 -0.88034 -4.73467
v 5.11676 -0.88034 -4.96303
v 4.86043 -1.03960 -4.75285
v 5.11676 -0.88034 -4.96303
v 5.11676 -1.07929 -5.01478
v 4.86043 -1.03960 -4.75285
v 5.11676 -0.88034 -4.96303
v 5.43193 -0.88034 -4.88876
v 5.11676 -1.07929 -5.01478
v 5.43193 -0.88034 -4.88876
v 5.40190 -1.05750 -4.81941
v 5.11676 -1.07929 -5.01478
v 5.43193 -0.88034 -4.88876
v 5.68955 -0.88034 -4.60183
v 5.40190 -1.05750 -4.81941
v 5.68955 -0.88034 -4.60183
v 5.51467 -1.02308 -4.46721
v 5.40190 -1.05750 -4.81941
v 5.68955 -0.88034 -4.60183
v 5.65003 -0.88034 -4.16089
v 5.51467 -1.02308 -4.46721
v 5.65003 -0.88034 -4.16089
v 5.69604 -1.06030 -4.16089
v 5.51467 -1.02308 -4.46721
v 5.69604 -1.06030 -4.16089
v 5.62519 -1.06272 -3.76950
v 5.61558 -1.25446 -4.16089
v 5.62519 -1.06272 -3.76950
v 5.46613 -1.18290 -3.89195
v 5.61558 -1.25446 -4.16089
v 5.62519 -1.06272 -3.76950
v 5.41476 -1.06549 -3.47268
v 5.46613 -1.18290 -3.89195
v 5.41476 -1.06549 -3.47268
v 5.29826 -1.15260 -3.74172
v 5.46613 -1.18290 -3.89195
v 5.41476 -1.06549 -3.47268
v 5.11676 -1.02580 -3.53657
v 5.29826 -1.15260 -3.74172
v 5.11676 -1.02580 -3.53657
v 5.11676 -1.22416 -3.54966
v 5.29826 -1.15260 -3.74172
v 5.11676 -1.02580 -3.53657
v 4.84757 -1.04759 -3.53924
v 5.11676 -1.22416 -3.54966
v 4.84757 -1.04759 -3.53924
v 4.89219 -1.21719 -3.64227
v 5.11676 -1.22416 -3.54966
v 4.84757 -1.04759 -3.53924
v 4.55455 -1.08201 -3.72811
v 4.89219 -1.21719 -3.64227
v 4.55455 -1.08201 -3.72811
v 4.73588 -1.21018 -3.86770
v 4.89219 -1.21719 -3.64227
v 4.55455 -1.08201 -3.72811
v 4.58738 -1.04479 -4.16089
v 4.73588 -1.21018 -3.86770
v 4.58738 -1.04479 -4.16089
v 4.76705 -1.14261 -4.16089
v 4.73588 -1.21018 -3.86770
v 4.58738 -1.04479 -4.16089
v 4.66507 -1.04237 -4.50860
v 4.76705 -1.14261 -4.16089
v 4.66507 -1.04237 -4.50860
v 4.73128 -1.21417 -4.45763
v 4.76705 -1.14261 -4.16089
v 4.66507 -1.04237 -4.50860
v 4.86043 -1.03960 -4.75285
v 4.73128 -1.21417 -4.45763
v 4.86043 -1.03960 -4.75285
v 4.87400 -1.24447 -4.72152
v 4.73128 -1.21417 -4.45763
v 4.86043 -1.03960 -4.75285
v 5.11676 -1.07929 -5.01478
v 4.87400 -1.24447 -4.72152
v 5.11676 -1.07929 -5.01478
v 5.11676 -1.17292 -4.68103
v 4.87400 -1.24447 -4.72152
v 5.11676 -1.07929 -5.01478
v 5.40190 -1.05750 -4.81941
v 5.11676 -1.17292 -4.68103
v 5.40190 -1.05750 -4.81941
v 5.31645 -1.17988 -4.62207
v 5.11676 -1.17292 -4.68103
v 5.40190 -1.05750 -4.81941
v 5.51467 -1.02308 -4.46721
v 5.31645 -1.17988 -4.62207
v 5.51467 -1.02308 -4.46721
v 5.47073 -1.18689 -4.43339
v 5.31645 -1.17988 -4.62207
v 5.51467 -1.02308 -4.46721
v 5.69604 -1.06030 -4.16089
v 5.47073 -1.18689 -4.43339
v 5.69604 -1.06030 -4.16089
v 5.61558 -1.25446 -4.16089
v 5.47073 -1.18689 -4.43339
v 5.61558 -1.25446 -4.16089
v 5.46613 -1.18290 -3.89195
v 5.32254 -1.25295 -4.16089
v 5.46613 -1.18290 -3.89195
v 5.30581 -1.27562 -4.01536
v 5.32254 -1.25295 -4.16089
v 5.46613 -1.18290 -3.89195
v 5.29826 -1.15260 -3.74172
v 5.30581 -1.27562 -4.01536
v 5.29826 -1.15260 -3.74172
v 5.23243 -1.29923 -3.89376
v 5.30581 -1.27562 -4.01536
v 5.29826 -1.15260 -3.74172
v 5.11676 -1.22416 -3.54966
v 5.23243 -1.29923 -3.89376
v 5.11676 -1.22416 -3.54966
v 5.11676 -1.36653 -3.80288
v 5.23243 -1.29923 -3.89376
v 5.11676 -1.22416 -3.54966
v 4.89219 -1.21719 -3.64227
v 5.11676 -1.36653 -3.80288
v 4.89219 -1.21719 -3.64227
v 5.01568 -1.24637 -3.92747
v 5.11676 -1.36653 -3.80288
v 4.89219 -1.21719 -3.64227
v 4.73588 -1.21018 -3.86770
v 5.01568 -1.24637 -3.92747
v 4.73588 -1.21018 -3.86770
v 4.93692 -1.25633 -4.02246
v 5.01568 -1.24637 -3.92747
v 4.73588 -1.21018 -3.86770
v 4.76705 -1.14261 -4.16089
v 4.93692 -1.25633 -4.02246
v 4.76705 -1.14261 -4.16089
v 4.86332 -1.33922 -4.16089
v 4.93692 -1.25633 -4.02246
v 4.76705 -1.14261 -4.16089
v 4.73128 -1.21417 -4.45763
v 4.86332 -1.33922 -4.16089
v 4.73128 -1.21417 -4.45763
v 4.90812 -1.31655 -4.32150
v 4.86332 -1.33922 -4.16089
v 4.73128 -1.21417 -4.45763
v 4.87400 -1.24447 -4.72152
v 4.90812 -1.31655 -4.32150
v 4.87400 -1.24447 -4.72152
v 5.00282 -1.29294 -4.42402
v 4.90812 -1.31655 -4.32150
v 4.87400 -1.24447 -4.72152
v 5.11676 -1.17292 -4.68103
v 5.00282 -1.29294 -4.42402
v 5.11676 -1.17292 -4.68103
v 5.11676 -1.22564 -4.41517
v 5.00282 -1.29294 -4.42402
v 5.11676 -1.17292 -4.68103
v 5.31645 -1.17988 -4.62207
v 5.11676 -1.22564 -4.41517
v 5.31645 -1.17988 -4.62207
v 5.24529 -1.34580 -4.45773
v 5.11676 -1.22564 -4.41517
v 5.31645 -1.17988 -4.62207
v 5.47073 -1.18689 -4.43339
v 5.24529 -1.34580 -4.45773
v 5.47073 -1.18689 -4.43339
v 5.33462 -1.33584 -4.32861
v 5.24529 -1.34580 -4.45773
v 5.47073 -1.18689 -4.43339
v 5.61558 -1.25446 -4.16089
v 5.33462 -1.33584 -4.32861
v 5.61558 -1.25446 -4.16089
v 5.32254 -1.25295 -4.16089
v 5.33462 -1.33584 -4.32861
v 5.32254 -1.25295 -4.16089
v 5.30581 -1.27562 -4.01536
v 5.11676 -1.26854 -4.16089
v 5.30581 -1.27562 -4.01536
v 5.23243 -1.29923 -3.89376
v 5.11676 -1.40766 -4.16089
v 5.23243 -1.29923 -3.89376
v 5.11676 -1.36653 -3.80288
v 5.11676 -1.34489 -4.16089
v 5.11676 -1.36653 -3.80288
v 5.01568 -1.24637 -3.92747
v 5.11676 -1.28030 -4.16089
v 5.01568 -1.24637 -3.92747
v 4.93692 -1.25633 -4.02246
v 5.11676 -1.31579 -4.16089
v 4.93692 -1.25633 -4.02246
v 4.86332 -1.33922 -4.16089
v 5.11676 -1.35310 -4.16089
v 4.86332 -1.33922 -4.16089
v 4.90812 -1.31655 -4.32150
v 5.11676 -1.39214 -4.16089
v 4.90812 -1.31655 -4.32150
v 5.00282 -1.29294 -4.42402
v 5.11676 -1.25302 -4.16089
v 5.00282 -1.29294 -4.42402
v 5.11676 -1.22564 -4.41517
v 5.11676 -1.31579 -4.16089
v 5.11676 -1.22564 -4.41517
v 5.24529 -1.34580 -4.45773
v 5.11676 -1.38038 -4.16089
v 5.24529 -1.34580 -4.45773
v 5.33462 -1.33584 -4.32861
v 5.11676 -1.34489 -4.16089
v 5.33462 -1.33584 -4.32861
v 5.32254 -1.25295 -4.16089
v 5.11676 -1.30758 -4.16089
v -4.56424 -0.90092 -4.30141
v -4.38344 -0.99742 -4.16224
v -4.30938 -0.91397 -4.30141
v -4.56424 -0.93689 -4.30141
v -4.46387 -1.01198 -4.06963
v -4.38344 -0.99742 -4.16224
v -4.56424 -0.97721 -4.30141
v -4.56424 -0.89126 -3.94488
v -4.46387 -1.01198 -4.06963
v -4.56424 -0.91397 -4.30141
v -4.68062 -0.95396 -4.03263
v -4.56424 -0.89126 -3.94488
v -4.56424 -0.84636 -4.30141
v -4.75426 -0.97813 -4.15513
v -4.68062 -0.95396 -4.03263
v -4.56424 -0.98414 -4.30141
v -4.76860 -1.00540 -4.30141
v -4.75426 -0.97813 -4.15513
v -4.56424 -0.94993 -4.30141
v -4.78113 -0.92195 -4.46838
v -4.76860 -1.00540 -4.30141
v -4.56424 -0.91397 -4.30141
v -4.69348 -0.90739 -4.59990
v -4.78113 -0.92195 -4.46838
v -4.56424 -0.87364 -4.30141
v -4.56424 -1.02811 -4.55718
v -4.69348 -0.90739 -4.59990
v -4.56424 -0.93689 -4.30141
v -4.45101 -0.96541 -4.56289
v -4.56424 -1.02811 -4.55718
v -4.56424 -1.00449 -4.30141
v -4.35657 -0.94123 -4.46128
v -4.45101 -0.96541 -4.56289
v -4.56424 -0.86672 -4.30141
v -4.30938 -0.91397 -4.30141
v -4.35657 -0.94123 -4.46128
v -4.30938 -0.91397 -4.30141
v -4.38344 -0.99742 -4.16224
v -4.21364 -1.11248 -4.30141
v -4.38344 -0.99742 -4.16224
v -4.18616 -1.04800 -4.01037
v -4.21364 -1.11248 -4.30141
v -4.38344 -0.99742 -4.16224
v -4.46387 -1.01198 -4.06963
v -4.18616 -1.04800 -4.01037
v -4.46387 -1.01198 -4.06963
v -4.34012 -1.03925 -3.78383
v -4.18616 -1.04800 -4.01037
v -4.46387 -1.01198 -4.06963
v -4.56424 -0.89126 -3.94488
v -4.34012 -1.03925 -3.78383
v -4.56424 -0.89126 -3.94488
v -4.56424 -1.02919 -3.68589
v -4.34012 -1.03925 -3.78383
v -4.56424 -0.89126 -3.94488
v -4.68062 -0.95396 -4.03263
v -4.56424 -1.02919 -3.68589
v -4.68062 -0.95396 -4.03263
v -4.74619 -1.10249 -3.88120
v -4.56424 -1.02919 -3.68589
v -4.68062 -0.95396 -4.03263
v -4.75426 -0.97813 -4.15513
v -4.74619 -1.10249 -3.88120
v -4.75426 -0.97813 -4.15513
v -4.91082 -1.07528 -4.03462
v -4.74619 -1.10249 -3.88120
v -4.75426 -0.97813 -4.15513
v -4.76860 -1.00540 -4.30141
v -4.91082 -1.07528 -4.03462
v -4.76860 -1.00540 -4.30141
v -5.06217 -1.00198 -4.30141
v -4.91082 -1.07528 -4.03462
v -4.76860 -1.00540 -4.30141
v -4.78113 -0.92195 -4.46838
v -5.06217 -1.00198 -4.30141
v -4.78113 -0.92195 -4.46838
v -4.92100 -1.06646 -4.57605
v -5.06217 -1.00198 -4.30141
v -4.78113 -0.92195 -4.46838
v -4.69348 -0.90739 -4.59990
v -4.92100 -1.06646 -4.57605
v -4.69348 -0.90739 -4.59990
v -4.76438 -1.07521 -4.76362
v -4.92100 -1.06646 -4.57605
v -4.69348 -0.90739 -4.59990
v -4.56424 -1.02811 -4.55718
v -4.76438 -1.07521 -4.76362
v -4.56424 -1.02811 -4.55718
v -4.56424 -1.08527 -4.81726
v -4.76438 -1.07521 -4.76362
v -4.56424 -1.02811 -4.55718
v -4.45101 -0.96541 -4.56289
v -4.56424 -1.08527 -4.81726
v -4.45101 -0.96541 -4.56289
v -4.32193 -1.01197 -4.86100
v -4.56424 -1.08527 -4.81726
v -4.45101 -0.96541 -4.56289
v -4.35657 -0.94123 -4.46128
v -4.32193 -1.01197 -4.86100
v -4.35657 -0.94123 -4.46128
v -4.17597 -1.03918 -4.60030
v -4.32193 -1.01197 -4.86100
v -4.35657 -0.94123 -4.46128
v -4.30938 -0.91397 -4.30141
v -4.17597 -1.03918 -4.60030
v -4.30938 -0.91397 -4.30141
v -4.21364 -1.11248 -4.30141
v -4.17597 -1.03918 -4.60030
v -4.21364 -1.11248 -4.30141
v -4.18616 -1.04800 -4.01037
v -4.03920 -1.21232 -4.30141
v -4.18616 -1.04800 -4.01037
v -4.00157 -1.17359 -3.86827
v -4.03920 -1.21232 -4.30141
v -4.18616 -1.04800 -4.01037
v -4.34012 -1.03925 -3.78383
v -4.00157 -1.17359 -3.86827
v -4.34012 -1.03925 -3.78383
v -4.29288 -1.20683 -3.67475
v -4.00157 -1.17359 -3.86827
v -4.34012 -1.03925 -3.78383
v -4.56424 -1.02919 -3.68589
v -4.29288 -1.20683 -3.67475
v -4.56424 -1.02919 -3.68589
v -4.56424 -1.23013 -3.67779
v -4.29288 -1.20683 -3.67475
v -4.56424 -1.02919 -3.68589
v -4.74619 -1.10249 -3.88120
v -4.56424 -1.23013 -3.67779
v -4.74619 -1.10249 -3.88120
v -4.86007 -1.19162 -3.61821
v -4.56424 -1.23013 -3.67779
v -4.74619 -1.10249 -3.88120
v -4.91082 -1.07528 -4.03462
v -4.86007 -1.19162 -3.61821
v -4.91082 -1.07528 -4.03462
v -5.07313 -1.19288 -3.90967
v -4.86007 -1.19162 -3.61821
v -4.91082 -1.07528 -4.03462
v -5.06217 -1.00198 -4.30141
v -5.07313 -1.19288 -3.90967
v -5.06217 -1.00198 -4.30141
v -5.14786 -1.19412 -4.30141
v -5.07313 -1.19288 -3.90967
v -5.06217 -1.00198 -4.30141
v -4.92100 -1.06646 -4.57605
v -5.14786 -1.19412 -4.30141
v -4.92100 -1.06646 -4.57605
v -4.96169 -1.23285 -4.60738
v -5.14786 -1.19412 -4.30141
v -4.92100 -1.06646 -4.57605
v -4.76438 -1.07521 -4.76362
v -4.96169 -1.23285 -4.60738
v -4.76438 -1.07521 -4.76362
v -4.84721 -1.19961 -4.95492
v -4.96169 -1.23285 -4.60738
v -4.76438 -1.07521 -4.76362
v -4.56424 -1.08527 -4.81726
v -4.84721 -1.19961 -4.95492
v -4.56424 -1.08527 -4.81726
v -4.56424 -1.17631 -5.15600
v -4.84721 -1.19961 -4.95492
v -4.56424 -1.08527 -4.81726
v -4.32193 -1.01197 -4.86100
v -4.56424 -1.17631 -5.15600
v -4.32193 -1.01197 -4.86100
v -4.30574 -1.21482 -4.89838
v -4.56424 -1.17631 -5.15600
v -4.32193 -1.01197 -4.86100
v -4.17597 -1.03918 -4.60030
v -4.30574 -1.21482 -4.89838
v -4.17597 -1.03918 -4.60030
v -4.11301 -1.21356 -4.64877
v -4.30574 -1.21482 -4.89838
v -4.17597 -1.03918 -4.60030
v -4.21364 -1.11248 -4.30141
v -4.11301 -1.21356 -4.64877
v -4.21364 -1.11248 -4.30141
v -4.03920 -1.21232 -4.30141
v -4.11301 -1.21356 -4.64877
v -4.03920 -1.21232 -4.30141
v -4.00157 -1.17359 -3.86827
v -3.89519 -1.37543 -4.30141
v -4.00157 -1.17359 -3.86827
v -4.09423 -1.37543 -3.93960
v -3.89519 -1.37543 -4.30141
v -4.00157 -1.17359 -3.86827
v -4.29288 -1.20683 -3.67475
v -4.09423 -1.37543 -3.93960
v -4.29288 -1.20683 -3.67475
v -4.28057 -1.37543 -3.64632
v -4.09423 -1.37543 -3.93960
v -4.29288 -1.20683 -3.67475
v -4.56424 -1.23013 -3.67779
v -4.28057 -1.37543 -3.64632
v -4.56424 -1.23013 -3.67779
v -4.56424 -1.37543 -3.50904
v -4.28057 -1.37543 -3.64632
v -4.56424 -1.23013 -3.67779
v -4.86007 -1.19162 -3.61821
v -4.56424 -1.37543 -3.50904
v -4.86007 -1.19162 -3.61821
v -4.91695 -1.37543 -3.48687
v -4.56424 -1.37543 -3.50904
v -4.86007 -1.19162 -3.61821
v -5.07313 -1.19288 -3.90967
v -4.91695 -1.37543 -3.48687
v -5.07313 -1.19288 -3.90967
v -5.03424 -1.37543 -3.93960
v -4.91695 -1.37543 -3.48687
v -5.07313 -1.19288 -3.90967
v -5.14786 -1.19412 -4.30141
v -5.03424 -1.37543 -3.93960
v -5.14786 -1.19412 -4.30141
v -5.09519 -1.37543 -4.30141
v -5.03424 -1.37543 -3.93960
v -5.14786 -1.19412 -4.30141
v -4.96169 -1.23285 -4.60738
v -5.09519 -1.37543 -4.30141
v -4.96169 -1.23285 -4.60738
v -5.13346 -1.37543 -4.73960
v -5.09519 -1.37543 -4.30141
v -4.96169 -1.23285 -4.60738
v -4.84721 -1.19961 -4.95492
v -5.13346 -1.37543 -4.73960
v -4.84721 -1.19961 -4.95492
v -4.88057 -1.37543 -5.03196
v -5.13346 -1.37543 -4.73960
v -4.84721 -1.19961 -4.95492
v -4.56424 -1.17631 -5.15600
v -4.88057 -1.37543 -5.03196
v -4.56424 -1.17631 -5.15600
v -4.56424 -1.37543 -5.10904
v -4.88057 -1.37543 -5.03196
v -4.56424 -1.17631 -5.15600
v -4.30574 -1.21482 -4.89838
v -4.56424 -1.37543 -5.10904
v -4.30574 -1.21482 -4.89838
v -4.31695 -1.37543 -4.87251
v -4.56424 -1.37543 -5.10904
v -4.30574 -1.21482 -4.89838
v -4.11301 -1.21356 -4.64877
v -4.31695 -1.37543 -4.87251
v -4.11301 -1.21356 -4.64877
v -3.99501 -1.37543 -4.73960
v -4.31695 -1.37543 -4.87251
v -4.11301 -1.21356 -4.64877
v -4.03920 -1.21232 -4.30141
v -3.99501 -1.37543 -4.73960
v -4.03920 -1.21232 -4.30141
v -3.89519 -1.37543 -4.30141
v -3.99501 -1.37543 -4.73960
v -3.89519 -1.37543 -4.30141
v -4.09423 -1.37543 -3.93960
v -4.02944 -1.54157 -4.30141
v -4.09423 -1.37543 -3.93960
v -4.15742 -1.52136 -3.98825
v -4.02944 -1.54157 -4.30141
v -4.09423 -1.37543 -3.93960
v -4.28057 -1.37543 -3.64632
v -4.15742 -1.52136 -3.98825
v -4.28057 -1.37543 -3.64632
v -4.24399 -1.57440 -3.56184
v -4.15742 -1.52136 -3.98825
v -4.28057 -1.37543 -3.64632
v -4.56424 -1.37543 -3.50904
v -4.24399 -1.57440 -3.56184
v -4.56424 -1.37543 -3.50904
v -4.56424 -1.55735 -3.52063
v -4.24399 -1.57440 -3.56184
v -4.56424 -1.37543 -3.50904
v -4.91695 -1.37543 -3.48687
v -4.56424 -1.55735 -3.52063
v -4.91695 -1.37543 -3.48687
v -4.81118 -1.52886 -3.73113
v -4.56424 -1.55735 -3.52063
v -4.91695 -1.37543 -3.48687
v -5.03424 -1.37543 -3.93960
v -4.81118 -1.52886 -3.73113
v -5.03424 -1.37543 -3.93960
v -5.02483 -1.54065 -3.94685
v -4.81118 -1.52886 -3.73113
v -5.03424 -1.37543 -3.93960
v -5.09519 -1.37543 -4.30141
v -5.02483 -1.54065 -3.94685
v -5.09519 -1.37543 -4.30141
v -5.13810 -1.55370 -4.30141
v -5.02483 -1.54065 -3.94685
v -5.09519 -1.37543 -4.30141
v -5.13346 -1.37543 -4.73960
v -5.13810 -1.55370 -4.30141
v -5.13346 -1.37543 -4.73960
v -5.11755 -1.57391 -4.72735
v -5.13810 -1.55370 -4.30141
v -5.13346 -1.37543 -4.73960
v -4.88057 -1.37543 -5.03196
v -5.11755 -1.57391 -4.72735
v -4.88057 -1.37543 -5.03196
v -4.79832 -1.52087 -4.84200
v -5.11755 -1.57391 -4.72735
v -4.88057 -1.37543 -5.03196
v -4.56424 -1.37543 -5.10904
v -4.79832 -1.52087 -4.84200
v -4.56424 -1.37543 -5.10904
v -4.56424 -1.53793 -4.99884
v -4.79832 -1.52087 -4.84200
v -4.56424 -1.37543 -5.10904
v -4.31695 -1.37543 -4.87251
v -4.56424 -1.53793 -4.99884
v -4.31695 -1.37543 -4.87251
v -4.25685 -1.56641 -5.01129
v -4.56424 -1.53793 -4.99884
v -4.31695 -1.37543 -4.87251
v -3.99501 -1.37543 -4.73960
v -4.25685 -1.56641 -5.01129
v -3.99501 -1.37543 -4.73960
v -4.06470 -1.55462 -4.68596
v -4.25685 -1.56641 -5.01129
v -3.99501 -1.37543 -4.73960
v -3.89519 -1.37543 -4.30141
v -4.06470 -1.55462 -4.68596
v -3.89519 -1.37543 -4.30141
v -4.02944 -1.54157 -4.30141
v -4.06470 -1.55462 -4.68596
v -4.02944 -1.54157 -4.30141
v -4.15742 -1.52136 -3.98825
v -4.13535 -1.69709 -4.30141
v -4.15742 -1.52136 -3.98825
v -4.15786 -1.72736 -3.98859
v -4.13535 -1.69709 -4.30141
v -4.15742 -1.52136 -3.98825
v -4.24399 -1.57440 -3.56184
v -4.15786 -1.72736 -3.98859
v -4.24399 -1.57440 -3.56184
v -4.34776 -1.70015 -3.80148
v -4.15786 -1.72736 -3.98859
v -4.24399 -1.57440 -3.56184
v -4.56424 -1.55735 -3.52063
v -4.34776 -1.70015 -3.80148
v -4.56424 -1.55735 -3.52063
v -4.56424 -1.66988 -3.77795
v -4.34776 -1.70015 -3.80148
v -4.56424 -1.55735 -3.52063
v -4.81118 -1.52886 -3.73113
v -4.56424 -1.66988 -3.77795
v -4.81118 -1.52886 -3.73113
v -4.75383 -1.65983 -3.86356
v -4.56424 -1.66988 -3.77795
v -4.81118 -1.52886 -3.73113
v -5.02483 -1.54065 -3.94685
v -4.75383 -1.65983 -3.86356
v -5.02483 -1.54065 -3.94685
v -5.00211 -1.75464 -3.96434
v -4.75383 -1.65983 -3.86356
v -5.02483 -1.54065 -3.94685
v -5.13810 -1.55370 -4.30141
v -5.00211 -1.75464 -3.96434
v -5.13810 -1.55370 -4.30141
v -4.98388 -1.69016 -4.30141
v -5.00211 -1.75464 -3.96434
v -5.13810 -1.55370 -4.30141
v -5.11755 -1.57391 -4.72735
v -4.98388 -1.69016 -4.30141
v -5.11755 -1.57391 -4.72735
v -4.89271 -1.65989 -4.55427
v -4.98388 -1.69016 -4.30141
v -5.11755 -1.57391 -4.72735
v -4.79832 -1.52087 -4.84200
v -4.89271 -1.65989 -4.55427
v -4.79832 -1.52087 -4.84200
v -4.77202 -1.68711 -4.78127
v -4.89271 -1.65989 -4.55427
v -4.79832 -1.52087 -4.84200
v -4.56424 -1.53793 -4.99884
v -4.77202 -1.68711 -4.78127
v -4.56424 -1.53793 -4.99884
v -4.56424 -1.71738 -4.90932
v -4.77202 -1.68711 -4.78127
v -4.56424 -1.53793 -4.99884
v -4.25685 -1.56641 -5.01129
v -4.56424 -1.71738 -4.90932
v -4.25685 -1.56641 -5.01129
v -4.32957 -1.72743 -4.84335
v -4.56424 -1.71738 -4.90932
v -4.25685 -1.56641 -5.01129
v -4.06470 -1.55462 -4.68596
v -4.32957 -1.72743 -4.84335
v -4.06470 -1.55462 -4.68596
v -4.26727 -1.63261 -4.53002
v -4.32957 -1.72743 -4.84335
v -4.06470 -1.55462 -4.68596
v -4.02944 -1.54157 -4.30141
v -4.26727 -1.63261 -4.53002
v -4.02944 -1.54157 -4.30141
v -4.13535 -1.69709 -4.30141
v -4.26727 -1.63261 -4.53002
v -4.13535 -1.69709 -4.30141
v -4.15786 -1.72736 -3.98859
v -4.31105 -1.83386 -4.30141
v -4.15786 -1.72736 -3.98859
v -4.35670 -1.80934 -4.14165
v -4.31105 -1.83386 -4.30141
v -4.15786 -1.72736 -3.98859
v -4.34776 -1.70015 -3.80148
v -4.35670 -1.80934 -4.14165
v -4.34776 -1.70015 -3.80148
v -4.47226 -1.70850 -4.08901
v -4.35670 -1.80934 -4.14165
v -4.34776 -1.70015 -3.80148
v -4.56424 -1.66988 -3.77795
v -4.47226 -1.70850 -4.08901
v -4.56424 -1.66988 -3.77795
v -4.56424 -1.82298 -3.97185
v -4.47226 -1.70850 -4.08901
v -4.56424 -1.66988 -3.77795
v -4.75383 -1.65983 -3.86356
v -4.56424 -1.82298 -3.97185
v -4.75383 -1.65983 -3.86356
v -4.68901 -1.82728 -4.01326
v -4.56424 -1.82298 -3.97185
v -4.75383 -1.65983 -3.86356
v -5.00211 -1.75464 -3.96434
v -4.68901 -1.82728 -4.01326
v -5.00211 -1.75464 -3.96434
v -4.76255 -1.79005 -4.14875
v -4.68901 -1.82728 -4.01326
v -5.00211 -1.75464 -3.96434
v -4.98388 -1.69016 -4.30141
v -4.76255 -1.79005 -4.14875
v -4.98388 -1.69016 -4.30141
v -4.77027 -1.74849 -4.30141
v -4.76255 -1.79005 -4.14875
v -4.98388 -1.69016 -4.30141
v -4.89271 -1.65989 -4.55427
v -4.77027 -1.74849 -4.30141
v -4.89271 -1.65989 -4.55427
v -4.75439 -1.77300 -4.44780
v -4.77027 -1.74849 -4.30141
v -4.89271 -1.65989 -4.55427
v -4.77202 -1.68711 -4.78127
v -4.75439 -1.77300 -4.44780
v -4.77202 -1.68711 -4.78127
v -4.70187 -1.87385 -4.61927
v -4.75439 -1.77300 -4.44780
v -4.77202 -1.68711 -4.78127
v -4.56424 -1.71738 -4.90932
v -4.70187 -1.87385 -4.61927
v -4.56424 -1.71738 -4.90932
v -4.56424 -1.75937 -4.58414
v -4.70187 -1.87385 -4.61927
v -4.56424 -1.71738 -4.90932
v -4.32957 -1.72743 -4.84335
v -4.56424 -1.75937 -4.58414
v -4.32957 -1.72743 -4.84335
v -4.45940 -1.75507 -4.54352
v -4.56424 -1.75937 -4.58414
v -4.32957 -1.72743 -4.84335
v -4.26727 -1.63261 -4.53002
v -4.45940 -1.75507 -4.54352
v -4.26727 -1.63261 -4.53002
v -4.36485 -1.79229 -4.45490
v -4.45940 -1.75507 -4.54352
v -4.26727 -1.63261 -4.53002
v -4.13535 -1.69709 -4.30141
v -4.36485 -1.79229 -4.45490
v -4.13535 -1.69709 -4.30141
v -4.31105 -1.83386 -4.30141
v -4.36485 -1.79229 -4.45490
v -4.31105 -1.83386 -4.30141
v -4.35670 -1.80934 -4.14165
v -4.56424 -1.76672 -4.30141
v -4.35670 -1.80934 -4.14165
v -4.47226 -1.70850 -4.08901
v -4.56424 -1.80092 -4.30141
v -4.47226 -1.70850 -4.08901
v -4.56424 -1.82298 -3.97185
v -4.56424 -1.83689 -4.30141
v -4.56424 -1.82298 -3.97185
v -4.68901 -1.82728 -4.01326
v -4.56424 -1.87721 -4.30141
v -4.68901 -1.82728 -4.01326
v -4.76255 -1.79005 -4.14875
v -4.56424 -1.81397 -4.30141
v -4.76255 -1.79005 -4.14875
v -4.77027 -1.74849 -4.30141
v -4.56424 -1.74636 -4.30141
v -4.77027 -1.74849 -4.30141
v -4.75439 -1.77300 -4.44780
v -4.56424 -1.88414 -4.30141
v -4.75439 -1.77300 -4.44780
v -4.70187 -1.87385 -4.61927
v -4.56424 -1.84993 -4.30141
v -4.70187 -1.87385 -4.61927
v -4.56424 -1.75937 -4.58414
v -4.56424 -1.81397 -4.30141
v -4.56424 -1.75937 -4.58414
v -4.45940 -1.75507 -4.54352
v -4.56424 -1.77364 -4.30141
v -4.45940 -1.75507 -4.54352
v -4.36485 -1.79229 -4.45490
v -4.56424 -1.83689 -4.30141
v -4.36485 -1.79229 -4.45490
v -4.31105 -1.83386 -4.30141
v -4.56424 -1.90449 -4.30141
v -3.95202 -1.11408 -2.27173
v -3.73724 -1.03024 -2.10639
v -3.74126 -1.09770 -2.27173
v -3.95202 -1.00279 -2.27173
v -3.82960 -1.03600 -1.98903
v -3.73724 -1.03024 -2.10639
v -3.95202 -0.97180 -2.27173
v -3.95202 -1.06619 -1.96753
v -3.82960 -1.03600 -1.98903
v -3.95202 -1.05582 -2.27173
v -4.04635 -1.13769 -2.05388
v -3.95202 -1.06619 -1.96753
v -3.95202 -1.05953 -2.27173
v -4.17603 -1.01095 -2.09929
v -4.04635 -1.13769 -2.05388
v -3.95202 -1.05004 -2.27173
v -4.20048 -1.02942 -2.27173
v -4.17603 -1.01095 -2.09929
v -3.95202 -0.94452 -2.27173
v -4.13493 -1.09688 -2.41254
v -4.20048 -1.02942 -2.27173
v -3.95202 -1.05582 -2.27173
v -4.05921 -1.09112 -2.51929
v -4.13493 -1.09688 -2.41254
v -3.95202 -1.08680 -2.27173
v -3.95202 -1.06093 -2.57982
v -4.05921 -1.09112 -2.51929
v -3.95202 -1.00279 -2.27173
v -3.81674 -0.98943 -2.58414
v -3.95202 -1.06093 -2.57982
v -3.95202 -0.99908 -2.27173
v -3.77833 -1.11617 -2.40544
v -3.81674 -0.98943 -2.58414
v -3.95202 -1.00857 -2.27173
v -3.74126 -1.09770 -2.27173
v -3.77833 -1.11617 -2.40544
v -3.74126 -1.09770 -2.27173
v -3.73724 -1.03024 -2.10639
v -3.50324 -1.14272 -2.27173
v -3.73724 -1.03024 -2.10639
v -3.53277 -1.11622 -1.94900
v -3.50324 -1.14272 -2.27173
v -3.73724 -1.03024 -2.10639
v -3.82960 -1.03600 -1.98903
v -3.53277 -1.11622 -1.94900
v -3.82960 -1.03600 -1.98903
v -3.77699 -1.21675 -1.86751
v -3.53277 -1.11622 -1.94900
v -3.82960 -1.03600 -1.98903
v -3.95202 -1.06619 -1.96753
v -3.77699 -1.21675 -1.86751
v -3.95202 -1.06619 -1.96753
v -3.95202 -1.16872 -1.71959
v -3.77699 -1.21675 -1.86751
v -3.95202 -1.06619 -1.96753
v -4.04635 -1.13769 -2.05388
v -3.95202 -1.16872 -1.71959
v -4.04635 -1.13769 -2.05388
v -4.18306 -1.13274 -1.73816
v -3.95202 -1.16872 -1.71959
v -4.04635 -1.13769 -2.05388
v -4.17603 -1.01095 -2.09929
v -4.18306 -1.13274 -1.73816
v -4.17603 -1.01095 -2.09929
v -4.33977 -1.14350 -1.97324
v -4.18306 -1.13274 -1.73816
v -4.17603 -1.01095 -2.09929
v -4.20048 -1.02942 -2.27173
v -4.33977 -1.14350 -1.97324
v -4.20048 -1.02942 -2.27173
v -4.35177 -1.17949 -2.27173
v -4.33977 -1.14350 -1.97324
v -4.20048 -1.02942 -2.27173
v -4.13493 -1.09688 -2.41254
v -4.35177 -1.17949 -2.27173
v -4.13493 -1.09688 -2.41254
v -4.26762 -1.20599 -2.51468
v -4.35177 -1.17949 -2.27173
v -4.13493 -1.09688 -2.41254
v -4.05921 -1.09112 -2.51929
v -4.26762 -1.20599 -2.51468
v -4.05921 -1.09112 -2.51929
v -4.20125 -1.10546 -2.84731
v -4.26762 -1.20599 -2.51468
v -4.05921 -1.09112 -2.51929
v -3.95202 -1.06093 -2.57982
v -4.20125 -1.10546 -2.84731
v -3.95202 -1.06093 -2.57982
v -3.95202 -1.15349 -2.85096
v -4.20125 -1.10546 -2.84731
v -3.95202 -1.06093 -2.57982
v -3.81674 -0.98943 -2.58414
v -3.95202 -1.15349 -2.85096
v -3.81674 -0.98943 -2.58414
v -3.75880 -1.18947 -2.71796
v -3.95202 -1.15349 -2.85096
v -3.81674 -0.98943 -2.58414
v -3.77833 -1.11617 -2.40544
v -3.75880 -1.18947 -2.71796
v -3.77833 -1.11617 -2.40544
v -3.60492 -1.17871 -2.53893
v -3.75880 -1.18947 -2.71796
v -3.77833 -1.11617 -2.40544
v -3.74126 -1.09770 -2.27173
v -3.60492 -1.17871 -2.53893
v -3.74126 -1.09770 -2.27173
v -3.50324 -1.14272 -2.27173
v -3.60492 -1.17871 -2.53893
v -3.50324 -1.14272 -2.27173
v -3.53277 -1.11622 -1.94900
v -3.41869 -1.31362 -2.27173
v -3.53277 -1.11622 -1.94900
v -3.51257 -1.32166 -1.93344
v -3.41869 -1.31362 -2.27173
v -3.53277 -1.11622 -1.94900
v -3.77699 -1.21675 -1.86751
v -3.51257 -1.32166 -1.93344
v -3.77699 -1.21675 -1.86751
v -3.68482 -1.31328 -1.65465
v -3.51257 -1.32166 -1.93344
v -3.77699 -1.21675 -1.86751
v -3.95202 -1.16872 -1.71959
v -3.68482 -1.31328 -1.65465
v -3.95202 -1.16872 -1.71959
v -3.95202 -1.28980 -1.45841
v -3.68482 -1.31328 -1.65465
v -3.95202 -1.16872 -1.71959
v -4.18306 -1.13274 -1.73816
v -3.95202 -1.28980 -1.45841
v -4.18306 -1.13274 -1.73816
v -4.25200 -1.29292 -1.57895
v -3.95202 -1.28980 -1.45841
v -4.18306 -1.13274 -1.73816
v -4.33977 -1.14350 -1.97324
v -4.25200 -1.29292 -1.57895
v -4.33977 -1.14350 -1.97324
v -4.33770 -1.34095 -1.97484
v -4.25200 -1.29292 -1.57895
v -4.33977 -1.14350 -1.97324
v -4.35177 -1.17949 -2.27173
v -4.33770 -1.34095 -1.97484
v -4.35177 -1.17949 -2.27173
v -4.52734 -1.30057 -2.27173
v -4.33770 -1.34095 -1.97484
v -4.35177 -1.17949 -2.27173
v -4.26762 -1.20599 -2.51468
v -4.52734 -1.30057 -2.27173
v -4.26762 -1.20599 -2.51468
v -4.47269 -1.29253 -2.67255
v -4.52734 -1.30057 -2.27173
v -4.26762 -1.20599 -2.51468
v -4.20125 -1.10546 -2.84731
v -4.47269 -1.29253 -2.67255
v -4.20125 -1.10546 -2.84731
v -4.23914 -1.30091 -2.93482
v -4.47269 -1.29253 -2.67255
v -4.20125 -1.10546 -2.84731
v -3.95202 -1.15349 -2.85096
v -4.23914 -1.30091 -2.93482
v -3.95202 -1.15349 -2.85096
v -3.95202 -1.32439 -2.93662
v -4.23914 -1.30091 -2.93482
v -3.95202 -1.15349 -2.85096
v -3.75880 -1.18947 -2.71796
v -3.95202 -1.32439 -2.93662
v -3.75880 -1.18947 -2.71796
v -3.69767 -1.32127 -2.85912
v -3.95202 -1.32439 -2.93662
v -3.75880 -1.18947 -2.71796
v -3.60492 -1.17871 -2.53893
v -3.69767 -1.32127 -2.85912
v -3.60492 -1.17871 -2.53893
v -3.37757 -1.27324 -2.71394
v -3.69767 -1.32127 -2.85912
v -3.60492 -1.17871 -2.53893
v -3.50324 -1.14272 -2.27173
v -3.37757 -1.27324 -2.71394
v -3.50324 -1.14272 -2.27173
v -3.41869 -1.31362 -2.27173
v -3.37757 -1.27324 -2.71394
v -3.41869 -1.31362 -2.27173
v -3.51257 -1.32166 -1.93344
v -3.42869 -1.47930 -2.27173
v -3.51257 -1.32166 -1.93344
v -3.43816 -1.47930 -1.87617
v -3.42869 -1.47930 -2.27173
v -3.51257 -1.32166 -1.93344
v -3.68482 -1.31328 -1.65465
v -3.43816 -1.47930 -1.87617
v -3.68482 -1.31328 -1.65465
v -3.59550 -1.47930 -1.44839
v -3.43816 -1.47930 -1.87617
v -3.68482 -1.31328 -1.65465
v -3.95202 -1.28980 -1.45841
v -3.59550 -1.47930 -1.44839
v -3.95202 -1.28980 -1.45841
v -3.95202 -1.47930 -1.54687
v -3.59550 -1.47930 -1.44839
v -3.95202 -1.28980 -1.45841
v -4.25200 -1.29292 -1.57895
v -3.95202 -1.47930 -1.54687
v -4.25200 -1.29292 -1.57895
v -4.23187 -1.47930 -1.62544
v -3.95202 -1.47930 -1.54687
v -4.25200 -1.29292 -1.57895
v -4.33770 -1.34095 -1.97484
v -4.23187 -1.47930 -1.62544
v -4.33770 -1.34095 -1.97484
v -4.46588 -1.47930 -1.87617
v -4.23187 -1.47930 -1.62544
v -4.33770 -1.34095 -1.97484
v -4.52734 -1.30057 -2.27173
v -4.46588 -1.47930 -1.87617
v -4.52734 -1.30057 -2.27173
v -4.62869 -1.47930 -2.27173
v -4.46588 -1.47930 -1.87617
v -4.52734 -1.30057 -2.27173
v -4.47269 -1.29253 -2.67255
v -4.62869 -1.47930 -2.27173
v -4.47269 -1.29253 -2.67255
v -4.47739 -1.47930 -2.67617
v -4.62869 -1.47930 -2.27173
v -4.47269 -1.29253 -2.67255
v -4.23914 -1.30091 -2.93482
v -4.47739 -1.47930 -2.67617
v -4.23914 -1.30091 -2.93482
v -4.19550 -1.47930 -2.83403
v -4.47739 -1.47930 -2.67617
v -4.23914 -1.30091 -2.93482
v -3.95202 -1.32439 -2.93662
v -4.19550 -1.47930 -2.83403
v -3.95202 -1.32439 -2.93662
v -3.95202 -1.47930 -3.14687
v -4.19550 -1.47930 -2.83403
v -3.95202 -1.32439 -2.93662
v -3.69767 -1.32127 -2.85912
v -3.95202 -1.47930 -3.14687
v -3.69767 -1.32127 -2.85912
v -3.63187 -1.47930 -3.01108
v -3.95202 -1.47930 -3.14687
v -3.69767 -1.32127 -2.85912
v -3.37757 -1.27324 -2.71394
v -3.63187 -1.47930 -3.01108
v -3.37757 -1.27324 -2.71394
v -3.42665 -1.47930 -2.67617
v -3.63187 -1.47930 -3.01108
v -3.37757 -1.27324 -2.71394
v -3.41869 -1.31362 -2.27173
v -3.42665 -1.47930 -2.67617
v -3.41869 -1.31362 -2.27173
v -3.42869 -1.47930 -2.27173
v -3.42665 -1.47930 -2.67617
v -3.42869 -1.47930 -2.27173
v -3.43816 -1.47930 -1.87617
v -3.32248 -1.67488 -2.27173
v -3.43816 -1.47930 -1.87617
v -3.45300 -1.65831 -1.88759
v -3.32248 -1.67488 -2.27173
v -3.43816 -1.47930 -1.87617
v -3.59550 -1.47930 -1.44839
v -3.45300 -1.65831 -1.88759
v -3.59550 -1.47930 -1.44839
v -3.67914 -1.64885 -1.64155
v -3.45300 -1.65831 -1.88759
v -3.59550 -1.47930 -1.44839
v -3.95202 -1.47930 -1.54687
v -3.67914 -1.64885 -1.64155
v -3.95202 -1.47930 -1.54687
v -3.95202 -1.62815 -1.63292
v -3.67914 -1.64885 -1.64155
v -3.95202 -1.47930 -1.54687
v -4.23187 -1.47930 -1.62544
v -3.95202 -1.62815 -1.63292
v -4.23187 -1.47930 -1.62544
v -4.24633 -1.66217 -1.59205
v -3.95202 -1.62815 -1.63292
v -4.23187 -1.47930 -1.62544
v -4.46588 -1.47930 -1.87617
v -4.24633 -1.66217 -1.59205
v -4.46588 -1.47930 -1.87617
v -4.50482 -1.67760 -1.84619
v -4.24633 -1.66217 -1.59205
v -4.46588 -1.47930 -1.87617
v -4.62869 -1.47930 -2.27173
v -4.50482 -1.67760 -1.84619
v -4.62869 -1.47930 -2.27173
v -4.43114 -1.62815 -2.27173
v -4.50482 -1.67760 -1.84619
v -4.62869 -1.47930 -2.27173
v -4.47739 -1.47930 -2.67617
v -4.43114 -1.62815 -2.27173
v -4.47739 -1.47930 -2.67617
v -4.41312 -1.64471 -2.62669
v -4.43114 -1.62815 -2.27173
v -4.47739 -1.47930 -2.67617
v -4.19550 -1.47930 -2.83403
v -4.41312 -1.64471 -2.62669
v -4.19550 -1.47930 -2.83403
v -4.23347 -1.65418 -2.92172
v -4.41312 -1.64471 -2.62669
v -4.19550 -1.47930 -2.83403
v -3.95202 -1.47930 -3.14687
v -4.23347 -1.65418 -2.92172
v -3.95202 -1.47930 -3.14687
v -3.95202 -1.67488 -3.11112
v -4.23347 -1.65418 -2.92172
v -3.95202 -1.47930 -3.14687
v -3.63187 -1.47930 -3.01108
v -3.95202 -1.67488 -3.11112
v -3.63187 -1.47930 -3.01108
v -3.69200 -1.64086 -2.87222
v -3.95202 -1.67488 -3.11112
v -3.63187 -1.47930 -3.01108
v -3.42665 -1.47930 -2.67617
v -3.69200 -1.64086 -2.87222
v -3.42665 -1.47930 -2.67617
v -3.54469 -1.62542 -2.58530
v -3.69200 -1.64086 -2.87222
v -3.42665 -1.47930 -2.67617
v -3.42869 -1.47930 -2.27173
v -3.54469 -1.62542 -2.58530
v -3.42869 -1.47930 -2.27173
v -3.32248 -1.67488 -2.27173
v -3.54469 -1.62542 -2.58530
v -3.32248 -1.67488 -2.27173
v -3.45300 -1.65831 -1.88759
v -3.47560 -1.83662 -2.27173
v -3.45300 -1.65831 -1.88759
v -3.63067 -1.75760 -2.02436
v -3.47560 -1.83662 -2.27173
v -3.45300 -1.65831 -1.88759
v -3.67914 -1.64885 -1.64155
v -3.63067 -1.75760 -2.02436
v -3.67914 -1.64885 -1.64155
v -3.75931 -1.76837 -1.82669
v -3.63067 -1.75760 -2.02436
v -3.67914 -1.64885 -1.64155
v -3.95202 -1.62815 -1.63292
v -3.75931 -1.76837 -1.82669
v -3.95202 -1.62815 -1.63292
v -3.95202 -1.84739 -1.61737
v -3.75931 -1.76837 -1.82669
v -3.95202 -1.62815 -1.63292
v -4.24633 -1.66217 -1.59205
v -3.95202 -1.84739 -1.61737
v -4.24633 -1.66217 -1.59205
v -4.16539 -1.79935 -1.77898
v -3.95202 -1.84739 -1.61737
v -4.24633 -1.66217 -1.59205
v -4.50482 -1.67760 -1.84619
v -4.16539 -1.79935 -1.77898
v -4.50482 -1.67760 -1.84619
v -4.30487 -1.78488 -2.00011
v -4.16539 -1.79935 -1.77898
v -4.50482 -1.67760 -1.84619
v -4.43114 -1.62815 -2.27173
v -4.30487 -1.78488 -2.00011
v -4.43114 -1.62815 -2.27173
v -4.32413 -1.75838 -2.27173
v -4.30487 -1.78488 -2.00011
v -4.43114 -1.62815 -2.27173
v -4.41312 -1.64471 -2.62669
v -4.32413 -1.75838 -2.27173
v -4.41312 -1.64471 -2.62669
v -4.36551 -1.83740 -2.59004
v -4.32413 -1.75838 -2.27173
v -4.41312 -1.64471 -2.62669
v -4.23347 -1.65418 -2.92172
v -4.36551 -1.83740 -2.59004
v -4.23347 -1.65418 -2.92172
v -4.18357 -1.82663 -2.80649
v -4.36551 -1.83740 -2.59004
v -4.23347 -1.65418 -2.92172
v -3.95202 -1.67488 -3.11112
v -4.18357 -1.82663 -2.80649
v -3.95202 -1.67488 -3.11112
v -3.95202 -1.74762 -2.74874
v -4.18357 -1.82663 -2.80649
v -3.95202 -1.67488 -3.11112
v -3.69200 -1.64086 -2.87222
v -3.95202 -1.74762 -2.74874
v -3.69200 -1.64086 -2.87222
v -3.74112 -1.79565 -2.75878
v -3.95202 -1.74762 -2.74874
v -3.69200 -1.64086 -2.87222
v -3.54469 -1.62542 -2.58530
v -3.74112 -1.79565 -2.75878
v -3.54469 -1.62542 -2.58530
v -3.57003 -1.81012 -2.56579
v -3.74112 -1.79565 -2.75878
v -3.54469 -1.62542 -2.58530
v -3.32248 -1.67488 -2.27173
v -3.57003 -1.81012 -2.56579
v -3.32248 -1.67488 -2.27173
v -3.47560 -1.83662 -2.27173
v -3.57003 -1.81012 -2.56579
v -3.47560 -1.83662 -2.27173
v -3.63067 -1.75760 -2.02436
v -3.75777 -1.83103 -2.27173
v -3.63067 -1.75760 -2.02436
v -3.74746 -1.90700 -2.11426
v -3.75777 -1.83103 -2.27173
v -3.63067 -1.75760 -2.02436
v -3.75931 -1.76837 -1.82669
v -3.74746 -1.90700 -2.11426
v -3.75931 -1.76837 -1.82669
v -3.83058 -1.91908 -1.99128
v -3.74746 -1.90700 -2.11426
v -3.75931 -1.76837 -1.82669
v -3.95202 -1.84739 -1.61737
v -3.83058 -1.91908 -1.99128
v -3.95202 -1.84739 -1.61737
v -3.95202 -1.93308 -1.93759
v -3.83058 -1.91908 -1.99128
v -3.95202 -1.84739 -1.61737
v -4.16539 -1.79935 -1.77898
v -3.95202 -1.93308 -1.93759
v -4.16539 -1.79935 -1.77898
v -4.04733 -1.82445 -2.05163
v -3.95202 -1.93308 -1.93759
v -4.16539 -1.79935 -1.77898
v -4.30487 -1.78488 -2.00011
v -4.04733 -1.82445 -2.05163
v -4.30487 -1.78488 -2.00011
v -4.14736 -1.88771 -2.12136
v -4.04733 -1.82445 -2.05163
v -4.30487 -1.78488 -2.00011
v -4.32413 -1.75838 -2.27173
v -4.14736 -1.88771 -2.12136
v -4.32413 -1.75838 -2.27173
v -4.21699 -1.95907 -2.27173
v -4.14736 -1.88771 -2.12136
v -4.32413 -1.75838 -2.27173
v -4.36551 -1.83740 -2.59004
v -4.21699 -1.95907 -2.27173
v -4.36551 -1.83740 -2.59004
v -4.14515 -1.88310 -2.42041
v -4.21699 -1.95907 -2.27173
v -4.36551 -1.83740 -2.59004
v -4.18357 -1.82663 -2.80649
v -4.14515 -1.88310 -2.42041
v -4.18357 -1.82663 -2.80649
v -4.06019 -1.87102 -2.52154
v -4.14515 -1.88310 -2.42041
v -4.18357 -1.82663 -2.80649
v -3.95202 -1.74762 -2.74874
v -4.06019 -1.87102 -2.52154
v -3.95202 -1.74762 -2.74874
v -3.95202 -1.85702 -2.54988
v -4.06019 -1.87102 -2.52154
v -3.95202 -1.74762 -2.74874
v -3.74112 -1.79565 -2.75878
v -3.95202 -1.85702 -2.54988
v -3.74112 -1.79565 -2.75878
v -3.81772 -1.96565 -2.58189
v -3.95202 -1.85702 -2.54988
v -3.74112 -1.79565 -2.75878
v -3.57003 -1.81012 -2.56579
v -3.81772 -1.96565 -2.58189
v -3.57003 -1.81012 -2.56579
v -3.74966 -1.90239 -2.42751
v -3.81772 -1.96565 -2.58189
v -3.57003 -1.81012 -2.56579
v -3.47560 -1.83662 -2.27173
v -3.74966 -1.90239 -2.42751
v -3.47560 -1.83662 -2.27173
v -3.75777 -1.83103 -2.27173
v -3.74966 -1.90239 -2.42751
v -3.75777 -1.83103 -2.27173
v -3.74746 -1.90700 -2.11426
v -3.95202 -1.90857 -2.27173
v -3.74746 -1.90700 -2.11426
v -3.83058 -1.91908 -1.99128
v -3.95202 -2.01408 -2.27173
v -3.83058 -1.91908 -1.99128
v -3.95202 -1.93308 -1.93759
v -3.95202 -1.90279 -2.27173
v -3.95202 -1.93308 -1.93759
v -4.04733 -1.82445 -2.05163
v -3.95202 -1.87180 -2.27173
v -4.04733 -1.82445 -2.05163
v -4.14736 -1.88771 -2.12136
v -3.95202 -1.95582 -2.27173
v -4.14736 -1.88771 -2.12136
v -4.21699 -1.95907 -2.27173
v -3.95202 -1.95953 -2.27173
v -4.21699 -1.95907 -2.27173
v -4.14515 -1.88310 -2.42041
v -3.95202 -1.95004 -2.27173
v -4.14515 -1.88310 -2.42041
v -4.06019 -1.87102 -2.52154
v -3.95202 -1.84452 -2.27173
v -4.06019 -1.87102 -2.52154
v -3.95202 -1.85702 -2.54988
v -3.95202 -1.95582 -2.27173
v -3.95202 -1.85702 -2.54988
v -3.81772 -1.96565 -2.58189
v -3.95202 -1.98680 -2.27173
v -3.81772 -1.96565 -2.58189
v -3.74966 -1.90239 -2.42751
v -3.95202 -1.90279 -2.27173
v -3.74966 -1.90239 -2.42751
v -3.75777 -1.83103 -2.27173
v -3.95202 -1.89908 -2.27173
vt -1.60881 -0.01800
vt -1.53702 -0.01361
vt -1.52986 -0.01941
vt -1.60881 -0.02290
vt -1.55772 -0.01340
vt -1.53702 -0.01361
vt -1.60881 -0.04491
vt -1.57463 0.04520
vt -1.55772 -0.01340
vt -1.60881 -0.03183
vt -1.61713 0.02426
vt -1.57463 0.04520
vt -1.60881 -0.00163
vt -1.65333 -0.00640
vt -1.61713 0.02426
vt -1.60881 -0.03708
vt -1.66762 -0.05587
vt -1.65333 -0.00640
vt -1.60881 -0.03673
vt -1.68695 -0.06427
vt -1.66762 -0.05587
vt -1.60881 -0.03183
vt -1.67963 -0.07905
vt -1.68695 -0.06427
vt -1.60881 -0.00982
vt -1.63586 -0.10625
vt -1.67963 -0.07905
vt -1.60881 -0.02290
vt -1.60127 -0.09425
vt -1.63586 -0.10625
vt -1.60881 -0.05310
vt -1.56464 -0.06863
vt -1.60127 -0.09425
vt -1.60881 -0.01765
vt -1.52986 -0.01941
vt -1.56464 -0.06863
vt -1.52986 -0.01941
vt -1.53702 -0.01361
vt -1.49970 -0.08053
vt -1.53702 -0.01361
vt -1.47347 -0.01382
vt -1.49970 -0.08053
vt -1.53702 -0.01361
vt -1.55772 -0.01340
vt -1.47347 -0.01382
vt -1.55772 -0.01340
vt -1.49329 0.03604
vt -1.47347 -0.01382
vt -1.55772 -0.01340
vt -1.57463 0.04520
vt -1.49329 0.03604
vt -1.57463 0.04520
vt -1.54432 0.07544
vt -1.49329 0.03604
vt -1.57463 0.04520
vt -1.61713 0.02426
vt -1.54432 0.07544
vt -1.61713 0.02426
vt -1.62182 0.00953
vt -1.54432 0.07544
vt -1.61713 0.02426
vt -1.65333 -0.00640
vt -1.62182 0.00953
vt -1.65333 -0.00640
vt -1.68185 -0.02686
vt -1.62182 0.00953
vt -1.65333 -0.00640
vt -1.66762 -0.05587
vt -1.68185 -0.02686
vt -1.66762 -0.05587
vt -1.75426 -0.05328
vt -1.68185 -0.02686
vt -1.66762 -0.05587
vt -1.68695 -0.06427
vt -1.75426 -0.05328
vt -1.68695 -0.06427
vt -1.75049 -0.12258
vt -1.75426 -0.05328
vt -1.68695 -0.06427
vt -1.67963 -0.07905
vt -1.75049 -0.12258
vt -1.67963 -0.07905
vt -1.71855 -0.16482
vt -1.75049 -0.12258
vt -1.67963 -0.07905
vt -1.63586 -0.10625
vt -1.71855 -0.16482
vt -1.63586 -0.10625
vt -1.65745 -0.17757
vt -1.71855 -0.16482
vt -1.63586 -0.10625
vt -1.60127 -0.09425
vt -1.65745 -0.17757
vt -1.60127 -0.09425
vt -1.59252 -0.16517
vt -1.65745 -0.17757
vt -1.60127 -0.09425
vt -1.56464 -0.06863
vt -1.59252 -0.16517
vt -1.56464 -0.06863
vt -1.51796 -0.11925
vt -1.59252 -0.16517
vt -1.56464 -0.06863
vt -1.52986 -0.01941
vt -1.51796 -0.11925
vt -1.52986 -0.01941
vt -1.49970 -0.08053
vt -1.51796 -0.11925
vt -1.49970 -0.08053
vt -1.47347 -0.01382
vt -1.46124 -0.11652
vt -1.47347 -0.01382
vt -1.39825 -0.01627
vt -1.46124 -0.11652
vt -1.47347 -0.01382
vt -1.49329 0.03604
vt -1.39825 -0.01627
vt -1.49329 0.03604
vt -1.45594 0.02429
vt -1.39825 -0.01627
vt -1.49329 0.03604
vt -1.54432 0.07544
vt -1.45594 0.02429
vt -1.54432 0.07544
vt -1.54581 0.00767
vt -1.45594 0.02429
vt -1.54432 0.07544
vt -1.62182 0.00953
vt -1.54581 0.00767
vt -1.62182 0.00953
vt -1.62809 0.01868
vt -1.54581 0.00767
vt -1.62182 0.00953
vt -1.68185 -0.02686
vt -1.62809 0.01868
vt -1.68185 -0.02686
vt -1.72138 -0.03033
vt -1.62809 0.01868
vt -1.68185 -0.02686
vt -1.75426 -0.05328
vt -1.72138 -0.03033
vt -1.75426 -0.05328
vt -1.79383 -0.10488
vt -1.72138 -0.03033
vt -1.75426 -0.05328
vt -1.75049 -0.12258
vt -1.79383 -0.10488
vt -1.75049 -0.12258
vt -1.76020 -0.18098
vt -1.79383 -0.10488
vt -1.75049 -0.12258
vt -1.71855 -0.16482
vt -1.76020 -0.18098
vt -1.71855 -0.16482
vt -1.75025 -0.23575
vt -1.76020 -0.18098
vt -1.71855 -0.16482
vt -1.65745 -0.17757
vt -1.75025 -0.23575
vt -1.65745 -0.17757
vt -1.69363 -0.27272
vt -1.75025 -0.23575
vt -1.65745 -0.17757
vt -1.59252 -0.16517
vt -1.69363 -0.27272
vt -1.59252 -0.16517
vt -1.58981 -0.23814
vt -1.69363 -0.27272
vt -1.59252 -0.16517
vt -1.51796 -0.11925
vt -1.58981 -0.23814
vt -1.51796 -0.11925
vt -1.50725 -0.18347
vt -1.58981 -0.23814
vt -1.51796 -0.11925
vt -1.49970 -0.08053
vt -1.50725 -0.18347
vt -1.49970 -0.08053
vt -1.46124 -0.11652
vt -1.50725 -0.18347
vt -1.46124 -0.11652
vt -1.39825 -0.01627
vt -1.40541 -0.16236
vt -1.39825 -0.01627
vt -1.42016 -0.08532
vt -1.40541 -0.16236
vt -1.39825 -0.01627
vt -1.45594 0.02429
vt -1.42016 -0.08532
vt -1.45594 0.02429
vt -1.46057 -0.03341
vt -1.42016 -0.08532
vt -1.45594 0.02429
vt -1.54581 0.00767
vt -1.46057 -0.03341
vt -1.54581 0.00767
vt -1.53425 -0.01325
vt -1.46057 -0.03341
vt -1.54581 0.00767
vt -1.62809 0.01868
vt -1.53425 -0.01325
vt -1.62809 0.01868
vt -1.63347 0.00261
vt -1.53425 -0.01325
vt -1.62809 0.01868
vt -1.72138 -0.03033
vt -1.63347 0.00261
vt -1.72138 -0.03033
vt -1.72041 -0.08532
vt -1.63347 0.00261
vt -1.72138 -0.03033
vt -1.79383 -0.10488
vt -1.72041 -0.08532
vt -1.79383 -0.10488
vt -1.76541 -0.16236
vt -1.72041 -0.08532
vt -1.79383 -0.10488
vt -1.76020 -0.18098
vt -1.76541 -0.16236
vt -1.76020 -0.18098
vt -1.81193 -0.24532
vt -1.76541 -0.16236
vt -1.76020 -0.18098
vt -1.75025 -0.23575
vt -1.81193 -0.24532
vt -1.75025 -0.23575
vt -1.77914 -0.31054
vt -1.81193 -0.24532
vt -1.75025 -0.23575
vt -1.69363 -0.27272
vt -1.77914 -0.31054
vt -1.69363 -0.27272
vt -1.69425 -0.33325
vt -1.77914 -0.31054
vt -1.69363 -0.27272
vt -1.58981 -0.23814
vt -1.69425 -0.33325
vt -1.58981 -0.23814
vt -1.59204 -0.27452
vt -1.69425 -0.33325
vt -1.58981 -0.23814
vt -1.50725 -0.18347
vt -1.59204 -0.27452
vt -1.50725 -0.18347
vt -1.48864 -0.24532
vt -1.59204 -0.27452
vt -1.50725 -0.18347
vt -1.46124 -0.11652
vt -1.48864 -0.24532
vt -1.46124 -0.11652
vt -1.40541 -0.16236
vt -1.48864 -0.24532
vt -1.40541 -0.16236
vt -1.42016 -0.08532
vt -1.44032 -0.21471
vt -1.42016 -0.08532
vt -1.46199 -0.14432
vt -1.44032 -0.21471
vt -1.42016 -0.08532
vt -1.46057 -0.03341
vt -1.46199 -0.14432
vt -1.46057 -0.03341
vt -1.44589 -0.07784
vt -1.46199 -0.14432
vt -1.46057 -0.03341
vt -1.53425 -0.01325
vt -1.44589 -0.07784
vt -1.53425 -0.01325
vt -1.52806 -0.05731
vt -1.44589 -0.07784
vt -1.53425 -0.01325
vt -1.63347 0.00261
vt -1.52806 -0.05731
vt -1.63347 0.00261
vt -1.62679 -0.09064
vt -1.52806 -0.05731
vt -1.63347 0.00261
vt -1.72041 -0.08532
vt -1.62679 -0.09064
vt -1.72041 -0.08532
vt -1.70765 -0.14182
vt -1.62679 -0.09064
vt -1.72041 -0.08532
vt -1.76541 -0.16236
vt -1.70765 -0.14182
vt -1.76541 -0.16236
vt -1.77292 -0.21335
vt -1.70765 -0.14182
vt -1.76541 -0.16236
vt -1.81193 -0.24532
vt -1.77292 -0.21335
vt -1.81193 -0.24532
vt -1.82394 -0.31164
vt -1.77292 -0.21335
vt -1.81193 -0.24532
vt -1.77914 -0.31054
vt -1.82394 -0.31164
vt -1.77914 -0.31054
vt -1.74021 -0.32281
vt -1.82394 -0.31164
vt -1.77914 -0.31054
vt -1.69425 -0.33325
vt -1.74021 -0.32281
vt -1.69425 -0.33325
vt -1.67588 -0.34338
vt -1.74021 -0.32281
vt -1.69425 -0.33325
vt -1.59204 -0.27452
vt -1.67588 -0.34338
vt -1.59204 -0.27452
vt -1.58850 -0.35294
vt -1.67588 -0.34338
vt -1.59204 -0.27452
vt -1.48864 -0.24532
vt -1.58850 -0.35294
vt -1.48864 -0.24532
vt -1.49353 -0.29757
vt -1.58850 -0.35294
vt -1.48864 -0.24532
vt -1.40541 -0.16236
vt -1.49353 -0.29757
vt -1.40541 -0.16236
vt -1.44032 -0.21471
vt -1.49353 -0.29757
vt -1.44032 -0.21471
vt -1.46199 -0.14432
vt -1.48675 -0.25391
vt -1.46199 -0.14432
vt -1.45988 -0.20418
vt -1.48675 -0.25391
vt -1.46199 -0.14432
vt -1.44589 -0.07784
vt -1.45988 -0.20418
vt -1.44589 -0.07784
vt -1.48802 -0.15966
vt -1.45988 -0.20418
vt -1.44589 -0.07784
vt -1.52806 -0.05731
vt -1.48802 -0.15966
vt -1.52806 -0.05731
vt -1.55472 -0.14546
vt -1.48802 -0.15966
vt -1.52806 -0.05731
vt -1.62679 -0.09064
vt -1.55472 -0.14546
vt -1.62679 -0.09064
vt -1.62114 -0.16024
vt -1.55472 -0.14546
vt -1.62679 -0.09064
vt -1.70765 -0.14182
vt -1.62114 -0.16024
vt -1.70765 -0.14182
vt -1.70393 -0.20751
vt -1.62114 -0.16024
vt -1.70765 -0.14182
vt -1.77292 -0.21335
vt -1.70393 -0.20751
vt -1.77292 -0.21335
vt -1.74131 -0.26174
vt -1.70393 -0.20751
vt -1.77292 -0.21335
vt -1.82394 -0.31164
vt -1.74131 -0.26174
vt -1.82394 -0.31164
vt -1.73691 -0.30297
vt -1.74131 -0.26174
vt -1.82394 -0.31164
vt -1.74021 -0.32281
vt -1.73691 -0.30297
vt -1.74021 -0.32281
vt -1.71328 -0.34179
vt -1.73691 -0.30297
vt -1.74021 -0.32281
vt -1.67588 -0.34338
vt -1.71328 -0.34179
vt -1.67588 -0.34338
vt -1.66785 -0.38009
vt -1.71328 -0.34179
vt -1.67588 -0.34338
vt -1.58850 -0.35294
vt -1.66785 -0.38009
vt -1.58850 -0.35294
vt -1.59184 -0.38640
vt -1.66785 -0.38009
vt -1.58850 -0.35294
vt -1.49353 -0.29757
vt -1.59184 -0.38640
vt -1.49353 -0.29757
vt -1.54005 -0.28993
vt -1.59184 -0.38640
vt -1.49353 -0.29757
vt -1.44032 -0.21471
vt -1.54005 -0.28993
vt -1.44032 -0.21471
vt -1.48675 -0.25391
vt -1.54005 -0.28993
vt -1.48675 -0.25391
vt -1.45988 -0.20418
vt -1.53345 -0.29882
vt -1.45988 -0.20418
vt -1.52609 -0.26621
vt -1.53345 -0.29882
vt -1.45988 -0.20418
vt -1.48802 -0.15966
vt -1.52609 -0.26621
vt -1.48802 -0.15966
vt -1.55945 -0.22042
vt -1.52609 -0.26621
vt -1.48802 -0.15966
vt -1.55472 -0.14546
vt -1.55945 -0.22042
vt -1.55472 -0.14546
vt -1.57768 -0.22692
vt -1.55945 -0.22042
vt -1.55472 -0.14546
vt -1.62114 -0.16024
vt -1.57768 -0.22692
vt -1.62114 -0.16024
vt -1.61736 -0.23967
vt -1.57768 -0.22692
vt -1.62114 -0.16024
vt -1.70393 -0.20751
vt -1.61736 -0.23967
vt -1.70393 -0.20751
vt -1.65569 -0.26185
vt -1.61736 -0.23967
vt -1.70393 -0.20751
vt -1.74131 -0.26174
vt -1.65569 -0.26185
vt -1.74131 -0.26174
vt -1.67121 -0.27536
vt -1.65569 -0.26185
vt -1.74131 -0.26174
vt -1.73691 -0.30297
vt -1.67121 -0.27536
vt -1.73691 -0.30297
vt -1.67601 -0.30163
vt -1.67121 -0.27536
vt -1.73691 -0.30297
vt -1.71328 -0.34179
vt -1.67601 -0.30163
vt -1.71328 -0.34179
vt -1.68136 -0.37393
vt -1.67601 -0.30163
vt -1.71328 -0.34179
vt -1.66785 -0.38009
vt -1.68136 -0.37393
vt -1.66785 -0.38009
vt -1.63891 -0.34521
vt -1.68136 -0.37393
vt -1.66785 -0.38009
vt -1.59184 -0.38640
vt -1.63891 -0.34521
vt -1.59184 -0.38640
vt -1.60150 -0.32621
vt -1.63891 -0.34521
vt -1.59184 -0.38640
vt -1.54005 -0.28993
vt -1.60150 -0.32621
vt -1.54005 -0.28993
vt -1.56699 -0.30883
vt -1.60150 -0.32621
vt -1.54005 -0.28993
vt -1.48675 -0.25391
vt -1.56699 -0.30883
vt -1.48675 -0.25391
vt -1.53345 -0.29882
vt -1.56699 -0.30883
vt -1.53345 -0.29882
vt -1.52609 -0.26621
vt -1.60881 -0.28765
vt -1.52609 -0.26621
vt -1.55945 -0.22042
vt -1.60881 -0.28800
vt -1.55945 -0.22042
vt -1.57768 -0.22692
vt -1.60881 -0.29290
vt -1.57768 -0.22692
vt -1.61736 -0.23967
vt -1.60881 -0.31491
vt -1.61736 -0.23967
vt -1.65569 -0.26185
vt -1.60881 -0.30183
vt -1.65569 -0.26185
vt -1.67121 -0.27536
vt -1.60881 -0.27163
vt -1.67121 -0.27536
vt -1.67601 -0.30163
vt -1.60881 -0.30708
vt -1.67601 -0.30163
vt -1.68136 -0.37393
vt -1.60881 -0.30673
vt -1.68136 -0.37393
vt -1.63891 -0.34521
vt -1.60881 -0.30183
vt -1.63891 -0.34521
vt -1.60150 -0.32621
vt -1.60881 -0.27982
vt -1.60150 -0.32621
vt -1.56699 -0.30883
vt -1.60881 -0.29290
vt -1.56699 -0.30883
vt -1.53345 -0.29882
vt -1.60881 -0.32310
vt -2.59999 -1.06821
vt -2.52760 -1.03199
vt -2.53770 -1.06920
vt -2.59999 -1.05402
vt -2.53416 -0.99004
vt -2.52760 -1.03199
vt -2.59999 -1.03395
vt -2.56606 -0.97592
vt -2.53416 -0.99004
vt -2.59999 -1.03996
vt -2.60639 -1.03835
vt -2.56606 -0.97592
vt -2.59999 -1.05184
vt -2.64487 -1.02478
vt -2.60639 -1.03835
vt -2.59999 -1.06819
vt -2.67546 -1.04533
vt -2.64487 -1.02478
vt -2.59999 -1.02577
vt -2.67752 -1.08465
vt -2.67546 -1.04533
vt -2.59999 -1.03996
vt -2.65607 -1.11602
vt -2.67752 -1.08465
vt -2.59999 -1.06002
vt -2.62729 -1.12536
vt -2.65607 -1.11602
vt -2.59999 -1.05402
vt -2.59054 -1.09653
vt -2.62729 -1.12536
vt -2.59999 -1.04214
vt -2.55617 -1.08901
vt -2.59054 -1.09653
vt -2.59999 -1.02579
vt -2.53770 -1.06920
vt -2.55617 -1.08901
vt -2.53770 -1.06920
vt -2.52760 -1.03199
vt -2.47815 -1.09061
vt -2.52760 -1.03199
vt -2.43413 -0.99994
vt -2.47815 -1.09061
vt -2.52760 -1.03199
vt -2.53416 -0.99004
vt -2.43413 -0.99994
vt -2.53416 -0.99004
vt -2.49573 -1.00293
vt -2.43413 -0.99994
vt -2.53416 -0.99004
vt -2.56606 -0.97592
vt -2.49573 -1.00293
vt -2.56606 -0.97592
vt -2.54796 -0.99015
vt -2.49573 -1.00293
vt -2.56606 -0.97592
vt -2.60639 -1.03835
vt -2.54796 -0.99015
vt -2.60639 -1.03835
vt -2.61447 -0.99076
vt -2.54796 -0.99015
vt -2.60639 -1.03835
vt -2.64487 -1.02478
vt -2.61447 -0.99076
vt -2.64487 -1.02478
vt -2.69108 -1.01298
vt -2.61447 -0.99076
vt -2.64487 -1.02478
vt -2.67546 -1.04533
vt -2.69108 -1.01298
vt -2.67546 -1.04533
vt -2.73271 -1.08244
vt -2.69108 -1.01298
vt -2.67546 -1.04533
vt -2.67752 -1.08465
vt -2.73271 -1.08244
vt -2.67752 -1.08465
vt -2.71115 -1.15078
vt -2.73271 -1.08244
vt -2.67752 -1.08465
vt -2.65607 -1.11602
vt -2.71115 -1.15078
vt -2.65607 -1.11602
vt -2.72099 -1.18470
vt -2.71115 -1.15078
vt -2.65607 -1.11602
vt -2.62729 -1.12536
vt -2.72099 -1.18470
vt -2.62729 -1.12536
vt -2.66110 -1.20109
vt -2.72099 -1.18470
vt -2.62729 -1.12536
vt -2.59054 -1.09653
vt -2.66110 -1.20109
vt -2.59054 -1.09653
vt -2.58517 -1.18454
vt -2.66110 -1.20109
vt -2.59054 -1.09653
vt -2.55617 -1.08901
vt -2.58517 -1.18454
vt -2.55617 -1.08901
vt -2.52720 -1.14744
vt -2.58517 -1.18454
vt -2.55617 -1.08901
vt -2.53770 -1.06920
vt -2.52720 -1.14744
vt -2.53770 -1.06920
vt -2.47815 -1.09061
vt -2.52720 -1.14744
vt -2.47815 -1.09061
vt -2.43413 -0.99994
vt -2.42492 -1.12760
vt -2.43413 -0.99994
vt -2.42141 -1.05808
vt -2.42492 -1.12760
vt -2.43413 -0.99994
vt -2.49573 -1.00293
vt -2.42141 -1.05808
vt -2.49573 -1.00293
vt -2.47145 -1.02504
vt -2.42141 -1.05808
vt -2.49573 -1.00293
vt -2.54796 -0.99015
vt -2.47145 -1.02504
vt -2.54796 -0.99015
vt -2.52392 -0.97670
vt -2.47145 -1.02504
vt -2.54796 -0.99015
vt -2.61447 -0.99076
vt -2.52392 -0.97670
vt -2.61447 -0.99076
vt -2.62244 -0.97124
vt -2.52392 -0.97670
vt -2.61447 -0.99076
vt -2.69108 -1.01298
vt -2.62244 -0.97124
vt -2.69108 -1.01298
vt -2.69364 -1.07215
vt -2.62244 -0.97124
vt -2.69108 -1.01298
vt -2.73271 -1.08244
vt -2.69364 -1.07215
vt -2.73271 -1.08244
vt -2.75752 -1.13305
vt -2.69364 -1.07215
vt -2.73271 -1.08244
vt -2.71115 -1.15078
vt -2.75752 -1.13305
vt -2.71115 -1.15078
vt -2.78336 -1.20453
vt -2.75752 -1.13305
vt -2.71115 -1.15078
vt -2.72099 -1.18470
vt -2.78336 -1.20453
vt -2.72099 -1.18470
vt -2.76576 -1.26800
vt -2.78336 -1.20453
vt -2.72099 -1.18470
vt -2.66110 -1.20109
vt -2.76576 -1.26800
vt -2.66110 -1.20109
vt -2.67175 -1.27535
vt -2.76576 -1.26800
vt -2.66110 -1.20109
vt -2.58517 -1.18454
vt -2.67175 -1.27535
vt -2.58517 -1.18454
vt -2.58415 -1.24514
vt -2.67175 -1.27535
vt -2.58517 -1.18454
vt -2.52720 -1.14744
vt -2.58415 -1.24514
vt -2.52720 -1.14744
vt -2.47951 -1.20702
vt -2.58415 -1.24514
vt -2.52720 -1.14744
vt -2.47815 -1.09061
vt -2.47951 -1.20702
vt -2.47815 -1.09061
vt -2.42492 -1.12760
vt -2.47951 -1.20702
vt -2.42492 -1.12760
vt -2.42141 -1.05808
vt -2.43736 -1.18199
vt -2.42141 -1.05808
vt -2.42801 -1.11175
vt -2.43736 -1.18199
vt -2.42141 -1.05808
vt -2.47145 -1.02504
vt -2.42801 -1.11175
vt -2.47145 -1.02504
vt -2.41567 -1.02165
vt -2.42801 -1.11175
vt -2.47145 -1.02504
vt -2.52392 -0.97670
vt -2.41567 -1.02165
vt -2.52392 -0.97670
vt -2.51862 -1.01926
vt -2.41567 -1.02165
vt -2.52392 -0.97670
vt -2.62244 -0.97124
vt -2.51862 -1.01926
vt -2.62244 -0.97124
vt -2.61996 -1.04840
vt -2.51862 -1.01926
vt -2.62244 -0.97124
vt -2.69364 -1.07215
vt -2.61996 -1.04840
vt -2.69364 -1.07215
vt -2.70173 -1.11175
vt -2.61996 -1.04840
vt -2.69364 -1.07215
vt -2.75752 -1.13305
vt -2.70173 -1.11175
vt -2.75752 -1.13305
vt -2.79736 -1.18199
vt -2.70173 -1.11175
vt -2.75752 -1.13305
vt -2.78336 -1.20453
vt -2.79736 -1.18199
vt -2.78336 -1.20453
vt -2.81978 -1.27175
vt -2.79736 -1.18199
vt -2.78336 -1.20453
vt -2.76576 -1.26800
vt -2.81978 -1.27175
vt -2.76576 -1.26800
vt -2.73423 -1.29877
vt -2.81978 -1.27175
vt -2.76576 -1.26800
vt -2.67175 -1.27535
vt -2.73423 -1.29877
vt -2.67175 -1.27535
vt -2.67862 -1.33926
vt -2.73423 -1.29877
vt -2.67175 -1.27535
vt -2.58415 -1.24514
vt -2.67862 -1.33926
vt -2.58415 -1.24514
vt -2.57852 -1.32553
vt -2.67862 -1.33926
vt -2.58415 -1.24514
vt -2.47951 -1.20702
vt -2.57852 -1.32553
vt -2.47951 -1.20702
vt -2.46996 -1.27175
vt -2.57852 -1.32553
vt -2.47951 -1.20702
vt -2.42492 -1.12760
vt -2.46996 -1.27175
vt -2.42492 -1.12760
vt -2.43736 -1.18199
vt -2.46996 -1.27175
vt -2.43736 -1.18199
vt -2.42801 -1.11175
vt -2.43016 -1.23474
vt -2.42801 -1.11175
vt -2.40940 -1.15856
vt -2.43016 -1.23474
vt -2.42801 -1.11175
vt -2.41567 -1.02165
vt -2.40940 -1.15856
vt -2.41567 -1.02165
vt -2.43826 -1.09807
vt -2.40940 -1.15856
vt -2.41567 -1.02165
vt -2.51862 -1.01926
vt -2.43826 -1.09807
vt -2.51862 -1.01926
vt -2.53711 -1.10019
vt -2.43826 -1.09807
vt -2.51862 -1.01926
vt -2.61996 -1.04840
vt -2.53711 -1.10019
vt -2.61996 -1.04840
vt -2.61812 -1.10965
vt -2.53711 -1.10019
vt -2.61996 -1.04840
vt -2.70173 -1.11175
vt -2.61812 -1.10965
vt -2.70173 -1.11175
vt -2.72473 -1.15607
vt -2.61812 -1.10965
vt -2.70173 -1.11175
vt -2.79736 -1.18199
vt -2.72473 -1.15607
vt -2.79736 -1.18199
vt -2.76276 -1.23256
vt -2.72473 -1.15607
vt -2.79736 -1.18199
vt -2.81978 -1.27175
vt -2.76276 -1.23256
vt -2.81978 -1.27175
vt -2.77135 -1.30089
vt -2.76276 -1.23256
vt -2.81978 -1.27175
vt -2.73423 -1.29877
vt -2.77135 -1.30089
vt -2.73423 -1.29877
vt -2.73257 -1.34387
vt -2.77135 -1.30089
vt -2.73423 -1.29877
vt -2.67862 -1.33926
vt -2.73257 -1.34387
vt -2.67862 -1.33926
vt -2.68493 -1.41125
vt -2.73257 -1.34387
vt -2.67862 -1.33926
vt -2.57852 -1.32553
vt -2.68493 -1.41125
vt -2.57852 -1.32553
vt -2.57984 -1.37112
vt -2.68493 -1.41125
vt -2.57852 -1.32553
vt -2.46996 -1.27175
vt -2.57984 -1.37112
vt -2.46996 -1.27175
vt -2.51060 -1.28683
vt -2.57984 -1.37112
vt -2.46996 -1.27175
vt -2.43736 -1.18199
vt -2.51060 -1.28683
vt -2.43736 -1.18199
vt -2.43016 -1.23474
vt -2.51060 -1.28683
vt -2.43016 -1.23474
vt -2.40940 -1.15856
vt -2.44988 -1.29457
vt -2.40940 -1.15856
vt -2.46491 -1.21991
vt -2.44988 -1.29457
vt -2.40940 -1.15856
vt -2.43826 -1.09807
vt -2.46491 -1.21991
vt -2.43826 -1.09807
vt -2.50402 -1.17984
vt -2.46491 -1.21991
vt -2.43826 -1.09807
vt -2.53711 -1.10019
vt -2.50402 -1.17984
vt -2.53711 -1.10019
vt -2.54024 -1.16332
vt -2.50402 -1.17984
vt -2.53711 -1.10019
vt -2.61812 -1.10965
vt -2.54024 -1.16332
vt -2.61812 -1.10965
vt -2.61555 -1.17931
vt -2.54024 -1.16332
vt -2.61812 -1.10965
vt -2.72473 -1.15607
vt -2.61555 -1.17931
vt -2.72473 -1.15607
vt -2.68692 -1.22325
vt -2.61555 -1.17931
vt -2.72473 -1.15607
vt -2.76276 -1.23256
vt -2.68692 -1.22325
vt -2.76276 -1.23256
vt -2.70444 -1.26033
vt -2.68692 -1.22325
vt -2.76276 -1.23256
vt -2.77135 -1.30089
vt -2.70444 -1.26033
vt -2.77135 -1.30089
vt -2.74194 -1.33779
vt -2.70444 -1.26033
vt -2.77135 -1.30089
vt -2.73257 -1.34387
vt -2.74194 -1.33779
vt -2.73257 -1.34387
vt -2.72928 -1.40405
vt -2.74194 -1.33779
vt -2.73257 -1.34387
vt -2.68493 -1.41125
vt -2.72928 -1.40405
vt -2.68493 -1.41125
vt -2.65337 -1.37886
vt -2.72928 -1.40405
vt -2.68493 -1.41125
vt -2.57984 -1.37112
vt -2.65337 -1.37886
vt -2.57984 -1.37112
vt -2.58625 -1.36339
vt -2.65337 -1.37886
vt -2.57984 -1.37112
vt -2.51060 -1.28683
vt -2.58625 -1.36339
vt -2.51060 -1.28683
vt -2.52303 -1.32476
vt -2.58625 -1.36339
vt -2.51060 -1.28683
vt -2.43016 -1.23474
vt -2.52303 -1.32476
vt -2.43016 -1.23474
vt -2.44988 -1.29457
vt -2.52303 -1.32476
vt -2.44988 -1.29457
vt -2.46491 -1.21991
vt -2.53680 -1.29640
vt -2.46491 -1.21991
vt -2.52966 -1.27028
vt -2.53680 -1.29640
vt -2.46491 -1.21991
vt -2.50402 -1.17984
vt -2.52966 -1.27028
vt -2.50402 -1.17984
vt -2.53986 -1.25272
vt -2.52966 -1.27028
vt -2.50402 -1.17984
vt -2.54024 -1.16332
vt -2.53986 -1.25272
vt -2.54024 -1.16332
vt -2.56380 -1.25704
vt -2.53986 -1.25272
vt -2.54024 -1.16332
vt -2.61555 -1.17931
vt -2.56380 -1.25704
vt -2.61555 -1.17931
vt -2.60713 -1.24662
vt -2.56380 -1.25704
vt -2.61555 -1.17931
vt -2.68692 -1.22325
vt -2.60713 -1.24662
vt -2.68692 -1.22325
vt -2.63953 -1.26591
vt -2.60713 -1.24662
vt -2.68692 -1.22325
vt -2.70444 -1.26033
vt -2.63953 -1.26591
vt -2.70444 -1.26033
vt -2.67456 -1.31702
vt -2.63953 -1.26591
vt -2.70444 -1.26033
vt -2.74194 -1.33779
vt -2.67456 -1.31702
vt -2.74194 -1.33779
vt -2.67958 -1.34693
vt -2.67456 -1.31702
vt -2.74194 -1.33779
vt -2.72928 -1.40405
vt -2.67958 -1.34693
vt -2.72928 -1.40405
vt -2.66176 -1.36214
vt -2.67958 -1.34693
vt -2.72928 -1.40405
vt -2.65337 -1.37886
vt -2.66176 -1.36214
vt -2.65337 -1.37886
vt -2.62503 -1.33409
vt -2.66176 -1.36214
vt -2.65337 -1.37886
vt -2.58625 -1.36339
vt -2.62503 -1.33409
vt -2.58625 -1.36339
vt -2.59128 -1.37724
vt -2.62503 -1.33409
vt -2.58625 -1.36339
vt -2.52303 -1.32476
vt -2.59128 -1.37724
vt -2.52303 -1.32476
vt -2.55084 -1.35414
vt -2.59128 -1.37724
vt -2.52303 -1.32476
vt -2.44988 -1.29457
vt -2.55084 -1.35414
vt -2.44988 -1.29457
vt -2.53680 -1.29640
vt -2.55084 -1.35414
vt -2.53680 -1.29640
vt -2.52966 -1.27028
vt -2.59999 -1.29579
vt -2.52966 -1.27028
vt -2.53986 -1.25272
vt -2.59999 -1.33821
vt -2.53986 -1.25272
vt -2.56380 -1.25704
vt -2.59999 -1.32402
vt -2.56380 -1.25704
vt -2.60713 -1.24662
vt -2.59999 -1.30395
vt -2.60713 -1.24662
vt -2.63953 -1.26591
vt -2.59999 -1.30996
vt -2.63953 -1.26591
vt -2.67456 -1.31702
vt -2.59999 -1.32184
vt -2.67456 -1.31702
vt -2.67958 -1.34693
vt -2.59999 -1.33819
vt -2.67958 -1.34693
vt -2.66176 -1.36214
vt -2.59999 -1.29577
vt -2.66176 -1.36214
vt -2.62503 -1.33409
vt -2.59999 -1.30996
vt -2.62503 -1.33409
vt -2.59128 -1.37724
vt -2.59999 -1.33002
vt -2.59128 -1.37724
vt -2.55084 -1.35414
vt -2.59999 -1.32402
vt -2.55084 -1.35414
vt -2.53680 -1.29640
vt -2.59999 -1.31214
vt -1.74206 -1.32093
vt -1.66325 -1.26690
vt -1.67981 -1.31749
vt -1.74206 -1.29158
vt -1.67621 -1.23820
vt -1.66325 -1.26690
vt -1.74206 -1.27771
vt -1.71076 -1.24010
vt -1.67621 -1.23820
vt -1.74206 -1.29887
vt -1.74847 -1.28666
vt -1.71076 -1.24010
vt -1.74206 -1.30456
vt -1.79075 -1.25970
vt -1.74847 -1.28666
vt -1.74206 -1.30576
vt -1.81757 -1.29351
vt -1.79075 -1.25970
vt -1.74206 -1.26953
vt -1.81317 -1.34095
vt -1.81757 -1.29351
vt -1.74206 -1.29887
vt -1.79812 -1.36429
vt -1.81317 -1.34095
vt -1.74206 -1.31274
vt -1.77199 -1.36815
vt -1.79812 -1.36429
vt -1.74206 -1.29158
vt -1.73261 -1.34474
vt -1.77199 -1.36815
vt -1.74206 -1.28589
vt -1.70205 -1.34532
vt -1.73261 -1.34474
vt -1.74206 -1.28469
vt -1.67981 -1.31749
vt -1.70205 -1.34532
vt -1.67981 -1.31749
vt -1.66325 -1.26690
vt -1.61013 -1.33127
vt -1.66325 -1.26690
vt -1.58070 -1.25311
vt -1.61013 -1.33127
vt -1.66325 -1.26690
vt -1.67621 -1.23820
vt -1.58070 -1.25311
vt -1.67621 -1.23820
vt -1.64675 -1.26652
vt -1.58070 -1.25311
vt -1.67621 -1.23820
vt -1.71076 -1.24010
vt -1.64675 -1.26652
vt -1.71076 -1.24010
vt -1.68821 -1.23162
vt -1.64675 -1.26652
vt -1.71076 -1.24010
vt -1.74847 -1.28666
vt -1.68821 -1.23162
vt -1.74847 -1.28666
vt -1.75771 -1.22364
vt -1.68821 -1.23162
vt -1.74847 -1.28666
vt -1.79075 -1.25970
vt -1.75771 -1.22364
vt -1.79075 -1.25970
vt -1.83051 -1.26614
vt -1.75771 -1.22364
vt -1.79075 -1.25970
vt -1.81757 -1.29351
vt -1.83051 -1.26614
vt -1.81757 -1.29351
vt -1.86469 -1.33826
vt -1.83051 -1.26614
vt -1.81757 -1.29351
vt -1.81317 -1.34095
vt -1.86469 -1.33826
vt -1.81317 -1.34095
vt -1.85772 -1.39775
vt -1.86469 -1.33826
vt -1.81317 -1.34095
vt -1.79812 -1.36429
vt -1.85772 -1.39775
vt -1.79812 -1.36429
vt -1.87201 -1.43313
vt -1.85772 -1.39775
vt -1.79812 -1.36429
vt -1.77199 -1.36815
vt -1.87201 -1.43313
vt -1.77199 -1.36815
vt -1.80134 -1.44875
vt -1.87201 -1.43313
vt -1.77199 -1.36815
vt -1.73261 -1.34474
vt -1.80134 -1.44875
vt -1.73261 -1.34474
vt -1.72841 -1.43257
vt -1.80134 -1.44875
vt -1.73261 -1.34474
vt -1.70205 -1.34532
vt -1.72841 -1.43257
vt -1.70205 -1.34532
vt -1.66662 -1.39442
vt -1.72841 -1.43257
vt -1.70205 -1.34532
vt -1.67981 -1.31749
vt -1.66662 -1.39442
vt -1.67981 -1.31749
vt -1.61013 -1.33127
vt -1.66662 -1.39442
vt -1.61013 -1.33127
vt -1.58070 -1.25311
vt -1.57703 -1.37896
vt -1.58070 -1.25311
vt -1.57452 -1.31397
vt -1.57703 -1.37896
vt -1.58070 -1.25311
vt -1.64675 -1.26652
vt -1.57452 -1.31397
vt -1.64675 -1.26652
vt -1.60465 -1.26244
vt -1.57452 -1.31397
vt -1.64675 -1.26652
vt -1.68821 -1.23162
vt -1.60465 -1.26244
vt -1.68821 -1.23162
vt -1.66150 -1.21278
vt -1.60465 -1.26244
vt -1.68821 -1.23162
vt -1.75771 -1.22364
vt -1.66150 -1.21278
vt -1.75771 -1.22364
vt -1.76336 -1.23032
vt -1.66150 -1.21278
vt -1.75771 -1.22364
vt -1.83051 -1.26614
vt -1.76336 -1.23032
vt -1.83051 -1.26614
vt -1.82919 -1.32804
vt -1.76336 -1.23032
vt -1.83051 -1.26614
vt -1.86469 -1.33826
vt -1.82919 -1.32804
vt -1.86469 -1.33826
vt -1.90963 -1.37817
vt -1.82919 -1.32804
vt -1.86469 -1.33826
vt -1.85772 -1.39775
vt -1.90963 -1.37817
vt -1.85772 -1.39775
vt -1.93647 -1.45412
vt -1.90963 -1.37817
vt -1.85772 -1.39775
vt -1.87201 -1.43313
vt -1.93647 -1.45412
vt -1.87201 -1.43313
vt -1.89896 -1.51163
vt -1.93647 -1.45412
vt -1.87201 -1.43313
vt -1.80134 -1.44875
vt -1.89896 -1.51163
vt -1.80134 -1.44875
vt -1.80932 -1.51773
vt -1.89896 -1.51163
vt -1.80134 -1.44875
vt -1.72841 -1.43257
vt -1.80932 -1.51773
vt -1.72841 -1.43257
vt -1.72508 -1.49798
vt -1.80932 -1.51773
vt -1.72841 -1.43257
vt -1.66662 -1.39442
vt -1.72508 -1.49798
vt -1.66662 -1.39442
vt -1.61507 -1.45662
vt -1.72508 -1.49798
vt -1.66662 -1.39442
vt -1.61013 -1.33127
vt -1.61507 -1.45662
vt -1.61013 -1.33127
vt -1.57703 -1.37896
vt -1.61507 -1.45662
vt -1.57703 -1.37896
vt -1.57452 -1.31397
vt -1.58542 -1.43023
vt -1.57452 -1.31397
vt -1.55461 -1.35367
vt -1.58542 -1.43023
vt -1.57452 -1.31397
vt -1.60465 -1.26244
vt -1.55461 -1.35367
vt -1.60465 -1.26244
vt -1.55246 -1.26528
vt -1.55461 -1.35367
vt -1.60465 -1.26244
vt -1.66150 -1.21278
vt -1.55246 -1.26528
vt -1.66150 -1.21278
vt -1.66702 -1.28014
vt -1.55246 -1.26528
vt -1.66150 -1.21278
vt -1.76336 -1.23032
vt -1.66702 -1.28014
vt -1.76336 -1.23032
vt -1.76135 -1.30124
vt -1.66702 -1.28014
vt -1.76336 -1.23032
vt -1.82919 -1.32804
vt -1.76135 -1.30124
vt -1.82919 -1.32804
vt -1.85297 -1.35367
vt -1.76135 -1.30124
vt -1.82919 -1.32804
vt -1.90963 -1.37817
vt -1.85297 -1.35367
vt -1.90963 -1.37817
vt -1.94542 -1.43023
vt -1.85297 -1.35367
vt -1.90963 -1.37817
vt -1.93647 -1.45412
vt -1.94542 -1.43023
vt -1.93647 -1.45412
vt -1.94637 -1.51367
vt -1.94542 -1.43023
vt -1.93647 -1.45412
vt -1.89896 -1.51163
vt -1.94637 -1.51367
vt -1.89896 -1.51163
vt -1.87102 -1.54241
vt -1.94637 -1.51367
vt -1.89896 -1.51163
vt -1.80932 -1.51773
vt -1.87102 -1.54241
vt -1.80932 -1.51773
vt -1.82702 -1.60014
vt -1.87102 -1.54241
vt -1.80932 -1.51773
vt -1.72508 -1.49798
vt -1.82702 -1.60014
vt -1.72508 -1.49798
vt -1.71991 -1.57837
vt -1.82702 -1.60014
vt -1.72508 -1.49798
vt -1.61507 -1.45662
vt -1.71991 -1.57837
vt -1.61507 -1.45662
vt -1.62120 -1.51367
vt -1.71991 -1.57837
vt -1.61507 -1.45662
vt -1.57703 -1.37896
vt -1.62120 -1.51367
vt -1.57703 -1.37896
vt -1.58542 -1.43023
vt -1.62120 -1.51367
vt -1.58542 -1.43023
vt -1.55461 -1.35367
vt -1.55799 -1.48741
vt -1.55461 -1.35367
vt -1.55140 -1.40679
vt -1.55799 -1.48741
vt -1.55461 -1.35367
vt -1.55246 -1.26528
vt -1.55140 -1.40679
vt -1.55246 -1.26528
vt -1.59295 -1.35286
vt -1.55140 -1.40679
vt -1.55246 -1.26528
vt -1.66702 -1.28014
vt -1.59295 -1.35286
vt -1.66702 -1.28014
vt -1.67922 -1.34847
vt -1.59295 -1.35286
vt -1.66702 -1.28014
vt -1.76135 -1.30124
vt -1.67922 -1.34847
vt -1.76135 -1.30124
vt -1.76184 -1.35134
vt -1.67922 -1.34847
vt -1.76135 -1.30124
vt -1.85297 -1.35367
vt -1.76184 -1.35134
vt -1.85297 -1.35367
vt -1.86685 -1.40429
vt -1.76184 -1.35134
vt -1.85297 -1.35367
vt -1.94542 -1.43023
vt -1.86685 -1.40429
vt -1.94542 -1.43023
vt -1.89058 -1.47636
vt -1.86685 -1.40429
vt -1.94542 -1.43023
vt -1.94637 -1.51367
vt -1.89058 -1.47636
vt -1.94637 -1.51367
vt -1.91335 -1.54908
vt -1.89058 -1.47636
vt -1.94637 -1.51367
vt -1.87102 -1.54241
vt -1.91335 -1.54908
vt -1.87102 -1.54241
vt -1.88727 -1.60752
vt -1.91335 -1.54908
vt -1.87102 -1.54241
vt -1.82702 -1.60014
vt -1.88727 -1.60752
vt -1.82702 -1.60014
vt -1.82704 -1.65958
vt -1.88727 -1.60752
vt -1.82702 -1.60014
vt -1.71991 -1.57837
vt -1.82704 -1.65958
vt -1.71991 -1.57837
vt -1.72356 -1.60395
vt -1.82704 -1.65958
vt -1.71991 -1.57837
vt -1.62120 -1.51367
vt -1.72356 -1.60395
vt -1.62120 -1.51367
vt -1.65273 -1.53501
vt -1.72356 -1.60395
vt -1.62120 -1.51367
vt -1.58542 -1.43023
vt -1.65273 -1.53501
vt -1.58542 -1.43023
vt -1.55799 -1.48741
vt -1.65273 -1.53501
vt -1.55799 -1.48741
vt -1.55140 -1.40679
vt -1.59609 -1.53971
vt -1.55140 -1.40679
vt -1.61799 -1.46506
vt -1.59609 -1.53971
vt -1.55140 -1.40679
vt -1.59295 -1.35286
vt -1.61799 -1.46506
vt -1.59295 -1.35286
vt -1.64245 -1.42800
vt -1.61799 -1.46506
vt -1.59295 -1.35286
vt -1.67922 -1.34847
vt -1.64245 -1.42800
vt -1.67922 -1.34847
vt -1.67783 -1.41015
vt -1.64245 -1.42800
vt -1.67922 -1.34847
vt -1.76184 -1.35134
vt -1.67783 -1.41015
vt -1.76184 -1.35134
vt -1.75715 -1.42763
vt -1.67783 -1.41015
vt -1.76184 -1.35134
vt -1.86685 -1.40429
vt -1.75715 -1.42763
vt -1.86685 -1.40429
vt -1.82249 -1.46840
vt -1.75715 -1.42763
vt -1.86685 -1.40429
vt -1.89058 -1.47636
vt -1.82249 -1.46840
vt -1.89058 -1.47636
vt -1.85065 -1.51166
vt -1.82249 -1.46840
vt -1.89058 -1.47636
vt -1.91335 -1.54908
vt -1.85065 -1.51166
vt -1.91335 -1.54908
vt -1.89501 -1.59810
vt -1.85065 -1.51166
vt -1.91335 -1.54908
vt -1.88727 -1.60752
vt -1.89501 -1.59810
vt -1.88727 -1.60752
vt -1.86771 -1.64601
vt -1.89501 -1.59810
vt -1.88727 -1.60752
vt -1.82704 -1.65958
vt -1.86771 -1.64601
vt -1.82704 -1.65958
vt -1.79096 -1.61054
vt -1.86771 -1.64601
vt -1.82704 -1.65958
vt -1.72356 -1.60395
vt -1.79096 -1.61054
vt -1.72356 -1.60395
vt -1.72785 -1.61790
vt -1.79096 -1.61054
vt -1.72356 -1.60395
vt -1.65273 -1.53501
vt -1.72785 -1.61790
vt -1.65273 -1.53501
vt -1.65861 -1.58506
vt -1.72785 -1.61790
vt -1.65273 -1.53501
vt -1.55799 -1.48741
vt -1.65861 -1.58506
vt -1.55799 -1.48741
vt -1.59609 -1.53971
vt -1.65861 -1.58506
vt -1.59609 -1.53971
vt -1.61799 -1.46506
vt -1.68307 -1.53704
vt -1.61799 -1.46506
vt -1.66722 -1.52419
vt -1.68307 -1.53704
vt -1.61799 -1.46506
vt -1.64245 -1.42800
vt -1.66722 -1.52419
vt -1.64245 -1.42800
vt -1.67822 -1.50532
vt -1.66722 -1.52419
vt -1.64245 -1.42800
vt -1.67783 -1.41015
vt -1.67822 -1.50532
vt -1.67783 -1.41015
vt -1.70772 -1.50145
vt -1.67822 -1.50532
vt -1.67783 -1.41015
vt -1.75715 -1.42763
vt -1.70772 -1.50145
vt -1.75715 -1.42763
vt -1.74873 -1.49049
vt -1.70772 -1.50145
vt -1.75715 -1.42763
vt -1.82249 -1.46840
vt -1.74873 -1.49049
vt -1.82249 -1.46840
vt -1.78429 -1.51983
vt -1.74873 -1.49049
vt -1.82249 -1.46840
vt -1.85065 -1.51166
vt -1.78429 -1.51983
vt -1.85065 -1.51166
vt -1.82084 -1.57286
vt -1.78429 -1.51983
vt -1.85065 -1.51166
vt -1.89501 -1.59810
vt -1.82084 -1.57286
vt -1.89501 -1.59810
vt -1.81714 -1.58580
vt -1.82084 -1.57286
vt -1.89501 -1.59810
vt -1.86771 -1.64601
vt -1.81714 -1.58580
vt -1.86771 -1.64601
vt -1.80013 -1.59955
vt -1.81714 -1.58580
vt -1.86771 -1.64601
vt -1.79096 -1.61054
vt -1.80013 -1.59955
vt -1.79096 -1.61054
vt -1.76895 -1.59354
vt -1.80013 -1.59955
vt -1.79096 -1.61054
vt -1.72785 -1.61790
vt -1.76895 -1.59354
vt -1.72785 -1.61790
vt -1.73287 -1.63631
vt -1.76895 -1.59354
vt -1.72785 -1.61790
vt -1.65861 -1.58506
vt -1.73287 -1.63631
vt -1.65861 -1.58506
vt -1.69559 -1.59301
vt -1.73287 -1.63631
vt -1.65861 -1.58506
vt -1.59609 -1.53971
vt -1.69559 -1.59301
vt -1.59609 -1.53971
vt -1.68307 -1.53704
vt -1.69559 -1.59301
vt -1.68307 -1.53704
vt -1.66722 -1.52419
vt -1.74206 -1.55469
vt -1.66722 -1.52419
vt -1.67822 -1.50532
vt -1.74206 -1.59093
vt -1.67822 -1.50532
vt -1.70772 -1.50145
vt -1.74206 -1.56158
vt -1.70772 -1.50145
vt -1.74873 -1.49049
vt -1.74206 -1.54771
vt -1.74873 -1.49049
vt -1.78429 -1.51983
vt -1.74206 -1.56887
vt -1.78429 -1.51983
vt -1.82084 -1.57286
vt -1.74206 -1.57456
vt -1.82084 -1.57286
vt -1.81714 -1.58580
vt -1.74206 -1.57576
vt -1.81714 -1.58580
vt -1.80013 -1.59955
vt -1.74206 -1.53953
vt -1.80013 -1.59955
vt -1.76895 -1.59354
vt -1.74206 -1.56887
vt -1.76895 -1.59354
vt -1.73287 -1.63631
vt -1.74206 -1.58274
vt -1.73287 -1.63631
vt -1.69559 -1.59301
vt -1.74206 -1.56158
vt -1.69559 -1.59301
vt -1.68307 -1.53704
vt -1.74206 -1.55589
vt 1.22909 -1.18638
vt 1.31408 -1.12603
vt 1.29726 -1.17870
vt 1.22909 -1.14879
vt 1.28970 -1.12538
vt 1.31408 -1.12603
vt 1.22909 -1.15608
vt 1.25787 -1.12733
vt 1.28970 -1.12538
vt 1.22909 -1.18549
vt 1.22200 -1.14331
vt 1.25787 -1.12733
vt 1.22909 -1.17002
vt 1.17675 -1.11882
vt 1.22200 -1.14331
vt 1.22909 -1.16296
vt 1.15950 -1.17614
vt 1.17675 -1.11882
vt 1.22909 -1.14790
vt 1.16415 -1.22062
vt 1.15950 -1.17614
vt 1.22909 -1.18549
vt 1.16779 -1.23004
vt 1.16415 -1.22062
vt 1.22909 -1.17820
vt 1.19664 -1.23484
vt 1.16779 -1.23004
vt 1.22909 -1.14879
vt 1.23786 -1.22281
vt 1.19664 -1.23484
vt 1.22909 -1.16427
vt 1.26545 -1.22499
vt 1.23786 -1.22281
vt 1.22909 -1.17132
vt 1.29726 -1.17870
vt 1.26545 -1.22499
vt 1.29726 -1.17870
vt 1.31408 -1.12603
vt 1.36652 -1.19906
vt 1.31408 -1.12603
vt 1.37510 -1.14188
vt 1.36652 -1.19906
vt 1.31408 -1.12603
vt 1.28970 -1.12538
vt 1.37510 -1.14188
vt 1.28970 -1.12538
vt 1.31954 -1.14679
vt 1.37510 -1.14188
vt 1.28970 -1.12538
vt 1.25787 -1.12733
vt 1.31954 -1.14679
vt 1.25787 -1.12733
vt 1.28922 -1.08041
vt 1.31954 -1.14679
vt 1.25787 -1.12733
vt 1.22200 -1.14331
vt 1.28922 -1.08041
vt 1.22200 -1.14331
vt 1.21281 -1.08720
vt 1.28922 -1.08041
vt 1.22200 -1.14331
vt 1.17675 -1.11882
vt 1.21281 -1.08720
vt 1.17675 -1.11882
vt 1.14973 -1.15491
vt 1.21281 -1.08720
vt 1.17675 -1.11882
vt 1.15950 -1.17614
vt 1.14973 -1.15491
vt 1.15950 -1.17614
vt 1.11197 -1.21430
vt 1.14973 -1.15491
vt 1.15950 -1.17614
vt 1.16415 -1.22062
vt 1.11197 -1.21430
vt 1.16415 -1.22062
vt 1.09808 -1.26536
vt 1.11197 -1.21430
vt 1.16415 -1.22062
vt 1.16779 -1.23004
vt 1.09808 -1.26536
vt 1.16779 -1.23004
vt 1.09428 -1.30516
vt 1.09808 -1.26536
vt 1.16779 -1.23004
vt 1.19664 -1.23484
vt 1.09428 -1.30516
vt 1.19664 -1.23484
vt 1.17608 -1.31871
vt 1.09428 -1.30516
vt 1.19664 -1.23484
vt 1.23786 -1.22281
vt 1.17608 -1.31871
vt 1.23786 -1.22281
vt 1.24211 -1.30438
vt 1.17608 -1.31871
vt 1.23786 -1.22281
vt 1.26545 -1.22499
vt 1.24211 -1.30438
vt 1.26545 -1.22499
vt 1.31362 -1.26202
vt 1.24211 -1.30438
vt 1.26545 -1.22499
vt 1.29726 -1.17870
vt 1.31362 -1.26202
vt 1.29726 -1.17870
vt 1.36652 -1.19906
vt 1.31362 -1.26202
vt 1.36652 -1.19906
vt 1.37510 -1.14188
vt 1.37433 -1.25702
vt 1.37510 -1.14188
vt 1.39709 -1.18557
vt 1.37433 -1.25702
vt 1.37510 -1.14188
vt 1.31954 -1.14679
vt 1.39709 -1.18557
vt 1.31954 -1.14679
vt 1.38401 -1.11298
vt 1.39709 -1.18557
vt 1.31954 -1.14679
vt 1.28922 -1.08041
vt 1.38401 -1.11298
vt 1.28922 -1.08041
vt 1.30947 -1.08520
vt 1.38401 -1.11298
vt 1.28922 -1.08041
vt 1.21281 -1.08720
vt 1.30947 -1.08520
vt 1.21281 -1.08720
vt 1.21007 -1.12361
vt 1.30947 -1.08520
vt 1.21281 -1.08720
vt 1.14973 -1.15491
vt 1.21007 -1.12361
vt 1.14973 -1.15491
vt 1.14169 -1.19964
vt 1.21007 -1.12361
vt 1.14973 -1.15491
vt 1.11197 -1.21430
vt 1.14169 -1.19964
vt 1.11197 -1.21430
vt 1.04174 -1.24394
vt 1.14169 -1.19964
vt 1.11197 -1.21430
vt 1.09808 -1.26536
vt 1.04174 -1.24394
vt 1.09808 -1.26536
vt 1.03514 -1.32598
vt 1.04174 -1.24394
vt 1.09808 -1.26536
vt 1.09428 -1.30516
vt 1.03514 -1.32598
vt 1.09428 -1.30516
vt 1.08970 -1.37447
vt 1.03514 -1.32598
vt 1.09428 -1.30516
vt 1.17608 -1.31871
vt 1.08970 -1.37447
vt 1.17608 -1.31871
vt 1.16165 -1.38988
vt 1.08970 -1.37447
vt 1.17608 -1.31871
vt 1.24211 -1.30438
vt 1.16165 -1.38988
vt 1.24211 -1.30438
vt 1.24835 -1.37898
vt 1.16165 -1.38988
vt 1.24211 -1.30438
vt 1.31362 -1.26202
vt 1.24835 -1.37898
vt 1.31362 -1.26202
vt 1.35582 -1.32848
vt 1.24835 -1.37898
vt 1.31362 -1.26202
vt 1.36652 -1.19906
vt 1.35582 -1.32848
vt 1.36652 -1.19906
vt 1.37433 -1.25702
vt 1.35582 -1.32848
vt 1.37433 -1.25702
vt 1.39709 -1.18557
vt 1.39434 -1.30214
vt 1.39709 -1.18557
vt 1.43789 -1.21687
vt 1.39434 -1.30214
vt 1.39709 -1.18557
vt 1.38401 -1.11298
vt 1.43789 -1.21687
vt 1.38401 -1.11298
vt 1.41107 -1.14383
vt 1.43789 -1.21687
vt 1.38401 -1.11298
vt 1.30947 -1.08520
vt 1.41107 -1.14383
vt 1.30947 -1.08520
vt 1.29541 -1.16949
vt 1.41107 -1.14383
vt 1.30947 -1.08520
vt 1.21007 -1.12361
vt 1.29541 -1.16949
vt 1.21007 -1.12361
vt 1.20881 -1.16653
vt 1.29541 -1.16949
vt 1.21007 -1.12361
vt 1.14169 -1.19964
vt 1.20881 -1.16653
vt 1.14169 -1.19964
vt 1.10556 -1.21687
vt 1.20881 -1.16653
vt 1.14169 -1.19964
vt 1.04174 -1.24394
vt 1.10556 -1.21687
vt 1.04174 -1.24394
vt 1.03434 -1.30214
vt 1.10556 -1.21687
vt 1.04174 -1.24394
vt 1.03514 -1.32598
vt 1.03434 -1.30214
vt 1.03514 -1.32598
vt 1.04612 -1.37687
vt 1.03434 -1.30214
vt 1.03514 -1.32598
vt 1.08970 -1.37447
vt 1.04612 -1.37687
vt 1.08970 -1.37447
vt 1.09251 -1.42096
vt 1.04612 -1.37687
vt 1.08970 -1.37447
vt 1.16165 -1.38988
vt 1.09251 -1.42096
vt 1.16165 -1.38988
vt 1.13541 -1.48949
vt 1.09251 -1.42096
vt 1.16165 -1.38988
vt 1.24835 -1.37898
vt 1.13541 -1.48949
vt 1.24835 -1.37898
vt 1.25025 -1.44366
vt 1.13541 -1.48949
vt 1.24835 -1.37898
vt 1.35582 -1.32848
vt 1.25025 -1.44366
vt 1.35582 -1.32848
vt 1.33733 -1.37687
vt 1.25025 -1.44366
vt 1.35582 -1.32848
vt 1.37433 -1.25702
vt 1.33733 -1.37687
vt 1.37433 -1.25702
vt 1.39434 -1.30214
vt 1.33733 -1.37687
vt 1.39434 -1.30214
vt 1.43789 -1.21687
vt 1.42686 -1.36358
vt 1.43789 -1.21687
vt 1.40421 -1.28061
vt 1.42686 -1.36358
vt 1.43789 -1.21687
vt 1.41107 -1.14383
vt 1.40421 -1.28061
vt 1.41107 -1.14383
vt 1.36608 -1.23106
vt 1.40421 -1.28061
vt 1.41107 -1.14383
vt 1.29541 -1.16949
vt 1.36608 -1.23106
vt 1.29541 -1.16949
vt 1.29828 -1.21212
vt 1.36608 -1.23106
vt 1.29541 -1.16949
vt 1.20881 -1.16653
vt 1.29828 -1.21212
vt 1.20881 -1.16653
vt 1.20774 -1.21697
vt 1.29828 -1.21212
vt 1.20881 -1.16653
vt 1.10556 -1.21687
vt 1.20774 -1.21697
vt 1.10556 -1.21687
vt 1.11350 -1.27812
vt 1.20774 -1.21697
vt 1.10556 -1.21687
vt 1.03434 -1.30214
vt 1.11350 -1.27812
vt 1.03434 -1.30214
vt 1.09427 -1.34403
vt 1.11350 -1.27812
vt 1.03434 -1.30214
vt 1.04612 -1.37687
vt 1.09427 -1.34403
vt 1.04612 -1.37687
vt 1.04226 -1.43178
vt 1.09427 -1.34403
vt 1.04612 -1.37687
vt 1.09251 -1.42096
vt 1.04226 -1.43178
vt 1.09251 -1.42096
vt 1.07177 -1.49423
vt 1.04226 -1.43178
vt 1.09251 -1.42096
vt 1.13541 -1.48949
vt 1.07177 -1.49423
vt 1.13541 -1.48949
vt 1.15046 -1.51436
vt 1.07177 -1.49423
vt 1.13541 -1.48949
vt 1.25025 -1.44366
vt 1.15046 -1.51436
vt 1.25025 -1.44366
vt 1.24602 -1.46107
vt 1.15046 -1.51436
vt 1.25025 -1.44366
vt 1.33733 -1.37687
vt 1.24602 -1.46107
vt 1.33733 -1.37687
vt 1.32762 -1.41771
vt 1.24602 -1.46107
vt 1.33733 -1.37687
vt 1.39434 -1.30214
vt 1.32762 -1.41771
vt 1.39434 -1.30214
vt 1.42686 -1.36358
vt 1.32762 -1.41771
vt 1.42686 -1.36358
vt 1.40421 -1.28061
vt 1.36095 -1.40104
vt 1.40421 -1.28061
vt 1.34718 -1.33530
vt 1.36095 -1.40104
vt 1.40421 -1.28061
vt 1.36608 -1.23106
vt 1.34718 -1.33530
vt 1.36608 -1.23106
vt 1.34119 -1.29963
vt 1.34718 -1.33530
vt 1.36608 -1.23106
vt 1.29828 -1.21212
vt 1.34119 -1.29963
vt 1.29828 -1.21212
vt 1.29577 -1.28130
vt 1.34119 -1.29963
vt 1.29828 -1.21212
vt 1.20774 -1.21697
vt 1.29577 -1.28130
vt 1.20774 -1.21697
vt 1.21563 -1.29983
vt 1.29577 -1.28130
vt 1.20774 -1.21697
vt 1.11350 -1.27812
vt 1.21563 -1.29983
vt 1.11350 -1.27812
vt 1.15220 -1.33863
vt 1.21563 -1.29983
vt 1.11350 -1.27812
vt 1.09427 -1.34403
vt 1.15220 -1.33863
vt 1.09427 -1.34403
vt 1.10639 -1.39416
vt 1.15220 -1.33863
vt 1.09427 -1.34403
vt 1.04226 -1.43178
vt 1.10639 -1.39416
vt 1.04226 -1.43178
vt 1.07016 -1.47658
vt 1.10639 -1.39416
vt 1.04226 -1.43178
vt 1.07177 -1.49423
vt 1.07016 -1.47658
vt 1.07177 -1.49423
vt 1.11593 -1.49648
vt 1.07016 -1.47658
vt 1.07177 -1.49423
vt 1.15046 -1.51436
vt 1.11593 -1.49648
vt 1.15046 -1.51436
vt 1.18263 -1.47344
vt 1.11593 -1.49648
vt 1.15046 -1.51436
vt 1.24602 -1.46107
vt 1.18263 -1.47344
vt 1.24602 -1.46107
vt 1.24493 -1.51126
vt 1.18263 -1.47344
vt 1.24602 -1.46107
vt 1.32762 -1.41771
vt 1.24493 -1.51126
vt 1.32762 -1.41771
vt 1.31608 -1.46355
vt 1.24493 -1.51126
vt 1.32762 -1.41771
vt 1.42686 -1.36358
vt 1.31608 -1.46355
vt 1.42686 -1.36358
vt 1.36095 -1.40104
vt 1.31608 -1.46355
vt 1.36095 -1.40104
vt 1.34718 -1.33530
vt 1.28825 -1.40927
vt 1.34718 -1.33530
vt 1.31285 -1.40730
vt 1.28825 -1.40927
vt 1.34718 -1.33530
vt 1.34119 -1.29963
vt 1.31285 -1.40730
vt 1.34119 -1.29963
vt 1.29278 -1.37706
vt 1.31285 -1.40730
vt 1.34119 -1.29963
vt 1.29577 -1.28130
vt 1.29278 -1.37706
vt 1.29577 -1.28130
vt 1.25979 -1.36581
vt 1.29278 -1.37706
vt 1.29577 -1.28130
vt 1.21563 -1.29983
vt 1.25979 -1.36581
vt 1.21563 -1.29983
vt 1.22240 -1.36259
vt 1.25979 -1.36581
vt 1.21563 -1.29983
vt 1.15220 -1.33863
vt 1.22240 -1.36259
vt 1.15220 -1.33863
vt 1.18159 -1.40294
vt 1.22240 -1.36259
vt 1.15220 -1.33863
vt 1.10639 -1.39416
vt 1.18159 -1.40294
vt 1.10639 -1.39416
vt 1.15049 -1.44446
vt 1.18159 -1.40294
vt 1.10639 -1.39416
vt 1.07016 -1.47658
vt 1.15049 -1.44446
vt 1.07016 -1.47658
vt 1.16293 -1.43923
vt 1.15049 -1.44446
vt 1.07016 -1.47658
vt 1.11593 -1.49648
vt 1.16293 -1.43923
vt 1.11593 -1.49648
vt 1.17087 -1.47191
vt 1.16293 -1.43923
vt 1.11593 -1.49648
vt 1.18263 -1.47344
vt 1.17087 -1.47191
vt 1.18263 -1.47344
vt 1.19856 -1.48758
vt 1.17087 -1.47191
vt 1.18263 -1.47344
vt 1.24493 -1.51126
vt 1.19856 -1.48758
vt 1.24493 -1.51126
vt 1.23826 -1.50778
vt 1.19856 -1.48758
vt 1.24493 -1.51126
vt 1.31608 -1.46355
vt 1.23826 -1.50778
vt 1.31608 -1.46355
vt 1.27028 -1.44644
vt 1.23826 -1.50778
vt 1.31608 -1.46355
vt 1.36095 -1.40104
vt 1.27028 -1.44644
vt 1.36095 -1.40104
vt 1.28825 -1.40927
vt 1.27028 -1.44644
vt 1.28825 -1.40927
vt 1.31285 -1.40730
vt 1.22909 -1.44132
vt 1.31285 -1.40730
vt 1.29278 -1.37706
vt 1.22909 -1.45638
vt 1.29278 -1.37706
vt 1.25979 -1.36581
vt 1.22909 -1.41879
vt 1.25979 -1.36581
vt 1.22240 -1.36259
vt 1.22909 -1.42608
vt 1.22240 -1.36259
vt 1.18159 -1.40294
vt 1.22909 -1.45549
vt 1.18159 -1.40294
vt 1.15049 -1.44446
vt 1.22909 -1.44002
vt 1.15049 -1.44446
vt 1.16293 -1.43923
vt 1.22909 -1.43296
vt 1.16293 -1.43923
vt 1.17087 -1.47191
vt 1.22909 -1.41790
vt 1.17087 -1.47191
vt 1.19856 -1.48758
vt 1.22909 -1.45549
vt 1.19856 -1.48758
vt 1.23826 -1.50778
vt 1.22909 -1.44820
vt 1.23826 -1.50778
vt 1.27028 -1.44644
vt 1.22909 -1.41879
vt 1.27028 -1.44644
vt 1.28825 -1.40927
vt 1.22909 -1.43427
vt 0.83844 -1.44024
vt 0.91366 -1.42769
vt 0.91811 -1.43929
vt 0.83844 -1.43784
vt 0.88888 -1.43647
vt 0.91366 -1.42769
vt 0.83844 -1.46505
vt 0.87121 -1.38451
vt 0.88888 -1.43647
vt 0.83844 -1.45927
vt 0.83003 -1.39506
vt 0.87121 -1.38451
vt 0.83844 -1.42388
vt 0.79189 -1.42049
vt 0.83003 -1.39506
vt 0.83844 -1.45202
vt 0.78035 -1.47837
vt 0.79189 -1.42049
vt 0.83844 -1.45687
vt 0.76373 -1.48977
vt 0.78035 -1.47837
vt 0.83844 -1.45927
vt 0.76697 -1.49949
vt 0.76373 -1.48977
vt 0.83844 -1.43206
vt 0.80998 -1.52453
vt 0.76697 -1.49949
vt 0.83844 -1.43784
vt 0.84589 -1.51619
vt 0.80998 -1.52453
vt 0.83844 -1.47324
vt 0.88058 -1.49413
vt 0.84589 -1.51619
vt 0.83844 -1.44510
vt 0.91811 -1.43929
vt 0.88058 -1.49413
vt 0.91811 -1.43929
vt 0.91366 -1.42769
vt 0.95242 -1.49807
vt 0.91366 -1.42769
vt 0.97000 -1.43916
vt 0.95242 -1.49807
vt 0.91366 -1.42769
vt 0.88888 -1.43647
vt 0.97000 -1.43916
vt 0.88888 -1.43647
vt 0.94965 -1.39255
vt 0.97000 -1.43916
vt 0.88888 -1.43647
vt 0.87121 -1.38451
vt 0.94965 -1.39255
vt 0.87121 -1.38451
vt 0.90447 -1.34007
vt 0.94965 -1.39255
vt 0.87121 -1.38451
vt 0.83003 -1.39506
vt 0.90447 -1.34007
vt 0.83003 -1.39506
vt 0.82486 -1.40427
vt 0.90447 -1.34007
vt 0.83003 -1.39506
vt 0.79189 -1.42049
vt 0.82486 -1.40427
vt 0.79189 -1.42049
vt 0.76763 -1.45219
vt 0.82486 -1.40427
vt 0.79189 -1.42049
vt 0.78035 -1.47837
vt 0.76763 -1.45219
vt 0.78035 -1.47837
vt 0.69786 -1.47812
vt 0.76763 -1.45219
vt 0.78035 -1.47837
vt 0.76373 -1.48977
vt 0.69786 -1.47812
vt 0.76373 -1.48977
vt 0.69298 -1.54271
vt 0.69786 -1.47812
vt 0.76373 -1.48977
vt 0.76697 -1.49949
vt 0.69298 -1.54271
vt 0.76697 -1.49949
vt 0.72439 -1.58611
vt 0.69298 -1.54271
vt 0.76697 -1.49949
vt 0.80998 -1.52453
vt 0.72439 -1.58611
vt 0.80998 -1.52453
vt 0.79133 -1.59828
vt 0.72439 -1.58611
vt 0.80998 -1.52453
vt 0.84589 -1.51619
vt 0.79133 -1.59828
vt 0.84589 -1.51619
vt 0.85416 -1.58626
vt 0.79133 -1.59828
vt 0.84589 -1.51619
vt 0.88058 -1.49413
vt 0.85416 -1.58626
vt 0.88058 -1.49413
vt 0.93152 -1.53938
vt 0.85416 -1.58626
vt 0.88058 -1.49413
vt 0.91811 -1.43929
vt 0.93152 -1.53938
vt 0.91811 -1.43929
vt 0.95242 -1.49807
vt 0.93152 -1.53938
vt 0.95242 -1.49807
vt 0.97000 -1.43916
vt 0.97939 -1.53977
vt 0.97000 -1.43916
vt 1.04448 -1.44059
vt 0.97939 -1.53977
vt 0.97000 -1.43916
vt 0.94965 -1.39255
vt 1.04448 -1.44059
vt 0.94965 -1.39255
vt 0.99717 -1.38975
vt 1.04448 -1.44059
vt 0.94965 -1.39255
vt 0.90447 -1.34007
vt 0.99717 -1.38975
vt 0.90447 -1.34007
vt 0.90328 -1.40855
vt 0.99717 -1.38975
vt 0.90447 -1.34007
vt 0.82486 -1.40427
vt 0.90328 -1.40855
vt 0.82486 -1.40427
vt 0.81992 -1.40967
vt 0.90328 -1.40855
vt 0.82486 -1.40427
vt 0.76763 -1.45219
vt 0.81992 -1.40967
vt 0.76763 -1.45219
vt 0.72854 -1.45466
vt 0.81992 -1.40967
vt 0.76763 -1.45219
vt 0.69786 -1.47812
vt 0.72854 -1.45466
vt 0.69786 -1.47812
vt 0.64679 -1.52402
vt 0.72854 -1.45466
vt 0.69786 -1.47812
vt 0.69298 -1.54271
vt 0.64679 -1.52402
vt 0.69298 -1.54271
vt 0.68253 -1.60272
vt 0.64679 -1.52402
vt 0.69298 -1.54271
vt 0.72439 -1.58611
vt 0.68253 -1.60272
vt 0.72439 -1.58611
vt 0.70285 -1.65391
vt 0.68253 -1.60272
vt 0.72439 -1.58611
vt 0.79133 -1.59828
vt 0.70285 -1.65391
vt 0.79133 -1.59828
vt 0.75546 -1.69151
vt 0.70285 -1.65391
vt 0.79133 -1.59828
vt 0.85416 -1.58626
vt 0.75546 -1.69151
vt 0.85416 -1.58626
vt 0.85820 -1.66237
vt 0.75546 -1.69151
vt 0.85416 -1.58626
vt 0.93152 -1.53938
vt 0.85820 -1.66237
vt 0.93152 -1.53938
vt 0.94267 -1.60522
vt 0.85820 -1.66237
vt 0.93152 -1.53938
vt 0.95242 -1.49807
vt 0.94267 -1.60522
vt 0.95242 -1.49807
vt 0.97939 -1.53977
vt 0.94267 -1.60522
vt 0.97939 -1.53977
vt 1.04448 -1.44059
vt 1.04043 -1.58356
vt 1.04448 -1.44059
vt 1.03616 -1.50281
vt 1.04043 -1.58356
vt 1.04448 -1.44059
vt 0.99717 -1.38975
vt 1.03616 -1.50281
vt 0.99717 -1.38975
vt 0.98792 -1.45352
vt 1.03616 -1.50281
vt 0.99717 -1.38975
vt 0.90328 -1.40855
vt 0.98792 -1.45352
vt 0.90328 -1.40855
vt 0.90929 -1.44186
vt 0.98792 -1.45352
vt 0.90328 -1.40855
vt 0.81992 -1.40967
vt 0.90929 -1.44186
vt 0.81992 -1.40967
vt 0.81393 -1.41966
vt 0.90929 -1.44186
vt 0.81992 -1.40967
vt 0.72854 -1.45466
vt 0.81393 -1.41966
vt 0.72854 -1.45466
vt 0.72147 -1.50281
vt 0.81393 -1.41966
vt 0.72854 -1.45466
vt 0.64679 -1.52402
vt 0.72147 -1.50281
vt 0.64679 -1.52402
vt 0.68043 -1.58356
vt 0.72147 -1.50281
vt 0.64679 -1.52402
vt 0.68253 -1.60272
vt 0.68043 -1.58356
vt 0.68253 -1.60272
vt 0.64439 -1.66281
vt 0.68043 -1.58356
vt 0.68253 -1.60272
vt 0.70285 -1.65391
vt 0.64439 -1.66281
vt 0.70285 -1.65391
vt 0.66935 -1.73065
vt 0.64439 -1.66281
vt 0.70285 -1.65391
vt 0.75546 -1.69151
vt 0.66935 -1.73065
vt 0.75546 -1.69151
vt 0.74929 -1.76186
vt 0.66935 -1.73065
vt 0.75546 -1.69151
vt 0.85820 -1.66237
vt 0.74929 -1.76186
vt 0.85820 -1.66237
vt 0.85537 -1.69679
vt 0.74929 -1.76186
vt 0.85820 -1.66237
vt 0.94267 -1.60522
vt 0.85537 -1.69679
vt 0.94267 -1.60522
vt 0.95324 -1.66281
vt 0.85537 -1.69679
vt 0.94267 -1.60522
vt 0.97939 -1.53977
vt 0.95324 -1.66281
vt 0.97939 -1.53977
vt 1.04043 -1.58356
vt 0.95324 -1.66281
vt 1.04043 -1.58356
vt 1.03616 -1.50281
vt 1.01454 -1.63826
vt 1.03616 -1.50281
vt 0.98335 -1.56574
vt 1.01454 -1.63826
vt 1.03616 -1.50281
vt 0.98792 -1.45352
vt 0.98335 -1.56574
vt 0.98792 -1.45352
vt 0.99462 -1.50252
vt 0.98335 -1.56574
vt 0.98792 -1.45352
vt 0.90929 -1.44186
vt 0.99462 -1.50252
vt 0.90929 -1.44186
vt 0.91997 -1.47749
vt 0.99462 -1.50252
vt 0.90929 -1.44186
vt 0.81393 -1.41966
vt 0.91997 -1.47749
vt 0.81393 -1.41966
vt 0.81958 -1.50834
vt 0.91997 -1.47749
vt 0.81393 -1.41966
vt 0.72147 -1.50281
vt 0.81958 -1.50834
vt 0.72147 -1.50281
vt 0.74072 -1.56325
vt 0.81958 -1.50834
vt 0.72147 -1.50281
vt 0.68043 -1.58356
vt 0.74072 -1.56325
vt 0.68043 -1.58356
vt 0.68194 -1.63218
vt 0.74072 -1.56325
vt 0.68043 -1.58356
vt 0.64439 -1.66281
vt 0.68194 -1.63218
vt 0.64439 -1.66281
vt 0.62140 -1.73415
vt 0.68194 -1.63218
vt 0.64439 -1.66281
vt 0.66935 -1.73065
vt 0.62140 -1.73415
vt 0.66935 -1.73065
vt 0.70030 -1.75222
vt 0.62140 -1.73415
vt 0.66935 -1.73065
vt 0.74929 -1.76186
vt 0.70030 -1.75222
vt 0.74929 -1.76186
vt 0.77215 -1.76248
vt 0.70030 -1.75222
vt 0.74929 -1.76186
vt 0.85537 -1.69679
vt 0.77215 -1.76248
vt 0.85537 -1.69679
vt 0.85787 -1.76591
vt 0.77215 -1.76248
vt 0.85537 -1.69679
vt 0.95324 -1.66281
vt 0.85787 -1.76591
vt 0.95324 -1.66281
vt 0.95485 -1.72009
vt 0.85787 -1.76591
vt 0.95324 -1.66281
vt 1.04043 -1.58356
vt 0.95485 -1.72009
vt 1.04043 -1.58356
vt 1.01454 -1.63826
vt 0.95485 -1.72009
vt 1.01454 -1.63826
vt 0.98335 -1.56574
vt 0.95703 -1.67250
vt 0.98335 -1.56574
vt 0.98206 -1.62388
vt 0.95703 -1.67250
vt 0.98335 -1.56574
vt 0.99462 -1.50252
vt 0.98206 -1.62388
vt 0.99462 -1.50252
vt 0.96229 -1.58079
vt 0.98206 -1.62388
vt 0.99462 -1.50252
vt 0.91997 -1.47749
vt 0.96229 -1.58079
vt 0.91997 -1.47749
vt 0.89470 -1.56598
vt 0.96229 -1.58079
vt 0.91997 -1.47749
vt 0.81958 -1.50834
vt 0.89470 -1.56598
vt 0.81958 -1.50834
vt 0.82651 -1.58150
vt 0.89470 -1.56598
vt 0.81958 -1.50834
vt 0.74072 -1.56325
vt 0.82651 -1.58150
vt 0.74072 -1.56325
vt 0.74645 -1.62722
vt 0.82651 -1.58150
vt 0.74072 -1.56325
vt 0.68194 -1.63218
vt 0.74645 -1.62722
vt 0.68194 -1.63218
vt 0.70247 -1.68553
vt 0.74645 -1.62722
vt 0.68194 -1.63218
vt 0.62140 -1.73415
vt 0.70247 -1.68553
vt 0.62140 -1.73415
vt 0.70504 -1.72997
vt 0.70247 -1.68553
vt 0.62140 -1.73415
vt 0.70030 -1.75222
vt 0.70504 -1.72997
vt 0.70030 -1.75222
vt 0.73704 -1.75772
vt 0.70504 -1.72997
vt 0.70030 -1.75222
vt 0.77215 -1.76248
vt 0.73704 -1.75772
vt 0.77215 -1.76248
vt 0.78156 -1.79331
vt 0.73704 -1.75772
vt 0.77215 -1.76248
vt 0.85787 -1.76591
vt 0.78156 -1.79331
vt 0.85787 -1.76591
vt 0.85581 -1.81286
vt 0.78156 -1.79331
vt 0.85787 -1.76591
vt 0.95485 -1.72009
vt 0.85581 -1.81286
vt 0.95485 -1.72009
vt 0.91033 -1.71694
vt 0.85581 -1.81286
vt 0.95485 -1.72009
vt 1.01454 -1.63826
vt 0.91033 -1.71694
vt 1.01454 -1.63826
vt 0.95703 -1.67250
vt 0.91033 -1.71694
vt 0.95703 -1.67250
vt 0.98206 -1.62388
vt 0.91208 -1.71690
vt 0.98206 -1.62388
vt 0.92414 -1.69115
vt 0.91208 -1.71690
vt 0.98206 -1.62388
vt 0.96229 -1.58079
vt 0.92414 -1.69115
vt 0.96229 -1.58079
vt 0.88932 -1.64340
vt 0.92414 -1.69115
vt 0.96229 -1.58079
vt 0.89470 -1.56598
vt 0.88932 -1.64340
vt 0.89470 -1.56598
vt 0.86835 -1.64559
vt 0.88932 -1.64340
vt 0.89470 -1.56598
vt 0.82651 -1.58150
vt 0.86835 -1.64559
vt 0.82651 -1.58150
vt 0.83009 -1.65908
vt 0.86835 -1.64559
vt 0.82651 -1.58150
vt 0.74645 -1.62722
vt 0.83009 -1.65908
vt 0.74645 -1.62722
vt 0.78980 -1.68678
vt 0.83009 -1.65908
vt 0.74645 -1.62722
vt 0.70247 -1.68553
vt 0.78980 -1.68678
vt 0.70247 -1.68553
vt 0.77432 -1.69966
vt 0.78980 -1.68678
vt 0.70247 -1.68553
vt 0.70504 -1.72997
vt 0.77432 -1.69966
vt 0.70504 -1.72997
vt 0.77422 -1.71664
vt 0.77432 -1.69966
vt 0.70504 -1.72997
vt 0.73704 -1.75772
vt 0.77422 -1.71664
vt 0.73704 -1.75772
vt 0.76741 -1.79069
vt 0.77422 -1.71664
vt 0.73704 -1.75772
vt 0.78156 -1.79331
vt 0.76741 -1.79069
vt 0.78156 -1.79331
vt 0.80712 -1.77380
vt 0.76741 -1.79069
vt 0.78156 -1.79331
vt 0.85581 -1.81286
vt 0.80712 -1.77380
vt 0.85581 -1.81286
vt 0.84595 -1.75183
vt 0.80712 -1.77380
vt 0.85581 -1.81286
vt 0.91033 -1.71694
vt 0.84595 -1.75183
vt 0.91033 -1.71694
vt 0.87849 -1.72384
vt 0.84595 -1.75183
vt 0.91033 -1.71694
vt 0.95703 -1.67250
vt 0.87849 -1.72384
vt 0.95703 -1.67250
vt 0.91208 -1.71690
vt 0.87849 -1.72384
vt 0.91208 -1.71690
vt 0.92414 -1.69115
vt 0.83844 -1.71510
vt 0.92414 -1.69115
vt 0.88932 -1.64340
vt 0.83844 -1.71024
vt 0.88932 -1.64340
vt 0.86835 -1.64559
vt 0.83844 -1.70784
vt 0.86835 -1.64559
vt 0.83009 -1.65908
vt 0.83844 -1.73505
vt 0.83009 -1.65908
vt 0.78980 -1.68678
vt 0.83844 -1.72927
vt 0.78980 -1.68678
vt 0.77432 -1.69966
vt 0.83844 -1.69388
vt 0.77432 -1.69966
vt 0.77422 -1.71664
vt 0.83844 -1.72202
vt 0.77422 -1.71664
vt 0.76741 -1.79069
vt 0.83844 -1.72687
vt 0.76741 -1.79069
vt 0.80712 -1.77380
vt 0.83844 -1.72927
vt 0.80712 -1.77380
vt 0.84595 -1.75183
vt 0.83844 -1.70206
vt 0.84595 -1.75183
vt 0.87849 -1.72384
vt 0.83844 -1.70784
vt 0.87849 -1.72384
vt 0.91208 -1.71690
vt 0.83844 -1.74324
vt 0.91716 -1.10498
vt 1.00232 -1.05229
vt 0.98984 -1.09718
vt 0.91716 -1.07175
vt 0.97380 -1.06361
vt 1.00232 -1.05229
vt 0.91716 -1.09073
vt 0.94587 -1.05438
vt 0.97380 -1.06361
vt 0.91716 -1.11577
vt 0.90956 -1.05833
vt 0.94587 -1.05438
vt 0.91716 -1.08861
vt 0.86473 -1.04509
vt 0.90956 -1.05833
vt 0.91716 -1.08593
vt 0.85207 -1.11090
vt 0.86473 -1.04509
vt 0.91716 -1.08255
vt 0.85240 -1.14746
vt 0.85207 -1.11090
vt 0.91716 -1.11577
vt 0.85189 -1.15199
vt 0.85240 -1.14746
vt 0.91716 -1.09680
vt 0.88464 -1.16132
vt 0.85189 -1.15199
vt 0.91716 -1.07175
vt 0.92542 -1.15411
vt 0.88464 -1.16132
vt 0.91716 -1.09891
vt 0.95342 -1.15182
vt 0.92542 -1.15411
vt 0.91716 -1.10160
vt 0.98984 -1.09718
vt 0.95342 -1.15182
vt 0.98984 -1.09718
vt 1.00232 -1.05229
vt 1.05169 -1.12787
vt 1.00232 -1.05229
vt 1.05470 -1.07781
vt 1.05169 -1.12787
vt 1.00232 -1.05229
vt 0.97380 -1.06361
vt 1.05470 -1.07781
vt 0.97380 -1.06361
vt 1.01019 -1.06899
vt 1.05470 -1.07781
vt 0.97380 -1.06361
vt 0.94587 -1.05438
vt 1.01019 -1.06899
vt 0.94587 -1.05438
vt 0.98075 -0.99427
vt 1.01019 -1.06899
vt 0.94587 -1.05438
vt 0.90956 -1.05833
vt 0.98075 -0.99427
vt 0.90956 -1.05833
vt 0.90122 -1.01824
vt 0.98075 -0.99427
vt 0.90956 -1.05833
vt 0.86473 -1.04509
vt 0.90122 -1.01824
vt 0.86473 -1.04509
vt 0.84282 -1.09084
vt 0.90122 -1.01824
vt 0.86473 -1.04509
vt 0.85207 -1.11090
vt 0.84282 -1.09084
vt 0.85207 -1.11090
vt 0.79713 -1.13874
vt 0.84282 -1.09084
vt 0.85207 -1.11090
vt 0.85240 -1.14746
vt 0.79713 -1.13874
vt 0.85240 -1.14746
vt 0.77768 -1.18960
vt 0.79713 -1.13874
vt 0.85240 -1.14746
vt 0.85189 -1.15199
vt 0.77768 -1.18960
vt 0.85189 -1.15199
vt 0.78493 -1.23172
vt 0.77768 -1.18960
vt 0.85189 -1.15199
vt 0.88464 -1.16132
vt 0.78493 -1.23172
vt 0.88464 -1.16132
vt 0.86762 -1.24425
vt 0.78493 -1.23172
vt 0.88464 -1.16132
vt 0.92542 -1.15411
vt 0.86762 -1.24425
vt 0.92542 -1.15411
vt 0.93052 -1.23106
vt 0.86762 -1.24425
vt 0.92542 -1.15411
vt 0.95342 -1.15182
vt 0.93052 -1.23106
vt 0.95342 -1.15182
vt 1.00671 -1.18627
vt 0.93052 -1.23106
vt 0.95342 -1.15182
vt 0.98984 -1.09718
vt 1.00671 -1.18627
vt 0.98984 -1.09718
vt 1.05169 -1.12787
vt 1.00671 -1.18627
vt 1.05169 -1.12787
vt 1.05470 -1.07781
vt 1.05446 -1.18611
vt 1.05470 -1.07781
vt 1.09322 -1.10660
vt 1.05446 -1.18611
vt 1.05470 -1.07781
vt 1.01019 -1.06899
vt 1.09322 -1.10660
vt 1.01019 -1.06899
vt 1.07912 -1.03102
vt 1.09322 -1.10660
vt 1.01019 -1.06899
vt 0.98075 -0.99427
vt 1.07912 -1.03102
vt 0.98075 -0.99427
vt 0.99425 -1.02071
vt 1.07912 -1.03102
vt 0.98075 -0.99427
vt 0.90122 -1.01824
vt 0.99425 -1.02071
vt 0.90122 -1.01824
vt 0.89906 -1.05882
vt 0.99425 -1.02071
vt 0.90122 -1.01824
vt 0.84282 -1.09084
vt 0.89906 -1.05882
vt 0.84282 -1.09084
vt 0.82500 -1.12067
vt 0.89906 -1.05882
vt 0.84282 -1.09084
vt 0.79713 -1.13874
vt 0.82500 -1.12067
vt 0.79713 -1.13874
vt 0.72187 -1.16809
vt 0.82500 -1.12067
vt 0.79713 -1.13874
vt 0.77768 -1.18960
vt 0.72187 -1.16809
vt 0.77768 -1.18960
vt 0.73128 -1.25162
vt 0.72187 -1.16809
vt 0.77768 -1.18960
vt 0.78493 -1.23172
vt 0.73128 -1.25162
vt 0.78493 -1.23172
vt 0.78480 -1.29744
vt 0.73128 -1.25162
vt 0.78493 -1.23172
vt 0.86762 -1.24425
vt 0.78480 -1.29744
vt 0.86762 -1.24425
vt 0.84643 -1.32079
vt 0.78480 -1.29744
vt 0.86762 -1.24425
vt 0.93052 -1.23106
vt 0.84643 -1.32079
vt 0.93052 -1.23106
vt 0.93734 -1.30925
vt 0.84643 -1.32079
vt 0.93052 -1.23106
vt 1.00671 -1.18627
vt 0.93734 -1.30925
vt 1.00671 -1.18627
vt 1.03913 -1.25411
vt 0.93734 -1.30925
vt 1.00671 -1.18627
vt 1.05169 -1.12787
vt 1.03913 -1.25411
vt 1.05169 -1.12787
vt 1.05446 -1.18611
vt 1.03913 -1.25411
vt 1.05446 -1.18611
vt 1.09322 -1.10660
vt 1.09312 -1.22876
vt 1.09322 -1.10660
vt 1.13127 -1.14132
vt 1.09312 -1.22876
vt 1.09322 -1.10660
vt 1.07912 -1.03102
vt 1.13127 -1.14132
vt 1.07912 -1.03102
vt 1.08968 -1.07869
vt 1.13127 -1.14132
vt 1.07912 -1.03102
vt 0.99425 -1.02071
vt 1.08968 -1.07869
vt 0.99425 -1.02071
vt 0.98132 -1.10045
vt 1.08968 -1.07869
vt 0.99425 -1.02071
vt 0.89906 -1.05882
vt 0.98132 -1.10045
vt 0.89906 -1.05882
vt 0.89565 -1.08491
vt 0.98132 -1.10045
vt 0.89906 -1.05882
vt 0.82500 -1.12067
vt 0.89565 -1.08491
vt 0.82500 -1.12067
vt 0.79050 -1.14132
vt 0.89565 -1.08491
vt 0.82500 -1.12067
vt 0.72187 -1.16809
vt 0.79050 -1.14132
vt 0.72187 -1.16809
vt 0.73312 -1.22876
vt 0.79050 -1.14132
vt 0.72187 -1.16809
vt 0.73128 -1.25162
vt 0.73312 -1.22876
vt 0.73128 -1.25162
vt 0.73950 -1.30132
vt 0.73312 -1.22876
vt 0.73128 -1.25162
vt 0.78480 -1.29744
vt 0.73950 -1.30132
vt 0.78480 -1.29744
vt 0.77112 -1.35581
vt 0.73950 -1.30132
vt 0.78480 -1.29744
vt 0.84643 -1.32079
vt 0.77112 -1.35581
vt 0.84643 -1.32079
vt 0.82132 -1.42045
vt 0.77112 -1.35581
vt 0.84643 -1.32079
vt 0.93734 -1.30925
vt 0.82132 -1.42045
vt 0.93734 -1.30925
vt 0.93709 -1.36204
vt 0.82132 -1.42045
vt 0.93734 -1.30925
vt 1.03913 -1.25411
vt 0.93709 -1.36204
vt 1.03913 -1.25411
vt 1.02227 -1.30132
vt 0.93709 -1.36204
vt 1.03913 -1.25411
vt 1.05446 -1.18611
vt 1.02227 -1.30132
vt 1.05446 -1.18611
vt 1.09312 -1.22876
vt 1.02227 -1.30132
vt 1.09312 -1.22876
vt 1.13127 -1.14132
vt 1.11532 -1.29032
vt 1.13127 -1.14132
vt 1.08047 -1.20869
vt 1.11532 -1.29032
vt 1.13127 -1.14132
vt 1.08968 -1.07869
vt 1.08047 -1.20869
vt 1.08968 -1.07869
vt 1.05382 -1.15786
vt 1.08047 -1.20869
vt 1.08968 -1.07869
vt 0.98132 -1.10045
vt 1.05382 -1.15786
vt 0.98132 -1.10045
vt 0.99118 -1.13247
vt 1.05382 -1.15786
vt 0.98132 -1.10045
vt 0.89565 -1.08491
vt 0.99118 -1.13247
vt 0.89565 -1.08491
vt 0.89577 -1.14342
vt 0.99118 -1.13247
vt 0.89565 -1.08491
vt 0.79050 -1.14132
vt 0.89577 -1.14342
vt 0.79050 -1.14132
vt 0.80856 -1.20620
vt 0.89577 -1.14342
vt 0.79050 -1.14132
vt 0.73312 -1.22876
vt 0.80856 -1.20620
vt 0.73312 -1.22876
vt 0.78272 -1.27053
vt 0.80856 -1.20620
vt 0.73312 -1.22876
vt 0.73950 -1.30132
vt 0.78272 -1.27053
vt 0.73950 -1.30132
vt 0.71852 -1.36660
vt 0.78272 -1.27053
vt 0.73950 -1.30132
vt 0.77112 -1.35581
vt 0.71852 -1.36660
vt 0.77112 -1.35581
vt 0.75950 -1.42126
vt 0.71852 -1.36660
vt 0.77112 -1.35581
vt 0.82132 -1.42045
vt 0.75950 -1.42126
vt 0.82132 -1.42045
vt 0.84336 -1.42796
vt 0.75950 -1.42126
vt 0.82132 -1.42045
vt 0.93709 -1.36204
vt 0.84336 -1.42796
vt 0.93709 -1.36204
vt 0.93405 -1.38728
vt 0.84336 -1.42796
vt 0.93709 -1.36204
vt 1.02227 -1.30132
vt 0.93405 -1.38728
vt 1.02227 -1.30132
vt 1.02269 -1.35253
vt 0.93405 -1.38728
vt 1.02227 -1.30132
vt 1.09312 -1.22876
vt 1.02269 -1.35253
vt 1.09312 -1.22876
vt 1.11532 -1.29032
vt 1.02269 -1.35253
vt 1.11532 -1.29032
vt 1.08047 -1.20869
vt 1.04124 -1.32182
vt 1.08047 -1.20869
vt 1.03842 -1.26281
vt 1.04124 -1.32182
vt 1.08047 -1.20869
vt 1.05382 -1.15786
vt 1.03842 -1.26281
vt 1.05382 -1.15786
vt 1.03616 -1.22610
vt 1.03842 -1.26281
vt 1.05382 -1.15786
vt 0.99118 -1.13247
vt 1.03616 -1.22610
vt 0.99118 -1.13247
vt 0.98255 -1.20833
vt 1.03616 -1.22610
vt 0.99118 -1.13247
vt 0.89577 -1.14342
vt 0.98255 -1.20833
vt 0.89577 -1.14342
vt 0.90460 -1.22660
vt 0.98255 -1.20833
vt 0.89577 -1.14342
vt 0.80856 -1.20620
vt 0.90460 -1.22660
vt 0.80856 -1.20620
vt 0.83840 -1.26615
vt 0.90460 -1.22660
vt 0.80856 -1.20620
vt 0.78272 -1.27053
vt 0.83840 -1.26615
vt 0.78272 -1.27053
vt 0.78668 -1.32662
vt 0.83840 -1.26615
vt 0.78272 -1.27053
vt 0.71852 -1.36660
vt 0.78668 -1.32662
vt 0.71852 -1.36660
vt 0.76140 -1.39973
vt 0.78668 -1.32662
vt 0.71852 -1.36660
vt 0.75950 -1.42126
vt 0.76140 -1.39973
vt 0.75950 -1.42126
vt 0.81090 -1.41127
vt 0.76140 -1.39973
vt 0.75950 -1.42126
vt 0.84336 -1.42796
vt 0.81090 -1.41127
vt 0.84336 -1.42796
vt 0.86942 -1.40483
vt 0.81090 -1.41127
vt 0.84336 -1.42796
vt 0.93405 -1.38728
vt 0.86942 -1.40483
vt 0.93405 -1.38728
vt 0.93390 -1.44972
vt 0.86942 -1.40483
vt 0.93405 -1.38728
vt 1.02269 -1.35253
vt 0.93390 -1.44972
vt 1.02269 -1.35253
vt 1.00229 -1.38669
vt 0.93390 -1.44972
vt 1.02269 -1.35253
vt 1.11532 -1.29032
vt 1.00229 -1.38669
vt 1.11532 -1.29032
vt 1.04124 -1.32182
vt 1.00229 -1.38669
vt 1.04124 -1.32182
vt 1.03842 -1.26281
vt 0.97940 -1.34145
vt 1.03842 -1.26281
vt 1.00451 -1.33842
vt 0.97940 -1.34145
vt 1.03842 -1.26281
vt 1.03616 -1.22610
vt 1.00451 -1.33842
vt 1.03616 -1.22610
vt 0.97814 -1.30049
vt 1.00451 -1.33842
vt 1.03616 -1.22610
vt 0.98255 -1.20833
vt 0.97814 -1.30049
vt 0.98255 -1.20833
vt 0.94640 -1.28940
vt 0.97814 -1.30049
vt 0.98255 -1.20833
vt 0.90460 -1.22660
vt 0.94640 -1.28940
vt 0.90460 -1.22660
vt 0.91013 -1.29240
vt 0.94640 -1.28940
vt 0.90460 -1.22660
vt 0.83840 -1.26615
vt 0.91013 -1.29240
vt 0.83840 -1.26615
vt 0.86755 -1.33406
vt 0.91013 -1.29240
vt 0.83840 -1.26615
vt 0.78668 -1.32662
vt 0.86755 -1.33406
vt 0.78668 -1.32662
vt 0.84163 -1.36553
vt 0.86755 -1.33406
vt 0.78668 -1.32662
vt 0.76140 -1.39973
vt 0.84163 -1.36553
vt 0.76140 -1.39973
vt 0.85459 -1.35844
vt 0.84163 -1.36553
vt 0.76140 -1.39973
vt 0.81090 -1.41127
vt 0.85459 -1.35844
vt 0.81090 -1.41127
vt 0.85623 -1.40645
vt 0.85459 -1.35844
vt 0.81090 -1.41127
vt 0.86942 -1.40483
vt 0.85623 -1.40645
vt 0.86942 -1.40483
vt 0.88517 -1.42309
vt 0.85623 -1.40645
vt 0.86942 -1.40483
vt 0.93390 -1.44972
vt 0.88517 -1.42309
vt 0.93390 -1.44972
vt 0.92598 -1.42649
vt 0.88517 -1.42309
vt 0.93390 -1.44972
vt 1.00229 -1.38669
vt 0.92598 -1.42649
vt 1.00229 -1.38669
vt 0.95624 -1.36564
vt 0.92598 -1.42649
vt 1.00229 -1.38669
vt 1.04124 -1.32182
vt 0.95624 -1.36564
vt 1.04124 -1.32182
vt 0.97940 -1.34145
vt 0.95624 -1.36564
vt 0.97940 -1.34145
vt 1.00451 -1.33842
vt 0.91716 -1.37160
vt 1.00451 -1.33842
vt 0.97814 -1.30049
vt 0.91716 -1.37498
vt 0.97814 -1.30049
vt 0.94640 -1.28940
vt 0.91716 -1.34175
vt 0.94640 -1.28940
vt 0.91013 -1.29240
vt 0.91716 -1.36073
vt 0.91013 -1.29240
vt 0.86755 -1.33406
vt 0.91716 -1.38577
vt 0.86755 -1.33406
vt 0.84163 -1.36553
vt 0.91716 -1.35861
vt 0.84163 -1.36553
vt 0.85459 -1.35844
vt 0.91716 -1.35593
vt 0.85459 -1.35844
vt 0.85623 -1.40645
vt 0.91716 -1.35255
vt 0.85623 -1.40645
vt 0.88517 -1.42309
vt 0.91716 -1.38577
vt 0.88517 -1.42309
vt 0.92598 -1.42649
vt 0.91716 -1.36680
vt 0.92598 -1.42649
vt 0.95624 -1.36564
vt 0.91716 -1.34175
vt 0.95624 -1.36564
vt 0.97940 -1.34145
vt 0.91716 -1.36891
vt -1.78750 -1.52813
vt -1.71120 -1.48020
vt -1.72570 -1.52643
vt -1.78750 -1.50420
vt -1.72123 -1.44508
vt -1.71120 -1.48020
vt -1.78750 -1.48669
vt -1.75517 -1.44196
vt -1.72123 -1.44508
vt -1.78750 -1.50242
vt -1.79384 -1.49596
vt -1.75517 -1.44196
vt -1.78750 -1.51176
vt -1.83469 -1.47300
vt -1.79384 -1.49596
vt -1.78750 -1.51838
vt -1.86347 -1.50075
vt -1.83469 -1.47300
vt -1.78750 -1.47850
vt -1.86112 -1.54588
vt -1.86347 -1.50075
vt -1.78750 -1.50242
vt -1.84314 -1.57286
vt -1.86112 -1.54588
vt -1.78750 -1.51994
vt -1.81640 -1.57837
vt -1.84314 -1.57286
vt -1.78750 -1.50420
vt -1.77799 -1.55234
vt -1.81640 -1.57837
vt -1.78750 -1.49487
vt -1.74600 -1.55025
vt -1.77799 -1.55234
vt -1.78750 -1.48825
vt -1.72570 -1.52643
vt -1.74600 -1.55025
vt -1.72570 -1.52643
vt -1.71120 -1.48020
vt -1.65917 -1.54207
vt -1.71120 -1.48020
vt -1.62348 -1.45830
vt -1.65917 -1.54207
vt -1.71120 -1.48020
vt -1.72123 -1.44508
vt -1.62348 -1.45830
vt -1.72123 -1.44508
vt -1.68898 -1.46911
vt -1.62348 -1.45830
vt -1.72123 -1.44508
vt -1.75517 -1.44196
vt -1.68898 -1.46911
vt -1.75517 -1.44196
vt -1.73472 -1.44369
vt -1.68898 -1.46911
vt -1.75517 -1.44196
vt -1.79384 -1.49596
vt -1.73472 -1.44369
vt -1.79384 -1.49596
vt -1.80272 -1.43722
vt -1.73472 -1.44369
vt -1.79384 -1.49596
vt -1.83469 -1.47300
vt -1.80272 -1.43722
vt -1.83469 -1.47300
vt -1.87750 -1.47133
vt -1.80272 -1.43722
vt -1.83469 -1.47300
vt -1.86347 -1.50075
vt -1.87750 -1.47133
vt -1.86347 -1.50075
vt -1.91373 -1.54364
vt -1.87750 -1.47133
vt -1.86347 -1.50075
vt -1.86112 -1.54588
vt -1.91373 -1.54364
vt -1.86112 -1.54588
vt -1.90050 -1.60658
vt -1.91373 -1.54364
vt -1.86112 -1.54588
vt -1.84314 -1.57286
vt -1.90050 -1.60658
vt -1.84314 -1.57286
vt -1.91424 -1.64115
vt -1.90050 -1.60658
vt -1.84314 -1.57286
vt -1.81640 -1.57837
vt -1.91424 -1.64115
vt -1.81640 -1.57837
vt -1.84785 -1.65718
vt -1.91424 -1.64115
vt -1.81640 -1.57837
vt -1.77799 -1.55234
vt -1.84785 -1.65718
vt -1.77799 -1.55234
vt -1.77342 -1.64073
vt -1.84785 -1.65718
vt -1.77799 -1.55234
vt -1.74600 -1.55025
vt -1.77342 -1.64073
vt -1.74600 -1.55025
vt -1.71361 -1.60325
vt -1.77342 -1.64073
vt -1.74600 -1.55025
vt -1.72570 -1.52643
vt -1.71361 -1.60325
vt -1.72570 -1.52643
vt -1.65917 -1.54207
vt -1.71361 -1.60325
vt -1.65917 -1.54207
vt -1.62348 -1.45830
vt -1.61772 -1.58557
vt -1.62348 -1.45830
vt -1.61652 -1.51968
vt -1.61772 -1.58557
vt -1.62348 -1.45830
vt -1.68898 -1.46911
vt -1.61652 -1.51968
vt -1.68898 -1.46911
vt -1.65427 -1.47565
vt -1.61652 -1.51968
vt -1.68898 -1.46911
vt -1.73472 -1.44369
vt -1.65427 -1.47565
vt -1.73472 -1.44369
vt -1.70833 -1.42465
vt -1.65427 -1.47565
vt -1.73472 -1.44369
vt -1.80272 -1.43722
vt -1.70833 -1.42465
vt -1.80272 -1.43722
vt -1.80934 -1.43328
vt -1.70833 -1.42465
vt -1.80272 -1.43722
vt -1.87750 -1.47133
vt -1.80934 -1.43328
vt -1.87750 -1.47133
vt -1.87665 -1.53375
vt -1.80934 -1.43328
vt -1.87750 -1.47133
vt -1.91373 -1.54364
vt -1.87665 -1.53375
vt -1.91373 -1.54364
vt -1.95032 -1.58773
vt -1.87665 -1.53375
vt -1.91373 -1.54364
vt -1.90050 -1.60658
vt -1.95032 -1.58773
vt -1.90050 -1.60658
vt -1.97847 -1.66179
vt -1.95032 -1.58773
vt -1.90050 -1.60658
vt -1.91424 -1.64115
vt -1.97847 -1.66179
vt -1.91424 -1.64115
vt -1.94859 -1.72190
vt -1.97847 -1.66179
vt -1.91424 -1.64115
vt -1.84785 -1.65718
vt -1.94859 -1.72190
vt -1.84785 -1.65718
vt -1.85615 -1.72764
vt -1.94859 -1.72190
vt -1.84785 -1.65718
vt -1.77342 -1.64073
vt -1.85615 -1.72764
vt -1.77342 -1.64073
vt -1.77105 -1.70390
vt -1.85615 -1.72764
vt -1.77342 -1.64073
vt -1.71361 -1.60325
vt -1.77105 -1.70390
vt -1.71361 -1.60325
vt -1.66252 -1.66428
vt -1.77105 -1.70390
vt -1.71361 -1.60325
vt -1.65917 -1.54207
vt -1.66252 -1.66428
vt -1.65917 -1.54207
vt -1.61772 -1.58557
vt -1.66252 -1.66428
vt -1.61772 -1.58557
vt -1.61652 -1.51968
vt -1.62967 -1.63831
vt -1.61652 -1.51968
vt -1.60661 -1.56444
vt -1.62967 -1.63831
vt -1.61652 -1.51968
vt -1.65427 -1.47565
vt -1.60661 -1.56444
vt -1.65427 -1.47565
vt -1.59894 -1.47428
vt -1.60661 -1.56444
vt -1.65427 -1.47565
vt -1.70833 -1.42465
vt -1.59894 -1.47428
vt -1.70833 -1.42465
vt -1.70977 -1.48286
vt -1.59894 -1.47428
vt -1.70833 -1.42465
vt -1.80934 -1.43328
vt -1.70977 -1.48286
vt -1.80934 -1.43328
vt -1.80692 -1.50842
vt -1.70977 -1.48286
vt -1.80934 -1.43328
vt -1.87665 -1.53375
vt -1.80692 -1.50842
vt -1.87665 -1.53375
vt -1.89450 -1.56444
vt -1.80692 -1.50842
vt -1.87665 -1.53375
vt -1.95032 -1.58773
vt -1.89450 -1.56444
vt -1.95032 -1.58773
vt -1.98967 -1.63831
vt -1.89450 -1.56444
vt -1.95032 -1.58773
vt -1.97847 -1.66179
vt -1.98967 -1.63831
vt -1.97847 -1.66179
vt -1.99838 -1.72444
vt -1.98967 -1.63831
vt -1.97847 -1.66179
vt -1.94859 -1.72190
vt -1.99838 -1.72444
vt -1.94859 -1.72190
vt -1.91750 -1.75141
vt -1.99838 -1.72444
vt -1.94859 -1.72190
vt -1.85615 -1.72764
vt -1.91750 -1.75141
vt -1.85615 -1.72764
vt -1.86977 -1.80286
vt -1.91750 -1.75141
vt -1.85615 -1.72764
vt -1.77105 -1.70390
vt -1.86977 -1.80286
vt -1.77105 -1.70390
vt -1.76548 -1.78555
vt -1.86977 -1.80286
vt -1.77105 -1.70390
vt -1.66252 -1.66428
vt -1.76548 -1.78555
vt -1.66252 -1.66428
vt -1.66274 -1.72444
vt -1.76548 -1.78555
vt -1.66252 -1.66428
vt -1.61772 -1.58557
vt -1.66274 -1.72444
vt -1.61772 -1.58557
vt -1.62967 -1.63831
vt -1.66274 -1.72444
vt -1.62967 -1.63831
vt -1.60661 -1.56444
vt -1.60899 -1.69377
vt -1.60661 -1.56444
vt -1.59561 -1.61472
vt -1.60899 -1.69377
vt -1.60661 -1.56444
vt -1.59894 -1.47428
vt -1.59561 -1.61472
vt -1.59894 -1.47428
vt -1.63345 -1.55838
vt -1.59561 -1.61472
vt -1.59894 -1.47428
vt -1.70977 -1.48286
vt -1.63345 -1.55838
vt -1.70977 -1.48286
vt -1.72515 -1.55720
vt -1.63345 -1.55838
vt -1.70977 -1.48286
vt -1.80692 -1.50842
vt -1.72515 -1.55720
vt -1.80692 -1.50842
vt -1.80663 -1.56199
vt -1.72515 -1.55720
vt -1.80692 -1.50842
vt -1.89450 -1.56444
vt -1.80663 -1.56199
vt -1.89450 -1.56444
vt -1.91301 -1.61223
vt -1.80663 -1.56199
vt -1.89450 -1.56444
vt -1.98967 -1.63831
vt -1.91301 -1.61223
vt -1.98967 -1.63831
vt -1.94159 -1.68619
vt -1.91301 -1.61223
vt -1.98967 -1.63831
vt -1.99838 -1.72444
vt -1.94159 -1.68619
vt -1.99838 -1.72444
vt -1.95755 -1.75631
vt -1.94159 -1.68619
vt -1.99838 -1.72444
vt -1.91750 -1.75141
vt -1.95755 -1.75631
vt -1.91750 -1.75141
vt -1.92776 -1.80958
vt -1.95755 -1.75631
vt -1.91750 -1.75141
vt -1.86977 -1.80286
vt -1.92776 -1.80958
vt -1.86977 -1.80286
vt -1.87297 -1.86902
vt -1.92776 -1.80958
vt -1.86977 -1.80286
vt -1.76548 -1.78555
vt -1.87297 -1.86902
vt -1.76548 -1.78555
vt -1.76835 -1.81807
vt -1.87297 -1.86902
vt -1.76548 -1.78555
vt -1.66274 -1.72444
vt -1.76835 -1.81807
vt -1.66274 -1.72444
vt -1.69888 -1.74225
vt -1.76835 -1.81807
vt -1.66274 -1.72444
vt -1.62967 -1.63831
vt -1.69888 -1.74225
vt -1.62967 -1.63831
vt -1.60899 -1.69377
vt -1.69888 -1.74225
vt -1.60899 -1.69377
vt -1.59561 -1.61472
vt -1.63909 -1.74962
vt -1.59561 -1.61472
vt -1.65948 -1.67426
vt -1.63909 -1.74962
vt -1.59561 -1.61472
vt -1.63345 -1.55838
vt -1.65948 -1.67426
vt -1.63345 -1.55838
vt -1.69003 -1.63613
vt -1.65948 -1.67426
vt -1.63345 -1.55838
vt -1.72515 -1.55720
vt -1.69003 -1.63613
vt -1.72515 -1.55720
vt -1.72486 -1.61874
vt -1.69003 -1.63613
vt -1.72515 -1.55720
vt -1.80663 -1.56199
vt -1.72486 -1.61874
vt -1.80663 -1.56199
vt -1.80286 -1.63567
vt -1.72486 -1.61874
vt -1.80663 -1.56199
vt -1.91301 -1.61223
vt -1.80286 -1.63567
vt -1.91301 -1.61223
vt -1.87025 -1.67759
vt -1.80286 -1.63567
vt -1.91301 -1.61223
vt -1.94159 -1.68619
vt -1.87025 -1.67759
vt -1.94159 -1.68619
vt -1.89365 -1.71793
vt -1.87025 -1.67759
vt -1.94159 -1.68619
vt -1.95755 -1.75631
vt -1.89365 -1.71793
vt -1.95755 -1.75631
vt -1.93651 -1.80187
vt -1.89365 -1.71793
vt -1.95755 -1.75631
vt -1.92776 -1.80958
vt -1.93651 -1.80187
vt -1.92776 -1.80958
vt -1.91529 -1.85779
vt -1.93651 -1.80187
vt -1.92776 -1.80958
vt -1.87297 -1.86902
vt -1.91529 -1.85779
vt -1.87297 -1.86902
vt -1.83800 -1.82455
vt -1.91529 -1.85779
vt -1.87297 -1.86902
vt -1.76835 -1.81807
vt -1.83800 -1.82455
vt -1.76835 -1.81807
vt -1.77356 -1.82230
vt -1.83800 -1.82455
vt -1.76835 -1.81807
vt -1.69888 -1.74225
vt -1.77356 -1.82230
vt -1.69888 -1.74225
vt -1.70637 -1.78883
vt -1.77356 -1.82230
vt -1.69888 -1.74225
vt -1.60899 -1.69377
vt -1.70637 -1.78883
vt -1.60899 -1.69377
vt -1.63909 -1.74962
vt -1.70637 -1.78883
vt -1.63909 -1.74962
vt -1.65948 -1.67426
vt -1.72720 -1.74749
vt -1.65948 -1.67426
vt -1.71478 -1.72960
vt -1.72720 -1.74749
vt -1.65948 -1.67426
vt -1.69003 -1.63613
vt -1.71478 -1.72960
vt -1.69003 -1.63613
vt -1.72480 -1.71205
vt -1.71478 -1.72960
vt -1.69003 -1.63613
vt -1.72486 -1.61874
vt -1.72480 -1.71205
vt -1.72486 -1.61874
vt -1.75228 -1.71135
vt -1.72480 -1.71205
vt -1.72486 -1.61874
vt -1.80286 -1.63567
vt -1.75228 -1.71135
vt -1.80286 -1.63567
vt -1.79431 -1.69994
vt -1.75228 -1.71135
vt -1.80286 -1.63567
vt -1.87025 -1.67759
vt -1.79431 -1.69994
vt -1.87025 -1.67759
vt -1.82845 -1.72523
vt -1.79431 -1.69994
vt -1.87025 -1.67759
vt -1.89365 -1.71793
vt -1.82845 -1.72523
vt -1.89365 -1.71793
vt -1.86497 -1.77859
vt -1.82845 -1.72523
vt -1.89365 -1.71793
vt -1.93651 -1.80187
vt -1.86497 -1.77859
vt -1.93651 -1.80187
vt -1.86471 -1.79832
vt -1.86497 -1.77859
vt -1.93651 -1.80187
vt -1.91529 -1.85779
vt -1.86471 -1.79832
vt -1.91529 -1.85779
vt -1.84671 -1.81100
vt -1.86471 -1.79832
vt -1.91529 -1.85779
vt -1.83800 -1.82455
vt -1.84671 -1.81100
vt -1.83800 -1.82455
vt -1.81351 -1.79633
vt -1.84671 -1.81100
vt -1.83800 -1.82455
vt -1.77356 -1.82230
vt -1.81351 -1.79633
vt -1.77356 -1.82230
vt -1.77845 -1.84104
vt -1.81351 -1.79633
vt -1.77356 -1.82230
vt -1.70637 -1.78883
vt -1.77845 -1.84104
vt -1.70637 -1.78883
vt -1.73976 -1.80552
vt -1.77845 -1.84104
vt -1.70637 -1.78883
vt -1.63909 -1.74962
vt -1.73976 -1.80552
vt -1.63909 -1.74962
vt -1.72720 -1.74749
vt -1.73976 -1.80552
vt -1.72720 -1.74749
vt -1.71478 -1.72960
vt -1.78750 -1.75825
vt -1.71478 -1.72960
vt -1.72480 -1.71205
vt -1.78750 -1.79813
vt -1.72480 -1.71205
vt -1.75228 -1.71135
vt -1.78750 -1.77420
vt -1.75228 -1.71135
vt -1.79431 -1.69994
vt -1.78750 -1.75669
vt -1.79431 -1.69994
vt -1.82845 -1.72523
vt -1.78750 -1.77242
vt -1.82845 -1.72523
vt -1.86497 -1.77859
vt -1.78750 -1.78176
vt -1.86497 -1.77859
vt -1.86471 -1.79832
vt -1.78750 -1.78838
vt -1.86471 -1.79832
vt -1.84671 -1.81100
vt -1.78750 -1.74850
vt -1.84671 -1.81100
vt -1.81351 -1.79633
vt -1.78750 -1.77242
vt -1.81351 -1.79633
vt -1.77845 -1.84104
vt -1.78750 -1.78994
vt -1.77845 -1.84104
vt -1.73976 -1.80552
vt -1.78750 -1.77420
vt -1.73976 -1.80552
vt -1.72720 -1.74749
vt -1.78750 -1.76487
vt -1.56774 -0.17071
vt -1.50169 -0.16443
vt -1.49858 -0.17607
vt -1.56774 -0.17871
vt -1.50800 -0.12708
vt -1.50169 -0.16443
vt -1.56774 -0.17008
vt -1.53122 -0.07952
vt -1.50800 -0.12708
vt -1.56774 -0.15389
vt -1.57494 -0.13993
vt -1.53122 -0.07952
vt -1.56774 -0.15434
vt -1.60887 -0.15722
vt -1.57494 -0.13993
vt -1.56774 -0.19289
vt -1.63634 -0.17708
vt -1.60887 -0.15722
vt -1.56774 -0.16189
vt -1.65161 -0.19601
vt -1.63634 -0.17708
vt -1.56774 -0.15389
vt -1.62990 -0.22818
vt -1.65161 -0.19601
vt -1.56774 -0.16252
vt -1.59245 -0.25004
vt -1.62990 -0.22818
vt -1.56774 -0.17871
vt -1.55908 -0.22300
vt -1.59245 -0.25004
vt -1.56774 -0.17826
vt -1.52018 -0.20037
vt -1.55908 -0.22300
vt -1.56774 -0.13971
vt -1.49858 -0.17607
vt -1.52018 -0.20037
vt -1.49858 -0.17607
vt -1.50169 -0.16443
vt -1.46070 -0.22102
vt -1.50169 -0.16443
vt -1.41017 -0.12835
vt -1.46070 -0.22102
vt -1.50169 -0.16443
vt -1.50800 -0.12708
vt -1.41017 -0.12835
vt -1.50800 -0.12708
vt -1.45038 -0.09975
vt -1.41017 -0.12835
vt -1.50800 -0.12708
vt -1.53122 -0.07952
vt -1.45038 -0.09975
vt -1.53122 -0.07952
vt -1.51233 -0.09698
vt -1.45038 -0.09975
vt -1.53122 -0.07952
vt -1.57494 -0.13993
vt -1.51233 -0.09698
vt -1.57494 -0.13993
vt -1.58052 -0.13256
vt -1.51233 -0.09698
vt -1.57494 -0.13993
vt -1.60887 -0.15722
vt -1.58052 -0.13256
vt -1.60887 -0.15722
vt -1.65393 -0.14139
vt -1.58052 -0.13256
vt -1.60887 -0.15722
vt -1.63634 -0.17708
vt -1.65393 -0.14139
vt -1.63634 -0.17708
vt -1.71526 -0.19066
vt -1.65393 -0.14139
vt -1.63634 -0.17708
vt -1.65161 -0.19601
vt -1.71526 -0.19066
vt -1.65161 -0.19601
vt -1.68719 -0.26776
vt -1.71526 -0.19066
vt -1.65161 -0.19601
vt -1.62990 -0.22818
vt -1.68719 -0.26776
vt -1.62990 -0.22818
vt -1.67564 -0.30371
vt -1.68719 -0.26776
vt -1.62990 -0.22818
vt -1.59245 -0.25004
vt -1.67564 -0.30371
vt -1.59245 -0.25004
vt -1.62547 -0.31934
vt -1.67564 -0.30371
vt -1.59245 -0.25004
vt -1.55908 -0.22300
vt -1.62547 -0.31934
vt -1.55908 -0.22300
vt -1.55122 -0.30414
vt -1.62547 -0.31934
vt -1.55908 -0.22300
vt -1.52018 -0.20037
vt -1.55122 -0.30414
vt -1.52018 -0.20037
vt -1.49005 -0.26443
vt -1.55122 -0.30414
vt -1.52018 -0.20037
vt -1.49858 -0.17607
vt -1.49005 -0.26443
vt -1.49858 -0.17607
vt -1.46070 -0.22102
vt -1.49005 -0.26443
vt -1.46070 -0.22102
vt -1.41017 -0.12835
vt -1.39447 -0.24747
vt -1.41017 -0.12835
vt -1.36558 -0.16103
vt -1.39447 -0.24747
vt -1.41017 -0.12835
vt -1.45038 -0.09975
vt -1.36558 -0.16103
vt -1.45038 -0.09975
vt -1.43761 -0.14241
vt -1.36558 -0.16103
vt -1.45038 -0.09975
vt -1.51233 -0.09698
vt -1.43761 -0.14241
vt -1.51233 -0.09698
vt -1.50131 -0.12201
vt -1.43761 -0.14241
vt -1.51233 -0.09698
vt -1.58052 -0.13256
vt -1.50131 -0.12201
vt -1.58052 -0.13256
vt -1.58998 -0.09249
vt -1.50131 -0.12201
vt -1.58052 -0.13256
vt -1.65393 -0.14139
vt -1.58998 -0.09249
vt -1.65393 -0.14139
vt -1.67534 -0.17510
vt -1.58998 -0.09249
vt -1.65393 -0.14139
vt -1.71526 -0.19066
vt -1.67534 -0.17510
vt -1.71526 -0.19066
vt -1.72707 -0.25180
vt -1.67534 -0.17510
vt -1.71526 -0.19066
vt -1.68719 -0.26776
vt -1.72707 -0.25180
vt -1.68719 -0.26776
vt -1.72753 -0.32094
vt -1.72707 -0.25180
vt -1.68719 -0.26776
vt -1.67564 -0.30371
vt -1.72753 -0.32094
vt -1.67564 -0.30371
vt -1.73192 -0.38649
vt -1.72753 -0.32094
vt -1.67564 -0.30371
vt -1.62547 -0.31934
vt -1.73192 -0.38649
vt -1.62547 -0.31934
vt -1.64913 -0.40719
vt -1.73192 -0.38649
vt -1.62547 -0.31934
vt -1.55122 -0.30414
vt -1.64913 -0.40719
vt -1.55122 -0.30414
vt -1.55170 -0.36528
vt -1.64913 -0.40719
vt -1.55122 -0.30414
vt -1.49005 -0.26443
vt -1.55170 -0.36528
vt -1.49005 -0.26443
vt -1.46121 -0.32344
vt -1.55170 -0.36528
vt -1.49005 -0.26443
vt -1.46070 -0.22102
vt -1.46121 -0.32344
vt -1.46070 -0.22102
vt -1.39447 -0.24747
vt -1.46121 -0.32344
vt -1.39447 -0.24747
vt -1.36558 -0.16103
vt -1.38270 -0.30130
vt -1.36558 -0.16103
vt -1.40358 -0.23426
vt -1.38270 -0.30130
vt -1.36558 -0.16103
vt -1.43761 -0.14241
vt -1.40358 -0.23426
vt -1.43761 -0.14241
vt -1.40326 -0.15821
vt -1.40358 -0.23426
vt -1.43761 -0.14241
vt -1.50131 -0.12201
vt -1.40326 -0.15821
vt -1.50131 -0.12201
vt -1.48318 -0.13219
vt -1.40326 -0.15821
vt -1.50131 -0.12201
vt -1.58998 -0.09249
vt -1.48318 -0.13219
vt -1.58998 -0.09249
vt -1.59029 -0.15046
vt -1.48318 -0.13219
vt -1.58998 -0.09249
vt -1.67534 -0.17510
vt -1.59029 -0.15046
vt -1.67534 -0.17510
vt -1.66485 -0.23426
vt -1.59029 -0.15046
vt -1.67534 -0.17510
vt -1.72707 -0.25180
vt -1.66485 -0.23426
vt -1.72707 -0.25180
vt -1.74270 -0.30130
vt -1.66485 -0.23426
vt -1.72707 -0.25180
vt -1.72753 -0.32094
vt -1.74270 -0.30130
vt -1.72753 -0.32094
vt -1.79535 -0.39426
vt -1.74270 -0.30130
vt -1.72753 -0.32094
vt -1.73192 -0.38649
vt -1.79535 -0.39426
vt -1.73192 -0.38649
vt -1.72182 -0.43534
vt -1.79535 -0.39426
vt -1.73192 -0.38649
vt -1.64913 -0.40719
vt -1.72182 -0.43534
vt -1.64913 -0.40719
vt -1.64318 -0.45219
vt -1.72182 -0.43534
vt -1.64913 -0.40719
vt -1.55170 -0.36528
vt -1.64318 -0.45219
vt -1.55170 -0.36528
vt -1.54886 -0.42759
vt -1.64318 -0.45219
vt -1.55170 -0.36528
vt -1.46121 -0.32344
vt -1.54886 -0.42759
vt -1.46121 -0.32344
vt -1.43309 -0.39426
vt -1.54886 -0.42759
vt -1.46121 -0.32344
vt -1.39447 -0.24747
vt -1.43309 -0.39426
vt -1.39447 -0.24747
vt -1.38270 -0.30130
vt -1.43309 -0.39426
vt -1.38270 -0.30130
vt -1.40358 -0.23426
vt -1.41197 -0.34969
vt -1.40358 -0.23426
vt -1.39521 -0.28009
vt -1.41197 -0.34969
vt -1.40358 -0.23426
vt -1.40326 -0.15821
vt -1.39521 -0.28009
vt -1.40326 -0.15821
vt -1.39357 -0.21093
vt -1.39521 -0.28009
vt -1.40326 -0.15821
vt -1.48318 -0.13219
vt -1.39357 -0.21093
vt -1.48318 -0.13219
vt -1.49749 -0.20990
vt -1.39357 -0.21093
vt -1.48318 -0.13219
vt -1.59029 -0.15046
vt -1.49749 -0.20990
vt -1.59029 -0.15046
vt -1.58425 -0.23542
vt -1.49749 -0.20990
vt -1.59029 -0.15046
vt -1.66485 -0.23426
vt -1.58425 -0.23542
vt -1.66485 -0.23426
vt -1.68180 -0.27760
vt -1.58425 -0.23542
vt -1.66485 -0.23426
vt -1.74270 -0.30130
vt -1.68180 -0.27760
vt -1.74270 -0.30130
vt -1.74457 -0.35623
vt -1.68180 -0.27760
vt -1.74270 -0.30130
vt -1.79535 -0.39426
vt -1.74457 -0.35623
vt -1.79535 -0.39426
vt -1.75716 -0.43273
vt -1.74457 -0.35623
vt -1.79535 -0.39426
vt -1.72182 -0.43534
vt -1.75716 -0.43273
vt -1.72182 -0.43534
vt -1.68789 -0.44800
vt -1.75716 -0.43273
vt -1.72182 -0.43534
vt -1.64318 -0.45219
vt -1.68789 -0.44800
vt -1.64318 -0.45219
vt -1.64531 -0.51066
vt -1.68789 -0.44800
vt -1.64318 -0.45219
vt -1.54886 -0.42759
vt -1.64531 -0.51066
vt -1.54886 -0.42759
vt -1.54597 -0.50562
vt -1.64531 -0.51066
vt -1.54886 -0.42759
vt -1.43309 -0.39426
vt -1.54597 -0.50562
vt -1.43309 -0.39426
vt -1.46767 -0.41867
vt -1.54597 -0.50562
vt -1.43309 -0.39426
vt -1.38270 -0.30130
vt -1.46767 -0.41867
vt -1.38270 -0.30130
vt -1.41197 -0.34969
vt -1.46767 -0.41867
vt -1.41197 -0.34969
vt -1.39521 -0.28009
vt -1.42525 -0.40817
vt -1.39521 -0.28009
vt -1.41656 -0.34375
vt -1.42525 -0.40817
vt -1.39521 -0.28009
vt -1.39357 -0.21093
vt -1.41656 -0.34375
vt -1.39357 -0.21093
vt -1.46503 -0.29900
vt -1.41656 -0.34375
vt -1.39357 -0.21093
vt -1.49749 -0.20990
vt -1.46503 -0.29900
vt -1.49749 -0.20990
vt -1.51457 -0.28468
vt -1.46503 -0.29900
vt -1.49749 -0.20990
vt -1.58425 -0.23542
vt -1.51457 -0.28468
vt -1.58425 -0.23542
vt -1.58242 -0.29877
vt -1.51457 -0.28468
vt -1.58425 -0.23542
vt -1.68180 -0.27760
vt -1.58242 -0.29877
vt -1.68180 -0.27760
vt -1.66420 -0.34708
vt -1.58242 -0.29877
vt -1.68180 -0.27760
vt -1.74457 -0.35623
vt -1.66420 -0.34708
vt -1.74457 -0.35623
vt -1.67981 -0.38535
vt -1.66420 -0.34708
vt -1.74457 -0.35623
vt -1.75716 -0.43273
vt -1.67981 -0.38535
vt -1.75716 -0.43273
vt -1.69358 -0.43943
vt -1.67981 -0.38535
vt -1.75716 -0.43273
vt -1.68789 -0.44800
vt -1.69358 -0.43943
vt -1.68789 -0.44800
vt -1.69029 -0.51178
vt -1.69358 -0.43943
vt -1.68789 -0.44800
vt -1.64531 -0.51066
vt -1.69029 -0.51178
vt -1.64531 -0.51066
vt -1.62770 -0.52242
vt -1.69029 -0.51178
vt -1.64531 -0.51066
vt -1.54597 -0.50562
vt -1.62770 -0.52242
vt -1.54597 -0.50562
vt -1.55312 -0.49428
vt -1.62770 -0.52242
vt -1.54597 -0.50562
vt -1.46767 -0.41867
vt -1.55312 -0.49428
vt -1.46767 -0.41867
vt -1.50031 -0.42639
vt -1.55312 -0.49428
vt -1.46767 -0.41867
vt -1.41197 -0.34969
vt -1.50031 -0.42639
vt -1.41197 -0.34969
vt -1.42525 -0.40817
vt -1.50031 -0.42639
vt -1.42525 -0.40817
vt -1.41656 -0.34375
vt -1.49557 -0.43197
vt -1.41656 -0.34375
vt -1.49660 -0.39061
vt -1.49557 -0.43197
vt -1.41656 -0.34375
vt -1.46503 -0.29900
vt -1.49660 -0.39061
vt -1.46503 -0.29900
vt -1.51555 -0.36268
vt -1.49660 -0.39061
vt -1.46503 -0.29900
vt -1.51457 -0.28468
vt -1.51555 -0.36268
vt -1.51457 -0.28468
vt -1.53188 -0.37567
vt -1.51555 -0.36268
vt -1.51457 -0.28468
vt -1.58242 -0.29877
vt -1.53188 -0.37567
vt -1.58242 -0.29877
vt -1.57592 -0.37528
vt -1.53188 -0.37567
vt -1.58242 -0.29877
vt -1.66420 -0.34708
vt -1.57592 -0.37528
vt -1.66420 -0.34708
vt -1.60776 -0.38624
vt -1.57592 -0.37528
vt -1.66420 -0.34708
vt -1.67981 -0.38535
vt -1.60776 -0.38624
vt -1.67981 -0.38535
vt -1.63334 -0.42008
vt -1.60776 -0.38624
vt -1.67981 -0.38535
vt -1.69358 -0.43943
vt -1.63334 -0.42008
vt -1.69358 -0.43943
vt -1.64653 -0.46457
vt -1.63334 -0.42008
vt -1.69358 -0.43943
vt -1.69029 -0.51178
vt -1.64653 -0.46457
vt -1.69029 -0.51178
vt -1.63746 -0.50462
vt -1.64653 -0.46457
vt -1.69029 -0.51178
vt -1.62770 -0.52242
vt -1.63746 -0.50462
vt -1.62770 -0.52242
vt -1.59311 -0.45541
vt -1.63746 -0.50462
vt -1.62770 -0.52242
vt -1.55312 -0.49428
vt -1.59311 -0.45541
vt -1.55312 -0.49428
vt -1.56006 -0.47339
vt -1.59311 -0.45541
vt -1.55312 -0.49428
vt -1.50031 -0.42639
vt -1.56006 -0.47339
vt -1.50031 -0.42639
vt -1.51907 -0.47178
vt -1.56006 -0.47339
vt -1.50031 -0.42639
vt -1.42525 -0.40817
vt -1.51907 -0.47178
vt -1.42525 -0.40817
vt -1.49557 -0.43197
vt -1.51907 -0.47178
vt -1.49557 -0.43197
vt -1.49660 -0.39061
vt -1.56774 -0.40971
vt -1.49660 -0.39061
vt -1.51555 -0.36268
vt -1.56774 -0.44071
vt -1.51555 -0.36268
vt -1.53188 -0.37567
vt -1.56774 -0.44871
vt -1.53188 -0.37567
vt -1.57592 -0.37528
vt -1.56774 -0.44008
vt -1.57592 -0.37528
vt -1.60776 -0.38624
vt -1.56774 -0.42389
vt -1.60776 -0.38624
vt -1.63334 -0.42008
vt -1.56774 -0.42434
vt -1.63334 -0.42008
vt -1.64653 -0.46457
vt -1.56774 -0.46289
vt -1.64653 -0.46457
vt -1.63746 -0.50462
vt -1.56774 -0.43189
vt -1.63746 -0.50462
vt -1.59311 -0.45541
vt -1.56774 -0.42389
vt -1.59311 -0.45541
vt -1.56006 -0.47339
vt -1.56774 -0.43252
vt -1.56006 -0.47339
vt -1.51907 -0.47178
vt -1.56774 -0.44871
vt -1.51907 -0.47178
vt -1.49557 -0.43197
vt -1.56774 -0.44826
vt 1.43679 -0.62761
vt 1.51589 -0.60329
vt 1.51589 -0.62398
vt 1.43679 -0.61546
vt 1.48774 -0.61864
vt 1.51589 -0.60329
vt 1.43679 -0.64499
vt 1.46797 -0.57780
vt 1.48774 -0.61864
vt 1.43679 -0.64896
vt 1.42845 -0.58019
vt 1.46797 -0.57780
vt 1.43679 -0.61124
vt 1.38793 -0.59608
vt 1.42845 -0.58019
vt 1.43679 -0.62963
vt 1.37812 -0.66099
vt 1.38793 -0.59608
vt 1.43679 -0.63680
vt 1.36597 -0.67829
vt 1.37812 -0.66099
vt 1.43679 -0.64896
vt 1.36583 -0.68374
vt 1.36597 -0.67829
vt 1.43679 -0.61943
vt 1.40674 -0.70489
vt 1.36583 -0.68374
vt 1.43679 -0.61546
vt 1.44430 -0.69925
vt 1.40674 -0.70489
vt 1.43679 -0.65317
vt 1.47663 -0.68266
vt 1.44430 -0.69925
vt 1.43679 -0.63478
vt 1.51589 -0.62398
vt 1.47663 -0.68266
vt 1.51589 -0.62398
vt 1.51589 -0.60329
vt 1.55726 -0.67685
vt 1.51589 -0.60329
vt 1.56667 -0.62465
vt 1.55726 -0.67685
vt 1.51589 -0.60329
vt 1.48774 -0.61864
vt 1.56667 -0.62465
vt 1.48774 -0.61864
vt 1.54225 -0.58608
vt 1.56667 -0.62465
vt 1.48774 -0.61864
vt 1.46797 -0.57780
vt 1.54225 -0.58608
vt 1.46797 -0.57780
vt 1.50351 -0.52118
vt 1.54225 -0.58608
vt 1.46797 -0.57780
vt 1.42845 -0.58019
vt 1.50351 -0.52118
vt 1.42845 -0.58019
vt 1.42246 -0.57804
vt 1.50351 -0.52118
vt 1.42845 -0.58019
vt 1.38793 -0.59608
vt 1.42246 -0.57804
vt 1.38793 -0.59608
vt 1.36698 -0.63769
vt 1.42246 -0.57804
vt 1.38793 -0.59608
vt 1.37812 -0.66099
vt 1.36698 -0.63769
vt 1.37812 -0.66099
vt 1.30271 -0.66665
vt 1.36698 -0.63769
vt 1.37812 -0.66099
vt 1.36597 -0.67829
vt 1.30271 -0.66665
vt 1.36597 -0.67829
vt 1.28964 -0.72589
vt 1.30271 -0.66665
vt 1.36597 -0.67829
vt 1.36583 -0.68374
vt 1.28964 -0.72589
vt 1.36583 -0.68374
vt 1.31699 -0.76989
vt 1.28964 -0.72589
vt 1.36583 -0.68374
vt 1.40674 -0.70489
vt 1.31699 -0.76989
vt 1.40674 -0.70489
vt 1.39037 -0.78171
vt 1.31699 -0.76989
vt 1.40674 -0.70489
vt 1.44430 -0.69925
vt 1.39037 -0.78171
vt 1.44430 -0.69925
vt 1.45176 -0.76978
vt 1.39037 -0.78171
vt 1.44430 -0.69925
vt 1.47663 -0.68266
vt 1.45176 -0.76978
vt 1.47663 -0.68266
vt 1.53086 -0.72256
vt 1.45176 -0.76978
vt 1.47663 -0.68266
vt 1.51589 -0.62398
vt 1.53086 -0.72256
vt 1.51589 -0.62398
vt 1.55726 -0.67685
vt 1.53086 -0.72256
vt 1.55726 -0.67685
vt 1.56667 -0.62465
vt 1.57262 -0.72501
vt 1.56667 -0.62465
vt 1.63513 -0.62958
vt 1.57262 -0.72501
vt 1.56667 -0.62465
vt 1.54225 -0.58608
vt 1.63513 -0.62958
vt 1.54225 -0.58608
vt 1.60004 -0.56787
vt 1.63513 -0.62958
vt 1.54225 -0.58608
vt 1.50351 -0.52118
vt 1.60004 -0.56787
vt 1.50351 -0.52118
vt 1.50477 -0.58372
vt 1.60004 -0.56787
vt 1.50351 -0.52118
vt 1.42246 -0.57804
vt 1.50477 -0.58372
vt 1.42246 -0.57804
vt 1.41885 -0.59885
vt 1.50477 -0.58372
vt 1.42246 -0.57804
vt 1.36698 -0.63769
vt 1.41885 -0.59885
vt 1.36698 -0.63769
vt 1.33144 -0.64365
vt 1.41885 -0.59885
vt 1.36698 -0.63769
vt 1.30271 -0.66665
vt 1.33144 -0.64365
vt 1.30271 -0.66665
vt 1.24002 -0.70608
vt 1.33144 -0.64365
vt 1.30271 -0.66665
vt 1.28964 -0.72589
vt 1.24002 -0.70608
vt 1.28964 -0.72589
vt 1.27319 -0.78732
vt 1.24002 -0.70608
vt 1.28964 -0.72589
vt 1.31699 -0.76989
vt 1.27319 -0.78732
vt 1.31699 -0.76989
vt 1.30573 -0.83521
vt 1.27319 -0.78732
vt 1.31699 -0.76989
vt 1.39037 -0.78171
vt 1.30573 -0.83521
vt 1.39037 -0.78171
vt 1.35695 -0.87107
vt 1.30573 -0.83521
vt 1.39037 -0.78171
vt 1.45176 -0.76978
vt 1.35695 -0.87107
vt 1.45176 -0.76978
vt 1.45713 -0.84837
vt 1.35695 -0.87107
vt 1.45176 -0.76978
vt 1.53086 -0.72256
vt 1.45713 -0.84837
vt 1.53086 -0.72256
vt 1.54557 -0.78981
vt 1.45713 -0.84837
vt 1.53086 -0.72256
vt 1.55726 -0.67685
vt 1.54557 -0.78981
vt 1.55726 -0.67685
vt 1.57262 -0.72501
vt 1.54557 -0.78981
vt 1.57262 -0.72501
vt 1.63513 -0.62958
vt 1.63383 -0.76721
vt 1.63513 -0.62958
vt 1.64327 -0.68288
vt 1.63383 -0.76721
vt 1.63513 -0.62958
vt 1.60004 -0.56787
vt 1.64327 -0.68288
vt 1.60004 -0.56787
vt 1.59065 -0.63336
vt 1.64327 -0.68288
vt 1.60004 -0.56787
vt 1.50477 -0.58372
vt 1.59065 -0.63336
vt 1.50477 -0.58372
vt 1.50406 -0.63266
vt 1.59065 -0.63336
vt 1.50477 -0.58372
vt 1.41885 -0.59885
vt 1.50406 -0.63266
vt 1.41885 -0.59885
vt 1.41285 -0.60712
vt 1.50406 -0.63266
vt 1.41885 -0.59885
vt 1.33144 -0.64365
vt 1.41285 -0.60712
vt 1.33144 -0.64365
vt 1.31464 -0.68288
vt 1.41285 -0.60712
vt 1.33144 -0.64365
vt 1.24002 -0.70608
vt 1.31464 -0.68288
vt 1.24002 -0.70608
vt 1.27383 -0.76721
vt 1.31464 -0.68288
vt 1.24002 -0.70608
vt 1.27319 -0.78732
vt 1.27383 -0.76721
vt 1.27319 -0.78732
vt 1.25150 -0.84288
vt 1.27383 -0.76721
vt 1.27319 -0.78732
vt 1.30573 -0.83521
vt 1.25150 -0.84288
vt 1.30573 -0.83521
vt 1.27208 -0.91049
vt 1.25150 -0.84288
vt 1.30573 -0.83521
vt 1.35695 -0.87107
vt 1.27208 -0.91049
vt 1.35695 -0.87107
vt 1.34406 -0.95266
vt 1.27208 -0.91049
vt 1.35695 -0.87107
vt 1.45713 -0.84837
vt 1.34406 -0.95266
vt 1.45713 -0.84837
vt 1.45429 -0.88425
vt 1.34406 -0.95266
vt 1.45713 -0.84837
vt 1.54557 -0.78981
vt 1.45429 -0.88425
vt 1.54557 -0.78981
vt 1.54640 -0.84288
vt 1.45429 -0.88425
vt 1.54557 -0.78981
vt 1.57262 -0.72501
vt 1.54640 -0.84288
vt 1.57262 -0.72501
vt 1.63383 -0.76721
vt 1.54640 -0.84288
vt 1.63383 -0.76721
vt 1.64327 -0.68288
vt 1.62150 -0.82459
vt 1.64327 -0.68288
vt 1.58320 -0.74921
vt 1.62150 -0.82459
vt 1.64327 -0.68288
vt 1.59065 -0.63336
vt 1.58320 -0.74921
vt 1.59065 -0.63336
vt 1.58534 -0.69013
vt 1.58320 -0.74921
vt 1.59065 -0.63336
vt 1.50406 -0.63266
vt 1.58534 -0.69013
vt 1.50406 -0.63266
vt 1.51770 -0.66194
vt 1.58534 -0.69013
vt 1.50406 -0.63266
vt 1.41285 -0.60712
vt 1.51770 -0.66194
vt 1.41285 -0.60712
vt 1.41694 -0.68803
vt 1.51770 -0.66194
vt 1.41285 -0.60712
vt 1.31464 -0.68288
vt 1.41694 -0.68803
vt 1.31464 -0.68288
vt 1.33818 -0.74672
vt 1.41694 -0.68803
vt 1.31464 -0.68288
vt 1.27383 -0.76721
vt 1.33818 -0.74672
vt 1.27383 -0.76721
vt 1.28891 -0.81315
vt 1.33818 -0.74672
vt 1.27383 -0.76721
vt 1.25150 -0.84288
vt 1.28891 -0.81315
vt 1.25150 -0.84288
vt 1.22126 -0.91676
vt 1.28891 -0.81315
vt 1.25150 -0.84288
vt 1.27208 -0.91049
vt 1.22126 -0.91676
vt 1.27208 -0.91049
vt 1.29102 -0.94519
vt 1.22126 -0.91676
vt 1.27208 -0.91049
vt 1.34406 -0.95266
vt 1.29102 -0.94519
vt 1.34406 -0.95266
vt 1.36988 -0.94778
vt 1.29102 -0.94519
vt 1.34406 -0.95266
vt 1.45429 -0.88425
vt 1.36988 -0.94778
vt 1.45429 -0.88425
vt 1.45522 -0.94025
vt 1.36988 -0.94778
vt 1.45429 -0.88425
vt 1.54640 -0.84288
vt 1.45522 -0.94025
vt 1.54640 -0.84288
vt 1.55230 -0.90269
vt 1.45522 -0.94025
vt 1.54640 -0.84288
vt 1.63383 -0.76721
vt 1.55230 -0.90269
vt 1.63383 -0.76721
vt 1.62150 -0.82459
vt 1.55230 -0.90269
vt 1.62150 -0.82459
vt 1.58320 -0.74921
vt 1.55383 -0.85499
vt 1.58320 -0.74921
vt 1.57334 -0.80555
vt 1.55383 -0.85499
vt 1.58320 -0.74921
vt 1.58534 -0.69013
vt 1.57334 -0.80555
vt 1.58534 -0.69013
vt 1.56201 -0.76441
vt 1.57334 -0.80555
vt 1.58534 -0.69013
vt 1.51770 -0.66194
vt 1.56201 -0.76441
vt 1.51770 -0.66194
vt 1.49593 -0.74872
vt 1.56201 -0.76441
vt 1.51770 -0.66194
vt 1.41694 -0.68803
vt 1.49593 -0.74872
vt 1.41694 -0.68803
vt 1.42503 -0.76519
vt 1.49593 -0.74872
vt 1.41694 -0.68803
vt 1.33818 -0.74672
vt 1.42503 -0.76519
vt 1.33818 -0.74672
vt 1.34898 -0.80888
vt 1.42503 -0.76519
vt 1.33818 -0.74672
vt 1.28891 -0.81315
vt 1.34898 -0.80888
vt 1.28891 -0.81315
vt 1.29927 -0.87035
vt 1.34898 -0.80888
vt 1.28891 -0.81315
vt 1.22126 -0.91676
vt 1.29927 -0.87035
vt 1.22126 -0.91676
vt 1.29631 -0.92139
vt 1.29927 -0.87035
vt 1.22126 -0.91676
vt 1.29102 -0.94519
vt 1.29631 -0.92139
vt 1.29102 -0.94519
vt 1.33675 -0.93902
vt 1.29631 -0.92139
vt 1.29102 -0.94519
vt 1.36988 -0.94778
vt 1.33675 -0.93902
vt 1.36988 -0.94778
vt 1.38280 -0.96630
vt 1.33675 -0.93902
vt 1.36988 -0.94778
vt 1.45522 -0.94025
vt 1.38280 -0.96630
vt 1.45522 -0.94025
vt 1.45433 -0.99886
vt 1.38280 -0.96630
vt 1.45522 -0.94025
vt 1.55230 -0.90269
vt 1.45433 -0.99886
vt 1.55230 -0.90269
vt 1.51287 -0.90836
vt 1.45433 -0.99886
vt 1.55230 -0.90269
vt 1.62150 -0.82459
vt 1.51287 -0.90836
vt 1.62150 -0.82459
vt 1.55383 -0.85499
vt 1.51287 -0.90836
vt 1.55383 -0.85499
vt 1.57334 -0.80555
vt 1.50750 -0.89525
vt 1.57334 -0.80555
vt 1.52480 -0.87770
vt 1.50750 -0.89525
vt 1.57334 -0.80555
vt 1.56201 -0.76441
vt 1.52480 -0.87770
vt 1.56201 -0.76441
vt 1.49026 -0.83010
vt 1.52480 -0.87770
vt 1.56201 -0.76441
vt 1.49593 -0.74872
vt 1.49026 -0.83010
vt 1.49593 -0.74872
vt 1.46575 -0.82728
vt 1.49026 -0.83010
vt 1.49593 -0.74872
vt 1.42503 -0.76519
vt 1.46575 -0.82728
vt 1.42503 -0.76519
vt 1.42877 -0.83968
vt 1.46575 -0.82728
vt 1.42503 -0.76519
vt 1.34898 -0.80888
vt 1.42877 -0.83968
vt 1.34898 -0.80888
vt 1.38678 -0.87333
vt 1.42877 -0.83968
vt 1.34898 -0.80888
vt 1.29927 -0.87035
vt 1.38678 -0.87333
vt 1.29927 -0.87035
vt 1.36974 -0.88862
vt 1.38678 -0.87333
vt 1.29927 -0.87035
vt 1.29631 -0.92139
vt 1.36974 -0.88862
vt 1.29631 -0.92139
vt 1.37488 -0.89551
vt 1.36974 -0.88862
vt 1.29631 -0.92139
vt 1.33675 -0.93902
vt 1.37488 -0.89551
vt 1.33675 -0.93902
vt 1.36835 -0.96678
vt 1.37488 -0.89551
vt 1.33675 -0.93902
vt 1.38280 -0.96630
vt 1.36835 -0.96678
vt 1.38280 -0.96630
vt 1.40452 -0.96318
vt 1.36835 -0.96678
vt 1.38280 -0.96630
vt 1.45433 -0.99886
vt 1.40452 -0.96318
vt 1.45433 -0.99886
vt 1.44463 -0.94304
vt 1.40452 -0.96318
vt 1.45433 -0.99886
vt 1.51287 -0.90836
vt 1.44463 -0.94304
vt 1.51287 -0.90836
vt 1.47547 -0.90271
vt 1.44463 -0.94304
vt 1.51287 -0.90836
vt 1.55383 -0.85499
vt 1.47547 -0.90271
vt 1.55383 -0.85499
vt 1.50750 -0.89525
vt 1.47547 -0.90271
vt 1.50750 -0.89525
vt 1.52480 -0.87770
vt 1.43679 -0.90478
vt 1.52480 -0.87770
vt 1.49026 -0.83010
vt 1.43679 -0.89761
vt 1.49026 -0.83010
vt 1.46575 -0.82728
vt 1.43679 -0.88546
vt 1.46575 -0.82728
vt 1.42877 -0.83968
vt 1.43679 -0.91499
vt 1.42877 -0.83968
vt 1.38678 -0.87333
vt 1.43679 -0.91896
vt 1.38678 -0.87333
vt 1.36974 -0.88862
vt 1.43679 -0.88124
vt 1.36974 -0.88862
vt 1.37488 -0.89551
vt 1.43679 -0.89963
vt 1.37488 -0.89551
vt 1.36835 -0.96678
vt 1.43679 -0.90680
vt 1.36835 -0.96678
vt 1.40452 -0.96318
vt 1.43679 -0.91896
vt 1.40452 -0.96318
vt 1.44463 -0.94304
vt 1.43679 -0.88943
vt 1.44463 -0.94304
vt 1.47547 -0.90271
vt 1.43679 -0.88546
vt 1.47547 -0.90271
vt 1.50750 -0.89525
vt 1.43679 -0.92317
vt 1.11894 -0.98448
vt 1.19311 -0.94258
vt 1.18081 -0.98424
vt 1.11894 -0.96565
vt 1.18513 -0.90326
vt 1.19311 -0.94258
vt 1.11894 -0.94627
vt 1.15213 -0.89465
vt 1.18513 -0.90326
vt 1.11894 -0.95691
vt 1.11258 -0.95371
vt 1.15213 -0.89465
vt 1.11894 -0.96811
vt 1.07300 -0.93537
vt 1.11258 -0.95371
vt 1.11894 -0.97982
vt 1.04305 -0.95887
vt 1.07300 -0.93537
vt 1.11894 -0.93808
vt 1.04319 -1.00118
vt 1.04305 -0.95887
vt 1.11894 -0.95691
vt 1.06322 -1.03074
vt 1.04319 -1.00118
vt 1.11894 -0.97629
vt 1.09090 -1.03814
vt 1.06322 -1.03074
vt 1.11894 -0.96565
vt 1.12843 -1.01039
vt 1.09090 -1.03814
vt 1.11894 -0.95445
vt 1.16169 -1.00555
vt 1.12843 -1.01039
vt 1.11894 -0.94274
vt 1.18081 -0.98424
vt 1.16169 -1.00555
vt 1.18081 -0.98424
vt 1.19311 -0.94258
vt 1.24386 -1.00258
vt 1.19311 -0.94258
vt 1.28430 -0.91478
vt 1.24386 -1.00258
vt 1.19311 -0.94258
vt 1.18513 -0.90326
vt 1.28430 -0.91478
vt 1.18513 -0.90326
vt 1.22046 -0.92192
vt 1.28430 -0.91478
vt 1.18513 -0.90326
vt 1.15213 -0.89465
vt 1.22046 -0.92192
vt 1.15213 -0.89465
vt 1.17116 -0.90369
vt 1.22046 -0.92192
vt 1.15213 -0.89465
vt 1.11258 -0.95371
vt 1.17116 -0.90369
vt 1.11258 -0.95371
vt 1.10410 -0.90035
vt 1.17116 -0.90369
vt 1.11258 -0.95371
vt 1.07300 -0.93537
vt 1.10410 -0.90035
vt 1.07300 -0.93537
vt 1.02813 -0.92781
vt 1.10410 -0.90035
vt 1.07300 -0.93537
vt 1.04305 -0.95887
vt 1.02813 -0.92781
vt 1.04305 -0.95887
vt 0.98931 -0.99906
vt 1.02813 -0.92781
vt 1.04305 -0.95887
vt 1.04319 -1.00118
vt 0.98931 -0.99906
vt 1.04319 -1.00118
vt 1.00728 -1.06493
vt 0.98931 -0.99906
vt 1.04319 -1.00118
vt 1.06322 -1.03074
vt 1.00728 -1.06493
vt 1.06322 -1.03074
vt 0.99520 -1.09905
vt 1.00728 -1.06493
vt 1.06322 -1.03074
vt 1.09090 -1.03814
vt 0.99520 -1.09905
vt 1.09090 -1.03814
vt 1.05803 -1.11531
vt 0.99520 -1.09905
vt 1.09090 -1.03814
vt 1.12843 -1.01039
vt 1.05803 -1.11531
vt 1.12843 -1.01039
vt 1.13340 -1.09877
vt 1.05803 -1.11531
vt 1.12843 -1.01039
vt 1.16169 -1.00555
vt 1.13340 -1.09877
vt 1.16169 -1.00555
vt 1.19202 -1.06159
vt 1.13340 -1.09877
vt 1.16169 -1.00555
vt 1.18081 -0.98424
vt 1.19202 -1.06159
vt 1.18081 -0.98424
vt 1.24386 -1.00258
vt 1.19202 -1.06159
vt 1.24386 -1.00258
vt 1.28430 -0.91478
vt 1.29190 -1.04255
vt 1.28430 -0.91478
vt 1.29369 -0.97502
vt 1.29190 -1.04255
vt 1.28430 -0.91478
vt 1.22046 -0.92192
vt 1.29369 -0.97502
vt 1.22046 -0.92192
vt 1.24933 -0.93707
vt 1.29369 -0.97502
vt 1.22046 -0.92192
vt 1.17116 -0.90369
vt 1.24933 -0.93707
vt 1.17116 -0.90369
vt 1.19656 -0.88679
vt 1.24933 -0.93707
vt 1.17116 -0.90369
vt 1.10410 -0.90035
vt 1.19656 -0.88679
vt 1.10410 -0.90035
vt 1.09673 -0.88780
vt 1.19656 -0.88679
vt 1.10410 -0.90035
vt 1.02813 -0.92781
vt 1.09673 -0.88780
vt 1.02813 -0.92781
vt 1.02754 -0.98909
vt 1.09673 -0.88780
vt 1.02813 -0.92781
vt 0.98931 -0.99906
vt 1.02754 -0.98909
vt 0.98931 -0.99906
vt 0.95931 -1.04669
vt 1.02754 -0.98909
vt 0.98931 -0.99906
vt 1.00728 -1.06493
vt 0.95931 -1.04669
vt 1.00728 -1.06493
vt 0.93175 -1.11929
vt 0.95931 -1.04669
vt 1.00728 -1.06493
vt 0.99520 -1.09905
vt 0.93175 -1.11929
vt 0.99520 -1.09905
vt 0.95502 -1.18133
vt 0.93175 -1.11929
vt 0.99520 -1.09905
vt 1.05803 -1.11531
vt 0.95502 -1.18133
vt 1.05803 -1.11531
vt 1.04874 -1.18761
vt 0.95502 -1.18133
vt 1.05803 -1.11531
vt 1.13340 -1.09877
vt 1.04874 -1.18761
vt 1.13340 -1.09877
vt 1.13501 -1.16039
vt 1.04874 -1.18761
vt 1.13340 -1.09877
vt 1.19202 -1.06159
vt 1.13501 -1.16039
vt 1.19202 -1.06159
vt 1.24167 -1.12178
vt 1.13501 -1.16039
vt 1.19202 -1.06159
vt 1.24386 -1.00258
vt 1.24167 -1.12178
vt 1.24386 -1.00258
vt 1.29190 -1.04255
vt 1.24167 -1.12178
vt 1.29190 -1.04255
vt 1.29369 -0.97502
vt 1.27892 -1.09628
vt 1.29369 -0.97502
vt 1.29478 -1.02447
vt 1.27892 -1.09628
vt 1.29369 -0.97502
vt 1.24933 -0.93707
vt 1.29478 -1.02447
vt 1.24933 -0.93707
vt 1.30559 -0.93391
vt 1.29478 -1.02447
vt 1.24933 -0.93707
vt 1.19656 -0.88679
vt 1.30559 -0.93391
vt 1.19656 -0.88679
vt 1.19872 -0.93671
vt 1.30559 -0.93391
vt 1.19656 -0.88679
vt 1.09673 -0.88780
vt 1.19872 -0.93671
vt 1.09673 -0.88780
vt 1.09927 -0.96472
vt 1.19872 -0.93671
vt 1.09673 -0.88780
vt 1.02754 -0.98909
vt 1.09927 -0.96472
vt 1.02754 -0.98909
vt 1.01491 -1.02447
vt 1.09927 -0.96472
vt 1.02754 -0.98909
vt 0.95931 -1.04669
vt 1.01491 -1.02447
vt 0.95931 -1.04669
vt 0.91892 -1.09628
vt 1.01491 -1.02447
vt 0.95931 -1.04669
vt 0.93175 -1.11929
vt 0.91892 -1.09628
vt 0.93175 -1.11929
vt 0.90301 -1.18447
vt 0.91892 -1.09628
vt 0.93175 -1.11929
vt 0.95502 -1.18133
vt 0.90301 -1.18447
vt 0.95502 -1.18133
vt 0.98702 -1.21104
vt 0.90301 -1.18447
vt 0.95502 -1.18133
vt 1.04874 -1.18761
vt 0.98702 -1.21104
vt 1.04874 -1.18761
vt 1.03872 -1.25671
vt 0.98702 -1.21104
vt 1.04874 -1.18761
vt 1.13501 -1.16039
vt 1.03872 -1.25671
vt 1.13501 -1.16039
vt 1.14070 -1.24185
vt 1.03872 -1.25671
vt 1.13501 -1.16039
vt 1.24167 -1.12178
vt 1.14070 -1.24185
vt 1.24167 -1.12178
vt 1.24668 -1.18447
vt 1.14070 -1.24185
vt 1.24167 -1.12178
vt 1.29190 -1.04255
vt 1.24668 -1.18447
vt 1.29190 -1.04255
vt 1.27892 -1.09628
vt 1.24668 -1.18447
vt 1.27892 -1.09628
vt 1.29478 -1.02447
vt 1.29272 -1.15027
vt 1.29478 -1.02447
vt 1.31061 -1.07272
vt 1.29272 -1.15027
vt 1.29478 -1.02447
vt 1.30559 -0.93391
vt 1.31061 -1.07272
vt 1.30559 -0.93391
vt 1.27716 -1.01418
vt 1.31061 -1.07272
vt 1.30559 -0.93391
vt 1.19872 -0.93671
vt 1.27716 -1.01418
vt 1.19872 -0.93671
vt 1.18137 -1.01505
vt 1.27716 -1.01418
vt 1.19872 -0.93671
vt 1.09927 -0.96472
vt 1.18137 -1.01505
vt 1.09927 -0.96472
vt 1.10035 -1.02212
vt 1.18137 -1.01505
vt 1.09927 -0.96472
vt 1.01491 -1.02447
vt 1.10035 -1.02212
vt 1.01491 -1.02447
vt 0.99355 -1.07023
vt 1.10035 -1.02212
vt 1.01491 -1.02447
vt 0.91892 -1.09628
vt 0.99355 -1.07023
vt 0.91892 -1.09628
vt 0.96012 -1.14562
vt 0.99355 -1.07023
vt 0.91892 -1.09628
vt 0.90301 -1.18447
vt 0.96012 -1.14562
vt 0.90301 -1.18447
vt 0.94866 -1.21443
vt 0.96012 -1.14562
vt 0.90301 -1.18447
vt 0.98702 -1.21104
vt 0.94866 -1.21443
vt 0.98702 -1.21104
vt 0.98284 -1.26245
vt 0.94866 -1.21443
vt 0.98702 -1.21104
vt 1.03872 -1.25671
vt 0.98284 -1.26245
vt 1.03872 -1.25671
vt 1.03355 -1.32674
vt 0.98284 -1.26245
vt 1.03872 -1.25671
vt 1.14070 -1.24185
vt 1.03355 -1.32674
vt 1.14070 -1.24185
vt 1.13863 -1.28113
vt 1.03355 -1.32674
vt 1.14070 -1.24185
vt 1.24668 -1.18447
vt 1.13863 -1.28113
vt 1.24668 -1.18447
vt 1.20768 -1.20037
vt 1.13863 -1.28113
vt 1.24668 -1.18447
vt 1.27892 -1.09628
vt 1.20768 -1.20037
vt 1.27892 -1.09628
vt 1.29272 -1.15027
vt 1.20768 -1.20037
vt 1.29272 -1.15027
vt 1.31061 -1.07272
vt 1.26858 -1.20852
vt 1.31061 -1.07272
vt 1.25064 -1.13326
vt 1.26858 -1.20852
vt 1.31061 -1.07272
vt 1.27716 -1.01418
vt 1.25064 -1.13326
vt 1.27716 -1.01418
vt 1.21531 -1.09412
vt 1.25064 -1.13326
vt 1.27716 -1.01418
vt 1.18137 -1.01505
vt 1.21531 -1.09412
vt 1.18137 -1.01505
vt 1.18006 -1.07718
vt 1.21531 -1.09412
vt 1.18137 -1.01505
vt 1.10035 -1.02212
vt 1.18006 -1.07718
vt 1.10035 -1.02212
vt 1.10343 -1.09361
vt 1.18006 -1.07718
vt 1.10035 -1.02212
vt 0.99355 -1.07023
vt 1.10343 -1.09361
vt 0.99355 -1.07023
vt 1.03400 -1.13659
vt 1.10343 -1.09361
vt 0.99355 -1.07023
vt 0.96012 -1.14562
vt 1.03400 -1.13659
vt 0.96012 -1.14562
vt 1.01403 -1.17496
vt 1.03400 -1.13659
vt 0.96012 -1.14562
vt 0.94866 -1.21443
vt 1.01403 -1.17496
vt 0.94866 -1.21443
vt 0.97362 -1.25578
vt 1.01403 -1.17496
vt 0.94866 -1.21443
vt 0.98284 -1.26245
vt 0.97362 -1.25578
vt 0.98284 -1.26245
vt 0.99005 -1.31764
vt 0.97362 -1.25578
vt 0.98284 -1.26245
vt 1.03355 -1.32674
vt 0.99005 -1.31764
vt 1.03355 -1.32674
vt 1.06692 -1.28808
vt 0.99005 -1.31764
vt 1.03355 -1.32674
vt 1.13863 -1.28113
vt 1.06692 -1.28808
vt 1.13863 -1.28113
vt 1.13273 -1.27838
vt 1.06692 -1.28808
vt 1.13863 -1.28113
vt 1.20768 -1.20037
vt 1.13273 -1.27838
vt 1.20768 -1.20037
vt 1.19788 -1.24274
vt 1.13273 -1.27838
vt 1.20768 -1.20037
vt 1.29272 -1.15027
vt 1.19788 -1.24274
vt 1.29272 -1.15027
vt 1.26858 -1.20852
vt 1.19788 -1.24274
vt 1.26858 -1.20852
vt 1.25064 -1.13326
vt 1.18067 -1.20806
vt 1.25064 -1.13326
vt 1.19021 -1.18576
vt 1.18067 -1.20806
vt 1.25064 -1.13326
vt 1.21531 -1.09412
vt 1.19021 -1.18576
vt 1.21531 -1.09412
vt 1.18035 -1.16852
vt 1.19021 -1.18576
vt 1.21531 -1.09412
vt 1.18006 -1.07718
vt 1.18035 -1.16852
vt 1.18006 -1.07718
vt 1.15474 -1.17053
vt 1.18035 -1.16852
vt 1.18006 -1.07718
vt 1.10343 -1.09361
vt 1.15474 -1.17053
vt 1.10343 -1.09361
vt 1.11196 -1.15940
vt 1.15474 -1.17053
vt 1.10343 -1.09361
vt 1.03400 -1.13659
vt 1.11196 -1.15940
vt 1.03400 -1.13659
vt 1.07883 -1.18139
vt 1.11196 -1.15940
vt 1.03400 -1.13659
vt 1.01403 -1.17496
vt 1.07883 -1.18139
vt 1.01403 -1.17496
vt 1.04291 -1.23394
vt 1.07883 -1.18139
vt 1.01403 -1.17496
vt 0.97362 -1.25578
vt 1.04291 -1.23394
vt 0.97362 -1.25578
vt 1.04028 -1.25927
vt 1.04291 -1.23394
vt 0.97362 -1.25578
vt 0.99005 -1.31764
vt 1.04028 -1.25927
vt 0.99005 -1.31764
vt 1.05844 -1.27269
vt 1.04028 -1.25927
vt 0.99005 -1.31764
vt 1.06692 -1.28808
vt 1.05844 -1.27269
vt 1.06692 -1.28808
vt 1.09351 -1.25073
vt 1.05844 -1.27269
vt 1.06692 -1.28808
vt 1.13273 -1.27838
vt 1.09351 -1.25073
vt 1.13273 -1.27838
vt 1.12781 -1.29529
vt 1.09351 -1.25073
vt 1.13273 -1.27838
vt 1.19788 -1.24274
vt 1.12781 -1.29529
vt 1.19788 -1.24274
vt 1.16753 -1.26647
vt 1.12781 -1.29529
vt 1.19788 -1.24274
vt 1.26858 -1.20852
vt 1.16753 -1.26647
vt 1.26858 -1.20852
vt 1.18067 -1.20806
vt 1.16753 -1.26647
vt 1.18067 -1.20806
vt 1.19021 -1.18576
vt 1.11894 -1.21274
vt 1.19021 -1.18576
vt 1.18035 -1.16852
vt 1.11894 -1.25448
vt 1.18035 -1.16852
vt 1.15474 -1.17053
vt 1.11894 -1.23565
vt 1.15474 -1.17053
vt 1.11196 -1.15940
vt 1.11894 -1.21627
vt 1.11196 -1.15940
vt 1.07883 -1.18139
vt 1.11894 -1.22691
vt 1.07883 -1.18139
vt 1.04291 -1.23394
vt 1.11894 -1.23811
vt 1.04291 -1.23394
vt 1.04028 -1.25927
vt 1.11894 -1.24982
vt 1.04028 -1.25927
vt 1.05844 -1.27269
vt 1.11894 -1.20808
vt 1.05844 -1.27269
vt 1.09351 -1.25073
vt 1.11894 -1.22691
vt 1.09351 -1.25073
vt 1.12781 -1.29529
vt 1.11894 -1.24629
vt 1.12781 -1.29529
vt 1.16753 -1.26647
vt 1.11894 -1.23565
vt 1.16753 -1.26647
vt 1.18067 -1.20806
vt 1.11894 -1.22445
vt -1.79941 -1.13056
vt -1.73126 -1.13167
vt -1.72295 -1.13447
vt -1.79941 -1.14135
vt -1.74613 -1.11752
vt -1.73126 -1.13167
vt -1.79941 -1.15345
vt -1.76376 -1.05635
vt -1.74613 -1.11752
vt -1.79941 -1.13447
vt -1.80745 -1.09271
vt -1.76376 -1.05635
vt -1.79941 -1.11419
vt -1.84179 -1.12447
vt -1.80745 -1.09271
vt -1.79941 -1.15553
vt -1.86072 -1.16190
vt -1.84179 -1.12447
vt -1.79941 -1.14526
vt -1.88118 -1.17026
vt -1.86072 -1.16190
vt -1.79941 -1.13447
vt -1.86803 -1.19220
vt -1.88118 -1.17026
vt -1.79941 -1.12238
vt -1.82499 -1.21987
vt -1.86803 -1.19220
vt -1.79941 -1.14135
vt -1.79159 -1.20220
vt -1.82499 -1.21987
vt -1.79941 -1.16163
vt -1.75310 -1.17463
vt -1.79159 -1.20220
vt -1.79941 -1.12030
vt -1.72295 -1.13447
vt -1.75310 -1.17463
vt -1.72295 -1.13447
vt -1.73126 -1.13167
vt -1.69423 -1.19403
vt -1.73126 -1.13167
vt -1.65688 -1.11647
vt -1.69423 -1.19403
vt -1.73126 -1.13167
vt -1.74613 -1.11752
vt -1.65688 -1.11647
vt -1.74613 -1.11752
vt -1.68042 -1.06854
vt -1.65688 -1.11647
vt -1.74613 -1.11752
vt -1.76376 -1.05635
vt -1.68042 -1.06854
vt -1.76376 -1.05635
vt -1.73786 -1.04594
vt -1.68042 -1.06854
vt -1.76376 -1.05635
vt -1.80745 -1.09271
vt -1.73786 -1.04594
vt -1.80745 -1.09271
vt -1.81198 -1.10699
vt -1.73786 -1.04594
vt -1.80745 -1.09271
vt -1.84179 -1.12447
vt -1.81198 -1.10699
vt -1.84179 -1.12447
vt -1.87671 -1.12951
vt -1.81198 -1.10699
vt -1.84179 -1.12447
vt -1.86072 -1.16190
vt -1.87671 -1.12951
vt -1.86072 -1.16190
vt -1.94879 -1.16088
vt -1.87671 -1.12951
vt -1.86072 -1.16190
vt -1.88118 -1.17026
vt -1.94879 -1.16088
vt -1.88118 -1.17026
vt -1.93391 -1.23515
vt -1.94879 -1.16088
vt -1.88118 -1.17026
vt -1.86803 -1.19220
vt -1.93391 -1.23515
vt -1.86803 -1.19220
vt -1.90568 -1.27529
vt -1.93391 -1.23515
vt -1.86803 -1.19220
vt -1.82499 -1.21987
vt -1.90568 -1.27529
vt -1.82499 -1.21987
vt -1.85100 -1.28903
vt -1.90568 -1.27529
vt -1.82499 -1.21987
vt -1.79159 -1.20220
vt -1.85100 -1.28903
vt -1.79159 -1.20220
vt -1.78268 -1.27579
vt -1.85100 -1.28903
vt -1.79159 -1.20220
vt -1.75310 -1.17463
vt -1.78268 -1.27579
vt -1.75310 -1.17463
vt -1.71282 -1.23181
vt -1.78268 -1.27579
vt -1.75310 -1.17463
vt -1.72295 -1.13447
vt -1.71282 -1.23181
vt -1.72295 -1.13447
vt -1.69423 -1.19403
vt -1.71282 -1.23181
vt -1.69423 -1.19403
vt -1.65688 -1.11647
vt -1.64190 -1.22398
vt -1.65688 -1.11647
vt -1.58730 -1.12573
vt -1.64190 -1.22398
vt -1.65688 -1.11647
vt -1.68042 -1.06854
vt -1.58730 -1.12573
vt -1.68042 -1.06854
vt -1.65534 -1.09700
vt -1.58730 -1.12573
vt -1.68042 -1.06854
vt -1.73786 -1.04594
vt -1.65534 -1.09700
vt -1.73786 -1.04594
vt -1.73705 -1.10460
vt -1.65534 -1.09700
vt -1.73786 -1.04594
vt -1.81198 -1.10699
vt -1.73705 -1.10460
vt -1.81198 -1.10699
vt -1.81984 -1.08113
vt -1.73705 -1.10460
vt -1.81198 -1.10699
vt -1.87671 -1.12951
vt -1.81984 -1.08113
vt -1.87671 -1.12951
vt -1.91291 -1.13980
vt -1.81984 -1.08113
vt -1.87671 -1.12951
vt -1.94879 -1.16088
vt -1.91291 -1.13980
vt -1.94879 -1.16088
vt -1.97450 -1.21852
vt -1.91291 -1.13980
vt -1.94879 -1.16088
vt -1.93391 -1.23515
vt -1.97450 -1.21852
vt -1.93391 -1.23515
vt -1.94925 -1.29133
vt -1.97450 -1.21852
vt -1.93391 -1.23515
vt -1.90568 -1.27529
vt -1.94925 -1.29133
vt -1.90568 -1.27529
vt -1.94966 -1.35087
vt -1.94925 -1.29133
vt -1.90568 -1.27529
vt -1.85100 -1.28903
vt -1.94966 -1.35087
vt -1.85100 -1.28903
vt -1.88487 -1.38409
vt -1.94966 -1.35087
vt -1.85100 -1.28903
vt -1.78268 -1.27579
vt -1.88487 -1.38409
vt -1.78268 -1.27579
vt -1.78156 -1.34412
vt -1.88487 -1.38409
vt -1.78268 -1.27579
vt -1.71282 -1.23181
vt -1.78156 -1.34412
vt -1.71282 -1.23181
vt -1.69878 -1.29382
vt -1.78156 -1.34412
vt -1.71282 -1.23181
vt -1.69423 -1.19403
vt -1.69878 -1.29382
vt -1.69423 -1.19403
vt -1.64190 -1.22398
vt -1.69878 -1.29382
vt -1.64190 -1.22398
vt -1.58730 -1.12573
vt -1.59870 -1.27291
vt -1.58730 -1.12573
vt -1.62223 -1.20055
vt -1.59870 -1.27291
vt -1.58730 -1.12573
vt -1.65534 -1.09700
vt -1.62223 -1.20055
vt -1.65534 -1.09700
vt -1.64880 -1.14189
vt -1.62223 -1.20055
vt -1.65534 -1.09700
vt -1.73705 -1.10460
vt -1.64880 -1.14189
vt -1.73705 -1.10460
vt -1.72017 -1.11444
vt -1.64880 -1.14189
vt -1.73705 -1.10460
vt -1.81984 -1.08113
vt -1.72017 -1.11444
vt -1.81984 -1.08113
vt -1.82377 -1.11000
vt -1.72017 -1.11444
vt -1.81984 -1.08113
vt -1.91291 -1.13980
vt -1.82377 -1.11000
vt -1.91291 -1.13980
vt -1.90423 -1.20055
vt -1.82377 -1.11000
vt -1.91291 -1.13980
vt -1.97450 -1.21852
vt -1.90423 -1.20055
vt -1.97450 -1.21852
vt -1.95870 -1.27291
vt -1.90423 -1.20055
vt -1.97450 -1.21852
vt -1.94925 -1.29133
vt -1.95870 -1.27291
vt -1.94925 -1.29133
vt -2.01400 -1.36055
vt -1.95870 -1.27291
vt -1.94925 -1.29133
vt -1.94966 -1.35087
vt -2.01400 -1.36055
vt -1.94966 -1.35087
vt -1.96737 -1.41902
vt -2.01400 -1.36055
vt -1.94966 -1.35087
vt -1.88487 -1.38409
vt -1.96737 -1.41902
vt -1.88487 -1.38409
vt -1.88017 -1.43444
vt -1.96737 -1.41902
vt -1.88487 -1.38409
vt -1.78156 -1.34412
vt -1.88017 -1.43444
vt -1.78156 -1.34412
vt -1.78233 -1.38713
vt -1.88017 -1.43444
vt -1.78156 -1.34412
vt -1.69878 -1.29382
vt -1.78233 -1.38713
vt -1.69878 -1.29382
vt -1.67246 -1.36055
vt -1.78233 -1.38713
vt -1.69878 -1.29382
vt -1.64190 -1.22398
vt -1.67246 -1.36055
vt -1.64190 -1.22398
vt -1.59870 -1.27291
vt -1.67246 -1.36055
vt -1.59870 -1.27291
vt -1.62223 -1.20055
vt -1.63897 -1.32275
vt -1.62223 -1.20055
vt -1.64605 -1.25406
vt -1.63897 -1.32275
vt -1.62223 -1.20055
vt -1.64880 -1.14189
vt -1.64605 -1.25406
vt -1.64880 -1.14189
vt -1.62938 -1.18469
vt -1.64605 -1.25406
vt -1.64880 -1.14189
vt -1.72017 -1.11444
vt -1.62938 -1.18469
vt -1.72017 -1.11444
vt -1.72133 -1.17133
vt -1.62938 -1.18469
vt -1.72017 -1.11444
vt -1.82377 -1.11000
vt -1.72133 -1.17133
vt -1.82377 -1.11000
vt -1.81647 -1.20488
vt -1.72133 -1.17133
vt -1.82377 -1.11000
vt -1.90423 -1.20055
vt -1.81647 -1.20488
vt -1.90423 -1.20055
vt -1.90213 -1.25157
vt -1.81647 -1.20488
vt -1.90423 -1.20055
vt -1.95870 -1.27291
vt -1.90213 -1.25157
vt -1.95870 -1.27291
vt -1.97157 -1.32639
vt -1.90213 -1.25157
vt -1.95870 -1.27291
vt -2.01400 -1.36055
vt -1.97157 -1.32639
vt -2.01400 -1.36055
vt -2.00800 -1.41764
vt -1.97157 -1.32639
vt -2.01400 -1.36055
vt -1.96737 -1.41902
vt -2.00800 -1.41764
vt -1.96737 -1.41902
vt -1.92370 -1.42466
vt -2.00800 -1.41764
vt -1.96737 -1.41902
vt -1.88017 -1.43444
vt -1.92370 -1.42466
vt -1.88017 -1.43444
vt -1.86916 -1.46115
vt -1.92370 -1.42466
vt -1.88017 -1.43444
vt -1.78233 -1.38713
vt -1.86916 -1.46115
vt -1.78233 -1.38713
vt -1.77818 -1.47218
vt -1.86916 -1.46115
vt -1.78233 -1.38713
vt -1.67246 -1.36055
vt -1.77818 -1.47218
vt -1.67246 -1.36055
vt -1.68801 -1.40358
vt -1.77818 -1.47218
vt -1.67246 -1.36055
vt -1.59870 -1.27291
vt -1.68801 -1.40358
vt -1.59870 -1.27291
vt -1.63897 -1.32275
vt -1.68801 -1.40358
vt -1.63897 -1.32275
vt -1.64605 -1.25406
vt -1.67075 -1.36941
vt -1.64605 -1.25406
vt -1.64622 -1.31593
vt -1.67075 -1.36941
vt -1.64605 -1.25406
vt -1.62938 -1.18469
vt -1.64622 -1.31593
vt -1.62938 -1.18469
vt -1.68447 -1.27034
vt -1.64622 -1.31593
vt -1.62938 -1.18469
vt -1.72133 -1.17133
vt -1.68447 -1.27034
vt -1.72133 -1.17133
vt -1.74707 -1.25655
vt -1.68447 -1.27034
vt -1.72133 -1.17133
vt -1.81647 -1.20488
vt -1.74707 -1.25655
vt -1.81647 -1.20488
vt -1.81251 -1.27066
vt -1.74707 -1.25655
vt -1.81647 -1.20488
vt -1.90213 -1.25157
vt -1.81251 -1.27066
vt -1.90213 -1.25157
vt -1.89707 -1.31926
vt -1.81251 -1.27066
vt -1.90213 -1.25157
vt -1.97157 -1.32639
vt -1.89707 -1.31926
vt -1.97157 -1.32639
vt -1.92531 -1.36733
vt -1.89707 -1.31926
vt -1.97157 -1.32639
vt -2.00800 -1.41764
vt -1.92531 -1.36733
vt -2.00800 -1.41764
vt -1.92324 -1.40882
vt -1.92531 -1.36733
vt -2.00800 -1.41764
vt -1.92370 -1.42466
vt -1.92324 -1.40882
vt -1.92370 -1.42466
vt -1.90973 -1.46239
vt -1.92324 -1.40882
vt -1.92370 -1.42466
vt -1.86916 -1.46115
vt -1.90973 -1.46239
vt -1.86916 -1.46115
vt -1.86020 -1.49708
vt -1.90973 -1.46239
vt -1.86916 -1.46115
vt -1.77818 -1.47218
vt -1.86020 -1.49708
vt -1.77818 -1.47218
vt -1.78321 -1.48690
vt -1.86020 -1.49708
vt -1.77818 -1.47218
vt -1.68801 -1.40358
vt -1.78321 -1.48690
vt -1.68801 -1.40358
vt -1.73318 -1.39579
vt -1.78321 -1.48690
vt -1.68801 -1.40358
vt -1.63897 -1.32275
vt -1.73318 -1.39579
vt -1.63897 -1.32275
vt -1.67075 -1.36941
vt -1.73318 -1.39579
vt -1.67075 -1.36941
vt -1.64622 -1.31593
vt -1.72346 -1.41044
vt -1.64622 -1.31593
vt -1.72117 -1.37113
vt -1.72346 -1.41044
vt -1.64622 -1.31593
vt -1.68447 -1.27034
vt -1.72117 -1.37113
vt -1.68447 -1.27034
vt -1.75058 -1.33035
vt -1.72117 -1.37113
vt -1.68447 -1.27034
vt -1.74707 -1.25655
vt -1.75058 -1.33035
vt -1.74707 -1.25655
vt -1.76646 -1.34126
vt -1.75058 -1.33035
vt -1.74707 -1.25655
vt -1.81251 -1.27066
vt -1.76646 -1.34126
vt -1.81251 -1.27066
vt -1.80803 -1.35084
vt -1.76646 -1.34126
vt -1.81251 -1.27066
vt -1.89707 -1.31926
vt -1.80803 -1.35084
vt -1.89707 -1.31926
vt -1.84364 -1.36677
vt -1.80803 -1.35084
vt -1.89707 -1.31926
vt -1.92531 -1.36733
vt -1.84364 -1.36677
vt -1.92531 -1.36733
vt -1.86122 -1.38483
vt -1.84364 -1.36677
vt -1.92531 -1.36733
vt -1.92324 -1.40882
vt -1.86122 -1.38483
vt -1.92324 -1.40882
vt -1.87110 -1.42146
vt -1.86122 -1.38483
vt -1.92324 -1.40882
vt -1.90973 -1.46239
vt -1.87110 -1.42146
vt -1.90973 -1.46239
vt -1.87249 -1.48601
vt -1.87110 -1.42146
vt -1.90973 -1.46239
vt -1.86020 -1.49708
vt -1.87249 -1.48601
vt -1.86020 -1.49708
vt -1.82769 -1.44464
vt -1.87249 -1.48601
vt -1.86020 -1.49708
vt -1.78321 -1.48690
vt -1.82769 -1.44464
vt -1.78321 -1.48690
vt -1.79217 -1.43522
vt -1.82769 -1.44464
vt -1.78321 -1.48690
vt -1.73318 -1.39579
vt -1.79217 -1.43522
vt -1.73318 -1.39579
vt -1.75495 -1.42867
vt -1.79217 -1.43522
vt -1.73318 -1.39579
vt -1.67075 -1.36941
vt -1.75495 -1.42867
vt -1.67075 -1.36941
vt -1.72346 -1.41044
vt -1.75495 -1.42867
vt -1.72346 -1.41044
vt -1.72117 -1.37113
vt -1.79941 -1.39030
vt -1.72117 -1.37113
vt -1.75058 -1.33035
vt -1.79941 -1.40056
vt -1.75058 -1.33035
vt -1.76646 -1.34126
vt -1.79941 -1.41135
vt -1.76646 -1.34126
vt -1.80803 -1.35084
vt -1.79941 -1.42345
vt -1.80803 -1.35084
vt -1.84364 -1.36677
vt -1.79941 -1.40447
vt -1.84364 -1.36677
vt -1.86122 -1.38483
vt -1.79941 -1.38419
vt -1.86122 -1.38483
vt -1.87110 -1.42146
vt -1.79941 -1.42553
vt -1.87110 -1.42146
vt -1.87249 -1.48601
vt -1.79941 -1.41526
vt -1.87249 -1.48601
vt -1.82769 -1.44464
vt -1.79941 -1.40447
vt -1.82769 -1.44464
vt -1.79217 -1.43522
vt -1.79941 -1.39238
vt -1.79217 -1.43522
vt -1.75495 -1.42867
vt -1.79941 -1.41135
vt -1.75495 -1.42867
vt -1.72346 -1.41044
vt -1.79941 -1.43163
vt -1.41278 -0.78857
vt -1.33181 -0.73035
vt -1.34955 -0.78366
vt -1.41278 -0.75518
vt -1.34778 -0.70861
vt -1.33181 -0.73035
vt -1.41278 -0.74589
vt -1.38236 -0.71336
vt -1.34778 -0.70861
vt -1.41278 -0.77109
vt -1.41929 -0.75208
vt -1.38236 -0.71336
vt -1.41278 -0.77220
vt -1.46274 -0.72314
vt -1.41929 -0.75208
vt -1.41278 -0.76936
vt -1.48732 -0.76317
vt -1.46274 -0.72314
vt -1.41278 -0.73770
vt -1.48173 -0.81157
vt -1.48732 -0.76317
vt -1.41278 -0.77109
vt -1.46969 -0.83119
vt -1.48173 -0.81157
vt -1.41278 -0.78039
vt -1.44359 -0.83424
vt -1.46969 -0.83119
vt -1.41278 -0.75518
vt -1.40344 -0.81366
vt -1.44359 -0.83424
vt -1.41278 -0.75407
vt -1.37404 -0.81594
vt -1.40344 -0.81366
vt -1.41278 -0.75692
vt -1.34955 -0.78366
vt -1.37404 -0.81594
vt -1.34955 -0.78366
vt -1.33181 -0.73035
vt -1.27815 -0.79716
vt -1.33181 -0.73035
vt -1.25473 -0.72467
vt -1.27815 -0.79716
vt -1.33181 -0.73035
vt -1.34778 -0.70861
vt -1.25473 -0.72467
vt -1.34778 -0.70861
vt -1.31985 -0.73853
vt -1.25473 -0.72467
vt -1.34778 -0.70861
vt -1.38236 -0.71336
vt -1.31985 -0.73853
vt -1.38236 -0.71336
vt -1.35757 -0.69454
vt -1.31985 -0.73853
vt -1.38236 -0.71336
vt -1.41929 -0.75208
vt -1.35757 -0.69454
vt -1.41929 -0.75208
vt -1.42874 -0.68745
vt -1.35757 -0.69454
vt -1.41929 -0.75208
vt -1.46274 -0.72314
vt -1.42874 -0.68745
vt -1.46274 -0.72314
vt -1.49926 -0.73770
vt -1.42874 -0.68745
vt -1.46274 -0.72314
vt -1.48732 -0.76317
vt -1.49926 -0.73770
vt -1.48732 -0.76317
vt -1.53271 -0.80819
vt -1.49926 -0.73770
vt -1.48732 -0.76317
vt -1.48173 -0.81157
vt -1.53271 -0.80819
vt -1.48173 -0.81157
vt -1.53175 -0.86473
vt -1.53271 -0.80819
vt -1.48173 -0.81157
vt -1.46969 -0.83119
vt -1.53175 -0.86473
vt -1.46969 -0.83119
vt -1.54511 -0.90110
vt -1.53175 -0.86473
vt -1.46969 -0.83119
vt -1.44359 -0.83424
vt -1.54511 -0.90110
vt -1.44359 -0.83424
vt -1.47070 -0.91624
vt -1.54511 -0.90110
vt -1.44359 -0.83424
vt -1.40344 -0.81366
vt -1.47070 -0.91624
vt -1.40344 -0.81366
vt -1.39944 -0.90043
vt -1.47070 -0.91624
vt -1.40344 -0.81366
vt -1.37404 -0.81594
vt -1.39944 -0.90043
vt -1.37404 -0.81594
vt -1.33537 -0.86140
vt -1.39944 -0.90043
vt -1.37404 -0.81594
vt -1.34955 -0.78366
vt -1.33537 -0.86140
vt -1.34955 -0.78366
vt -1.27815 -0.79716
vt -1.33537 -0.86140
vt -1.27815 -0.79716
vt -1.25473 -0.72467
vt -1.25278 -0.84843
vt -1.25473 -0.72467
vt -1.24711 -0.78319
vt -1.25278 -0.84843
vt -1.25473 -0.72467
vt -1.31985 -0.73853
vt -1.24711 -0.78319
vt -1.31985 -0.73853
vt -1.27091 -0.72492
vt -1.24711 -0.78319
vt -1.31985 -0.73853
vt -1.35757 -0.69454
vt -1.27091 -0.72492
vt -1.35757 -0.69454
vt -1.33145 -0.67862
vt -1.27091 -0.72492
vt -1.35757 -0.69454
vt -1.42874 -0.68745
vt -1.33145 -0.67862
vt -1.42874 -0.68745
vt -1.43350 -0.70367
vt -1.33145 -0.67862
vt -1.42874 -0.68745
vt -1.49926 -0.73770
vt -1.43350 -0.70367
vt -1.49926 -0.73770
vt -1.49879 -0.79725
vt -1.43350 -0.70367
vt -1.49926 -0.73770
vt -1.53271 -0.80819
vt -1.49879 -0.79725
vt -1.53271 -0.80819
vt -1.58538 -0.84452
vt -1.49879 -0.79725
vt -1.53271 -0.80819
vt -1.53175 -0.86473
vt -1.58538 -0.84452
vt -1.53175 -0.86473
vt -1.60906 -0.92227
vt -1.58538 -0.84452
vt -1.53175 -0.86473
vt -1.54511 -0.90110
vt -1.60906 -0.92227
vt -1.54511 -0.90110
vt -1.56522 -0.97724
vt -1.60906 -0.92227
vt -1.54511 -0.90110
vt -1.47070 -0.91624
vt -1.56522 -0.97724
vt -1.47070 -0.91624
vt -1.47927 -0.98464
vt -1.56522 -0.97724
vt -1.47070 -0.91624
vt -1.39944 -0.90043
vt -1.47927 -0.98464
vt -1.39944 -0.90043
vt -1.39521 -0.96821
vt -1.47927 -0.98464
vt -1.39944 -0.90043
vt -1.33537 -0.86140
vt -1.39521 -0.96821
vt -1.33537 -0.86140
vt -1.28467 -0.92476
vt -1.39521 -0.96821
vt -1.33537 -0.86140
vt -1.27815 -0.79716
vt -1.28467 -0.92476
vt -1.27815 -0.79716
vt -1.25278 -0.84843
vt -1.28467 -0.92476
vt -1.25278 -0.84843
vt -1.24711 -0.78319
vt -1.25578 -0.89814
vt -1.24711 -0.78319
vt -1.21906 -0.81902
vt -1.25578 -0.89814
vt -1.24711 -0.78319
vt -1.27091 -0.72492
vt -1.21906 -0.81902
vt -1.27091 -0.72492
vt -1.22349 -0.73347
vt -1.21906 -0.81902
vt -1.27091 -0.72492
vt -1.33145 -0.67862
vt -1.22349 -0.73347
vt -1.33145 -0.67862
vt -1.34029 -0.75317
vt -1.22349 -0.73347
vt -1.33145 -0.67862
vt -1.43350 -0.70367
vt -1.34029 -0.75317
vt -1.43350 -0.70367
vt -1.43211 -0.76888
vt -1.34029 -0.75317
vt -1.43350 -0.70367
vt -1.49879 -0.79725
vt -1.43211 -0.76888
vt -1.49879 -0.79725
vt -1.52738 -0.81902
vt -1.43211 -0.76888
vt -1.49879 -0.79725
vt -1.58538 -0.84452
vt -1.52738 -0.81902
vt -1.58538 -0.84452
vt -1.61578 -0.89814
vt -1.52738 -0.81902
vt -1.58538 -0.84452
vt -1.60906 -0.92227
vt -1.61578 -0.89814
vt -1.60906 -0.92227
vt -1.61083 -0.97902
vt -1.61578 -0.89814
vt -1.60906 -0.92227
vt -1.56522 -0.97724
vt -1.61083 -0.97902
vt -1.56522 -0.97724
vt -1.54205 -1.01060
vt -1.61083 -0.97902
vt -1.56522 -0.97724
vt -1.47927 -0.98464
vt -1.54205 -1.01060
vt -1.47927 -0.98464
vt -1.50029 -1.07317
vt -1.54205 -1.01060
vt -1.47927 -0.98464
vt -1.39521 -0.96821
vt -1.50029 -1.07317
vt -1.39521 -0.96821
vt -1.39067 -1.04601
vt -1.50029 -1.07317
vt -1.39521 -0.96821
vt -1.28467 -0.92476
vt -1.39067 -1.04601
vt -1.28467 -0.92476
vt -1.29561 -0.97902
vt -1.39067 -1.04601
vt -1.28467 -0.92476
vt -1.25278 -0.84843
vt -1.29561 -0.97902
vt -1.25278 -0.84843
vt -1.25578 -0.89814
vt -1.29561 -0.97902
vt -1.25578 -0.89814
vt -1.21906 -0.81902
vt -1.22392 -0.95681
vt -1.21906 -0.81902
vt -1.22466 -0.87501
vt -1.22392 -0.95681
vt -1.21906 -0.81902
vt -1.22349 -0.73347
vt -1.22466 -0.87501
vt -1.22349 -0.73347
vt -1.26790 -0.82296
vt -1.22466 -0.87501
vt -1.22349 -0.73347
vt -1.34029 -0.75317
vt -1.26790 -0.82296
vt -1.34029 -0.75317
vt -1.34890 -0.81503
vt -1.26790 -0.82296
vt -1.34029 -0.75317
vt -1.43211 -0.76888
vt -1.34890 -0.81503
vt -1.43211 -0.76888
vt -1.43310 -0.81706
vt -1.34890 -0.81503
vt -1.43211 -0.76888
vt -1.52738 -0.81902
vt -1.43310 -0.81706
vt -1.52738 -0.81902
vt -1.53606 -0.87252
vt -1.43310 -0.81706
vt -1.52738 -0.81902
vt -1.61578 -0.89814
vt -1.53606 -0.87252
vt -1.61578 -0.89814
vt -1.55652 -0.94279
vt -1.53606 -0.87252
vt -1.61578 -0.89814
vt -1.61083 -0.97902
vt -1.55652 -0.94279
vt -1.61083 -0.97902
vt -1.58661 -1.01875
vt -1.55652 -0.94279
vt -1.61083 -0.97902
vt -1.54205 -1.01060
vt -1.58661 -1.01875
vt -1.54205 -1.01060
vt -1.56221 -1.08060
vt -1.58661 -1.01875
vt -1.54205 -1.01060
vt -1.50029 -1.07317
vt -1.56221 -1.08060
vt -1.50029 -1.07317
vt -1.49672 -1.12469
vt -1.56221 -1.08060
vt -1.50029 -1.07317
vt -1.39067 -1.04601
vt -1.49672 -1.12469
vt -1.39067 -1.04601
vt -1.39482 -1.06670
vt -1.49672 -1.12469
vt -1.39067 -1.04601
vt -1.29561 -0.97902
vt -1.39482 -1.06670
vt -1.29561 -0.97902
vt -1.32194 -1.00469
vt -1.39482 -1.06670
vt -1.29561 -0.97902
vt -1.25578 -0.89814
vt -1.32194 -1.00469
vt -1.25578 -0.89814
vt -1.22392 -0.95681
vt -1.32194 -1.00469
vt -1.22392 -0.95681
vt -1.22466 -0.87501
vt -1.26985 -1.00533
vt -1.22466 -0.87501
vt -1.29164 -0.93215
vt -1.26985 -1.00533
vt -1.22466 -0.87501
vt -1.26790 -0.82296
vt -1.29164 -0.93215
vt -1.26790 -0.82296
vt -1.31046 -0.89585
vt -1.29164 -0.93215
vt -1.26790 -0.82296
vt -1.34890 -0.81503
vt -1.31046 -0.89585
vt -1.34890 -0.81503
vt -1.34734 -0.87769
vt -1.31046 -0.89585
vt -1.34890 -0.81503
vt -1.43310 -0.81706
vt -1.34734 -0.87769
vt -1.43310 -0.81706
vt -1.42751 -0.89560
vt -1.34734 -0.87769
vt -1.43310 -0.81706
vt -1.53606 -0.87252
vt -1.42751 -0.89560
vt -1.53606 -0.87252
vt -1.49147 -0.93549
vt -1.42751 -0.89560
vt -1.53606 -0.87252
vt -1.55652 -0.94279
vt -1.49147 -0.93549
vt -1.55652 -0.94279
vt -1.52441 -0.98186
vt -1.49147 -0.93549
vt -1.55652 -0.94279
vt -1.58661 -1.01875
vt -1.52441 -0.98186
vt -1.58661 -1.01875
vt -1.56866 -1.06923
vt -1.52441 -0.98186
vt -1.58661 -1.01875
vt -1.56221 -1.08060
vt -1.56866 -1.06923
vt -1.56221 -1.08060
vt -1.53572 -1.10929
vt -1.56866 -1.06923
vt -1.56221 -1.08060
vt -1.49672 -1.12469
vt -1.53572 -1.10929
vt -1.49672 -1.12469
vt -1.46048 -1.07403
vt -1.53572 -1.10929
vt -1.49672 -1.12469
vt -1.39482 -1.06670
vt -1.46048 -1.07403
vt -1.39482 -1.06670
vt -1.39821 -1.09045
vt -1.46048 -1.07403
vt -1.39482 -1.06670
vt -1.32194 -1.00469
vt -1.39821 -1.09045
vt -1.32194 -1.00469
vt -1.32759 -1.05619
vt -1.39821 -1.09045
vt -1.32194 -1.00469
vt -1.22392 -0.95681
vt -1.32759 -1.05619
vt -1.22392 -0.95681
vt -1.26985 -1.00533
vt -1.32759 -1.05619
vt -1.26985 -1.00533
vt -1.29164 -0.93215
vt -1.35450 -1.00365
vt -1.29164 -0.93215
vt -1.33566 -0.99495
vt -1.35450 -1.00365
vt -1.29164 -0.93215
vt -1.31046 -0.89585
vt -1.33566 -0.99495
vt -1.31046 -0.89585
vt -1.34830 -0.97398
vt -1.33566 -0.99495
vt -1.31046 -0.89585
vt -1.34734 -0.87769
vt -1.34830 -0.97398
vt -1.34734 -0.87769
vt -1.37936 -0.96744
vt -1.34830 -0.97398
vt -1.34734 -0.87769
vt -1.42751 -0.89560
vt -1.37936 -0.96744
vt -1.42751 -0.89560
vt -1.41936 -0.95766
vt -1.37936 -0.96744
vt -1.42751 -0.89560
vt -1.49147 -0.93549
vt -1.41936 -0.95766
vt -1.49147 -0.93549
vt -1.45634 -0.99059
vt -1.41936 -0.95766
vt -1.49147 -0.93549
vt -1.52441 -0.98186
vt -1.45634 -0.99059
vt -1.52441 -0.98186
vt -1.49227 -1.04207
vt -1.45634 -0.99059
vt -1.52441 -0.98186
vt -1.56866 -1.06923
vt -1.49227 -1.04207
vt -1.56866 -1.06923
vt -1.48559 -1.04901
vt -1.49227 -1.04207
vt -1.56866 -1.06923
vt -1.53572 -1.10929
vt -1.48559 -1.04901
vt -1.53572 -1.10929
vt -1.47021 -1.06561
vt -1.48559 -1.04901
vt -1.53572 -1.10929
vt -1.46048 -1.07403
vt -1.47021 -1.06561
vt -1.46048 -1.07403
vt -1.44059 -1.06708
vt -1.47021 -1.06561
vt -1.46048 -1.07403
vt -1.39821 -1.09045
vt -1.44059 -1.06708
vt -1.39821 -1.09045
vt -1.40350 -1.10607
vt -1.44059 -1.06708
vt -1.39821 -1.09045
vt -1.32759 -1.05619
vt -1.40350 -1.10607
vt -1.32759 -1.05619
vt -1.36765 -1.05622
vt -1.40350 -1.10607
vt -1.32759 -1.05619
vt -1.26985 -1.00533
vt -1.36765 -1.05622
vt -1.26985 -1.00533
vt -1.35450 -1.00365
vt -1.36765 -1.05622
vt -1.35450 -1.00365
vt -1.33566 -0.99495
vt -1.41278 -1.02692
vt -1.33566 -0.99495
vt -1.34830 -0.97398
vt -1.41278 -1.05857
vt -1.34830 -0.97398
vt -1.37936 -0.96744
vt -1.41278 -1.02518
vt -1.37936 -0.96744
vt -1.41936 -0.95766
vt -1.41278 -1.01589
vt -1.41936 -0.95766
vt -1.45634 -0.99059
vt -1.41278 -1.04109
vt -1.45634 -0.99059
vt -1.49227 -1.04207
vt -1.41278 -1.04220
vt -1.49227 -1.04207
vt -1.48559 -1.04901
vt -1.41278 -1.03936
vt -1.48559 -1.04901
vt -1.47021 -1.06561
vt -1.41278 -1.00770
vt -1.47021 -1.06561
vt -1.44059 -1.06708
vt -1.41278 -1.04109
vt -1.44059 -1.06708
vt -1.40350 -1.10607
vt -1.41278 -1.05039
vt -1.40350 -1.10607
vt -1.36765 -1.05622
vt -1.41278 -1.02518
vt -1.36765 -1.05622
vt -1.35450 -1.00365
vt -1.41278 -1.02407
vn 0.01573 0.87847 0.47754
vn -0.06915 0.87095 0.48649
vn 0.67617 0.72068 -0.15301
vn -0.18034 0.98010 -0.08299
vn -0.42706 0.89425 0.13394
vn -0.28316 0.88625 -0.36657
vn -0.27799 0.85430 0.43921
vn -0.18396 0.95601 0.22849
vn 0.66842 0.65954 -0.34384
vn -0.17673 0.92604 -0.33350
vn -0.23021 0.97295 0.01910
vn 0.02056 0.92213 -0.38633
vn 0.74100 0.36561 0.56324
vn 0.52114 0.84661 -0.10798
vn 0.00477 0.83282 0.55353
vn 0.13758 0.99032 0.01832
vn 0.63047 0.74604 -0.21432
vn 0.34378 0.89065 0.29758
vn -0.35788 0.88564 0.29590
vn -0.66901 0.65475 0.35176
vn -0.68551 0.64591 0.33595
vn -0.50676 0.76979 0.38811
vn -0.78507 0.56726 -0.24874
vn 0.02866 0.95778 0.28607
vn 0.02687 0.89798 0.43922
vn -0.37220 0.89165 -0.25774
vn -0.54441 0.83876 0.00993
vn -0.49735 0.70505 -0.50552
vn 0.57305 0.43600 -0.69392
vn 0.14241 0.90783 -0.39442
vn -0.16122 0.90518 -0.39327
vn -0.37019 0.88409 -0.28520
vn -0.03779 0.98706 -0.15581
vn 0.18330 0.97408 -0.13254
vn -0.01554 0.92764 -0.37316
vn 0.87246 0.43047 0.23131
vn 0.68051 0.72733 -0.08882
vn 0.57802 0.79645 -0.17764
vn 0.37338 0.91175 0.17117
vn 0.39124 0.75936 0.51991
vn 0.44527 0.75045 0.48842
vn -0.11264 -0.06843 0.99128
vn -0.73375 -0.04679 0.67781
vn 0.10897 0.86140 0.49610
vn -0.38021 0.87739 0.29262
vn -0.30099 0.90799 0.29147
vn -0.20108 0.89051 0.40811
vn -0.77069 0.59101 0.23820
vn -0.74199 0.56900 -0.35451
vn -0.79502 0.17624 -0.58042
vn -0.72458 0.17564 -0.66644
vn -0.75339 0.58946 -0.29143
vn 0.08520 0.66924 -0.73815
vn -0.28538 0.93793 -0.19707
vn -0.35742 0.91399 -0.19204
vn 0.57102 0.46038 -0.67970
vn 0.72760 0.42422 -0.53910
vn 0.80861 0.30338 -0.50409
vn 0.96038 0.20707 0.18655
vn 0.68239 0.72934 -0.04917
vn 0.62415 0.76010 -0.18077
vn 0.85535 -0.33606 0.39427
vn 0.63204 -0.33887 0.69692
vn 0.75645 -0.10961 0.64480
vn -0.10809 -0.10615 0.98846
vn 0.27288 0.59507 0.75593
vn 0.10070 0.61540 0.78176
vn 0.15996 0.67507 0.72021
vn -0.51168 0.71844 0.47120
vn -0.95042 -0.02842 0.30966
vn -0.96070 -0.02805 0.27618
vn -0.89525 -0.44272 0.05016
vn -0.78353 -0.38747 -0.48574
vn -0.73460 0.67785 0.02975
vn -0.62010 0.75272 -0.22111
vn -0.68263 0.57076 -0.45634
vn -0.56236 0.60923 -0.55910
vn -0.33358 0.02977 -0.94225
vn 0.61354 0.02493 -0.78927
vn 0.70979 -0.38963 -0.58684
vn 0.78133 -0.36729 -0.50460
vn 0.38288 0.50079 -0.77628
vn 0.87536 0.47732 -0.07685
vn 0.62069 0.75588 -0.20828
vn 0.77676 -0.51813 0.35804
vn 0.57405 -0.70777 0.41173
vn 0.53780 -0.70754 0.45843
vn 0.95258 0.21144 0.21884
vn 0.31903 0.34226 0.88379
vn 0.29497 0.29892 0.90755
vn 0.20641 0.30610 0.92935
vn -0.40891 -0.81430 0.41196
vn -0.67319 -0.70620 0.21933
vn -0.74703 -0.41303 0.52092
vn -0.93496 -0.35088 0.05239
vn -0.94855 0.13973 0.28414
vn -0.98853 0.14562 0.04004
vn -0.98800 0.14884 0.04137
vn -0.81582 0.19235 -0.54537
vn -0.13856 -0.76227 -0.63225
vn -0.21395 -0.76747 -0.60433
vn -0.25813 -0.73598 -0.62586
vn 0.61676 -0.59965 -0.50993
vn 0.02580 0.54803 -0.83606
vn 0.36170 0.57567 -0.73333
vn 0.77415 -0.14745 -0.61559
vn 0.93877 -0.13956 -0.31502
vn 0.82937 -0.55323 -0.07797
vn 0.58629 -0.69441 0.41721
vn 0.99870 0.02849 0.04224
vn 0.97894 0.03133 0.20172
vn 0.51994 -0.75653 0.39665
vn 0.17953 -0.79671 0.57708
vn -0.12086 -0.91009 0.39639
vn -0.37879 -0.84849 0.36956
vn -0.39974 -0.86213 0.31136
vn -0.43020 -0.85371 0.29344
vn -0.29004 -0.08120 0.95356
vn -0.95168 -0.09332 0.29258
vn -0.83697 -0.54667 -0.02490
vn -0.83399 -0.54472 0.08797
vn -0.20507 -0.95488 -0.21485
vn -0.02879 -0.90716 -0.41980
vn -0.63448 -0.61526 -0.46786
vn -0.28184 -0.67007 -0.68671
vn -0.57729 -0.33893 -0.74287
vn -0.06259 -0.41427 -0.90800
vn 0.00414 -0.51532 -0.85698
vn 0.67590 -0.50034 -0.54113
vn 0.47299 -0.86335 0.17582
vn 0.35474 -0.93486 -0.01413
vn 0.60090 -0.71171 -0.36385
vn 0.69195 -0.71940 -0.06061
vn 0.51041 -0.85656 0.07610
vn 0.36967 -0.88489 0.28338
vn -0.62115 -0.74000 0.25804
vn -0.15667 -0.98621 0.05328
vn 0.79232 -0.54225 0.27963
vn -0.45499 -0.79146 0.40814
vn -0.04599 -0.58301 0.81117
vn -0.03744 -0.58148 0.81270
vn -0.23807 -0.96635 0.09742
vn -0.36924 -0.92493 -0.09040
vn -0.17802 -0.91648 -0.35829
vn -0.18650 -0.96011 -0.20836
vn -0.36711 -0.92411 -0.10603
vn -0.29052 -0.93325 -0.21129
vn -0.95395 -0.29946 -0.01760
vn -0.53261 -0.58540 -0.61125
vn 0.53659 -0.81571 -0.21607
vn -0.11831 -0.95987 -0.25426
vn 0.21084 -0.97640 0.04685
vn 0.48595 -0.85701 0.17141
vn 0.45817 -0.77137 -0.44167
vn 0.53316 -0.77227 -0.34546
vn 0.58924 -0.61261 -0.52678
vn -0.14636 -0.98794 -0.05051
vn -0.50684 -0.70881 0.49061
vn 0.69484 -0.71859 0.02869
vn 0.14313 -0.95412 0.26300
vn -0.11339 -0.99351 0.00865
vn 0.05559 -0.93100 -0.36077
vn -0.44965 -0.88472 -0.12279
vn -0.65834 -0.68383 0.31459
vn 0.53814 -0.82860 -0.15437
vn 0.20602 -0.97694 0.05611
vn 0.09784 -0.98126 -0.16599
vn 0.26872 -0.83410 -0.48173
vn 0.01579 0.98558 -0.16847
vn 0.27030 0.94367 -0.19084
vn 0.13412 0.98639 0.09517
vn -0.81260 0.58242 0.02183
vn 0.34013 0.79096 0.50862
vn 0.28785 0.95015 0.11981
vn -0.24449 0.94367 -0.22297
vn 0.10423 0.91635 -0.38657
vn 0.07430 0.98878 -0.12956
vn -0.69107 0.70816 -0.14471
vn 0.45071 0.84954 0.27411
vn 0.56580 0.81171 0.14489
vn 0.33568 0.93355 -0.12570
vn 0.25980 0.93607 -0.23724
vn 0.23845 0.94858 -0.20817
vn 0.04964 0.74430 0.66600
vn 0.31432 0.76131 0.56710
vn 0.21878 0.71501 0.66400
vn -0.88515 0.34096 0.31663
vn 0.08385 0.98985 0.11472
vn 0.49233 0.82465 0.27850
vn -0.07288 0.94978 0.30431
vn -0.11564 0.96046 0.25325
vn -0.54403 0.83907 0.00022
vn -0.52208 0.80522 -0.28116
vn -0.61113 0.53974 -0.57897
vn -0.40867 0.50707 -0.75886
vn -0.54661 0.82914 0.11723
vn 0.06288 0.98362 -0.16894
vn -0.03798 0.99610 -0.07961
vn -0.68250 0.72856 -0.05823
vn 0.37529 0.74195 -0.55559
vn 0.87881 0.47116 -0.07548
vn 0.62558 0.76271 -0.16409
vn 0.73635 0.66924 0.09951
vn 0.33244 0.92456 -0.18620
vn 0.55459 0.79809 -0.23557
vn 0.93926 0.18556 0.28873
vn 0.36956 0.17136 0.91327
vn 0.47718 0.61292 0.62979
vn 0.24646 0.62251 0.74279
vn 0.41795 0.81894 0.39325
vn 0.02009 0.90127 0.43279
vn 0.05697 0.91057 0.40941
vn -0.11155 0.93180 0.34541
vn -0.97586 0.06408 0.20877
vn -0.99284 0.06044 0.10298
vn -0.85783 0.42054 0.29541
vn -0.72460 0.35522 -0.59058
vn -0.38152 0.92429 -0.01137
vn -0.47685 0.86714 0.14382
vn -0.63141 0.72445 -0.27658
vn -0.20553 0.82029 -0.53375
vn 0.05373 0.51567 -0.85510
vn 0.45738 0.45923 -0.76152
vn 0.63494 0.19339 -0.74796
vn 0.90796 0.14842 -0.39190
vn 0.01933 0.89006 -0.45544
vn 0.26585 0.94940 -0.16723
vn 0.57030 0.82070 -0.03477
vn 0.93706 -0.21436 0.27561
vn 0.96458 -0.11805 0.23589
vn 0.64410 -0.12616 0.75447
vn 0.66757 0.72681 0.16157
vn 0.39089 0.84847 0.35681
vn 0.03293 0.28658 0.95749
vn -0.00717 0.28672 0.95799
vn -0.41090 -0.40741 0.81558
vn -0.93446 -0.26393 0.23899
vn -0.84744 0.28687 0.44671
vn -0.91073 0.27622 0.30705
vn -0.70837 0.57673 0.40693
vn -0.77405 0.63020 -0.06084
vn -0.83972 0.52463 -0.14011
vn -0.75074 0.56296 -0.34564
vn -0.30004 -0.61016 -0.73326
vn -0.04124 -0.58512 -0.80990
vn -0.59505 0.30565 -0.74330
vn 0.62487 0.29691 -0.72207
vn 0.12451 0.81654 -0.56370
vn 0.07779 0.81105 -0.57978
vn 0.67729 0.26640 -0.68579
vn 0.96861 0.23010 -0.09403
vn 0.97098 -0.22212 0.08862
vn 0.96295 0.13141 0.23549
vn 0.94534 0.28899 0.15107
vn 0.92733 0.29946 0.22444
vn 0.76848 -0.42229 0.48074
vn 0.03041 -0.46589 0.88432
vn -0.25376 -0.75813 0.60070
vn -0.29861 -0.74803 0.59270
vn -0.05642 -0.36039 0.93109
vn -0.84245 -0.30507 0.44408
vn -0.48191 0.52525 0.70133
vn -0.72940 0.54075 0.41901
vn -0.82302 -0.56318 -0.07398
vn -0.81756 -0.55945 -0.13641
vn -0.71202 -0.67605 -0.18972
vn -0.28717 -0.65191 -0.70181
vn -0.74048 -0.04619 -0.67049
vn -0.62421 -0.04893 -0.77972
vn -0.70304 0.21601 -0.67755
vn 0.20594 0.29723 -0.93233
vn 0.50965 -0.25286 -0.82238
vn 0.68230 -0.23910 -0.69087
vn 0.57436 -0.81386 -0.08792
vn 0.64586 -0.76118 0.05895
vn 0.88025 0.12013 -0.45906
vn 0.94014 -0.30989 0.14181
vn 0.40750 -0.81954 0.40287
vn 0.49168 -0.81974 0.29375
vn 0.00543 -0.96201 0.27297
vn -0.21451 -0.91052 0.35347
vn 0.72130 -0.11274 0.68339
vn -0.07349 -0.16233 0.98400
vn -0.28197 -0.47124 0.83572
vn -0.40461 -0.47166 0.78347
vn -0.43278 -0.84221 0.32151
vn -0.66338 -0.74386 -0.08123
vn -0.41299 -0.86721 -0.27820
vn -0.42678 -0.89617 -0.12143
vn -0.91174 -0.37268 0.17273
vn -0.62696 -0.51528 -0.58430
vn -0.90038 -0.05600 -0.43148
vn -0.74112 -0.06742 -0.66797
vn 0.27838 -0.91358 -0.29645
vn 0.23350 -0.92488 -0.30011
vn 0.16473 -0.89380 -0.41711
vn 0.65887 -0.74254 -0.12048
vn 0.72673 -0.41319 -0.54877
vn 0.78529 -0.41061 -0.46338
vn 0.79798 -0.26303 -0.54226
vn 0.02050 -0.97076 0.23919
vn 0.41206 -0.91105 0.01416
vn 0.11636 -0.91010 0.39771
vn 0.67568 -0.67085 0.30566
vn 0.61268 -0.70283 0.36146
vn 0.73596 -0.56521 0.37269
vn -0.17838 -0.82146 0.54165
vn -0.63604 -0.75104 -0.17717
vn -0.11142 -0.99044 0.08131
vn -0.11902 -0.99180 0.04651
vn -0.35250 -0.89399 -0.27663
vn -0.71353 -0.37603 0.59116
vn -0.86895 -0.45794 0.18765
vn -0.48097 -0.86261 -0.15675
vn -0.50267 -0.85577 -0.12236
vn -0.00134 -0.98235 -0.18706
vn 0.27834 -0.91402 -0.29512
vn 0.58100 -0.80602 -0.11301
vn 0.06138 -0.98845 -0.13859
vn -0.61089 -0.42717 -0.66659
vn 0.56166 -0.70989 -0.42496
vn 0.55554 -0.69671 -0.45384
vn 0.51593 -0.69447 -0.50152
vn 0.01912 -0.90518 0.42460
vn -0.00973 -0.99804 -0.06180
vn 0.48442 -0.86111 0.15438
vn 0.55834 -0.82859 -0.04123
vn -0.63688 -0.75060 -0.17605
vn -0.21536 -0.96953 0.11677
vn -0.05491 -0.85046 0.52316
vn -0.27130 -0.95579 -0.11341
vn 0.25220 -0.96675 0.04223
vn 0.57991 -0.77002 -0.26603
vn -0.69169 -0.61584 -0.37722
vn 0.01994 -0.99861 -0.04874
vn 0.21890 -0.87892 0.42378
vn -0.05145 0.93335 -0.35525
vn 0.12617 0.99196 -0.00960
vn -0.13131 0.95798 0.25501
vn -0.70910 0.70452 0.02878
vn 0.50171 0.71073 0.49310
vn 0.16001 0.98647 -0.03579
vn -0.26704 0.84069 -0.47110
vn -0.08111 0.97887 -0.18770
vn -0.19780 0.97904 0.04846
vn -0.55302 0.81909 -0.15250
vn 0.65029 0.69197 0.31354
vn 0.46382 0.88040 -0.09880
vn 0.18160 0.91831 -0.35174
vn 0.35988 0.92738 -0.10221
vn 0.23991 0.96829 0.06975
vn 0.03699 0.58751 0.80837
vn 0.05767 0.59114 0.80451
vn 0.44266 0.78856 0.42689
vn -0.80450 0.52233 0.28277
vn 0.15677 0.98610 0.05498
vn 0.61835 0.74233 0.25804
vn -0.34669 0.89356 0.28524
vn -0.48143 0.87163 0.09215
vn -0.68742 0.72378 -0.05999
vn -0.58912 0.62028 -0.51787
vn -0.54270 0.75638 -0.36518
vn -0.45490 0.75333 -0.47493
vn -0.48929 0.85513 0.17131
vn -0.20167 0.97860 0.04090
vn 0.10567 0.96502 -0.23995
vn -0.55240 0.80895 -0.20115
vn 0.52944 0.59102 -0.60860
vn 0.95204 0.30528 -0.02053
vn 0.31660 0.92506 -0.20986
vn 0.40392 0.91067 -0.08675
vn 0.18969 0.95918 -0.20975
vn 0.82081 0.56970 -0.04144
vn 0.95060 0.09142 0.29664
vn 0.29361 0.07963 0.95260
vn 0.43549 0.84449 0.31173
vn 0.39299 0.85566 0.33675
vn 0.38230 0.84842 0.36611
vn 0.12163 0.91135 0.39326
vn -0.16110 0.80919 0.56503
vn -0.49114 0.77588 0.39598
vn -0.97925 -0.03283 0.20000
vn -0.99861 -0.02990 0.04346
vn -0.60470 0.68093 0.41314
vn -0.61307 0.69036 -0.38413
vn -0.35291 0.93559 -0.01109
vn -0.47064 0.86426 0.17764
vn -0.67475 0.52084 -0.52291
vn -0.02012 0.54229 -0.83995
vn 0.06778 0.41046 -0.90935
vn 0.57596 0.33632 -0.74509
vn 0.30748 0.64524 -0.69937
vn 0.66486 0.58405 -0.46567
vn 0.02427 0.90696 -0.42051
vn 0.20192 0.95573 -0.21403
vn 0.81892 0.56839 0.07943
vn 0.94542 -0.15467 0.28680
vn 0.94270 0.32797 0.06128
vn 0.74753 0.38562 0.54083
vn 0.67086 0.71041 0.21276
vn 0.40886 0.81880 0.40300
vn -0.19575 -0.27681 0.94077
vn -0.28242 -0.27078 0.92028
vn -0.33010 -0.35678 0.87392
vn -0.95068 -0.22085 0.21780
vn -0.55485 0.69225 0.46145
vn -0.59494 0.69198 0.40892
vn -0.76803 0.52806 0.36232
vn -0.82186 0.56507 -0.07243
vn -0.93755 0.16661 -0.30537
vn -0.77901 0.17649 -0.60165
vn -0.35138 -0.58469 -0.73121
vn -0.02286 -0.55634 -0.83064
vn -0.61881 0.58819 -0.52068
vn 0.28170 0.71845 -0.63598
vn 0.20303 0.77527 -0.59811
vn 0.12826 0.76962 -0.62548
vn 0.81384 -0.16718 -0.55652
vn 0.99096 -0.12985 0.03385
vn 0.98580 -0.16127 0.04682
vn 0.90007 0.43181 0.05850
vn 0.96261 0.05466 0.26532
vn 0.95174 0.05546 0.30184
vn 0.52435 -0.70748 0.47385
vn -0.15148 -0.66863 0.72800
vn -0.11825 -0.63554 0.76296
vn -0.27872 -0.61467 0.73790
vn 0.10407 0.08694 0.99076
vn -0.76580 0.08903 0.63689
vn -0.61928 0.35891 0.69834
vn -0.84473 0.35725 0.39850
vn -0.63364 -0.75313 -0.17690
vn -0.63009 -0.74891 -0.20523
vn -0.86199 -0.49938 -0.08717
vn -0.37047 -0.51810 -0.77092
vn -0.78321 0.35366 -0.51138
vn -0.70909 0.37577 -0.59664
vn -0.62361 0.00070 -0.78174
vn 0.32144 0.00085 -0.94693
vn 0.56284 -0.59678 -0.57190
vn 0.68432 -0.55922 -0.46795
vn 0.61469 -0.76123 -0.20658
vn 0.72533 -0.68754 0.03445
vn 0.78767 0.37789 -0.48660
vn 0.78632 -0.57288 0.23131
vn 0.20675 -0.88889 0.40881
vn 0.30747 -0.90598 0.29098
vn 0.34824 -0.89085 0.29174
vn -0.12133 -0.86704 0.48324
vn 0.73515 0.04389 0.67648
vn 0.10672 0.06438 0.99220
vn -0.43825 -0.73712 0.51438
vn -0.39368 -0.74385 0.54010
vn -0.37639 -0.90992 0.17428
vn -0.58013 -0.79582 -0.17354
vn -0.65847 -0.74502 -0.10660
vn -0.66116 -0.74806 -0.05727
vn -0.95933 -0.21033 0.18827
vn -0.80391 -0.30870 -0.50837
vn -0.74792 -0.39442 -0.53390
vn -0.58927 -0.43143 -0.68310
vn 0.35601 -0.91387 -0.19520
vn 0.28284 -0.93801 -0.20036
vn -0.06594 -0.69453 -0.71644
vn 0.74771 -0.60445 -0.27490
vn 0.72384 -0.18079 -0.66586
vn 0.79601 -0.18140 -0.57746
vn 0.75073 -0.54695 -0.37048
vn -0.02942 -0.95838 0.28396
vn 0.77121 -0.59048 -0.23783
vn 0.47937 -0.78483 0.39275
vn 0.69447 -0.63864 0.33144
vn 0.67150 -0.65112 0.35375
vn 0.38999 -0.86878 0.30516
vn -0.33417 -0.88925 0.31235
vn -0.63182 -0.74441 -0.21600
vn -0.13559 -0.99060 0.01792
vn -0.01092 -0.85118 0.52476
vn -0.50971 -0.85151 -0.12297
vn -0.73958 -0.36020 0.56857
vn -0.87460 -0.42597 0.23157
vn -0.01285 -0.93126 -0.36413
vn -0.20367 -0.97008 -0.13211
vn 0.04807 -0.98617 -0.15863
vn 0.36787 -0.88574 -0.28307
vn 0.20078 -0.90665 -0.37106
vn -0.12518 -0.91821 -0.37579
vn -0.57803 -0.42963 -0.69376
vn 0.50028 -0.70154 -0.50751
vn 0.54889 -0.83571 -0.01750
vn 0.38248 -0.88228 -0.27439
vn -0.02751 -0.89618 0.44283
vn 0.26856 -0.89737 -0.35016
vn 0.43918 -0.88886 0.13059
vn 0.20633 -0.97513 -0.08092
vn -0.67621 -0.71986 -0.15667
vn 0.05147 -0.88209 0.46827
vn -0.01884 -0.87340 0.48664
vn -0.03413 -0.92777 -0.37159
vn 0.23981 -0.97065 0.01800
vn 0.21030 -0.91962 -0.33178
vn -0.67348 -0.65240 -0.34757
vn 0.17461 -0.96116 0.21372
vn 0.27282 -0.85364 0.44369
vn -0.10594 0.93967 -0.32526
vn -0.14759 0.90483 0.39937
vn -0.12000 0.94173 0.31424
vn -0.18192 0.98329 -0.00685
vn 0.49482 0.75320 0.43341
vn -0.17349 0.91634 -0.36087
vn -0.32418 0.79887 -0.50667
vn -0.34134 0.90684 0.24726
vn -0.15096 0.98500 0.08355
vn -0.09622 0.97266 -0.21136
vn 0.70289 0.64246 0.30528
vn 0.09165 0.84701 -0.52361
vn 0.26807 0.91159 -0.31167
vn 0.56214 0.81225 0.15572
vn 0.13277 0.75106 0.64675
vn 0.09088 0.65145 0.75323
vn 0.03487 0.64197 0.76594
vn 0.56264 0.81531 0.13678
vn -0.25881 0.95262 0.15981
vn 0.04600 0.99590 0.07795
vn 0.56936 0.76874 0.29133
vn -0.75232 0.61719 0.23042
vn -0.86019 0.47046 -0.19683
vn -0.62566 0.77930 0.03535
vn -0.52874 0.65858 -0.53545
vn -0.30595 0.95184 -0.02000
vn -0.44277 0.87607 0.19096
vn -0.44887 0.88896 0.09093
vn -0.20433 0.97857 -0.02539
vn 0.36656 0.76465 -0.53005
vn 0.01459 0.82176 -0.56964
vn 0.38077 0.65532 -0.65235
vn 0.94920 0.31407 0.01935
vn -0.08954 0.97761 -0.19042
vn -0.24025 0.89332 -0.37981
vn 0.27988 0.95174 -0.12592
vn 0.96390 0.12989 0.23245
vn 0.93703 0.33582 0.09593
vn 0.27798 0.32364 0.90443
vn 0.34278 0.93420 0.09889
vn 0.46734 0.88352 0.03154
vn 0.27191 0.77152 0.57517
vn -0.09179 0.79835 0.59516
vn -0.47805 0.47496 0.73884
vn -0.87496 0.35539 0.32885
vn -0.92171 0.24772 0.29848
vn -0.96787 0.22636 0.10953
vn -0.35284 0.83603 0.42019
vn -0.38860 0.92077 -0.03419
vn -0.48228 0.86228 -0.15456
vn -0.58726 0.80884 0.03022
vn -0.63300 0.09541 -0.76825
vn 0.24026 0.07903 -0.96749
vn -0.16283 0.70574 -0.68950
vn 0.37855 0.66206 -0.64682
vn -0.00091 0.88537 -0.46489
vn 0.10648 0.89872 -0.42539
vn 0.22673 0.86622 -0.44526
vn 0.44820 0.87807 -0.16767
vn 0.97050 0.13078 0.20255
vn 0.91035 0.40371 0.09106
vn 0.82946 0.55854 -0.00589
vn 0.71481 0.63578 0.29124
vn 0.75268 0.49409 0.43514
vn 0.34194 0.57744 0.74138
vn -0.28686 -0.57502 0.76620
vn -0.41193 -0.54695 0.72880
vn 0.04906 0.23358 0.97110
vn -0.93453 0.17563 0.30954
vn -0.39671 0.82118 0.41023
vn -0.37561 0.81853 0.43465
vn -0.96852 0.12303 0.21639
vn -0.95564 0.12139 -0.26838
vn -0.89920 -0.18984 -0.39422
vn -0.63842 -0.19137 -0.74552
vn -0.69292 -0.07622 -0.71698
vn -0.25206 -0.08045 -0.96436
vn -0.56487 0.70791 -0.42402
vn 0.00599 0.85786 -0.51384
vn 0.55847 0.36157 -0.74657
vn 0.51538 0.36523 -0.77523
vn 0.78635 -0.45175 -0.42140
vn 0.93178 -0.33572 0.13812
vn 0.90262 0.40028 -0.15826
vn 0.88382 0.46779 -0.00628
vn 0.70185 -0.55874 0.44183
vn 0.71894 -0.55710 0.41564
vn 0.47051 -0.77150 0.42826
vn -0.25320 -0.69174 0.67630
vn 0.34364 0.16452 0.92458
vn 0.04967 0.17497 0.98332
vn 0.05220 0.17949 0.98237
vn -0.68285 0.18735 0.70613
vn -0.81206 -0.23416 0.53454
vn -0.95337 -0.21384 0.21300
vn -0.56240 -0.80462 -0.19051
vn -0.55563 -0.79494 -0.24359
vn -0.99201 0.05209 0.11490
vn -0.69315 0.07179 -0.71721
vn -0.75808 0.40959 -0.50750
vn -0.72548 0.42084 -0.54458
vn -0.25528 -0.61369 -0.74714
vn 0.50045 -0.54952 -0.66901
vn 0.53534 -0.68012 -0.50085
vn 0.69070 -0.62123 -0.37014
vn 0.70859 -0.32680 -0.62538
vn 0.94160 -0.29348 -0.16509
vn 0.79011 0.41819 -0.44816
vn 0.46462 -0.81753 0.34026
vn 0.31412 -0.87193 0.37558
vn 0.35278 -0.87597 0.32899
vn 0.85377 -0.44404 0.27188
vn 0.28053 -0.60167 0.74786
vn 0.65859 -0.08770 0.74738
vn 0.08225 -0.11615 0.98982
vn -0.49303 -0.86245 0.11442
vn -0.33520 -0.91968 0.20453
vn -0.34111 -0.88873 0.30626
vn -0.63575 -0.74648 -0.19643
vn -0.94461 -0.22850 0.23559
vn -0.96242 -0.23281 0.13982
vn -0.93539 -0.33990 0.09749
vn -0.75230 -0.44497 -0.48585
vn -0.21763 -0.83937 -0.49809
vn -0.17503 -0.83854 -0.51596
vn 0.28450 -0.93162 -0.22616
vn 0.31697 -0.92167 -0.22374
vn -0.32012 -0.15189 -0.93512
vn 0.73899 -0.18458 -0.64794
vn 0.77387 -0.34167 -0.53328
vn 0.77000 -0.34177 -0.53879
vn 0.49328 -0.86796 -0.05766
vn 0.10772 -0.95190 0.28684
vn 0.89601 -0.30510 -0.32263
vn 0.83525 -0.48645 0.25639
vn 0.17463 -0.88977 0.42169
vn 0.46328 -0.84377 0.27099
vn -0.11553 -0.98667 0.11461
vn -0.48166 -0.87051 0.10112
vn -0.55088 -0.83422 -0.02466
vn -0.17379 -0.96942 0.17328
vn 0.02464 -0.55348 0.83250
vn -0.66504 -0.72399 0.18319
vn -0.71156 -0.62370 0.32356
vn -0.74393 -0.65207 0.14620
vn 0.33642 -0.82997 -0.44494
vn 0.10126 -0.98483 -0.14094
vn -0.50392 -0.86160 -0.06088
vn 0.29002 -0.86651 -0.40625
vn -0.40622 -0.65830 -0.63374
vn -0.41533 -0.65534 -0.63090
vn -0.36379 -0.71502 -0.59699
vn 0.46872 -0.82855 -0.30628
vn 0.45193 -0.82719 0.33395
vn 0.22194 -0.97501 -0.01005
vn 0.11039 -0.97555 0.19006
vn 0.40446 -0.74657 -0.52824
vn 0.00219 -0.96125 0.27568
vn -0.16589 -0.98205 -0.08979
vn -0.55962 -0.82869 -0.01012
vn 0.26523 -0.72481 0.63584
vn 0.05578 -0.98580 0.15840
vn 0.11890 -0.81266 -0.57047
vn -0.20658 -0.96943 0.13239
vn -0.28350 -0.91432 -0.28922
vn -0.43917 -0.87425 -0.20691
vn 0.31724 -0.86159 0.39625
vn 0.38468 -0.91035 0.15261
vn -0.01105 0.92527 0.37916
vn -0.18147 0.78844 0.58774
vn 0.66015 0.74254 -0.11332
vn 0.00185 0.99563 -0.09342
vn -0.29421 0.93906 0.17780
vn -0.36579 0.80622 -0.46498
vn -0.32209 0.87011 0.37305
vn -0.24789 0.91357 0.32239
vn 0.60893 0.73226 -0.30497
vn 0.07191 0.94177 -0.32847
vn -0.11007 0.99297 0.04351
vn -0.06366 0.87382 -0.48206
vn 0.74693 0.43587 0.50211
vn 0.60080 0.79921 0.01772
vn -0.02682 0.68967 0.72363
vn 0.15375 0.98709 0.04487
vn 0.61362 0.76907 -0.17887
vn 0.40956 0.89073 0.19711
vn -0.11504 0.96990 0.21463
vn -0.62224 0.70993 0.32987
vn -0.56140 0.73604 0.37825
vn -0.69058 0.63984 0.33719
vn -0.85574 0.41865 -0.30404
vn 0.00292 0.95485 0.29707
vn 0.00282 0.92276 0.38538
vn -0.29747 0.94472 -0.13788
vn -0.50414 0.84314 0.18697
vn -0.48115 0.74724 -0.45839
vn 0.51889 0.51384 -0.68317
vn 0.27569 0.80538 -0.52474
vn 0.14585 0.82890 -0.54006
vn -0.36946 0.87414 -0.31524
vn 0.10926 0.98577 -0.12778
vn 0.04155 0.98994 -0.13526
vn -0.19360 0.88620 -0.42090
vn 0.84341 0.49218 0.21547
vn 0.83803 0.54213 0.06158
vn 0.57867 0.79074 -0.19970
vn 0.35502 0.91750 0.17932
vn 0.36807 0.85276 0.37058
vn 0.48054 0.82286 0.30330
vn -0.13281 -0.05342 0.98970
vn -0.71628 -0.03761 0.69679
vn -0.01947 0.79412 0.60745
vn -0.62485 0.72439 0.29124
vn -0.27979 0.91196 0.30008
vn -0.19369 0.89575 0.40014
vn -0.64032 0.71238 0.28723
vn -0.65154 0.72487 -0.22372
vn -0.78829 0.18492 -0.58687
vn -0.73987 0.18459 -0.64694
vn -0.78101 0.44486 -0.43833
vn 0.21934 0.44346 -0.86904
vn -0.30234 0.93475 -0.18666
vn -0.35241 0.91773 -0.18326
vn 0.40724 0.66316 -0.62799
vn 0.52809 0.64446 -0.55298
vn 0.81971 0.30736 -0.48332
vn 0.96264 0.21580 0.16355
vn 0.83932 0.54297 0.02691
vn 0.57120 0.79632 -0.19900
vn 0.92978 -0.13437 0.34272
vn 0.73199 -0.14018 0.66674
vn 0.69561 -0.21386 0.68586
vn -0.11346 -0.20020 0.97316
vn 0.18906 0.36285 0.91247
vn -0.07863 0.36837 0.92635
vn 0.21209 0.70367 0.67814
vn -0.44687 0.77290 0.45048
vn -0.90459 0.21319 0.36914
vn -0.90774 0.21272 0.36162
vn -0.87061 -0.49194 0.00474
vn -0.76651 -0.43312 -0.47419
vn -0.81982 0.57209 -0.02471
vn -0.66867 0.64774 -0.36514
vn -0.67452 0.62666 -0.39027
vn -0.55361 0.67195 -0.49194
vn -0.42293 0.27556 -0.86325
vn 0.50143 0.26310 -0.82422
vn 0.71317 -0.45009 -0.53741
vn 0.76695 -0.42999 -0.47633
vn 0.50560 0.31759 -0.80219
vn 0.96277 0.27015 0.00961
vn 0.56762 0.79134 -0.22715
vn 0.85749 -0.40596 0.31608
vn 0.44764 -0.78692 0.42470
vn 0.43998 -0.78627 0.43381
vn 0.96523 0.10486 0.23947
vn 0.20001 0.16779 0.96532
vn 0.36412 0.45642 0.81184
vn 0.26302 0.47281 0.84099
vn -0.40142 -0.76107 0.50955
vn -0.69946 -0.65519 0.28543
vn -0.72948 -0.56412 0.38683
vn -0.87567 -0.48289 0.00477
vn -0.97016 -0.03002 0.24060
vn -0.99907 -0.03091 -0.03011
vn -0.96052 0.26299 0.09077
vn -0.81193 0.34653 -0.46977
vn -0.25263 -0.67137 -0.69674
vn -0.32596 -0.67164 -0.66532
vn -0.10997 -0.82356 -0.55647
vn 0.59639 -0.66510 -0.44940
vn 0.07419 0.44216 -0.89386
vn 0.47419 0.45729 -0.75235
vn 0.71777 0.04823 -0.69461
vn 0.92740 0.04671 -0.37113
vn 0.89496 -0.42370 -0.13971
vn 0.46129 -0.77485 0.43223
vn 0.99874 -0.01840 0.04663
vn 0.97373 -0.02042 0.22680
vn 0.71603 -0.58332 0.38345
vn 0.32301 -0.67533 0.66302
vn -0.08230 -0.89123 0.44602
vn -0.34649 -0.83887 0.41981
vn -0.43815 -0.88579 0.15301
vn -0.38933 -0.90316 0.18087
vn -0.27164 -0.12916 0.95369
vn -0.95967 -0.14694 0.23969
vn -0.92865 -0.35731 0.09972
vn -0.92299 -0.35514 0.14820
vn -0.26164 -0.94178 -0.21116
vn -0.08222 -0.90305 -0.42159
vn -0.37989 -0.80154 -0.46175
vn -0.11601 -0.80644 -0.57983
vn -0.55548 -0.41101 -0.72285
vn 0.00539 -0.49428 -0.86929
vn -0.11421 -0.30497 -0.94549
vn 0.67002 -0.32578 -0.66704
vn 0.50325 -0.85209 0.14384
vn 0.38511 -0.92145 -0.05114
vn 0.50059 -0.84088 -0.20572
vn 0.70205 -0.71059 -0.04684
vn 0.70687 -0.70550 -0.05106
vn 0.54736 -0.79390 0.26481
vn -0.62443 -0.73522 0.26369
vn -0.13682 -0.98932 0.05023
vn 0.64573 -0.72282 0.24609
vn -0.52600 -0.80510 0.27411
vn 0.00942 -0.55497 0.83181
vn -0.04858 -0.56592 0.82303
vn -0.21055 -0.91898 0.33338
vn -0.44778 -0.89410 0.00877
vn -0.17859 -0.90839 -0.37806
vn -0.18948 -0.96381 -0.18755
vn -0.06919 -0.96577 -0.25000
vn -0.10025 -0.97214 -0.21190
vn -0.96102 -0.27646 0.00183
vn -0.52277 -0.57252 -0.63161
vn 0.36855 -0.85942 -0.35436
vn -0.22274 -0.90127 -0.37162
vn 0.24843 -0.96682 0.05949
vn 0.46449 -0.87140 0.15779
vn 0.46798 -0.87016 -0.15433
vn 0.44328 -0.87573 -0.19131
vn 0.57842 -0.58546 -0.56804
vn -0.02410 -0.98411 -0.17591
vn -0.52652 -0.70900 0.46915
vn 0.53837 -0.84240 0.02291
vn 0.19415 -0.93143 0.30782
vn -0.00637 -0.98609 0.16609
vn 0.08319 -0.92246 -0.37702
vn -0.31254 -0.89643 -0.31421
vn -0.70038 -0.63937 0.31728
vn 0.39344 -0.90273 -0.17401
vn 0.22936 -0.96881 0.09382
vn 0.22325 -0.97462 0.01633
vn 0.28481 -0.79646 -0.53342
vn -0.10465 0.97448 -0.19857
vn -0.24254 0.79931 0.54980
vn 0.12251 0.96404 0.23585
vn 0.09282 0.99462 -0.04589
vn 0.38914 0.83309 0.39310
vn -0.31452 0.81974 -0.47865
vn -0.37458 0.85984 -0.34692
vn -0.36846 0.85459 0.36595
vn 0.03094 0.99951 0.00531
vn 0.16884 0.95590 -0.24031
vn 0.62655 0.73061 0.27137
vn -0.04862 0.79902 -0.59934
vn 0.44070 0.88811 -0.13057
vn 0.63681 0.73187 0.24255
vn 0.05566 0.59698 0.80032
vn 0.14450 0.80958 0.56895
vn 0.23138 0.81314 0.53410
vn 0.55113 0.83089 0.07664
vn 0.05170 0.99444 0.09173
vn -0.10968 0.98445 0.13720
vn 0.42403 0.83899 0.34101
vn -0.84640 0.48861 0.21182
vn -0.90187 0.33479 -0.27304
vn -0.44648 0.88121 0.15533
vn -0.42227 0.83343 -0.35649
vn -0.22547 0.97318 0.04572
vn -0.42507 0.83927 0.33902
vn -0.45056 0.89241 -0.02436
vn -0.04543 0.97445 -0.21996
vn 0.44472 0.64713 -0.61923
vn 0.31954 0.68463 -0.65511
vn 0.10777 0.78489 -0.61019
vn 0.89631 0.44309 0.01730
vn -0.15966 0.97310 -0.16606
vn -0.35665 0.83042 -0.42802
vn 0.44424 0.89525 -0.03440
vn 0.95655 0.04559 0.28797
vn 0.83678 0.54423 -0.06016
vn 0.31053 0.60317 0.73468
vn 0.32180 0.94242 0.09104
vn 0.48185 0.87624 0.00556
vn 0.15211 0.59692 0.78775
vn -0.35893 0.56371 0.74391
vn -0.50927 0.38922 0.76756
vn -0.92002 0.26913 0.28482
vn -0.73565 0.57527 0.35761
vn -0.79808 0.55594 0.23237
vn -0.33385 0.85598 0.39476
vn -0.36322 0.93128 0.02816
vn -0.61460 0.72780 -0.30426
vn -0.69430 0.70148 -0.16085
vn -0.62667 0.00266 -0.77928
vn 0.30552 0.00208 -0.95218
vn -0.27410 0.84709 -0.45531
vn 0.06744 0.87882 -0.47237
vn -0.00359 0.90235 -0.43099
vn 0.02658 0.90706 -0.42017
vn 0.43124 0.76585 -0.47698
vn 0.69000 0.71957 -0.07818
vn 0.97600 0.04651 0.21276
vn 0.73936 0.67002 -0.06649
vn 0.84853 0.52792 0.03601
vn 0.74325 0.59217 0.31131
vn 0.76966 0.22557 0.59728
vn 0.19819 0.25050 0.94761
vn -0.26229 -0.56380 0.78316
vn -0.42900 -0.52776 0.73310
vn 0.20708 0.51756 0.83021
vn -0.77572 0.50202 0.38241
vn -0.44832 0.79545 0.40776
vn -0.41634 0.79251 0.44563
vn -0.97813 -0.18138 0.10184
vn -0.91392 -0.16947 -0.36883
vn -0.92078 -0.14790 -0.36096
vn -0.62790 -0.15002 -0.76370
vn -0.76362 0.33844 -0.54986
vn -0.44286 0.38495 -0.80975
vn -0.54185 0.70264 -0.46119
vn 0.01334 0.83593 -0.54867
vn 0.71057 -0.04650 -0.70208
vn 0.70640 -0.04661 -0.70628
vn 0.77148 -0.43504 -0.46428
vn 0.93620 -0.31389 0.15811
vn 0.72129 0.65364 -0.22914
vn 0.93995 0.33898 0.03989
vn 0.50191 -0.73726 0.45226
vn 0.53288 -0.73826 0.41353
vn 0.62544 -0.66395 0.40987
vn -0.24911 -0.62027 0.74378
vn 0.42348 0.44967 0.78642
vn 0.21163 0.48513 0.84844
vn -0.07821 -0.02031 0.99673
vn -0.73964 -0.01957 0.67272
vn -0.78007 -0.49727 0.37976
vn -0.89027 -0.44590 0.09269
vn -0.63794 -0.75767 -0.13776
vn -0.62448 -0.74168 -0.24480
vn -0.95659 0.24644 0.15557
vn -0.76072 0.34821 -0.54777
vn -0.74913 0.25606 -0.61093
vn -0.73561 0.25861 -0.62610
vn -0.07478 -0.78622 -0.61341
vn 0.52851 -0.66931 -0.52220
vn 0.50338 -0.57659 -0.64354
vn 0.73684 -0.51033 -0.44344
vn 0.65982 0.01380 -0.75130
vn 0.95298 0.01322 -0.30274
vn 0.85757 0.30928 -0.41100
vn 0.36280 -0.85320 0.37475
vn 0.58531 -0.74803 0.31285
vn 0.55312 -0.75148 0.35963
vn 0.91803 -0.29072 0.26962
vn 0.46145 -0.42615 0.77811
vn 0.52281 -0.34441 0.77978
vn -0.04681 -0.40358 0.91375
vn -0.48842 -0.87222 0.02615
vn -0.32025 -0.94003 0.11744
vn -0.32901 -0.76758 0.55006
vn -0.74571 -0.65164 -0.13889
vn -0.95404 -0.06736 0.29201
vn -0.97769 -0.06903 0.19840
vn -0.82903 -0.55920 -0.00109
vn -0.58383 -0.64748 -0.48980
vn -0.05526 -0.89630 -0.43999
vn -0.04063 -0.89443 -0.44536
vn 0.12074 -0.93075 -0.34516
vn 0.30759 -0.89215 -0.33085
vn -0.32770 -0.01941 -0.94458
vn 0.65796 -0.02508 -0.75264
vn 0.75398 -0.57105 -0.32467
vn 0.69978 -0.58040 -0.41647
vn 0.39122 -0.92005 0.02125
vn 0.29448 -0.92809 0.22787
vn 0.90649 -0.29423 -0.30284
vn 0.86579 -0.45114 0.21651
vn -0.23740 -0.89205 0.38455
vn 0.25031 -0.94906 0.19137
vn -0.14324 -0.98647 0.07971
vn -0.52891 -0.84592 0.06835
vn -0.39761 -0.87323 0.28175
vn -0.16941 -0.90257 0.39581
vn -0.01420 -0.54219 0.84013
vn -0.66386 -0.70398 0.25239
vn -0.57700 -0.81491 0.05464
vn -0.57737 -0.81543 0.04160
vn 0.37559 -0.81472 -0.44176
vn 0.16026 -0.97515 -0.15295
vn -0.80255 -0.59658 -0.00161
vn 0.09233 -0.84144 -0.53241
vn -0.41795 -0.62562 -0.65872
vn -0.45812 -0.61214 -0.64452
vn -0.12262 -0.91096 -0.39384
vn 0.45741 -0.87956 -0.13094
vn 0.42714 -0.82547 0.36898
vn 0.20455 -0.97780 0.04552
vn 0.29961 -0.94426 -0.13643
vn 0.37252 -0.76881 -0.51978
vn -0.26213 -0.89722 0.35537
vn -0.17748 -0.98174 -0.06849
vn -0.33290 -0.93299 0.13678
vn 0.27224 -0.74633 0.60735
vn 0.09096 -0.99344 -0.06930
vn 0.10038 -0.78971 -0.60522
vn -0.50429 -0.83296 0.22776
vn -0.27540 -0.92623 -0.25739
vn -0.19886 -0.97689 -0.07832
vn 0.35780 -0.84358 0.40045
vn 0.39877 -0.90346 -0.15732
vn -0.02615 0.95130 -0.30716
vn 0.19195 0.97632 -0.09978
vn -0.04502 0.97855 0.20103
vn -0.76934 0.63824 0.02755
vn 0.45979 0.73053 0.50490
vn 0.22582 0.97341 0.03838
vn -0.25833 0.88201 -0.39412
vn 0.00712 0.95605 -0.29313
vn -0.12574 0.99204 -0.00719
vn -0.62273 0.76886 -0.14513
vn 0.59164 0.74667 0.30405
vn 0.52547 0.85052 0.02245
vn 0.21877 0.93020 -0.29473
vn 0.31224 0.93587 -0.16326
vn 0.24446 0.96734 -0.06706
vn 0.03811 0.63606 0.77070
vn 0.14172 0.65167 0.74515
vn 0.36125 0.76570 0.53217
vn -0.85318 0.42832 0.29769
vn 0.14584 0.98680 0.07039
vn 0.59057 0.76351 0.26132
vn -0.22381 0.92928 0.29384
vn -0.31802 0.93212 0.17324
vn -0.64831 0.75992 -0.04702
vn -0.57953 0.67930 -0.45022
vn -0.58441 0.66334 -0.46738
vn -0.43305 0.64484 -0.62981
vn -0.51015 0.84464 0.16226
vn -0.12840 0.99163 -0.01324
vn 0.04022 0.98532 -0.16589
vn -0.62206 0.77210 -0.12999
vn 0.49294 0.63733 -0.59230
vn 0.93545 0.35129 -0.03906
vn 0.45866 0.86669 -0.19618
vn 0.58080 0.81398 0.01066
vn 0.22377 0.95149 -0.21117
vn 0.71781 0.68399 -0.13004
vn 0.94582 0.10201 0.30826
vn 0.31842 0.09009 0.94366
vn 0.46204 0.77603 0.42930
vn 0.34522 0.79646 0.49646
vn 0.39977 0.84326 0.35930
vn 0.10795 0.91460 0.38970
vn -0.06344 0.86495 0.49782
vn -0.32720 0.86388 0.38296
vn -0.98033 -0.02094 0.19628
vn -0.99816 -0.01929 0.05743
vn -0.71207 0.59085 0.37927
vn -0.67189 0.55751 -0.48759
vn -0.35168 0.93612 -0.00113
vn -0.46395 0.86776 0.17817
vn -0.66165 0.62177 -0.41907
vn -0.10616 0.67990 -0.72558
vn 0.08148 0.41809 -0.90474
vn 0.55243 0.34967 -0.75667
vn 0.45594 0.47690 -0.75145
vn 0.80454 0.39706 -0.44166
vn 0.00864 0.90340 -0.42870
vn 0.20216 0.95790 -0.20385
vn 0.72361 0.68952 0.03100
vn 0.93272 -0.21119 0.29228
vn 0.97726 0.17313 0.12245
vn 0.73286 0.19932 0.65052
vn 0.66276 0.72605 0.18331
vn 0.40543 0.83731 0.36680
vn -0.11952 -0.07714 0.98983
vn -0.19238 -0.07624 0.97835
vn -0.37743 -0.40930 0.83067
vn -0.94124 -0.25769 0.21830
vn -0.66707 0.57566 0.47289
vn -0.72603 0.57041 0.38408
vn -0.72911 0.56712 0.38311
vn -0.78824 0.61312 -0.05247
vn -0.91544 0.32054 -0.24338
vn -0.78950 0.34331 -0.50875
vn -0.31046 -0.61580 -0.72416
vn -0.01744 -0.58630 -0.80990
vn -0.62468 0.50616 -0.59462
vn 0.42564 0.58654 -0.68906
vn 0.15534 0.80546 -0.57194
vn 0.08732 0.79839 -0.59578
vn 0.78556 -0.00598 -0.61876
vn 0.99990 -0.00479 -0.01312
vn 0.97255 -0.22021 0.07523
vn 0.93062 0.34692 0.11661
vn 0.96111 0.17950 0.20989
vn 0.94741 0.18373 0.26204
vn 0.61105 -0.62490 0.48592
vn -0.09437 -0.61670 0.78152
vn -0.19428 -0.71323 0.67347
vn -0.29779 -0.69410 0.65540
vn 0.06417 -0.05446 0.99645
vn -0.81469 -0.05230 0.57754
vn -0.55365 0.44935 0.70111
vn -0.78829 0.45501 0.41421
vn -0.69787 -0.70085 -0.14760
vn -0.69350 -0.69646 -0.18437
vn -0.78872 -0.59903 -0.13816
vn -0.31716 -0.59340 -0.73979
vn -0.78887 0.24597 -0.56319
vn -0.69880 0.26310 -0.66518
vn -0.66619 0.11846 -0.73631
vn 0.25900 0.15342 -0.95361
vn 0.55908 -0.50168 -0.66012
vn 0.69318 -0.47051 -0.54600
vn 0.59026 -0.79477 -0.14117
vn 0.68206 -0.72939 0.05276
vn 0.81852 0.30513 -0.48676
vn 0.86391 -0.46549 0.19227
vn 0.25885 -0.87416 0.41090
vn 0.35980 -0.88667 0.29045
vn 0.18328 -0.94107 0.28425
vn -0.17493 -0.89057 0.41985
vn 0.73885 0.00937 0.67380
vn 0.05765 0.01388 0.99824
vn -0.38704 -0.64453 0.65938
vn -0.40345 -0.64329 0.65070
vn -0.39606 -0.89406 0.20929
vn -0.60127 -0.78579 -0.14494
vn -0.54166 -0.81814 -0.19302
vn -0.54962 -0.83016 -0.09360
vn -0.94954 -0.24801 0.19202
vn -0.76074 -0.36340 -0.53779
vn -0.83559 -0.23639 -0.49589
vn -0.67325 -0.27006 -0.68834
vn 0.33909 -0.91418 -0.22203
vn 0.26667 -0.93656 -0.22746
vn 0.03948 -0.80847 -0.58721
vn 0.71211 -0.67426 -0.19563
vn 0.72436 -0.23784 -0.64709
vn 0.80037 -0.23812 -0.55018
vn 0.78538 -0.42318 -0.45176
vn -0.02328 -0.96271 0.26955
vn 0.66469 -0.73038 -0.15726
vn 0.32220 -0.85443 0.40759
vn 0.71987 -0.61996 0.31216
vn 0.67033 -0.64792 0.36174
vn 0.55685 -0.75483 0.34661
vn -0.27559 -0.87358 0.40114
vn -0.63678 -0.74056 -0.21466
vn -0.12514 -0.99175 0.02760
vn -0.05190 -0.93896 0.34009
vn -0.44434 -0.87370 -0.19803
vn -0.73029 -0.34529 0.58945
vn -0.88081 -0.41646 0.22526
vn -0.19203 -0.93493 -0.29837
vn -0.32349 -0.93739 -0.12905
vn 0.07165 -0.98244 -0.17225
vn 0.34525 -0.89629 -0.27833
vn 0.39539 -0.88391 -0.24975
vn -0.03575 -0.96171 -0.27173
vn -0.59934 -0.40884 -0.68821
vn 0.52082 -0.69192 -0.49999
vn 0.56644 -0.80267 -0.18674
vn 0.43995 -0.81856 -0.36931
vn -0.02157 -0.89226 0.45100
vn 0.17039 -0.95476 -0.24371
vn 0.48588 -0.86530 0.12319
vn 0.35481 -0.93255 -0.06684
vn -0.66928 -0.72291 -0.17168
vn -0.05675 -0.93714 0.34430
vn -0.03488 -0.85207 0.52226
vn -0.12044 -0.95283 -0.27858
vn 0.27147 -0.96225 0.01922
vn 0.38656 -0.86765 -0.31266
vn -0.69240 -0.62283 -0.36423
vn 0.11740 -0.98582 0.11992
vn 0.24680 -0.85616 0.45395
vn 0.07156 0.92266 0.37892
vn 0.33289 0.93251 -0.14005
vn 0.53158 0.83636 -0.13386
vn -0.74633 0.66552 -0.00814
vn -0.28088 0.91045 0.30363
vn 0.22278 0.96692 0.12426
vn -0.20797 0.93934 0.27275
vn 0.10573 0.95320 -0.28326
vn 0.60610 0.70752 -0.36340
vn -0.70762 0.67767 -0.20009
vn -0.07551 0.99020 0.11750
vn 0.46281 0.88036 0.10379
vn 0.66788 0.56269 0.48715
vn 0.26041 0.91195 -0.31706
vn 0.18737 0.95707 -0.22113
vn 0.09244 0.96333 0.25190
vn 0.60529 0.79573 -0.02096
vn 0.07329 0.71421 0.69608
vn -0.85475 0.37171 0.36227
vn -0.37204 0.87580 0.30751
vn -0.32160 0.88576 0.33468
vn 0.03692 0.93455 0.35392
vn -0.07675 0.97276 0.21876
vn -0.16705 0.97111 0.17043
vn -0.16291 0.94705 0.27668
vn -0.58258 0.52470 -0.62072
vn -0.47605 0.50877 -0.71731
vn -0.60411 0.77130 -0.20037
vn 0.55747 0.58330 -0.59075
vn -0.11450 0.99288 -0.03287
vn -0.69066 0.72279 -0.02393
vn -0.09269 0.92264 -0.37435
vn 0.34681 0.91990 -0.18305
vn 0.68143 0.72256 -0.11644
vn 0.74258 0.66870 0.03766
vn 0.76348 0.64323 0.05784
vn 0.35080 0.87846 -0.32443
vn 0.80286 0.59296 0.06175
vn 0.47150 0.64916 0.59689
vn 0.40634 0.31986 0.85591
vn 0.15708 0.31159 0.93715
vn 0.31679 0.54513 0.77619
vn -0.55456 0.47826 0.68098
vn 0.20851 0.92532 0.31671
vn 0.09417 0.95685 0.27492
vn -0.76106 0.58252 0.28542
vn -0.73836 0.58885 0.32875
vn -0.97436 0.18812 0.12345
vn -0.77522 0.14967 -0.61370
vn -0.64460 0.72567 -0.24060
vn -0.65049 0.72380 -0.23016
vn -0.60901 0.78700 -0.09867
vn -0.25476 0.91554 -0.31125
vn -0.15116 0.85849 -0.49004
vn -0.07218 0.86621 -0.49444
vn 0.75901 -0.07335 -0.64694
vn 0.92804 -0.05788 -0.36797
vn 0.31422 0.75302 -0.57813
vn 0.73232 0.67801 0.06324
vn 0.36816 0.92194 -0.12031
vn 0.97290 0.21271 0.09069
vn 0.73654 -0.54661 0.39841
vn 0.45144 -0.52697 0.72007
vn 0.77370 0.57966 0.25572
vn 0.26063 0.73032 0.63143
vn 0.26314 0.73370 0.62646
vn 0.25838 0.73467 0.62729
vn -0.26898 0.05578 0.96153
vn -0.91877 0.04090 0.39267
vn -0.92300 -0.30089 0.23986
vn -0.94953 -0.28523 0.13050
vn -0.87907 0.27768 0.38746
vn -0.90679 0.28643 -0.30934
vn -0.65823 0.75225 0.02911
vn -0.59900 0.79511 -0.09487
vn -0.53219 -0.23851 -0.81234
vn -0.29976 -0.24083 -0.92312
vn -0.26690 -0.28841 -0.91956
vn 0.73443 -0.20311 -0.64758
vn 0.33321 0.58340 -0.74069
vn 0.41680 0.58025 -0.69971
vn 0.34531 0.64205 -0.68450
vn 0.72599 0.65433 -0.21166
vn 0.97656 0.21351 -0.02736
vn 0.77652 -0.46967 0.42003
vn 0.97379 0.14950 0.17139
vn 0.93740 0.15899 0.30983
vn 0.93753 0.14889 0.31445
vn 0.37781 0.21970 0.89944
vn -0.20259 -0.64444 0.73733
vn -0.20610 -0.64396 0.73678
vn -0.33936 -0.82173 0.45782
vn -0.71541 -0.67352 0.18591
vn -0.49296 0.44286 0.74891
vn -0.81600 0.45255 0.35966
vn -0.98038 0.03330 0.19426
vn -0.99845 0.03391 0.04416
vn -0.81916 -0.54181 -0.18819
vn -0.45529 -0.55656 -0.69495
vn -0.20125 -0.75129 -0.62854
vn -0.18428 -0.75028 -0.63492
vn -0.73689 0.07900 -0.67138
vn 0.40792 0.10670 -0.90676
vn 0.15466 0.46279 -0.87287
vn 0.39703 0.47219 -0.78702
vn 0.64945 -0.74361 -0.15893
vn 0.71255 -0.70134 -0.01996
vn 0.84281 -0.50977 -0.17262
vn 0.96159 -0.21840 0.16626
vn 0.91339 -0.33691 0.22850
vn 0.90462 -0.34075 0.25602
vn -0.06698 -0.95349 0.29390
vn -0.16915 -0.92830 0.33114
vn 0.29528 -0.74866 0.59356
vn -0.40244 -0.71735 0.56873
vn -0.14353 -0.35452 0.92397
vn -0.43361 -0.36387 0.82437
vn -0.45095 -0.43409 0.77988
vn -0.88896 -0.42292 0.17574
vn -0.38932 -0.86579 -0.31438
vn -0.40813 -0.90760 -0.09849
vn -0.51431 -0.85615 -0.04981
vn -0.13775 -0.83974 -0.52523
vn -0.93357 0.03866 -0.35632
vn -0.74055 0.05036 -0.67011
vn -0.16075 -0.73751 -0.65593
vn 0.06498 -0.74565 -0.66317
vn 0.26469 -0.90102 -0.34366
vn 0.60265 -0.78586 -0.13874
vn 0.55819 -0.82953 -0.01753
vn 0.50844 -0.85471 -0.10469
vn 0.75660 -0.17184 -0.63090
vn 0.31887 -0.94212 0.10360
vn 0.00377 -0.96198 0.27308
vn -0.04207 -0.94394 0.32742
vn -0.10532 -0.93922 0.32677
vn 0.14379 -0.96342 0.22615
vn 0.88365 -0.31727 0.34424
vn -0.07705 -0.67570 0.73314
vn -0.53578 -0.82389 0.18478
vn -0.07626 -0.90264 0.42360
vn -0.21439 -0.93714 -0.27533
vn -0.23605 -0.92313 -0.30350
vn -0.57495 -0.76936 0.27842
vn -0.59736 -0.79936 -0.06463
vn -0.79260 -0.60055 0.10551
vn -0.71647 -0.68628 -0.12531
vn -0.64154 -0.75307 -0.14598
vn -0.09730 -0.88477 -0.45576
vn 0.70895 -0.70511 -0.01476
vn 0.10424 -0.99433 -0.02081
vn -0.41872 -0.77891 -0.46688
vn 0.59530 -0.80268 -0.03651
vn 0.42719 -0.44656 -0.78619
vn 0.60394 -0.47447 -0.64041
vn 0.31972 -0.94462 0.07393
vn -0.29078 -0.94288 0.16254
vn 0.00416 -0.90255 0.43056
vn 0.80338 -0.59542 0.00736
vn -0.40244 -0.91334 -0.06203
vn -0.33495 -0.91777 -0.21332
vn -0.06387 -0.98412 0.16560
vn -0.53777 -0.82412 0.17785
vn -0.13740 -0.97241 0.18850
vn 0.72726 -0.66547 -0.16806
vn -0.44647 -0.84029 -0.30755
vn -0.14471 -0.91399 -0.37906
vn 0.21935 -0.97143 0.09057
vn -0.04472 0.97475 0.21876
vn -0.25269 0.73213 0.63256
vn 0.59608 0.80186 -0.04135
vn 0.13913 0.98593 -0.09269
vn -0.07962 0.96479 0.25069
vn -0.40256 0.75317 -0.52027
vn -0.37162 0.90154 0.22164
vn -0.30260 0.87197 0.38483
vn 0.49118 0.83846 -0.23606
vn 0.25324 0.91987 -0.29950
vn 0.11810 0.98734 0.10592
vn -0.11267 0.82501 -0.55377
vn 0.72858 0.57018 0.37956
vn 0.65607 0.73984 0.14904
vn -0.02968 0.57541 0.81732
vn 0.17015 0.97675 0.13045
vn 0.57304 0.81584 -0.07763
vn 0.46618 0.87667 0.11887
vn 0.07767 0.98794 0.13395
vn -0.51189 0.80906 0.28876
vn -0.28922 0.86116 0.41804
vn -0.81265 0.51450 0.27367
vn -0.88985 0.32247 -0.32277
vn -0.07154 0.95330 0.29342
vn -0.07237 0.96440 0.25436
vn -0.23556 0.97122 -0.03526
vn -0.46268 0.83090 0.30908
vn -0.47144 0.80932 -0.35036
vn 0.41281 0.65812 -0.62966
vn 0.39005 0.68534 -0.61496
vn 0.36908 0.69174 -0.62071
vn -0.32056 0.86833 -0.37848
vn 0.39865 0.91364 -0.07956
vn -0.07376 0.98754 -0.13903
vn -0.31218 0.84077 -0.44232
vn 0.77627 0.60751 0.16833
vn 0.93274 0.29738 0.20386
vn 0.61536 0.76194 -0.20193
vn 0.34358 0.90211 0.26105
vn 0.34213 0.90893 0.23832
vn 0.49248 0.85709 0.15118
vn -0.10385 0.05797 0.99290
vn -0.67833 0.04283 0.73350
vn -0.21535 0.65701 0.72247
vn -0.81620 0.50733 0.27646
vn -0.32175 0.89100 0.32031
vn -0.26797 0.88358 0.38403
vn -0.50282 0.79926 0.32917
vn -0.53023 0.84285 -0.09199
vn -0.77773 0.28908 -0.55819
vn -0.76738 0.28920 -0.57227
vn -0.75815 0.24657 -0.60366
vn 0.30631 0.21053 -0.92836
vn -0.31491 0.92603 -0.20808
vn -0.30949 0.92777 -0.20847
vn 0.22533 0.80920 -0.54260
vn 0.28483 0.80795 -0.51584
vn 0.77947 0.39881 -0.48309
vn 0.94764 0.29687 0.11767
vn 0.94635 0.30172 0.11575
vn 0.55650 0.80724 -0.19664
vn 0.95971 0.13157 0.24829
vn 0.80499 0.14271 0.57587
vn 0.67653 -0.21349 0.70479
vn -0.07463 -0.20204 0.97653
vn 0.01207 -0.04493 0.99892
vn -0.29490 -0.04294 0.95456
vn 0.24680 0.70020 0.66993
vn -0.45073 0.78078 0.43269
vn -0.77280 0.48413 0.41036
vn -0.76112 0.48564 0.42994
vn -0.87504 -0.48395 -0.00939
vn -0.77905 -0.43086 -0.45546
vn -0.91846 0.37509 -0.12546
vn -0.70810 0.42259 -0.56569
vn -0.68307 0.63184 -0.36633
vn -0.54029 0.68698 -0.48595
vn -0.48771 0.49729 -0.71752
vn 0.31742 0.54017 -0.77940
vn 0.72142 -0.44033 -0.53448
vn 0.75890 -0.42666 -0.49196
vn 0.65562 0.02654 -0.75462
vn 0.99532 0.01980 0.09455
vn 0.55090 0.79912 -0.24067
vn 0.94785 -0.20360 0.24522
vn 0.38170 -0.81701 0.43220
vn 0.39740 -0.81895 0.41400
vn 0.95284 -0.09317 0.28882
vn 0.01198 -0.13234 0.99113
vn 0.40369 0.53634 0.74120
vn 0.28599 0.56174 0.77631
vn -0.36474 -0.63916 0.67708
vn -0.73994 -0.54600 0.39291
vn -0.71443 -0.63069 0.30301
vn -0.83457 -0.55083 -0.00896
vn -0.94138 -0.30895 0.13546
vn -0.94224 -0.30924 -0.12871
vn -0.93607 0.32733 0.12895
vn -0.79229 0.43787 -0.42491
vn -0.44593 -0.46317 -0.76591
vn -0.49936 -0.45925 -0.73466
vn -0.02013 -0.85591 -0.51673
vn 0.57214 -0.70213 -0.42388
vn 0.19669 0.19679 -0.96052
vn 0.64367 0.19187 -0.74086
vn 0.65306 0.17375 -0.73710
vn 0.90276 0.17174 -0.39438
vn 0.95014 -0.20409 -0.23575
vn 0.37080 -0.82555 0.42540
vn 0.98369 -0.15764 0.08657
vn 0.94464 -0.17392 0.27823
vn 0.84937 -0.40092 0.34328
vn 0.45039 -0.51941 0.72620
vn 0.03492 -0.83325 0.55179
vn -0.29458 -0.79676 0.52763
vn -0.46196 -0.88543 0.05115
vn -0.35211 -0.92933 0.11117
vn -0.27266 -0.26176 0.92582
vn -0.95002 -0.28043 0.13720
vn -0.96266 -0.17442 0.20705
vn -0.96539 -0.17491 0.19349
vn -0.39151 -0.90172 -0.18335
vn -0.18322 -0.88035 -0.43752
vn -0.15521 -0.88796 -0.43294
vn -0.01520 -0.87399 -0.48570
vn -0.44186 -0.59021 -0.67559
vn 0.12297 -0.65292 -0.74738
vn -0.21524 -0.12110 -0.96902
vn 0.64199 -0.14261 -0.75333
vn 0.56230 -0.82424 0.06669
vn 0.45270 -0.88312 -0.12312
vn 0.40882 -0.91019 -0.06650
vn 0.65593 -0.75477 0.00859
vn 0.83627 -0.52206 -0.16763
vn 0.71159 -0.66085 0.23858
vn -0.59053 -0.75608 0.28217
vn -0.07556 -0.99485 0.06753
vn 0.36381 -0.91321 0.18355
vn -0.55954 -0.81255 0.16332
vn -0.00816 -0.60621 0.79526
vn -0.07780 -0.61880 0.78169
vn -0.15431 -0.79842 0.58199
vn -0.53608 -0.83528 0.12218
vn -0.23608 -0.91057 -0.33931
vn -0.24832 -0.95781 -0.14466
vn 0.18443 -0.91550 -0.35755
vn 0.05452 -0.97890 -0.19695
vn -0.95496 -0.29627 0.01648
vn -0.43176 -0.62489 -0.65046
vn 0.08682 -0.84718 -0.52416
vn -0.33520 -0.80119 -0.49571
vn 0.22651 -0.97398 0.00737
vn 0.45091 -0.88542 0.11279
vn 0.45029 -0.88418 0.12433
vn 0.33650 -0.94021 -0.05268
vn 0.54536 -0.62755 -0.55567
vn 0.12668 -0.93929 -0.31888
vn -0.50963 -0.73779 0.44265
vn 0.27503 -0.96143 0.00268
vn 0.15655 -0.93434 0.32016
vn 0.11298 -0.93124 0.34645
vn 0.10254 -0.93259 -0.34606
vn -0.14177 -0.86295 -0.48499
vn -0.70901 -0.63334 0.31013
vn 0.17502 -0.96358 -0.20219
vn 0.18201 -0.97886 0.09327
vn 0.32178 -0.92551 0.19972
vn 0.31245 -0.79122 -0.52569
vn -0.00366 0.97001 -0.24305
vn 0.23752 0.95875 -0.15615
vn 0.04664 0.98810 0.14655
vn -0.79857 0.60138 0.02490
vn 0.40523 0.75872 0.51003
vn 0.26510 0.96027 0.08722
vn -0.25121 0.91718 -0.30931
vn 0.06622 0.93290 -0.35399
vn -0.03099 0.99717 -0.06855
vn -0.66455 0.73338 -0.14326
vn 0.52408 0.80055 0.29061
vn 0.55433 0.82643 0.09866
vn 0.27264 0.93721 -0.21751
vn 0.28065 0.93743 -0.20605
vn 0.24264 0.95794 -0.15321
vn 0.04312 0.69096 0.72160
vn 0.23063 0.71213 0.66308
vn 0.28442 0.73947 0.61016
vn -0.87500 0.37341 0.30811
vn 0.12021 0.98857 0.09097
vn 0.54828 0.79199 0.26859
vn -0.13589 0.94437 0.29949
vn -0.19826 0.95433 0.22348
vn -0.59867 0.80060 -0.02520
vn -0.55646 0.74416 -0.36956
vn -0.60359 0.59118 -0.53496
vn -0.41698 0.56269 -0.71380
vn -0.52936 0.83623 0.14315
vn -0.03739 0.99557 -0.08629
vn -0.00530 0.99335 -0.11502
vn -0.66008 0.74621 -0.08640
vn 0.43881 0.69043 -0.57511
vn 0.91127 0.40779 -0.05731
vn 0.55864 0.80972 -0.17963
vn 0.68049 0.72957 0.06827
vn 0.27354 0.94029 -0.20254
vn 0.62758 0.75443 -0.19227
vn 0.94291 0.13725 0.30346
vn 0.34426 0.12374 0.93068
vn 0.47539 0.69608 0.53803
vn 0.29418 0.71386 0.63550
vn 0.41110 0.83293 0.37043
vn 0.07185 0.91135 0.40531
vn 0.00615 0.89443 0.44717
vn -0.20276 0.90907 0.36399
vn -0.97960 0.01458 0.20044
vn -0.99685 0.01359 0.07812
vn -0.79640 0.50158 0.33787
vn -0.70547 0.44431 -0.55217
vn -0.36269 0.93191 -0.00247
vn -0.46720 0.86853 0.16549
vn -0.64570 0.68455 -0.33832
vn -0.16575 0.76667 -0.62028
vn 0.07351 0.45935 -0.88521
vn 0.51122 0.39586 -0.76285
vn 0.56421 0.31976 -0.76120
vn 0.87455 0.25215 -0.41422
vn 0.00880 0.89750 -0.44092
vn 0.22634 0.95579 -0.18770
vn 0.63950 0.76876 -0.00638
vn 0.93121 -0.22498 0.28675
vn 0.98293 0.01940 0.18297
vn 0.69349 0.02154 0.72014
vn 0.66269 0.72977 0.16815
vn 0.39904 0.84561 0.35455
vn -0.03949 0.11892 0.99212
vn -0.09598 0.11846 0.98831
vn -0.40058 -0.41980 0.81443
vn -0.93627 -0.26853 0.22649
vn -0.76931 0.43518 0.46773
vn -0.83529 0.42524 0.34852
vn -0.71169 0.57958 0.39697
vn -0.77440 0.63065 -0.05086
vn -0.87924 0.43802 -0.18730
vn -0.77550 0.47058 -0.42090
vn -0.29731 -0.62023 -0.72589
vn -0.02560 -0.59242 -0.80522
vn -0.61694 0.41086 -0.67125
vn 0.54235 0.43860 -0.71658
vn 0.13254 0.81612 -0.56247
vn 0.07423 0.80937 -0.58259
vn 0.73658 0.14174 -0.66133
vn 0.99145 0.11774 -0.05629
vn 0.96837 -0.23396 0.08677
vn 0.95346 0.24373 0.17749
vn 0.95245 0.25015 0.17395
vn 0.93653 0.25777 0.23763
vn 0.69554 -0.52716 0.48819
vn -0.03326 -0.54839 0.83556
vn -0.23318 -0.74526 0.62468
vn -0.30128 -0.73077 0.61254
vn 0.00732 -0.21047 0.97757
vn -0.83912 -0.18868 0.51018
vn -0.51026 0.49849 0.70081
vn -0.75125 0.50993 0.41904
vn -0.76265 -0.63693 -0.11264
vn -0.75747 -0.63261 -0.16136
vn -0.73999 -0.65081 -0.16987
vn -0.29370 -0.63209 -0.71708
vn -0.77685 0.10917 -0.62015
vn -0.67208 0.11667 -0.73123
vn -0.68874 0.18252 -0.70166
vn 0.22234 0.24544 -0.94357
vn 0.54159 -0.38444 -0.74759
vn 0.69379 -0.36143 -0.62291
vn 0.57844 -0.80879 -0.10615
vn 0.65808 -0.75063 0.05897
vn 0.85123 0.21759 -0.47757
vn 0.91152 -0.37772 0.16265
vn 0.32839 -0.85139 0.40901
vn 0.42320 -0.85768 0.29203
vn 0.07541 -0.95778 0.27745
vn -0.20164 -0.90289 0.37964
vn 0.73432 -0.04471 0.67733
vn -0.00458 -0.06587 0.99782
vn -0.33247 -0.55200 0.76470
vn -0.40579 -0.55012 0.72987
vn -0.41523 -0.87153 0.26079
vn -0.63038 -0.76789 -0.11386
vn -0.46354 -0.85139 -0.24548
vn -0.47515 -0.87272 -0.11225
vn -0.93407 -0.30477 0.18610
vn -0.69987 -0.43728 -0.56477
vn -0.87839 -0.12857 -0.46032
vn -0.71784 -0.15147 -0.67953
vn 0.31239 -0.91464 -0.25659
vn 0.25039 -0.93216 -0.26151
vn 0.11378 -0.86565 -0.48755
vn 0.68228 -0.71585 -0.14849
vn 0.72747 -0.32040 -0.60674
vn 0.79784 -0.31955 -0.51122
vn 0.79705 -0.33028 -0.50559
vn -0.00498 -0.96705 0.25453
vn 0.53866 -0.83971 -0.06888
vn 0.20266 -0.89104 0.40617
vn 0.70977 -0.63496 0.30504
vn 0.64859 -0.66852 0.36389
vn 0.66574 -0.65043 0.36571
vn -0.22335 -0.84964 0.47772
vn -0.63771 -0.74385 -0.20004
vn -0.11746 -0.99179 0.05060
vn -0.08906 -0.98025 0.17660
vn -0.39274 -0.88615 -0.24596
vn -0.72166 -0.35336 0.59527
vn -0.87817 -0.43000 0.20956
vn -0.35169 -0.90835 -0.22630
vn -0.42285 -0.89745 -0.12565
vn 0.04882 -0.98224 -0.18116
vn 0.31434 -0.90593 -0.28370
vn 0.51100 -0.84316 -0.16721
vn 0.02323 -0.98063 -0.19447
vn -0.60886 -0.41095 -0.67854
vn 0.54208 -0.69717 -0.46915
vn 0.56686 -0.75303 -0.33409
vn 0.48357 -0.75429 -0.44408
vn -0.00462 -0.89660 0.44282
vn 0.07474 -0.98659 -0.14508
vn 0.49658 -0.85772 0.13312
vn 0.47058 -0.88075 -0.05323
vn -0.65512 -0.73452 -0.17691
vn -0.14703 -0.96368 0.22292
vn -0.04633 -0.84598 0.53120
vn -0.20062 -0.96076 -0.19156
vn 0.27094 -0.96217 0.02866
vn 0.50344 -0.81437 -0.28871
vn -0.69653 -0.61295 -0.37301
vn 0.06566 -0.99734 0.03149
vn 0.22984 -0.86580 0.44448
vn 0.04332 0.84650 0.53063
vn 0.12278 0.95849 0.25735
vn 0.65978 0.73053 -0.17612
vn -0.43978 0.89629 -0.05708
vn -0.49620 0.85860 0.12883
vn -0.10191 0.97970 -0.17264
vn -0.23409 0.86249 0.44867
vn -0.08025 0.99516 0.05668
vn 0.69641 0.61431 -0.37100
vn -0.47414 0.82929 -0.29576
vn -0.27339 0.96157 0.02535
vn 0.17797 0.95997 -0.21628
vn 0.72411 0.34923 0.59473
vn 0.40659 0.88313 -0.23404
vn 0.07885 0.97201 0.22131
vn 0.11951 0.99191 0.04288
vn 0.63774 0.74238 -0.20532
vn 0.23797 0.85727 0.45656
vn -0.63861 0.67921 0.36173
vn -0.65663 0.66069 0.36376
vn -0.71549 0.62796 0.30617
vn -0.23396 0.88267 0.40762
vn -0.57656 0.81154 -0.09478
vn 0.01125 0.96582 0.25897
vn 0.01042 0.89475 0.44644
vn -0.47206 0.77286 -0.42408
vn -0.56822 0.76871 -0.29361
vn -0.53592 0.69459 -0.47993
vn 0.60696 0.40860 -0.68165
vn -0.00847 0.97665 -0.21465
vn -0.48304 0.85519 -0.18795
vn -0.32403 0.90324 -0.28137
vn -0.05892 0.98210 -0.17889
vn 0.39580 0.90956 -0.12665
vn 0.30771 0.91872 -0.24754
vn 0.87967 0.42425 0.21491
vn 0.48312 0.84409 -0.23261
vn 0.62130 0.77383 -0.12318
vn 0.40972 0.87884 0.24448
vn 0.40562 0.57616 0.70958
vn 0.34832 0.57832 0.73771
vn -0.01465 0.04024 0.99908
vn -0.73650 0.02722 0.67589
vn 0.19563 0.89993 0.38969
vn -0.10238 0.95475 0.27922
vn -0.40386 0.86714 0.29148
vn -0.30672 0.85897 0.40999
vn -0.89994 0.40135 0.17039
vn -0.79514 0.35461 -0.49195
vn -0.79953 0.29409 -0.52370
vn -0.72673 0.29453 -0.62058
vn -0.69034 0.70559 -0.15991
vn -0.09478 0.85282 -0.51353
vn -0.25521 0.93375 -0.25097
vn -0.32105 0.91460 -0.24582
vn 0.70758 0.18225 -0.68273
vn 0.86873 0.15593 -0.47011
vn 0.71925 0.41463 -0.55747
vn 0.93926 0.28668 0.18868
vn 0.49384 0.86282 -0.10802
vn 0.74390 0.65680 -0.12336
vn 0.76035 -0.49689 0.41829
vn 0.52117 -0.48696 0.70089
vn 0.83445 0.15033 0.53019
vn -0.02517 0.16444 0.98607
vn 0.30113 0.72264 0.62219
vn 0.22420 0.73852 0.63586
vn 0.05154 0.57002 0.82001
vn -0.67164 0.55695 0.48858
vn -0.93972 -0.24011 0.24346
vn -0.95501 -0.23344 0.18291
vn -0.94798 -0.27537 0.15969
vn -0.84180 -0.24452 -0.48124
vn -0.66366 0.74579 0.05796
vn -0.58094 0.80588 -0.11428
vn -0.69476 0.39518 -0.60096
vn -0.54824 0.42075 -0.72277
vn -0.23074 -0.22338 -0.94703
vn 0.68329 -0.16762 -0.71065
vn 0.68203 -0.16244 -0.71306
vn 0.78269 -0.15183 -0.60360
vn 0.29843 0.62320 -0.72289
vn 0.75190 0.63905 -0.16205
vn 0.73893 0.65241 -0.16833
vn 0.71509 -0.57784 0.39339
vn 0.80647 -0.46916 0.35985
vn 0.74136 -0.47803 0.47104
vn 0.93734 0.26726 0.22354
vn 0.39543 0.41963 0.81704
vn 0.12404 -0.06313 0.99027
vn 0.06261 -0.06350 0.99602
vn -0.40112 -0.84386 0.35636
vn -0.66210 -0.72952 0.17154
vn -0.70677 -0.07117 0.70386
vn -0.98413 -0.06337 0.16578
vn -0.93072 0.22401 0.28909
vn -0.96875 0.23316 0.08461
vn -0.99561 -0.08256 -0.04412
vn -0.75249 -0.10052 -0.65089
vn -0.07602 -0.80733 -0.58519
vn -0.13740 -0.81430 -0.56395
vn -0.51161 -0.48224 -0.71112
vn 0.62069 -0.44006 -0.64892
vn 0.02226 0.59230 -0.80541
vn 0.29917 0.62076 -0.72468
vn 0.78123 -0.43722 -0.44555
vn 0.89057 -0.40709 -0.20288
vn 0.77683 -0.62773 -0.04992
vn 0.77414 -0.52720 0.35038
vn 0.99744 -0.00224 0.07154
vn 0.98006 -0.00241 0.19867
vn 0.23545 -0.89883 0.36968
vn 0.01198 -0.88756 0.46053
vn -0.08427 -0.91296 0.39926
vn -0.40828 -0.83637 0.36577
vn -0.30910 -0.73972 0.59772
vn -0.47279 -0.72028 0.50762
vn -0.33668 -0.11212 0.93492
vn -0.94373 -0.12518 0.30610
vn -0.65230 -0.73718 -0.17629
vn -0.66267 -0.74890 0.00355
vn -0.21739 -0.95683 -0.19293
vn -0.00751 -0.89941 -0.43704
vn -0.85900 -0.29001 -0.42192
vn -0.53675 -0.36313 -0.76160
vn -0.52477 -0.37999 -0.76172
vn -0.07739 -0.44506 -0.89215
vn 0.15063 -0.74538 -0.64940
vn 0.65032 -0.66903 -0.35983
vn 0.46547 -0.86853 0.17026
vn 0.35851 -0.93352 -0.00119
vn 0.69753 -0.47503 -0.53647
vn 0.61395 -0.78869 -0.03215
vn 0.22914 -0.95019 0.21128
vn 0.15872 -0.94128 0.29798
vn -0.56211 -0.78307 0.26614
vn -0.12897 -0.98804 0.08454
vn 0.87021 -0.38667 0.30532
vn -0.30600 -0.74718 0.58998
vn -0.20471 -0.69522 0.68903
vn -0.04142 -0.67477 0.73686
vn -0.24353 -0.96089 -0.13183
vn -0.28862 -0.93739 -0.19492
vn -0.25558 -0.93603 -0.24193
vn -0.25776 -0.94400 -0.20595
vn -0.65699 -0.75191 0.05467
vn -0.53318 -0.82564 -0.18449
vn -0.91919 -0.39037 -0.05197
vn -0.45595 -0.67475 -0.58037
vn 0.65100 -0.75283 -0.09722
vn -0.00648 -0.99174 -0.12807
vn 0.06544 -0.99584 -0.06346
vn 0.52392 -0.83853 0.14956
vn 0.42086 -0.58383 -0.69428
vn 0.59953 -0.61010 -0.51802
vn 0.56451 -0.72518 -0.39426
vn -0.25562 -0.96387 0.07488
vn -0.42240 -0.74986 0.50920
vn 0.79202 -0.60996 0.02575
vn -0.01988 -0.98653 0.16234
vn -0.22573 -0.96375 -0.14227
vn 0.00995 -0.96470 -0.26317
vn -0.54815 -0.83255 0.07998
vn -0.54464 -0.78511 0.29491
vn 0.65425 -0.74256 -0.14340
vn 0.06040 -0.99690 -0.05033
vn -0.05141 -0.93914 -0.33966
vn 0.25323 -0.90771 -0.33458
vn -0.07186 0.92413 -0.37527
vn 0.05574 0.99414 0.09265
vn -0.18047 0.93940 0.29147
vn -0.61924 0.78475 0.02675
vn 0.52189 0.70571 0.47917
vn 0.08212 0.98965 -0.11764
vn -0.27679 0.81005 -0.51692
vn -0.16918 0.98331 -0.06694
vn -0.22727 0.97041 0.08151
vn -0.46503 0.86994 -0.16417
vn 0.68576 0.65508 0.31718
vn 0.37914 0.89656 -0.22897
vn 0.17226 0.91059 -0.37569
vn 0.41152 0.91064 -0.03712
vn 0.22594 0.94796 0.22434
vn 0.04185 0.56580 0.82348
vn 0.00763 0.55943 0.82884
vn 0.49948 0.80057 0.33108
vn -0.72420 0.63725 0.26354
vn 0.14983 0.98748 0.04940
vn 0.62684 0.73452 0.25992
vn -0.46881 0.83971 0.27405
vn -0.62667 0.77926 0.00540
vn -0.70308 0.70881 -0.05718
vn -0.58561 0.59038 -0.55545
vn -0.48637 0.83434 -0.25948
vn -0.46736 0.83640 -0.28637
vn -0.47311 0.86502 0.16704
vn -0.23856 0.96922 0.06092
vn 0.17490 0.93179 -0.31809
vn -0.45468 0.84290 -0.28774
vn 0.53489 0.57134 -0.62247
vn 0.95938 0.28204 -0.00620
vn 0.18160 0.95985 -0.21381
vn 0.20145 0.96116 -0.18863
vn 0.18216 0.96292 -0.19901
vn 0.89536 0.44301 0.04554
vn 0.95656 0.11436 0.26818
vn 0.27778 0.09964 0.95546
vn 0.40730 0.88514 0.22504
vn 0.42361 0.87982 0.21557
vn 0.36223 0.84564 0.39203
vn 0.10689 0.90205 0.41818
vn -0.25950 0.73469 0.62681
vn -0.63557 0.66439 0.39324
vn -0.97699 -0.01197 0.21293
vn -0.99908 -0.01082 0.04148
vn -0.51290 0.74370 0.42877
vn -0.54579 0.79138 -0.27538
vn -0.36791 0.92933 -0.03151
vn -0.48702 0.85820 0.16220
vn -0.67590 0.40633 -0.61486
vn 0.06320 0.39759 -0.91538
vn 0.03103 0.44785 -0.89357
vn 0.57283 0.36727 -0.73279
vn 0.18202 0.75680 -0.62779
vn 0.49453 0.73172 -0.46906
vn 0.05412 0.90628 -0.41920
vn 0.22917 0.94933 -0.21506
vn 0.88949 0.44011 0.12289
vn 0.96231 -0.05808 0.26568
vn 0.90106 0.43316 0.02158
vn 0.73897 0.50914 0.44125
vn 0.68596 0.68250 0.25230
vn 0.40678 0.78961 0.45940
vn -0.24282 -0.41034 0.87901
vn -0.33849 -0.39803 0.85264
vn -0.26100 -0.26007 0.92965
vn -0.96050 -0.16045 0.22738
vn -0.47640 0.75851 0.44464
vn -0.49630 0.75961 0.42033
vn -0.81898 0.46439 0.33708
vn -0.86479 0.49036 -0.10807
vn -0.93618 0.03033 -0.35022
vn -0.74594 0.03165 -0.66526
vn -0.41666 -0.52231 -0.74403
vn -0.04631 -0.49994 -0.86482
vn -0.60617 0.64030 -0.47177
vn 0.16844 0.79357 -0.58470
vn 0.26958 0.72344 -0.63558
vn 0.19371 0.72073 -0.66560
vn 0.81695 -0.28634 -0.50060
vn 0.97321 -0.21885 0.07050
vn 0.99817 -0.06025 0.00503
vn 0.87859 0.47711 0.02104
vn 0.94092 -0.09865 0.32393
vn 0.93389 -0.09932 0.34349
vn 0.46837 -0.75463 0.45954
vn -0.19143 -0.69508 0.69297
vn -0.01057 -0.50045 0.86570
vn -0.23618 -0.48632 0.84125
vn 0.11629 0.16950 0.97865
vn -0.71919 0.17943 0.67124
vn -0.68803 0.23869 0.68530
vn -0.89939 0.23255 0.37017
vn -0.59042 -0.78361 -0.19329
vn -0.58707 -0.77917 -0.21962
vn -0.92864 -0.36977 -0.02989
vn -0.44543 -0.41099 -0.79541
vn -0.77294 0.41046 -0.48383
vn -0.71163 0.43225 -0.55384
vn -0.55960 -0.14902 -0.81525
vn 0.38506 -0.16595 -0.90785
vn 0.55828 -0.65046 -0.51500
vn 0.67674 -0.60832 -0.41468
vn 0.64599 -0.70456 -0.29375
vn 0.77906 -0.62694 0.00393
vn 0.77082 0.41859 -0.48023
vn 0.69998 -0.66263 0.26638
vn 0.18892 -0.89492 0.40427
vn 0.28286 -0.91264 0.29510
vn 0.51863 -0.80294 0.29379
vn -0.04540 -0.83020 0.55562
vn 0.72560 0.04868 0.68639
vn 0.12923 0.07015 0.98913
vn -0.46854 -0.79668 0.38181
vn -0.37909 -0.81664 0.43519
vn -0.36219 -0.91675 0.16848
vn -0.57464 -0.79558 -0.19195
vn -0.77261 -0.63484 -0.00717
vn -0.77259 -0.63483 -0.00960
vn -0.96293 -0.20444 0.17595
vn -0.82008 -0.29578 -0.48988
vn -0.62538 -0.55048 -0.55306
vn -0.48423 -0.57862 -0.65630
vn 0.35819 -0.91539 -0.18374
vn 0.29532 -0.93672 -0.18803
vn -0.16400 -0.54872 -0.81976
vn 0.77307 -0.51585 -0.36915
vn 0.73101 -0.17004 -0.66084
vn 0.79106 -0.17053 -0.58749
vn 0.69651 -0.65935 -0.28308
vn -0.01895 -0.95580 0.29342
vn 0.83084 -0.47800 -0.28501
vn 0.61572 -0.69957 0.36261
vn 0.63006 -0.68903 0.35813
vn 0.64931 -0.67968 0.34122
vn 0.22008 -0.94232 0.25217
vn -0.38193 -0.89277 0.23891
vn -0.62276 -0.75641 -0.20005
vn -0.14638 -0.98884 0.02762
vn 0.01628 -0.75207 0.65889
vn -0.56759 -0.82234 -0.03999
vn -0.74571 -0.39810 0.53426
vn -0.85941 -0.45880 0.22563
vn 0.12288 -0.90653 -0.40386
vn -0.10121 -0.98578 -0.13411
vn -0.02817 -0.98948 -0.14192
vn 0.37410 -0.87796 -0.29874
vn -0.01293 -0.87609 -0.48198
vn -0.21718 -0.85525 -0.47052
vn -0.54696 -0.47258 -0.69102
vn 0.48712 -0.72544 -0.48627
vn 0.52281 -0.84457 0.11560
vn 0.32952 -0.92500 -0.18917
vn -0.01803 -0.90934 0.41566
vn 0.33523 -0.83977 -0.42709
vn 0.36225 -0.91919 0.15451
vn 0.07465 -0.99314 -0.09002
vn -0.67112 -0.72919 -0.13372
vn 0.13682 -0.82341 0.55070
vn -0.00154 -0.90314 0.42934
vn 0.03055 -0.89597 -0.44307
vn 0.17438 -0.98426 0.02888
vn 0.03420 -0.94177 -0.33452
vn -0.64038 -0.69601 -0.32476
vn 0.22105 -0.93276 0.28477
vn 0.30157 -0.86077 0.41004
f 1/1/1 2/2/1 3/3/1
f 4/4/2 5/5/2 6/6/2
f 7/7/3 8/8/3 9/9/3
f 10/10/4 11/11/4 12/12/4
f 13/13/5 14/14/5 15/15/5
f 16/16/6 17/17/6 18/18/6
f 19/19/7 20/20/7 21/21/7
f 22/22/8 23/23/8 24/24/8
f 25/25/9 26/26/9 27/27/9
f 28/28/10 29/29/10 30/30/10
f 31/31/11 32/32/11 33/33/11
f 34/34/12 35/35/12 36/36/12
f 37/37/13 38/38/13 39/39/13
f 40/40/14 41/41/14 42/42/14
f 43/43/15 44/44/15 45/45/15
f 46/46/16 47/47/16 48/48/16
f 49/49/17 50/50/17 51/51/17
f 52/52/18 53/53/18 54/54/18
f 55/55/19 56/56/19 57/57/19
f 58/58/20 59/59/20 60/60/20
f 61/61/21 62/62/21 63/63/21
f 64/64/22 65/65/22 66/66/22
f 67/67/23 68/68/23 69/69/23
f 70/70/24 71/71/24 72/72/24
f 73/73/25 74/74/25 75/75/25
f 76/76/26 77/77/26 78/78/26
f 79/79/27 80/80/27 81/81/27
f 82/82/28 83/83/28 84/84/28
f 85/85/29 86/86/29 87/87/29
f 88/88/30 89/89/30 90/90/30
f 91/91/31 92/92/31 93/93/31
f 94/94/32 95/95/32 96/96/32
f 97/97/33 98/98/33 99/99/33
f 100/100/34 101/101/34 102/102/34
f 103/103/35 104/104/35 105/105/35
f 106/106/36 107/107/36 108/108/36
f 109/109/37 110/110/37 111/111/37
f 112/112/38 113/113/38 114/114/38
f 115/115/39 116/116/39 117/117/39
f 118/118/40 119/119/40 120/120/40
f 121/121/41 122/122/41 123/123/41
f 124/124/42 125/125/42 126/126/42
f 127/127/43 128/128/43 129/129/43
f 130/130/44 131/131/44 132/132/44
f 133/133/45 134/134/45 135/135/45
f 136/136/46 137/137/46 138/138/46
f 139/139/47 140/140/47 141/141/47
f 142/142/48 143/143/48 144/144/48
f 145/145/49 146/146/49 147/147/49
f 148/148/50 149/149/50 150/150/50
f 151/151/51 152/152/51 153/153/51
f 154/154/52 155/155/52 156/156/52
f 157/157/53 158/158/53 159/159/53
f 160/160/54 161/161/54 162/162/54
f 163/163/55 164/164/55 165/165/55
f 166/166/56 167/167/56 168/168/56
f 169/169/57 170/170/57 171/171/57
f 172/172/58 173/173/58 174/174/58
f 175/175/59 176/176/59 177/177/59
f 178/178/60 179/179/60 180/180/60
f 181/181/61 182/182/61 183/183/61
f 184/184/62 185/185/62 186/186/62
f 187/187/63 188/188/63 189/189/63
f 190/190/64 191/191/64 192/192/64
f 193/193/65 194/194/65 195/195/65
f 196/196/66 197/197/66 198/198/66
f 199/199/67 200/200/67 201/201/67
f 202/202/68 203/203/68 204/204/68
f 205/205/69 206/206/69 207/207/69
f 208/208/70 209/209/70 210/210/70
f 211/211/71 212/212/71 213/213/71
f 214/214/72 215/215/72 216/216/72
f 217/217/73 218/218/73 219/219/73
f 220/220/74 221/221/74 222/222/74
f 223/223/75 224/224/75 225/225/75
f 226/226/76 227/227/76 228/228/76
f 229/229/77 230/230/77 231/231/77
f 232/232/78 233/233/78 234/234/78
f 235/235/79 236/236/79 237/237/79
f 238/238/80 239/239/80 240/240/80
f 241/241/81 242/242/81 243/243/81
f 244/244/82 245/245/82 246/246/82
f 247/247/83 248/248/83 249/249/83
f 250/250/84 251/251/84 252/252/84
f 253/253/85 254/254/85 255/255/85
f 256/256/86 257/257/86 258/258/86
f 259/259/87 260/260/87 261/261/87
f 262/262/88 263/263/88 264/264/88
f 265/265/89 266/266/89 267/267/89
f 268/268/90 269/269/90 270/270/90
f 271/271/91 272/272/91 273/273/91
f 274/274/92 275/275/92 276/276/92
f 277/277/93 278/278/93 279/279/93
f 280/280/94 281/281/94 282/282/94
f 283/283/95 284/284/95 285/285/95
f 286/286/96 287/287/96 288/288/96
f 289/289/97 290/290/97 291/291/97
f 292/292/98 293/293/98 294/294/98
f 295/295/99 296/296/99 297/297/99
f 298/298/100 299/299/100 300/300/100
f 301/301/101 302/302/101 303/303/101
f 304/304/102 305/305/102 306/306/102
f 307/307/103 308/308/103 309/309/103
f 310/310/104 311/311/104 312/312/104
f 313/313/105 314/314/105 315/315/105
f 316/316/106 317/317/106 318/318/106
f 319/319/107 320/320/107 321/321/107
f 322/322/108 323/323/108 324/324/108
f 325/325/109 326/326/109 327/327/109
f 328/328/110 329/329/110 330/330/110
f 331/331/111 332/332/111 333/333/111
f 334/334/112 335/335/112 336/336/112
f 337/337/113 338/338/113 339/339/113
f 340/340/114 341/341/114 342/342/114
f 343/343/115 344/344/115 345/345/115
f 346/346/116 347/347/116 348/348/116
f 349/349/117 350/350/117 351/351/117
f 352/352/118 353/353/118 354/354/118
f 355/355/119 356/356/119 357/357/119
f 358/358/120 359/359/120 360/360/120
f 361/361/121 362/362/121 363/363/121
f 364/364/122 365/365/122 366/366/122
f 367/367/123 368/368/123 369/369/123
f 370/370/124 371/371/124 372/372/124
f 373/373/125 374/374/125 375/375/125
f 376/376/126 377/377/126 378/378/126
f 379/379/127 380/380/127 381/381/127
f 382/382/128 383/383/128 384/384/128
f 385/385/129 386/386/129 387/387/129
f 388/388/130 389/389/130 390/390/130
f 391/391/131 392/392/131 393/393/131
f 394/394/132 395/395/132 396/396/132
f 397/397/133 398/398/133 399/399/133
f 400/400/134 401/401/134 402/402/134
f 403/403/135 404/404/135 405/405/135
f 406/406/136 407/407/136 408/408/136
f 409/409/137 410/410/137 411/411/137
f 412/412/138 413/413/138 414/414/138
f 415/415/139 416/416/139 417/417/139
f 418/418/140 419/419/140 420/420/140
f 421/421/141 422/422/141 423/423/141
f 424/424/142 425/425/142 426/426/142
f 427/427/143 428/428/143 429/429/143
f 430/430/144 431/431/144 432/432/144
f 433/433/145 434/434/145 435/435/145
f 436/436/146 437/437/146 438/438/146
f 439/439/147 440/440/147 441/441/147
f 442/442/148 443/443/148 444/444/148
f 445/445/149 446/446/149 447/447/149
f 448/448/150 449/449/150 450/450/150
f 451/451/151 452/452/151 453/453/151
f 454/454/152 455/455/152 456/456/152
f 457/457/153 458/458/153 459/459/153
f 460/460/154 461/461/154 462/462/154
f 463/463/155 464/464/155 465/465/155
f 466/466/156 467/467/156 468/468/156
f 469/469/157 470/470/157 471/471/157
f 472/472/158 473/473/158 474/474/158
f 475/475/159 476/476/159 477/477/159
f 478/478/160 479/479/160 480/480/160
f 481/481/161 482/482/161 483/483/161
f 484/484/162 485/485/162 486/486/162
f 487/487/163 488/488/163 489/489/163
f 490/490/164 491/491/164 492/492/164
f 493/493/165 494/494/165 495/495/165
f 496/496/166 497/497/166 498/498/166
f 499/499/167 500/500/167 501/501/167
f 502/502/168 503/503/168 504/504/168
f 505/505/169 506/506/169 507/507/169
f 508/508/170 509/509/170 510/510/170
f 511/511/171 512/512/171 513/513/171
f 514/514/172 515/515/172 516/516/172
f 517/517/173 518/518/173 519/519/173
f 520/520/174 521/521/174 522/522/174
f 523/523/175 524/524/175 525/525/175
f 526/526/176 527/527/176 528/528/176
f 529/529/177 530/530/177 531/531/177
f 532/532/178 533/533/178 534/534/178
f 535/535/179 536/536/179 537/537/179
f 538/538/180 539/539/180 540/540/180
f 541/541/181 542/542/181 543/543/181
f 544/544/182 545/545/182 546/546/182
f 547/547/183 548/548/183 549/549/183
f 550/550/184 551/551/184 552/552/184
f 553/553/185 554/554/185 555/555/185
f 556/556/186 557/557/186 558/558/186
f 559/559/187 560/560/187 561/561/187
f 562/562/188 563/563/188 564/564/188
f 565/565/189 566/566/189 567/567/189
f 568/568/190 569/569/190 570/570/190
f 571/571/191 572/572/191 573/573/191
f 574/574/192 575/575/192 576/576/192
f 577/577/193 578/578/193 579/579/193
f 580/580/194 581/581/194 582/582/194
f 583/583/195 584/584/195 585/585/195
f 586/586/196 587/587/196 588/588/196
f 589/589/197 590/590/197 591/591/197
f 592/592/198 593/593/198 594/594/198
f 595/595/199 596/596/199 597/597/199
f 598/598/200 599/599/200 600/600/200
f 601/601/201 602/602/201 603/603/201
f 604/604/202 605/605/202 606/606/202
f 607/607/203 608/608/203 609/609/203
f 610/610/204 611/611/204 612/612/204
f 613/613/205 614/614/205 615/615/205
f 616/616/206 617/617/206 618/618/206
f 619/619/207 620/620/207 621/621/207
f 622/622/208 623/623/208 624/624/208
f 625/625/209 626/626/209 627/627/209
f 628/628/210 629/629/210 630/630/210
f 631/631/211 632/632/211 633/633/211
f 634/634/212 635/635/212 636/636/212
f 637/637/213 638/638/213 639/639/213
f 640/640/214 641/641/214 642/642/214
f 643/643/215 644/644/215 645/645/215
f 646/646/216 647/647/216 648/648/216
f 649/649/217 650/650/217 651/651/217
f 652/652/218 653/653/218 654/654/218
f 655/655/219 656/656/219 657/657/219
f 658/658/220 659/659/220 660/660/220
f 661/661/221 662/662/221 663/663/221
f 664/664/222 665/665/222 666/666/222
f 667/667/223 668/668/223 669/669/223
f 670/670/224 671/671/224 672/672/224
f 673/673/225 674/674/225 675/675/225
f 676/676/226 677/677/226 678/678/226
f 679/679/227 680/680/227 681/681/227
f 682/682/228 683/683/228 684/684/228
f 685/685/229 686/686/229 687/687/229
f 688/688/230 689/689/230 690/690/230
f 691/691/231 692/692/231 693/693/231
f 694/694/232 695/695/232 696/696/232
f 697/697/233 698/698/233 699/699/233
f 700/700/234 701/701/234 702/702/234
f 703/703/235 704/704/235 705/705/235
f 706/706/236 707/707/236 708/708/236
f 709/709/237 710/710/237 711/711/237
f 712/712/238 713/713/238 714/714/238
f 715/715/239 716/716/239 717/717/239
f 718/718/240 719/719/240 720/720/240
f 721/721/241 722/722/241 723/723/241
f 724/724/242 725/725/242 726/726/242
f 727/727/243 728/728/243 729/729/243
f 730/730/244 731/731/244 732/732/244
f 733/733/245 734/734/245 735/735/245
f 736/736/246 737/737/246 738/738/246
f 739/739/247 740/740/247 741/741/247
f 742/742/248 743/743/248 744/744/248
f 745/745/249 746/746/249 747/747/249
f 748/748/250 749/749/250 750/750/250
f 751/751/251 752/752/251 753/753/251
f 754/754/252 755/755/252 756/756/252
f 757/757/253 758/758/253 759/759/253
f 760/760/254 761/761/254 762/762/254
f 763/763/255 764/764/255 765/765/255
f 766/766/256 767/767/256 768/768/256
f 769/769/257 770/770/257 771/771/257
f 772/772/258 773/773/258 774/774/258
f 775/775/259 776/776/259 777/777/259
f 778/778/260 779/779/260 780/780/260
f 781/781/261 782/782/261 783/783/261
f 784/784/262 785/785/262 786/786/262
f 787/787/263 788/788/263 789/789/263
f 790/790/264 791/791/264 792/792/264
f 793/793/265 794/794/265 795/795/265
f 796/796/266 797/797/266 798/798/266
f 799/799/267 800/800/267 801/801/267
f 802/802/268 803/803/268 804/804/268
f 805/805/269 806/806/269 807/807/269
f 808/808/270 809/809/270 810/810/270
f 811/811/271 812/812/271 813/813/271
f 814/814/272 815/815/272 816/816/272
f 817/817/273 818/818/273 819/819/273
f 820/820/274 821/821/274 822/822/274
f 823/823/275 824/824/275 825/825/275
f 826/826/276 827/827/276 828/828/276
f 829/829/277 830/830/277 831/831/277
f 832/832/278 833/833/278 834/834/278
f 835/835/279 836/836/279 837/837/279
f 838/838/280 839/839/280 840/840/280
f 841/841/281 842/842/281 843/843/281
f 844/844/282 845/845/282 846/846/282
f 847/847/283 848/848/283 849/849/283
f 850/850/284 851/851/284 852/852/284
f 853/853/285 854/854/285 855/855/285
f 856/856/286 857/857/286 858/858/286
f 859/859/287 860/860/287 861/861/287
f 862/862/288 863/863/288 864/864/288
f 865/865/289 866/866/289 867/867/289
f 868/868/290 869/869/290 870/870/290
f 871/871/291 872/872/291 873/873/291
f 874/874/292 875/875/292 876/876/292
f 877/877/293 878/878/293 879/879/293
f 880/880/294 881/881/294 882/882/294
f 883/883/295 884/884/295 885/885/295
f 886/886/296 887/887/296 888/888/296
f 889/889/297 890/890/297 891/891/297
f 892/892/298 893/893/298 894/894/298
f 895/895/299 896/896/299 897/897/299
f 898/898/300 899/899/300 900/900/300
f 901/901/301 902/902/301 903/903/301
f 904/904/302 905/905/302 906/906/302
f 907/907/303 908/908/303 909/909/303
f 910/910/304 911/911/304 912/912/304
f 913/913/305 914/914/305 915/915/305
f 916/916/306 917/917/306 918/918/306
f 919/919/307 920/920/307 921/921/307
f 922/922/308 923/923/308 924/924/308
f 925/925/309 926/926/309 927/927/309
f 928/928/310 929/929/310 930/930/310
f 931/931/311 932/932/311 933/933/311
f 934/934/312 935/935/312 936/936/312
f 937/937/313 938/938/313 939/939/313
f 940/940/314 941/941/314 942/942/314
f 943/943/315 944/944/315 945/945/315
f 946/946/316 947/947/316 948/948/316
f 949/949/317 950/950/317 951/951/317
f 952/952/318 953/953/318 954/954/318
f 955/955/319 956/956/319 957/957/319
f 958/958/320 959/959/320 960/960/320
f 961/961/321 962/962/321 963/963/321
f 964/964/322 965/965/322 966/966/322
f 967/967/323 968/968/323 969/969/323
f 970/970/324 971/971/324 972/972/324
f 973/973/325 974/974/325 975/975/325
f 976/976/326 977/977/326 978/978/326
f 979/979/327 980/980/327 981/981/327
f 982/982/328 983/983/328 984/984/328
f 985/985/329 986/986/329 987/987/329
f 988/988/330 989/989/330 990/990/330
f 991/991/331 992/992/331 993/993/331
f 994/994/332 995/995/332 996/996/332
f 997/997/333 998/998/333 999/999/333
f 1000/1000/334 1001/1001/334 1002/1002/334
f 1003/1003/335 1004/1004/335 1005/1005/335
f 1006/1006/336 1007/1007/336 1008/1008/336
f 1009/1009/337 1010/1010/337 1011/1011/337
f 1012/1012/338 1013/1013/338 1014/1014/338
f 1015/1015/339 1016/1016/339 1017/1017/339
f 1018/1018/340 1019/1019/340 1020/1020/340
f 1021/1021/341 1022/1022/341 1023/1023/341
f 1024/1024/342 1025/1025/342 1026/1026/342
f 1027/1027/343 1028/1028/343 1029/1029/343
f 1030/1030/344 1031/1031/344 1032/1032/344
f 1033/1033/345 1034/1034/345 1035/1035/345
f 1036/1036/346 1037/1037/346 1038/1038/346
f 1039/1039/347 1040/1040/347 1041/1041/347
f 1042/1042/348 1043/1043/348 1044/1044/348
f 1045/1045/349 1046/1046/349 1047/1047/349
f 1048/1048/350 1049/1049/350 1050/1050/350
f 1051/1051/351 1052/1052/351 1053/1053/351
f 1054/1054/352 1055/1055/352 1056/1056/352
f 1057/1057/353 1058/1058/353 1059/1059/353
f 1060/1060/354 1061/1061/354 1062/1062/354
f 1063/1063/355 1064/1064/355 1065/1065/355
f 1066/1066/356 1067/1067/356 1068/1068/356
f 1069/1069/357 1070/1070/357 1071/1071/357
f 1072/1072/358 1073/1073/358 1074/1074/358
f 1075/1075/359 1076/1076/359 1077/1077/359
f 1078/1078/360 1079/1079/360 1080/1080/360
f 1081/1081/361 1082/1082/361 1083/1083/361
f 1084/1084/362 1085/1085/362 1086/1086/362
f 1087/1087/363 1088/1088/363 1089/1089/363
f 1090/1090/364 1091/1091/364 1092/1092/364
f 1093/1093/365 1094/1094/365 1095/1095/365
f 1096/1096/366 1097/1097/366 1098/1098/366
f 1099/1099/367 1100/1100/367 1101/1101/367
f 1102/1102/368 1103/1103/368 1104/1104/368
f 1105/1105/369 1106/1106/369 1107/1107/369
f 1108/1108/370 1109/1109/370 1110/1110/370
f 1111/1111/371 1112/1112/371 1113/1113/371
f 1114/1114/372 1115/1115/372 1116/1116/372
f 1117/1117/373 1118/1118/373 1119/1119/373
f 1120/1120/374 1121/1121/374 1122/1122/374
f 1123/1123/375 1124/1124/375 1125/1125/375
f 1126/1126/376 1127/1127/376 1128/1128/376
f 1129/1129/377 1130/1130/377 1131/1131/377
f 1132/1132/378 1133/1133/378 1134/1134/378
f 1135/1135/379 1136/1136/379 1137/1137/379
f 1138/1138/380 1139/1139/380 1140/1140/380
f 1141/1141/381 1142/1142/381 1143/1143/381
f 1144/1144/382 1145/1145/382 1146/1146/382
f 1147/1147/383 1148/1148/383 1149/1149/383
f 1150/1150/384 1151/1151/384 1152/1152/384
f 1153/1153/385 1154/1154/385 1155/1155/385
f 1156/1156/386 1157/1157/386 1158/1158/386
f 1159/1159/387 1160/1160/387 1161/1161/387
f 1162/1162/388 1163/1163/388 1164/1164/388
f 1165/1165/389 1166/1166/389 1167/1167/389
f 1168/1168/390 1169/1169/390 1170/1170/390
f 1171/1171/391 1172/1172/391 1173/1173/391
f 1174/1174/392 1175/1175/392 1176/1176/392
f 1177/1177/393 1178/1178/393 1179/1179/393
f 1180/1180/394 1181/1181/394 1182/1182/394
f 1183/1183/395 1184/1184/395 1185/1185/395
f 1186/1186/396 1187/1187/396 1188/1188/396
f 1189/1189/397 1190/1190/397 1191/1191/397
f 1192/1192/398 1193/1193/398 1194/1194/398
f 1195/1195/399 1196/1196/399 1197/1197/399
f 1198/1198/400 1199/1199/400 1200/1200/400
f 1201/1201/401 1202/1202/401 1203/1203/401
f 1204/1204/402 1205/1205/402 1206/1206/402
f 1207/1207/403 1208/1208/403 1209/1209/403
f 1210/1210/404 1211/1211/404 1212/1212/404
f 1213/1213/405 1214/1214/405 1215/1215/405
f 1216/1216/406 1217/1217/406 1218/1218/406
f 1219/1219/407 1220/1220/407 1221/1221/407
f 1222/1222/408 1223/1223/408 1224/1224/408
f 1225/1225/409 1226/1226/409 1227/1227/409
f 1228/1228/410 1229/1229/410 1230/1230/410
f 1231/1231/411 1232/1232/411 1233/1233/411
f 1234/1234/412 1235/1235/412 1236/1236/412
f 1237/1237/413 1238/1238/413 1239/1239/413
f 1240/1240/414 1241/1241/414 1242/1242/414
f 1243/1243/415 1244/1244/415 1245/1245/415
f 1246/1246/416 1247/1247/416 1248/1248/416
f 1249/1249/417 1250/1250/417 1251/1251/417
f 1252/1252/418 1253/1253/418 1254/1254/418
f 1255/1255/419 1256/1256/419 1257/1257/419
f 1258/1258/420 1259/1259/420 1260/1260/420
f 1261/1261/421 1262/1262/421 1263/1263/421
f 1264/1264/422 1265/1265/422 1266/1266/422
f 1267/1267/423 1268/1268/423 1269/1269/423
f 1270/1270/424 1271/1271/424 1272/1272/424
f 1273/1273/425 1274/1274/425 1275/1275/425
f 1276/1276/426 1277/1277/426 1278/1278/426
f 1279/1279/427 1280/1280/427 1281/1281/427
f 1282/1282/428 1283/1283/428 1284/1284/428
f 1285/1285/429 1286/1286/429 1287/1287/429
f 1288/1288/430 1289/1289/430 1290/1290/430
f 1291/1291/431 1292/1292/431 1293/1293/431
f 1294/1294/432 1295/1295/432 1296/1296/432
f 1297/1297/433 1298/1298/433 1299/1299/433
f 1300/1300/434 1301/1301/434 1302/1302/434
f 1303/1303/435 1304/1304/435 1305/1305/435
f 1306/1306/436 1307/1307/436 1308/1308/436
f 1309/1309/437 1310/1310/437 1311/1311/437
f 1312/1312/438 1313/1313/438 1314/1314/438
f 1315/1315/439 1316/1316/439 1317/1317/439
f 1318/1318/440 1319/1319/440 1320/1320/440
f 1321/1321/441 1322/1322/441 1323/1323/441
f 1324/1324/442 1325/1325/442 1326/1326/442
f 1327/1327/443 1328/1328/443 1329/1329/443
f 1330/1330/444 1331/1331/444 1332/1332/444
f 1333/1333/445 1334/1334/445 1335/1335/445
f 1336/1336/446 1337/1337/446 1338/1338/446
f 1339/1339/447 1340/1340/447 1341/1341/447
f 1342/1342/448 1343/1343/448 1344/1344/448
f 1345/1345/449 1346/1346/449 1347/1347/449
f 1348/1348/450 1349/1349/450 1350/1350/450
f 1351/1351/451 1352/1352/451 1353/1353/451
f 1354/1354/452 1355/1355/452 1356/1356/452
f 1357/1357/453 1358/1358/453 1359/1359/453
f 1360/1360/454 1361/1361/454 1362/1362/454
f 1363/1363/455 1364/1364/455 1365/1365/455
f 1366/1366/456 1367/1367/456 1368/1368/456
f 1369/1369/457 1370/1370/457 1371/1371/457
f 1372/1372/458 1373/1373/458 1374/1374/458
f 1375/1375/459 1376/1376/459 1377/1377/459
f 1378/1378/460 1379/1379/460 1380/1380/460
f 1381/1381/461 1382/1382/461 1383/1383/461
f 1384/1384/462 1385/1385/462 1386/1386/462
f 1387/1387/463 1388/1388/463 1389/1389/463
f 1390/1390/464 1391/1391/464 1392/1392/464
f 1393/1393/465 1394/1394/465 1395/1395/465
f 1396/1396/466 1397/1397/466 1398/1398/466
f 1399/1399/467 1400/1400/467 1401/1401/467
f 1402/1402/468 1403/1403/468 1404/1404/468
f 1405/1405/469 1406/1406/469 1407/1407/469
f 1408/1408/470 1409/1409/470 1410/1410/470
f 1411/1411/471 1412/1412/471 1413/1413/471
f 1414/1414/472 1415/1415/472 1416/1416/472
f 1417/1417/473 1418/1418/473 1419/1419/473
f 1420/1420/474 1421/1421/474 1422/1422/474
f 1423/1423/475 1424/1424/475 1425/1425/475
f 1426/1426/476 1427/1427/476 1428/1428/476
f 1429/1429/477 1430/1430/477 1431/1431/477
f 1432/1432/478 1433/1433/478 1434/1434/478
f 1435/1435/479 1436/1436/479 1437/1437/479
f 1438/1438/480 1439/1439/480 1440/1440/480
f 1441/1441/481 1442/1442/481 1443/1443/481
f 1444/1444/482 1445/1445/482 1446/1446/482
f 1447/1447/483 1448/1448/483 1449/1449/483
f 1450/1450/484 1451/1451/484 1452/1452/484
f 1453/1453/485 1454/1454/485 1455/1455/485
f 1456/1456/486 1457/1457/486 1458/1458/486
f 1459/1459/487 1460/1460/487 1461/1461/487
f 1462/1462/488 1463/1463/488 1464/1464/488
f 1465/1465/489 1466/1466/489 1467/1467/489
f 1468/1468/490 1469/1469/490 1470/1470/490
f 1471/1471/491 1472/1472/491 1473/1473/491
f 1474/1474/492 1475/1475/492 1476/1476/492
f 1477/1477/493 1478/1478/493 1479/1479/493
f 1480/1480/494 1481/1481/494 1482/1482/494
f 1483/1483/495 1484/1484/495 1485/1485/495
f 1486/1486/496 1487/1487/496 1488/1488/496
f 1489/1489/497 1490/1490/497 1491/1491/497
f 1492/1492/498 1493/1493/498 1494/1494/498
f 1495/1495/499 1496/1496/499 1497/1497/499
f 1498/1498/500 1499/1499/500 1500/1500/500
f 1501/1501/501 1502/1502/501 1503/1503/501
f 1504/1504/502 1505/1505/502 1506/1506/502
f 1507/1507/503 1508/1508/503 1509/1509/503
f 1510/1510/504 1511/1511/504 1512/1512/504
f 1513/1513/505 1514/1514/505 1515/1515/505
f 1516/1516/506 1517/1517/506 1518/1518/506
f 1519/1519/507 1520/1520/507 1521/1521/507
f 1522/1522/508 1523/1523/508 1524/1524/508
f 1525/1525/509 1526/1526/509 1527/1527/509
f 1528/1528/510 1529/1529/510 1530/1530/510
f 1531/1531/511 1532/1532/511 1533/1533/511
f 1534/1534/512 1535/1535/512 1536/1536/512
f 1537/1537/513 1538/1538/513 1539/1539/513
f 1540/1540/514 1541/1541/514 1542/1542/514
f 1543/1543/515 1544/1544/515 1545/1545/515
f 1546/1546/516 1547/1547/516 1548/1548/516
f 1549/1549/517 1550/1550/517 1551/1551/517
f 1552/1552/518 1553/1553/518 1554/1554/518
f 1555/1555/519 1556/1556/519 1557/1557/519
f 1558/1558/520 1559/1559/520 1560/1560/520
f 1561/1561/521 1562/1562/521 1563/1563/521
f 1564/1564/522 1565/1565/522 1566/1566/522
f 1567/1567/523 1568/1568/523 1569/1569/523
f 1570/1570/524 1571/1571/524 1572/1572/524
f 1573/1573/525 1574/1574/525 1575/1575/525
f 1576/1576/526 1577/1577/526 1578/1578/526
f 1579/1579/527 1580/1580/527 1581/1581/527
f 1582/1582/528 1583/1583/528 1584/1584/528
f 1585/1585/529 1586/1586/529 1587/1587/529
f 1588/1588/530 1589/1589/530 1590/1590/530
f 1591/1591/531 1592/1592/531 1593/1593/531
f 1594/1594/532 1595/1595/532 1596/1596/532
f 1597/1597/533 1598/1598/533 1599/1599/533
f 1600/1600/534 1601/1601/534 1602/1602/534
f 1603/1603/535 1604/1604/535 1605/1605/535
f 1606/1606/536 1607/1607/536 1608/1608/536
f 1609/1609/537 1610/1610/537 1611/1611/537
f 1612/1612/538 1613/1613/538 1614/1614/538
f 1615/1615/539 1616/1616/539 1617/1617/539
f 1618/1618/540 1619/1619/540 1620/1620/540
f 1621/1621/541 1622/1622/541 1623/1623/541
f 1624/1624/542 1625/1625/542 1626/1626/542
f 1627/1627/543 1628/1628/543 1629/1629/543
f 1630/1630/544 1631/1631/544 1632/1632/544
f 1633/1633/545 1634/1634/545 1635/1635/545
f 1636/1636/546 1637/1637/546 1638/1638/546
f 1639/1639/547 1640/1640/547 1641/1641/547
f 1642/1642/548 1643/1643/548 1644/1644/548
f 1645/1645/549 1646/1646/549 1647/1647/549
f 1648/1648/550 1649/1649/550 1650/1650/550
f 1651/1651/551 1652/1652/551 1653/1653/551
f 1654/1654/552 1655/1655/552 1656/1656/552
f 1657/1657/553 1658/1658/553 1659/1659/553
f 1660/1660/554 1661/1661/554 1662/1662/554
f 1663/1663/555 1664/1664/555 1665/1665/555
f 1666/1666/556 1667/1667/556 1668/1668/556
f 1669/1669/557 1670/1670/557 1671/1671/557
f 1672/1672/558 1673/1673/558 1674/1674/558
f 1675/1675/559 1676/1676/559 1677/1677/559
f 1678/1678/560 1679/1679/560 1680/1680/560
f 1681/1681/561 1682/1682/561 1683/1683/561
f 1684/1684/562 1685/1685/562 1686/1686/562
f 1687/1687/563 1688/1688/563 1689/1689/563
f 1690/1690/564 1691/1691/564 1692/1692/564
f 1693/1693/565 1694/1694/565 1695/1695/565
f 1696/1696/566 1697/1697/566 1698/1698/566
f 1699/1699/567 1700/1700/567 1701/1701/567
f 1702/1702/568 1703/1703/568 1704/1704/568
f 1705/1705/569 1706/1706/569 1707/1707/569
f 1708/1708/570 1709/1709/570 1710/1710/570
f 1711/1711/571 1712/1712/571 1713/1713/571
f 1714/1714/572 1715/1715/572 1716/1716/572
f 1717/1717/573 1718/1718/573 1719/1719/573
f 1720/1720/574 1721/1721/574 1722/1722/574
f 1723/1723/575 1724/1724/575 1725/1725/575
f 1726/1726/576 1727/1727/576 1728/1728/576
f 1729/1729/577 1730/1730/577 1731/1731/577
f 1732/1732/578 1733/1733/578 1734/1734/578
f 1735/1735/579 1736/1736/579 1737/1737/579
f 1738/1738/580 1739/1739/580 1740/1740/580
f 1741/1741/581 1742/1742/581 1743/1743/581
f 1744/1744/582 1745/1745/582 1746/1746/582
f 1747/1747/583 1748/1748/583 1749/1749/583
f 1750/1750/584 1751/1751/584 1752/1752/584
f 1753/1753/585 1754/1754/585 1755/1755/585
f 1756/1756/586 1757/1757/586 1758/1758/586
f 1759/1759/587 1760/1760/587 1761/1761/587
f 1762/1762/588 1763/1763/588 1764/1764/588
f 1765/1765/589 1766/1766/589 1767/1767/589
f 1768/1768/590 1769/1769/590 1770/1770/590
f 1771/1771/591 1772/1772/591 1773/1773/591
f 1774/1774/592 1775/1775/592 1776/1776/592
f 1777/1777/593 1778/1778/593 1779/1779/593
f 1780/1780/594 1781/1781/594 1782/1782/594
f 1783/1783/595 1784/1784/595 1785/1785/595
f 1786/1786/596 1787/1787/596 1788/1788/596
f 1789/1789/597 1790/1790/597 1791/1791/597
f 1792/1792/598 1793/1793/598 1794/1794/598
f 1795/1795/599 1796/1796/599 1797/1797/599
f 1798/1798/600 1799/1799/600 1800/1800/600
f 1801/1801/601 1802/1802/601 1803/1803/601
f 1804/1804/602 1805/1805/602 1806/1806/602
f 1807/1807/603 1808/1808/603 1809/1809/603
f 1810/1810/604 1811/1811/604 1812/1812/604
f 1813/1813/605 1814/1814/605 1815/1815/605
f 1816/1816/606 1817/1817/606 1818/1818/606
f 1819/1819/607 1820/1820/607 1821/1821/607
f 1822/1822/608 1823/1823/608 1824/1824/608
f 1825/1825/609 1826/1826/609 1827/1827/609
f 1828/1828/610 1829/1829/610 1830/1830/610
f 1831/1831/611 1832/1832/611 1833/1833/611
f 1834/1834/612 1835/1835/612 1836/1836/612
f 1837/1837/613 1838/1838/613 1839/1839/613
f 1840/1840/614 1841/1841/614 1842/1842/614
f 1843/1843/615 1844/1844/615 1845/1845/615
f 1846/1846/616 1847/1847/616 1848/1848/616
f 1849/1849/617 1850/1850/617 1851/1851/617
f 1852/1852/618 1853/1853/618 1854/1854/618
f 1855/1855/619 1856/1856/619 1857/1857/619
f 1858/1858/620 1859/1859/620 1860/1860/620
f 1861/1861/621 1862/1862/621 1863/1863/621
f 1864/1864/622 1865/1865/622 1866/1866/622
f 1867/1867/623 1868/1868/623 1869/1869/623
f 1870/1870/624 1871/1871/624 1872/1872/624
f 1873/1873/625 1874/1874/625 1875/1875/625
f 1876/1876/626 1877/1877/626 1878/1878/626
f 1879/1879/627 1880/1880/627 1881/1881/627
f 1882/1882/628 1883/1883/628 1884/1884/628
f 1885/1885/629 1886/1886/629 1887/1887/629
f 1888/1888/630 1889/1889/630 1890/1890/630
f 1891/1891/631 1892/1892/631 1893/1893/631
f 1894/1894/632 1895/1895/632 1896/1896/632
f 1897/1897/633 1898/1898/633 1899/1899/633
f 1900/1900/634 1901/1901/634 1902/1902/634
f 1903/1903/635 1904/1904/635 1905/1905/635
f 1906/1906/636 1907/1907/636 1908/1908/636
f 1909/1909/637 1910/1910/637 1911/1911/637
f 1912/1912/638 1913/1913/638 1914/1914/638
f 1915/1915/639 1916/1916/639 1917/1917/639
f 1918/1918/640 1919/1919/640 1920/1920/640
f 1921/1921/641 1922/1922/641 1923/1923/641
f 1924/1924/642 1925/1925/642 1926/1926/642
f 1927/1927/643 1928/1928/643 1929/1929/643
f 1930/1930/644 1931/1931/644 1932/1932/644
f 1933/1933/645 1934/1934/645 1935/1935/645
f 1936/1936/646 1937/1937/646 1938/1938/646
f 1939/1939/647 1940/1940/647 1941/1941/647
f 1942/1942/648 1943/1943/648 1944/1944/648
f 1945/1945/649 1946/1946/649 1947/1947/649
f 1948/1948/650 1949/1949/650 1950/1950/650
f 1951/1951/651 1952/1952/651 1953/1953/651
f 1954/1954/652 1955/1955/652 1956/1956/652
f 1957/1957/653 1958/1958/653 1959/1959/653
f 1960/1960/654 1961/1961/654 1962/1962/654
f 1963/1963/655 1964/1964/655 1965/1965/655
f 1966/1966/656 1967/1967/656 1968/1968/656
f 1969/1969/657 1970/1970/657 1971/1971/657
f 1972/1972/658 1973/1973/658 1974/1974/658
f 1975/1975/659 1976/1976/659 1977/1977/659
f 1978/1978/660 1979/1979/660 1980/1980/660
f 1981/1981/661 1982/1982/661 1983/1983/661
f 1984/1984/662 1985/1985/662 1986/1986/662
f 1987/1987/663 1988/1988/663 1989/1989/663
f 1990/1990/664 1991/1991/664 1992/1992/664
f 1993/1993/665 1994/1994/665 1995/1995/665
f 1996/1996/666 1997/1997/666 1998/1998/666
f 1999/1999/667 2000/2000/667 2001/2001/667
f 2002/2002/668 2003/2003/668 2004/2004/668
f 2005/2005/669 2006/2006/669 2007/2007/669
f 2008/2008/670 2009/2009/670 2010/2010/670
f 2011/2011/671 2012/2012/671 2013/2013/671
f 2014/2014/672 2015/2015/672 2016/2016/672
f 2017/2017/673 2018/2018/673 2019/2019/673
f 2020/2020/674 2021/2021/674 2022/2022/674
f 2023/2023/675 2024/2024/675 2025/2025/675
f 2026/2026/676 2027/2027/676 2028/2028/676
f 2029/2029/677 2030/2030/677 2031/2031/677
f 2032/2032/678 2033/2033/678 2034/2034/678
f 2035/2035/679 2036/2036/679 2037/2037/679
f 2038/2038/680 2039/2039/680 2040/2040/680
f 2041/2041/681 2042/2042/681 2043/2043/681
f 2044/2044/682 2045/2045/682 2046/2046/682
f 2047/2047/683 2048/2048/683 2049/2049/683
f 2050/2050/684 2051/2051/684 2052/2052/684
f 2053/2053/685 2054/2054/685 2055/2055/685
f 2056/2056/686 2057/2057/686 2058/2058/686
f 2059/2059/687 2060/2060/687 2061/2061/687
f 2062/2062/688 2063/2063/688 2064/2064/688
f 2065/2065/689 2066/2066/689 2067/2067/689
f 2068/2068/690 2069/2069/690 2070/2070/690
f 2071/2071/691 2072/2072/691 2073/2073/691
f 2074/2074/692 2075/2075/692 2076/2076/692
f 2077/2077/693 2078/2078/693 2079/2079/693
f 2080/2080/694 2081/2081/694 2082/2082/694
f 2083/2083/695 2084/2084/695 2085/2085/695
f 2086/2086/696 2087/2087/696 2088/2088/696
f 2089/2089/697 2090/2090/697 2091/2091/697
f 2092/2092/698 2093/2093/698 2094/2094/698
f 2095/2095/699 2096/2096/699 2097/2097/699
f 2098/2098/700 2099/2099/700 2100/2100/700
f 2101/2101/701 2102/2102/701 2103/2103/701
f 2104/2104/702 2105/2105/702 2106/2106/702
f 2107/2107/703 2108/2108/703 2109/2109/703
f 2110/2110/704 2111/2111/704 2112/2112/704
f 2113/2113/705 2114/2114/705 2115/2115/705
f 2116/2116/706 2117/2117/706 2118/2118/706
f 2119/2119/707 2120/2120/707 2121/2121/707
f 2122/2122/708 2123/2123/708 2124/2124/708
f 2125/2125/709 2126/2126/709 2127/2127/709
f 2128/2128/710 2129/2129/710 2130/2130/710
f 2131/2131/711 2132/2132/711 2133/2133/711
f 2134/2134/712 2135/2135/712 2136/2136/712
f 2137/2137/713 2138/2138/713 2139/2139/713
f 2140/2140/714 2141/2141/714 2142/2142/714
f 2143/2143/715 2144/2144/715 2145/2145/715
f 2146/2146/716 2147/2147/716 2148/2148/716
f 2149/2149/717 2150/2150/717 2151/2151/717
f 2152/2152/718 2153/2153/718 2154/2154/718
f 2155/2155/719 2156/2156/719 2157/2157/719
f 2158/2158/720 2159/2159/720 2160/2160/720
f 2161/2161/721 2162/2162/721 2163/2163/721
f 2164/2164/722 2165/2165/722 2166/2166/722
f 2167/2167/723 2168/2168/723 2169/2169/723
f 2170/2170/724 2171/2171/724 2172/2172/724
f 2173/2173/725 2174/2174/725 2175/2175/725
f 2176/2176/726 2177/2177/726 2178/2178/726
f 2179/2179/727 2180/2180/727 2181/2181/727
f 2182/2182/728 2183/2183/728 2184/2184/728
f 2185/2185/729 2186/2186/729 2187/2187/729
f 2188/2188/730 2189/2189/730 2190/2190/730
f 2191/2191/731 2192/2192/731 2193/2193/731
f 2194/2194/732 2195/2195/732 2196/2196/732
f 2197/2197/733 2198/2198/733 2199/2199/733
f 2200/2200/734 2201/2201/734 2202/2202/734
f 2203/2203/735 2204/2204/735 2205/2205/735
f 2206/2206/736 2207/2207/736 2208/2208/736
f 2209/2209/737 2210/2210/737 2211/2211/737
f 2212/2212/738 2213/2213/738 2214/2214/738
f 2215/2215/739 2216/2216/739 2217/2217/739
f 2218/2218/740 2219/2219/740 2220/2220/740
f 2221/2221/741 2222/2222/741 2223/2223/741
f 2224/2224/742 2225/2225/742 2226/2226/742
f 2227/2227/743 2228/2228/743 2229/2229/743
f 2230/2230/744 2231/2231/744 2232/2232/744
f 2233/2233/745 2234/2234/745 2235/2235/745
f 2236/2236/746 2237/2237/746 2238/2238/746
f 2239/2239/747 2240/2240/747 2241/2241/747
f 2242/2242/748 2243/2243/748 2244/2244/748
f 2245/2245/749 2246/2246/749 2247/2247/749
f 2248/2248/750 2249/2249/750 2250/2250/750
f 2251/2251/751 2252/2252/751 2253/2253/751
f 2254/2254/752 2255/2255/752 2256/2256/752
f 2257/2257/753 2258/2258/753 2259/2259/753
f 2260/2260/754 2261/2261/754 2262/2262/754
f 2263/2263/755 2264/2264/755 2265/2265/755
f 2266/2266/756 2267/2267/756 2268/2268/756
f 2269/2269/757 2270/2270/757 2271/2271/757
f 2272/2272/758 2273/2273/758 2274/2274/758
f 2275/2275/759 2276/2276/759 2277/2277/759
f 2278/2278/760 2279/2279/760 2280/2280/760
f 2281/2281/761 2282/2282/761 2283/2283/761
f 2284/2284/762 2285/2285/762 2286/2286/762
f 2287/2287/763 2288/2288/763 2289/2289/763
f 2290/2290/764 2291/2291/764 2292/2292/764
f 2293/2293/765 2294/2294/765 2295/2295/765
f 2296/2296/766 2297/2297/766 2298/2298/766
f 2299/2299/767 2300/2300/767 2301/2301/767
f 2302/2302/768 2303/2303/768 2304/2304/768
f 2305/2305/769 2306/2306/769 2307/2307/769
f 2308/2308/770 2309/2309/770 2310/2310/770
f 2311/2311/771 2312/2312/771 2313/2313/771
f 2314/2314/772 2315/2315/772 2316/2316/772
f 2317/2317/773 2318/2318/773 2319/2319/773
f 2320/2320/774 2321/2321/774 2322/2322/774
f 2323/2323/775 2324/2324/775 2325/2325/775
f 2326/2326/776 2327/2327/776 2328/2328/776
f 2329/2329/777 2330/2330/777 2331/2331/777
f 2332/2332/778 2333/2333/778 2334/2334/778
f 2335/2335/779 2336/2336/779 2337/2337/779
f 2338/2338/780 2339/2339/780 2340/2340/780
f 2341/2341/781 2342/2342/781 2343/2343/781
f 2344/2344/782 2345/2345/782 2346/2346/782
f 2347/2347/783 2348/2348/783 2349/2349/783
f 2350/2350/784 2351/2351/784 2352/2352/784
f 2353/2353/785 2354/2354/785 2355/2355/785
f 2356/2356/786 2357/2357/786 2358/2358/786
f 2359/2359/787 2360/2360/787 2361/2361/787
f 2362/2362/788 2363/2363/788 2364/2364/788
f 2365/2365/789 2366/2366/789 2367/2367/789
f 2368/2368/790 2369/2369/790 2370/2370/790
f 2371/2371/791 2372/2372/791 2373/2373/791
f 2374/2374/792 2375/2375/792 2376/2376/792
f 2377/2377/793 2378/2378/793 2379/2379/793
f 2380/2380/794 2381/2381/794 2382/2382/794
f 2383/2383/795 2384/2384/795 2385/2385/795
f 2386/2386/796 2387/2387/796 2388/2388/796
f 2389/2389/797 2390/2390/797 2391/2391/797
f 2392/2392/798 2393/2393/798 2394/2394/798
f 2395/2395/799 2396/2396/799 2397/2397/799
f 2398/2398/800 2399/2399/800 2400/2400/800
f 2401/2401/801 2402/2402/801 2403/2403/801
f 2404/2404/802 2405/2405/802 2406/2406/802
f 2407/2407/803 2408/2408/803 2409/2409/803
f 2410/2410/804 2411/2411/804 2412/2412/804
f 2413/2413/805 2414/2414/805 2415/2415/805
f 2416/2416/806 2417/2417/806 2418/2418/806
f 2419/2419/807 2420/2420/807 2421/2421/807
f 2422/2422/808 2423/2423/808 2424/2424/808
f 2425/2425/809 2426/2426/809 2427/2427/809
f 2428/2428/810 2429/2429/810 2430/2430/810
f 2431/2431/811 2432/2432/811 2433/2433/811
f 2434/2434/812 2435/2435/812 2436/2436/812
f 2437/2437/813 2438/2438/813 2439/2439/813
f 2440/2440/814 2441/2441/814 2442/2442/814
f 2443/2443/815 2444/2444/815 2445/2445/815
f 2446/2446/816 2447/2447/816 2448/2448/816
f 2449/2449/817 2450/2450/817 2451/2451/817
f 2452/2452/818 2453/2453/818 2454/2454/818
f 2455/2455/819 2456/2456/819 2457/2457/819
f 2458/2458/820 2459/2459/820 2460/2460/820
f 2461/2461/821 2462/2462/821 2463/2463/821
f 2464/2464/822 2465/2465/822 2466/2466/822
f 2467/2467/823 2468/2468/823 2469/2469/823
f 2470/2470/824 2471/2471/824 2472/2472/824
f 2473/2473/825 2474/2474/825 2475/2475/825
f 2476/2476/826 2477/2477/826 2478/2478/826
f 2479/2479/827 2480/2480/827 2481/2481/827
f 2482/2482/828 2483/2483/828 2484/2484/828
f 2485/2485/829 2486/2486/829 2487/2487/829
f 2488/2488/830 2489/2489/830 2490/2490/830
f 2491/2491/831 2492/2492/831 2493/2493/831
f 2494/2494/832 2495/2495/832 2496/2496/832
f 2497/2497/833 2498/2498/833 2499/2499/833
f 2500/2500/834 2501/2501/834 2502/2502/834
f 2503/2503/835 2504/2504/835 2505/2505/835
f 2506/2506/836 2507/2507/836 2508/2508/836
f 2509/2509/837 2510/2510/837 2511/2511/837
f 2512/2512/838 2513/2513/838 2514/2514/838
f 2515/2515/839 2516/2516/839 2517/2517/839
f 2518/2518/840 2519/2519/840 2520/2520/840
f 2521/2521/841 2522/2522/841 2523/2523/841
f 2524/2524/842 2525/2525/842 2526/2526/842
f 2527/2527/843 2528/2528/843 2529/2529/843
f 2530/2530/844 2531/2531/844 2532/2532/844
f 2533/2533/845 2534/2534/845 2535/2535/845
f 2536/2536/846 2537/2537/846 2538/2538/846
f 2539/2539/847 2540/2540/847 2541/2541/847
f 2542/2542/848 2543/2543/848 2544/2544/848
f 2545/2545/849 2546/2546/849 2547/2547/849
f 2548/2548/850 2549/2549/850 2550/2550/850
f 2551/2551/851 2552/2552/851 2553/2553/851
f 2554/2554/852 2555/2555/852 2556/2556/852
f 2557/2557/853 2558/2558/853 2559/2559/853
f 2560/2560/854 2561/2561/854 2562/2562/854
f 2563/2563/855 2564/2564/855 2565/2565/855
f 2566/2566/856 2567/2567/856 2568/2568/856
f 2569/2569/857 2570/2570/857 2571/2571/857
f 2572/2572/858 2573/2573/858 2574/2574/858
f 2575/2575/859 2576/2576/859 2577/2577/859
f 2578/2578/860 2579/2579/860 2580/2580/860
f 2581/2581/861 2582/2582/861 2583/2583/861
f 2584/2584/862 2585/2585/862 2586/2586/862
f 2587/2587/863 2588/2588/863 2589/2589/863
f 2590/2590/864 2591/2591/864 2592/2592/864
f 2593/2593/865 2594/2594/865 2595/2595/865
f 2596/2596/866 2597/2597/866 2598/2598/866
f 2599/2599/867 2600/2600/867 2601/2601/867
f 2602/2602/868 2603/2603/868 2604/2604/868
f 2605/2605/869 2606/2606/869 2607/2607/869
f 2608/2608/870 2609/2609/870 2610/2610/870
f 2611/2611/871 2612/2612/871 2613/2613/871
f 2614/2614/872 2615/2615/872 2616/2616/872
f 2617/2617/873 2618/2618/873 2619/2619/873
f 2620/2620/874 2621/2621/874 2622/2622/874
f 2623/2623/875 2624/2624/875 2625/2625/875
f 2626/2626/876 2627/2627/876 2628/2628/876
f 2629/2629/877 2630/2630/877 2631/2631/877
f 2632/2632/878 2633/2633/878 2634/2634/878
f 2635/2635/879 2636/2636/879 2637/2637/879
f 2638/2638/880 2639/2639/880 2640/2640/880
f 2641/2641/881 2642/2642/881 2643/2643/881
f 2644/2644/882 2645/2645/882 2646/2646/882
f 2647/2647/883 2648/2648/883 2649/2649/883
f 2650/2650/884 2651/2651/884 2652/2652/884
f 2653/2653/885 2654/2654/885 2655/2655/885
f 2656/2656/886 2657/2657/886 2658/2658/886
f 2659/2659/887 2660/2660/887 2661/2661/887
f 2662/2662/888 2663/2663/888 2664/2664/888
f 2665/2665/889 2666/2666/889 2667/2667/889
f 2668/2668/890 2669/2669/890 2670/2670/890
f 2671/2671/891 2672/2672/891 2673/2673/891
f 2674/2674/892 2675/2675/892 2676/2676/892
f 2677/2677/893 2678/2678/893 2679/2679/893
f 2680/2680/894 2681/2681/894 2682/2682/894
f 2683/2683/895 2684/2684/895 2685/2685/895
f 2686/2686/896 2687/2687/896 2688/2688/896
f 2689/2689/897 2690/2690/897 2691/2691/897
f 2692/2692/898 2693/2693/898 2694/2694/898
f 2695/2695/899 2696/2696/899 2697/2697/899
f 2698/2698/900 2699/2699/900 2700/2700/900
f 2701/2701/901 2702/2702/901 2703/2703/901
f 2704/2704/902 2705/2705/902 2706/2706/902
f 2707/2707/903 2708/2708/903 2709/2709/903
f 2710/2710/904 2711/2711/904 2712/2712/904
f 2713/2713/905 2714/2714/905 2715/2715/905
f 2716/2716/906 2717/2717/906 2718/2718/906
f 2719/2719/907 2720/2720/907 2721/2721/907
f 2722/2722/908 2723/2723/908 2724/2724/908
f 2725/2725/909 2726/2726/909 2727/2727/909
f 2728/2728/910 2729/2729/910 2730/2730/910
f 2731/2731/911 2732/2732/911 2733/2733/911
f 2734/2734/912 2735/2735/912 2736/2736/912
f 2737/2737/913 2738/2738/913 2739/2739/913
f 2740/2740/914 2741/2741/914 2742/2742/914
f 2743/2743/915 2744/2744/915 2745/2745/915
f 2746/2746/916 2747/2747/916 2748/2748/916
f 2749/2749/917 2750/2750/917 2751/2751/917
f 2752/2752/918 2753/2753/918 2754/2754/918
f 2755/2755/919 2756/2756/919 2757/2757/919
f 2758/2758/920 2759/2759/920 2760/2760/920
f 2761/2761/921 2762/2762/921 2763/2763/921
f 2764/2764/922 2765/2765/922 2766/2766/922
f 2767/2767/923 2768/2768/923 2769/2769/923
f 2770/2770/924 2771/2771/924 2772/2772/924
f 2773/2773/925 2774/2774/925 2775/2775/925
f 2776/2776/926 2777/2777/926 2778/2778/926
f 2779/2779/927 2780/2780/927 2781/2781/927
f 2782/2782/928 2783/2783/928 2784/2784/928
f 2785/2785/929 2786/2786/929 2787/2787/929
f 2788/2788/930 2789/2789/930 2790/2790/930
f 2791/2791/931 2792/2792/931 2793/2793/931
f 2794/2794/932 2795/2795/932 2796/2796/932
f 2797/2797/933 2798/2798/933 2799/2799/933
f 2800/2800/934 2801/2801/934 2802/2802/934
f 2803/2803/935 2804/2804/935 2805/2805/935
f 2806/2806/936 2807/2807/936 2808/2808/936
f 2809/2809/937 2810/2810/937 2811/2811/937
f 2812/2812/938 2813/2813/938 2814/2814/938
f 2815/2815/939 2816/2816/939 2817/2817/939
f 2818/2818/940 2819/2819/940 2820/2820/940
f 2821/2821/941 2822/2822/941 2823/2823/941
f 2824/2824/942 2825/2825/942 2826/2826/942
f 2827/2827/943 2828/2828/943 2829/2829/943
f 2830/2830/944 2831/2831/944 2832/2832/944
f 2833/2833/945 2834/2834/945 2835/2835/945
f 2836/2836/946 2837/2837/946 2838/2838/946
f 2839/2839/947 2840/2840/947 2841/2841/947
f 2842/2842/948 2843/2843/948 2844/2844/948
f 2845/2845/949 2846/2846/949 2847/2847/949
f 2848/2848/950 2849/2849/950 2850/2850/950
f 2851/2851/951 2852/2852/951 2853/2853/951
f 2854/2854/952 2855/2855/952 2856/2856/952
f 2857/2857/953 2858/2858/953 2859/2859/953
f 2860/2860/954 2861/2861/954 2862/2862/954
f 2863/2863/955 2864/2864/955 2865/2865/955
f 2866/2866/956 2867/2867/956 2868/2868/956
f 2869/2869/957 2870/2870/957 2871/2871/957
f 2872/2872/958 2873/2873/958 2874/2874/958
f 2875/2875/959 2876/2876/959 2877/2877/959
f 2878/2878/960 2879/2879/960 2880/2880/960
f 2881/2881/961 2882/2882/961 2883/2883/961
f 2884/2884/962 2885/2885/962 2886/2886/962
f 2887/2887/963 2888/2888/963 2889/2889/963
f 2890/2890/964 2891/2891/964 2892/2892/964
f 2893/2893/965 2894/2894/965 2895/2895/965
f 2896/2896/966 2897/2897/966 2898/2898/966
f 2899/2899/967 2900/2900/967 2901/2901/967
f 2902/2902/968 2903/2903/968 2904/2904/968
f 2905/2905/969 2906/2906/969 2907/2907/969
f 2908/2908/970 2909/2909/970 2910/2910/970
f 2911/2911/971 2912/2912/971 2913/2913/971
f 2914/2914/972 2915/2915/972 2916/2916/972
f 2917/2917/973 2918/2918/973 2919/2919/973
f 2920/2920/974 2921/2921/974 2922/2922/974
f 2923/2923/975 2924/2924/975 2925/2925/975
f 2926/2926/976 2927/2927/976 2928/2928/976
f 2929/2929/977 2930/2930/977 2931/2931/977
f 2932/2932/978 2933/2933/978 2934/2934/978
f 2935/2935/979 2936/2936/979 2937/2937/979
f 2938/2938/980 2939/2939/980 2940/2940/980
f 2941/2941/981 2942/2942/981 2943/2943/981
f 2944/2944/982 2945/2945/982 2946/2946/982
f 2947/2947/983 2948/2948/983 2949/2949/983
f 2950/2950/984 2951/2951/984 2952/2952/984
f 2953/2953/985 2954/2954/985 2955/2955/985
f 2956/2956/986 2957/2957/986 2958/2958/986
f 2959/2959/987 2960/2960/987 2961/2961/987
f 2962/2962/988 2963/2963/988 2964/2964/988
f 2965/2965/989 2966/2966/989 2967/2967/989
f 2968/2968/990 2969/2969/990 2970/2970/990
f 2971/2971/991 2972/2972/991 2973/2973/991
f 2974/2974/992 2975/2975/992 2976/2976/992
f 2977/2977/993 2978/2978/993 2979/2979/993
f 2980/2980/994 2981/2981/994 2982/2982/994
f 2983/2983/995 2984/2984/995 2985/2985/995
f 2986/2986/996 2987/2987/996 2988/2988/996
f 2989/2989/997 2990/2990/997 2991/2991/997
f 2992/2992/998 2993/2993/998 2994/2994/998
f 2995/2995/999 2996/2996/999 2997/2997/999
f 2998/2998/1000 2999/2999/1000 3000/3000/1000
f 3001/3001/1001 3002/3002/1001 3003/3003/1001
f 3004/3004/1002 3005/3005/1002 3006/3006/1002
f 3007/3007/1003 3008/3008/1003 3009/3009/1003
f 3010/3010/1004 3011/3011/1004 3012/3012/1004
f 3013/3013/1005 3014/3014/1005 3015/3015/1005
f 3016/3016/1006 3017/3017/1006 3018/3018/1006
f 3019/3019/1007 3020/3020/1007 3021/3021/1007
f 3022/3022/1008 3023/3023/1008 3024/3024/1008
f 3025/3025/1009 3026/3026/1009 3027/3027/1009
f 3028/3028/1010 3029/3029/1010 3030/3030/1010
f 3031/3031/1011 3032/3032/1011 3033/3033/1011
f 3034/3034/1012 3035/3035/1012 3036/3036/1012
f 3037/3037/1013 3038/3038/1013 3039/3039/1013
f 3040/3040/1014 3041/3041/1014 3042/3042/1014
f 3043/3043/1015 3044/3044/1015 3045/3045/1015
f 3046/3046/1016 3047/3047/1016 3048/3048/1016
f 3049/3049/1017 3050/3050/1017 3051/3051/1017
f 3052/3052/1018 3053/3053/1018 3054/3054/1018
f 3055/3055/1019 3056/3056/1019 3057/3057/1019
f 3058/3058/1020 3059/3059/1020 3060/3060/1020
f 3061/3061/1021 3062/3062/1021 3063/3063/1021
f 3064/3064/1022 3065/3065/1022 3066/3066/1022
f 3067/3067/1023 3068/3068/1023 3069/3069/1023
f 3070/3070/1024 3071/3071/1024 3072/3072/1024
f 3073/3073/1025 3074/3074/1025 3075/3075/1025
f 3076/3076/1026 3077/3077/1026 3078/3078/1026
f 3079/3079/1027 3080/3080/1027 3081/3081/1027
f 3082/3082/1028 3083/3083/1028 3084/3084/1028
f 3085/3085/1029 3086/3086/1029 3087/3087/1029
f 3088/3088/1030 3089/3089/1030 3090/3090/1030
f 3091/3091/1031 3092/3092/1031 3093/3093/1031
f 3094/3094/1032 3095/3095/1032 3096/3096/1032
f 3097/3097/1033 3098/3098/1033 3099/3099/1033
f 3100/3100/1034 3101/3101/1034 3102/3102/1034
f 3103/3103/1035 3104/3104/1035 3105/3105/1035
f 3106/3106/1036 3107/3107/1036 3108/3108/1036
f 3109/3109/1037 3110/3110/1037 3111/3111/1037
f 3112/3112/1038 3113/3113/1038 3114/3114/1038
f 3115/3115/1039 3116/3116/1039 3117/3117/1039
f 3118/3118/1040 3119/3119/1040 3120/3120/1040
f 3121/3121/1041 3122/3122/1041 3123/3123/1041
f 3124/3124/1042 3125/3125/1042 3126/3126/1042
f 3127/3127/1043 3128/3128/1043 3129/3129/1043
f 3130/3130/1044 3131/3131/1044 3132/3132/1044
f 3133/3133/1045 3134/3134/1045 3135/3135/1045
f 3136/3136/1046 3137/3137/1046 3138/3138/1046
f 3139/3139/1047 3140/3140/1047 3141/3141/1047
f 3142/3142/1048 3143/3143/1048 3144/3144/1048
f 3145/3145/1049 3146/3146/1049 3147/3147/1049
f 3148/3148/1050 3149/3149/1050 3150/3150/1050
f 3151/3151/1051 3152/3152/1051 3153/3153/1051
f 3154/3154/1052 3155/3155/1052 3156/3156/1052
f 3157/3157/1053 3158/3158/1053 3159/3159/1053
f 3160/3160/1054 3161/3161/1054 3162/3162/1054
f 3163/3163/1055 3164/3164/1055 3165/3165/1055
f 3166/3166/1056 3167/3167/1056 3168/3168/1056
f 3169/3169/1057 3170/3170/1057 3171/3171/1057
f 3172/3172/1058 3173/3173/1058 3174/3174/1058
f 3175/3175/1059 3176/3176/1059 3177/3177/1059
f 3178/3178/1060 3179/3179/1060 3180/3180/1060
f 3181/3181/1061 3182/3182/1061 3183/3183/1061
f 3184/3184/1062 3185/3185/1062 3186/3186/1062
f 3187/3187/1063 3188/3188/1063 3189/3189/1063
f 3190/3190/1064 3191/3191/1064 3192/3192/1064
f 3193/3193/1065 3194/3194/1065 3195/3195/1065
f 3196/3196/1066 3197/3197/1066 3198/3198/1066
f 3199/3199/1067 3200/3200/1067 3201/3201/1067
f 3202/3202/1068 3203/3203/1068 3204/3204/1068
f 3205/3205/1069 3206/3206/1069 3207/3207/1069
f 3208/3208/1070 3209/3209/1070 3210/3210/1070
f 3211/3211/1071 3212/3212/1071 3213/3213/1071
f 3214/3214/1072 3215/3215/1072 3216/3216/1072
f 3217/3217/1073 3218/3218/1073 3219/3219/1073
f 3220/3220/1074 3221/3221/1074 3222/3222/1074
f 3223/3223/1075 3224/3224/1075 3225/3225/1075
f 3226/3226/1076 3227/3227/1076 3228/3228/1076
f 3229/3229/1077 3230/3230/1077 3231/3231/1077
f 3232/3232/1078 3233/3233/1078 3234/3234/1078
f 3235/3235/1079 3236/3236/1079 3237/3237/1079
f 3238/3238/1080 3239/3239/1080 3240/3240/1080
f 3241/3241/1081 3242/3242/1081 3243/3243/1081
f 3244/3244/1082 3245/3245/1082 3246/3246/1082
f 3247/3247/1083 3248/3248/1083 3249/3249/1083
f 3250/3250/1084 3251/3251/1084 3252/3252/1084
f 3253/3253/1085 3254/3254/1085 3255/3255/1085
f 3256/3256/1086 3257/3257/1086 3258/3258/1086
f 3259/3259/1087 3260/3260/1087 3261/3261/1087
f 3262/3262/1088 3263/3263/1088 3264/3264/1088
f 3265/3265/1089 3266/3266/1089 3267/3267/1089
f 3268/3268/1090 3269/3269/1090 3270/3270/1090
f 3271/3271/1091 3272/3272/1091 3273/3273/1091
f 3274/3274/1092 3275/3275/1092 3276/3276/1092
f 3277/3277/1093 3278/3278/1093 3279/3279/1093
f 3280/3280/1094 3281/3281/1094 3282/3282/1094
f 3283/3283/1095 3284/3284/1095 3285/3285/1095
f 3286/3286/1096 3287/3287/1096 3288/3288/1096
f 3289/3289/1097 3290/3290/1097 3291/3291/1097
f 3292/3292/1098 3293/3293/1098 3294/3294/1098
f 3295/3295/1099 3296/3296/1099 3297/3297/1099
f 3298/3298/1100 3299/3299/1100 3300/3300/1100
f 3301/3301/1101 3302/3302/1101 3303/3303/1101
f 3304/3304/1102 3305/3305/1102 3306/3306/1102
f 3307/3307/1103 3308/3308/1103 3309/3309/1103
f 3310/3310/1104 3311/3311/1104 3312/3312/1104
f 3313/3313/1105 3314/3314/1105 3315/3315/1105
f 3316/3316/1106 3317/3317/1106 3318/3318/1106
f 3319/3319/1107 3320/3320/1107 3321/3321/1107
f 3322/3322/1108 3323/3323/1108 3324/3324/1108
f 3325/3325/1109 3326/3326/1109 3327/3327/1109
f 3328/3328/1110 3329/3329/1110 3330/3330/1110
f 3331/3331/1111 3332/3332/1111 3333/3333/1111
f 3334/3334/1112 3335/3335/1112 3336/3336/1112
f 3337/3337/1113 3338/3338/1113 3339/3339/1113
f 3340/3340/1114 3341/3341/1114 3342/3342/1114
f 3343/3343/1115 3344/3344/1115 3345/3345/1115
f 3346/3346/1116 3347/3347/1116 3348/3348/1116
f 3349/3349/1117 3350/3350/1117 3351/3351/1117
f 3352/3352/1118 3353/3353/1118 3354/3354/1118
f 3355/3355/1119 3356/3356/1119 3357/3357/1119
f 3358/3358/1120 3359/3359/1120 3360/3360/1120
f 3361/3361/1121 3362/3362/1121 3363/3363/1121
f 3364/3364/1122 3365/3365/1122 3366/3366/1122
f 3367/3367/1123 3368/3368/1123 3369/3369/1123
f 3370/3370/1124 3371/3371/1124 3372/3372/1124
f 3373/3373/1125 3374/3374/1125 3375/3375/1125
f 3376/3376/1126 3377/3377/1126 3378/3378/1126
f 3379/3379/1127 3380/3380/1127 3381/3381/1127
f 3382/3382/1128 3383/3383/1128 3384/3384/1128
f 3385/3385/1129 3386/3386/1129 3387/3387/1129
f 3388/3388/1130 3389/3389/1130 3390/3390/1130
f 3391/3391/1131 3392/3392/1131 3393/3393/1131
f 3394/3394/1132 3395/3395/1132 3396/3396/1132
f 3397/3397/1133 3398/3398/1133 3399/3399/1133
f 3400/3400/1134 3401/3401/1134 3402/3402/1134
f 3403/3403/1135 3404/3404/1135 3405/3405/1135
f 3406/3406/1136 3407/3407/1136 3408/3408/1136
f 3409/3409/1137 3410/3410/1137 3411/3411/1137
f 3412/3412/1138 3413/3413/1138 3414/3414/1138
f 3415/3415/1139 3416/3416/1139 3417/3417/1139
f 3418/3418/1140 3419/3419/1140 3420/3420/1140
f 3421/3421/1141 3422/3422/1141 3423/3423/1141
f 3424/3424/1142 3425/3425/1142 3426/3426/1142
f 3427/3427/1143 3428/3428/1143 3429/3429/1143
f 3430/3430/1144 3431/3431/1144 3432/3432/1144
f 3433/3433/1145 3434/3434/1145 3435/3435/1145
f 3436/3436/1146 3437/3437/1146 3438/3438/1146
f 3439/3439/1147 3440/3440/1147 3441/3441/1147
f 3442/3442/1148 3443/3443/1148 3444/3444/1148
f 3445/3445/1149 3446/3446/1149 3447/3447/1149
f 3448/3448/1150 3449/3449/1150 3450/3450/1150
f 3451/3451/1151 3452/3452/1151 3453/3453/1151
f 3454/3454/1152 3455/3455/1152 3456/3456/1152
f 3457/3457/1153 3458/3458/1153 3459/3459/1153
f 3460/3460/1154 3461/3461/1154 3462/3462/1154
f 3463/3463/1155 3464/3464/1155 3465/3465/1155
f 3466/3466/1156 3467/3467/1156 3468/3468/1156
f 3469/3469/1157 3470/3470/1157 3471/3471/1157
f 3472/3472/1158 3473/3473/1158 3474/3474/1158
f 3475/3475/1159 3476/3476/1159 3477/3477/1159
f 3478/3478/1160 3479/3479/1160 3480/3480/1160
f 3481/3481/1161 3482/3482/1161 3483/3483/1161
f 3484/3484/1162 3485/3485/1162 3486/3486/1162
f 3487/3487/1163 3488/3488/1163 3489/3489/1163
f 3490/3490/1164 3491/3491/1164 3492/3492/1164
f 3493/3493/1165 3494/3494/1165 3495/3495/1165
f 3496/3496/1166 3497/3497/1166 3498/3498/1166
f 3499/3499/1167 3500/3500/1167 3501/3501/1167
f 3502/3502/1168 3503/3503/1168 3504/3504/1168
f 3505/3505/1169 3506/3506/1169 3507/3507/1169
f 3508/3508/1170 3509/3509/1170 3510/3510/1170
f 3511/3511/1171 3512/3512/1171 3513/3513/1171
f 3514/3514/1172 3515/3515/1172 3516/3516/1172
f 3517/3517/1173 3518/3518/1173 3519/3519/1173
f 3520/3520/1174 3521/3521/1174 3522/3522/1174
f 3523/3523/1175 3524/3524/1175 3525/3525/1175
f 3526/3526/1176 3527/3527/1176 3528/3528/1176
f 3529/3529/1177 3530/3530/1177 3531/3531/1177
f 3532/3532/1178 3533/3533/1178 3534/3534/1178
f 3535/3535/1179 3536/3536/1179 3537/3537/1179
f 3538/3538/1180 3539/3539/1180 3540/3540/1180
f 3541/3541/1181 3542/3542/1181 3543/3543/1181
f 3544/3544/1182 3545/3545/1182 3546/3546/1182
f 3547/3547/1183 3548/3548/1183 3549/3549/1183
f 3550/3550/1184 3551/3551/1184 3552/3552/1184
f 3553/3553/1185 3554/3554/1185 3555/3555/1185
f 3556/3556/1186 3557/3557/1186 3558/3558/1186
f 3559/3559/1187 3560/3560/1187 3561/3561/1187
f 3562/3562/1188 3563/3563/1188 3564/3564/1188
f 3565/3565/1189 3566/3566/1189 3567/3567/1189
f 3568/3568/1190 3569/3569/1190 3570/3570/1190
f 3571/3571/1191 3572/3572/1191 3573/3573/1191
f 3574/3574/1192 3575/3575/1192 3576/3576/1192
f 3577/3577/1193 3578/3578/1193 3579/3579/1193
f 3580/3580/1194 3581/3581/1194 3582/3582/1194
f 3583/3583/1195 3584/3584/1195 3585/3585/1195
f 3586/3586/1196 3587/3587/1196 3588/3588/1196
f 3589/3589/1197 3590/3590/1197 3591/3591/1197
f 3592/3592/1198 3593/3593/1198 3594/3594/1198
f 3595/3595/1199 3596/3596/1199 3597/3597/1199
f 3598/3598/1200 3599/3599/1200 3600/3600/1200
f 3601/3601/1201 3602/3602/1201 3603/3603/1201
f 3604/3604/1202 3605/3605/1202 3606/3606/1202
f 3607/3607/1203 3608/3608/1203 3609/3609/1203
f 3610/3610/1204 3611/3611/1204 3612/3612/1204
f 3613/3613/1205 3614/3614/1205 3615/3615/1205
f 3616/3616/1206 3617/3617/1206 3618/3618/1206
f 3619/3619/1207 3620/3620/1207 3621/3621/1207
f 3622/3622/1208 3623/3623/1208 3624/3624/1208
f 3625/3625/1209 3626/3626/1209 3627/3627/1209
f 3628/3628/1210 3629/3629/1210 3630/3630/1210
f 3631/3631/1211 3632/3632/1211 3633/3633/1211
f 3634/3634/1212 3635/3635/1212 3636/3636/1212
f 3637/3637/1213 3638/3638/1213 3639/3639/1213
f 3640/3640/1214 3641/3641/1214 3642/3642/1214
f 3643/3643/1215 3644/3644/1215 3645/3645/1215
f 3646/3646/1216 3647/3647/1216 3648/3648/1216
f 3649/3649/1217 3650/3650/1217 3651/3651/1217
f 3652/3652/1218 3653/3653/1218 3654/3654/1218
f 3655/3655/1219 3656/3656/1219 3657/3657/1219
f 3658/3658/1220 3659/3659/1220 3660/3660/1220
f 3661/3661/1221 3662/3662/1221 3663/3663/1221
f 3664/3664/1222 3665/3665/1222 3666/3666/1222
f 3667/3667/1223 3668/3668/1223 3669/3669/1223
f 3670/3670/1224 3671/3671/1224 3672/3672/1224
f 3673/3673/1225 3674/3674/1225 3675/3675/1225
f 3676/3676/1226 3677/3677/1226 3678/3678/1226
f 3679/3679/1227 3680/3680/1227 3681/3681/1227
f 3682/3682/1228 3683/3683/1228 3684/3684/1228
f 3685/3685/1229 3686/3686/1229 3687/3687/1229
f 3688/3688/1230 3689/3689/1230 3690/3690/1230
f 3691/3691/1231 3692/3692/1231 3693/3693/1231
f 3694/3694/1232 3695/3695/1232 3696/3696/1232
f 3697/3697/1233 3698/3698/1233 3699/3699/1233
f 3700/3700/1234 3701/3701/1234 3702/3702/1234
f 3703/3703/1235 3704/3704/1235 3705/3705/1235
f 3706/3706/1236 3707/3707/1236 3708/3708/1236
f 3709/3709/1237 3710/3710/1237 3711/3711/1237
f 3712/3712/1238 3713/3713/1238 3714/3714/1238
f 3715/3715/1239 3716/3716/1239 3717/3717/1239
f 3718/3718/1240 3719/3719/1240 3720/3720/1240
f 3721/3721/1241 3722/3722/1241 3723/3723/1241
f 3724/3724/1242 3725/3725/1242 3726/3726/1242
f 3727/3727/1243 3728/3728/1243 3729/3729/1243
f 3730/3730/1244 3731/3731/1244 3732/3732/1244
f 3733/3733/1245 3734/3734/1245 3735/3735/1245
f 3736/3736/1246 3737/3737/1246 3738/3738/1246
f 3739/3739/1247 3740/3740/1247 3741/3741/1247
f 3742/3742/1248 3743/3743/1248 3744/3744/1248
f 3745/3745/1249 3746/3746/1249 3747/3747/1249
f 3748/3748/1250 3749/3749/1250 3750/3750/1250
f 3751/3751/1251 3752/3752/1251 3753/3753/1251
f 3754/3754/1252 3755/3755/1252 3756/3756/1252
f 3757/3757/1253 3758/3758/1253 3759/3759/1253
f 3760/3760/1254 3761/3761/1254 3762/3762/1254
f 3763/3763/1255 3764/3764/1255 3765/3765/1255
f 3766/3766/1256 3767/3767/1256 3768/3768/1256
f 3769/3769/1257 3770/3770/1257 3771/3771/1257
f 3772/3772/1258 3773/3773/1258 3774/3774/1258
f 3775/3775/1259 3776/3776/1259 3777/3777/1259
f 3778/3778/1260 3779/3779/1260 3780/3780/1260
f 3781/3781/1261 3782/3782/1261 3783/3783/1261
f 3784/3784/1262 3785/3785/1262 3786/3786/1262
f 3787/3787/1263 3788/3788/1263 3789/3789/1263
f 3790/3790/1264 3791/3791/1264 3792/3792/1264
f 3793/3793/1265 3794/3794/1265 3795/3795/1265
f 3796/3796/1266 3797/3797/1266 3798/3798/1266
f 3799/3799/1267 3800/3800/1267 3801/3801/1267
f 3802/3802/1268 3803/3803/1268 3804/3804/1268
f 3805/3805/1269 3806/3806/1269 3807/3807/1269
f 3808/3808/1270 3809/3809/1270 3810/3810/1270
f 3811/3811/1271 3812/3812/1271 3813/3813/1271
f 3814/3814/1272 3815/3815/1272 3816/3816/1272
f 3817/3817/1273 3818/3818/1273 3819/3819/1273
f 3820/3820/1274 3821/3821/1274 3822/3822/1274
f 3823/3823/1275 3824/3824/1275 3825/3825/1275
f 3826/3826/1276 3827/3827/1276 3828/3828/1276
f 3829/3829/1277 3830/3830/1277 3831/3831/1277
f 3832/3832/1278 3833/3833/1278 3834/3834/1278
f 3835/3835/1279 3836/3836/1279 3837/3837/1279
f 3838/3838/1280 3839/3839/1280 3840/3840/1280
f 3841/3841/1281 3842/3842/1281 3843/3843/1281
f 3844/3844/1282 3845/3845/1282 3846/3846/1282
f 3847/3847/1283 3848/3848/1283 3849/3849/1283
f 3850/3850/1284 3851/3851/1284 3852/3852/1284
f 3853/3853/1285 3854/3854/1285 3855/3855/1285
f 3856/3856/1286 3857/3857/1286 3858/3858/1286
f 3859/3859/1287 3860/3860/1287 3861/3861/1287
f 3862/3862/1288 3863/3863/1288 3864/3864/1288
f 3865/3865/1289 3866/3866/1289 3867/3867/1289
f 3868/3868/1290 3869/3869/1290 3870/3870/1290
f 3871/3871/1291 3872/3872/1291 3873/3873/1291
f 3874/3874/1292 3875/3875/1292 3876/3876/1292
f 3877/3877/1293 3878/3878/1293 3879/3879/1293
f 3880/3880/1294 3881/3881/1294 3882/3882/1294
f 3883/3883/1295 3884/3884/1295 3885/3885/1295
f 3886/3886/1296 3887/3887/1296 3888/3888/1296
f 3889/3889/1297 3890/3890/1297 3891/3891/1297
f 3892/3892/1298 3893/3893/1298 3894/3894/1298
f 3895/3895/1299 3896/3896/1299 3897/3897/1299
f 3898/3898/1300 3899/3899/1300 3900/3900/1300
f 3901/3901/1301 3902/3902/1301 3903/3903/1301
f 3904/3904/1302 3905/3905/1302 3906/3906/1302
f 3907/3907/1303 3908/3908/1303 3909/3909/1303
f 3910/3910/1304 3911/3911/1304 3912/3912/1304
f 3913/3913/1305 3914/3914/1305 3915/3915/1305
f 3916/3916/1306 3917/3917/1306 3918/3918/1306
f 3919/3919/1307 3920/3920/1307 3921/3921/1307
f 3922/3922/1308 3923/3923/1308 3924/3924/1308
f 3925/3925/1309 3926/3926/1309 3927/3927/1309
f 3928/3928/1310 3929/3929/1310 3930/3930/1310
f 3931/3931/1311 3932/3932/1311 3933/3933/1311
f 3934/3934/1312 3935/3935/1312 3936/3936/1312
f 3937/3937/1313 3938/3938/1313 3939/3939/1313
f 3940/3940/1314 3941/3941/1314 3942/3942/1314
f 3943/3943/1315 3944/3944/1315 3945/3945/1315
f 3946/3946/1316 3947/3947/1316 3948/3948/1316
f 3949/3949/1317 3950/3950/1317 3951/3951/1317
f 3952/3952/1318 3953/3953/1318 3954/3954/1318
f 3955/3955/1319 3956/3956/1319 3957/3957/1319
f 3958/3958/1320 3959/3959/1320 3960/3960/1320
f 3961/3961/1321 3962/3962/1321 3963/3963/1321
f 3964/3964/1322 3965/3965/1322 3966/3966/1322
f 3967/3967/1323 3968/3968/1323 3969/3969/1323
f 3970/3970/1324 3971/3971/1324 3972/3972/1324
f 3973/3973/1325 3974/3974/1325 3975/3975/1325
f 3976/3976/1326 3977/3977/1326 3978/3978/1326
f 3979/3979/1327 3980/3980/1327 3981/3981/1327
f 3982/3982/1328 3983/3983/1328 3984/3984/1328
f 3985/3985/1329 3986/3986/1329 3987/3987/1329
f 3988/3988/1330 3989/3989/1330 3990/3990/1330
f 3991/3991/1331 3992/3992/1331 3993/3993/1331
f 3994/3994/1332 3995/3995/1332 3996/3996/1332
f 3997/3997/1333 3998/3998/1333 3999/3999/1333
f 4000/4000/1334 4001/4001/1334 4002/4002/1334
f 4003/4003/1335 4004/4004/1335 4005/4005/1335
f 4006/4006/1336 4007/4007/1336 4008/4008/1336
f 4009/4009/1337 4010/4010/1337 4011/4011/1337
f 4012/4012/1338 4013/4013/1338 4014/4014/1338
f 4015/4015/1339 4016/4016/1339 4017/4017/1339
f 4018/4018/1340 4019/4019/1340 4020/4020/1340
f 4021/4021/1341 4022/4022/1341 4023/4023/1341
f 4024/4024/1342 4025/4025/1342 4026/4026/1342
f 4027/4027/1343 4028/4028/1343 4029/4029/1343
f 4030/4030/1344 4031/4031/1344 4032/4032/1344
f 4033/4033/1345 4034/4034/1345 4035/4035/1345
f 4036/4036/1346 4037/4037/1346 4038/4038/1346
f 4039/4039/1347 4040/4040/1347 4041/4041/1347
f 4042/4042/1348 4043/4043/1348 4044/4044/1348
f 4045/4045/1349 4046/4046/1349 4047/4047/1349
f 4048/4048/1350 4049/4049/1350 4050/4050/1350
f 4051/4051/1351 4052/4052/1351 4053/4053/1351
f 4054/4054/1352 4055/4055/1352 4056/4056/1352
f 4057/4057/1353 4058/4058/1353 4059/4059/1353
f 4060/4060/1354 4061/4061/1354 4062/4062/1354
f 4063/4063/1355 4064/4064/1355 4065/4065/1355
f 4066/4066/1356 4067/4067/1356 4068/4068/1356
f 4069/4069/1357 4070/4070/1357 4071/4071/1357
f 4072/4072/1358 4073/4073/1358 4074/4074/1358
f 4075/4075/1359 4076/4076/1359 4077/4077/1359
f 4078/4078/1360 4079/4079/1360 4080/4080/1360
f 4081/4081/1361 4082/4082/1361 4083/4083/1361
f 4084/4084/1362 4085/4085/1362 4086/4086/1362
f 4087/4087/1363 4088/4088/1363 4089/4089/1363
f 4090/4090/1364 4091/4091/1364 4092/4092/1364
f 4093/4093/1365 4094/4094/1365 4095/4095/1365
f 4096/4096/1366 4097/4097/1366 4098/4098/1366
f 4099/4099/1367 4100/4100/1367 4101/4101/1367
f 4102/4102/1368 4103/4103/1368 4104/4104/1368
f 4105/4105/1369 4106/4106/1369 4107/4107/1369
f 4108/4108/1370 4109/4109/1370 4110/4110/1370
f 4111/4111/1371 4112/4112/1371 4113/4113/1371
f 4114/4114/1372 4115/4115/1372 4116/4116/1372
f 4117/4117/1373 4118/4118/1373 4119/4119/1373
f 4120/4120/1374 4121/4121/1374 4122/4122/1374
f 4123/4123/1375 4124/4124/1375 4125/4125/1375
f 4126/4126/1376 4127/4127/1376 4128/4128/1376
f 4129/4129/1377 4130/4130/1377 4131/4131/1377
f 4132/4132/1378 4133/4133/1378 4134/4134/1378
f 4135/4135/1379 4136/4136/1379 4137/4137/1379
f 4138/4138/1380 4139/4139/1380 4140/4140/1380
f 4141/4141/1381 4142/4142/1381 4143/4143/1381
f 4144/4144/1382 4145/4145/1382 4146/4146/1382
f 4147/4147/1383 4148/4148/1383 4149/4149/1383
f 4150/4150/1384 4151/4151/1384 4152/4152/1384
f 4153/4153/1385 4154/4154/1385 4155/4155/1385
f 4156/4156/1386 4157/4157/1386 4158/4158/1386
f 4159/4159/1387 4160/4160/1387 4161/4161/1387
f 4162/4162/1388 4163/4163/1388 4164/4164/1388
f 4165/4165/1389 4166/4166/1389 4167/4167/1389
f 4168/4168/1390 4169/4169/1390 4170/4170/1390
f 4171/4171/1391 4172/4172/1391 4173/4173/1391
f 4174/4174/1392 4175/4175/1392 4176/4176/1392
f 4177/4177/1393 4178/4178/1393 4179/4179/1393
f 4180/4180/1394 4181/4181/1394 4182/4182/1394
f 4183/4183/1395 4184/4184/1395 4185/4185/1395
f 4186/4186/1396 4187/4187/1396 4188/4188/1396
f 4189/4189/1397 4190/4190/1397 4191/4191/1397
f 4192/4192/1398 4193/4193/1398 4194/4194/1398
f 4195/4195/1399 4196/4196/1399 4197/4197/1399
f 4198/4198/1400 4199/4199/1400 4200/4200/1400
f 4201/4201/1401 4202/4202/1401 4203/4203/1401
f 4204/4204/1402 4205/4205/1402 4206/4206/1402
f 4207/4207/1403 4208/4208/1403 4209/4209/1403
f 4210/4210/1404 4211/4211/1404 4212/4212/1404
f 4213/4213/1405 4214/4214/1405 4215/4215/1405
f 4216/4216/1406 4217/4217/1406 4218/4218/1406
f 4219/4219/1407 4220/4220/1407 4221/4221/1407
f 4222/4222/1408 4223/4223/1408 4224/4224/1408
f 4225/4225/1409 4226/4226/1409 4227/4227/1409
f 4228/4228/1410 4229/4229/1410 4230/4230/1410
f 4231/4231/1411 4232/4232/1411 4233/4233/1411
f 4234/4234/1412 4235/4235/1412 4236/4236/1412
f 4237/4237/1413 4238/4238/1413 4239/4239/1413
f 4240/4240/1414 4241/4241/1414 4242/4242/1414
f 4243/4243/1415 4244/4244/1415 4245/4245/1415
f 4246/4246/1416 4247/4247/1416 4248/4248/1416
f 4249/4249/1417 4250/4250/1417 4251/4251/1417
f 4252/4252/1418 4253/4253/1418 4254/4254/1418
f 4255/4255/1419 4256/4256/1419 4257/4257/1419
f 4258/4258/1420 4259/4259/1420 4260/4260/1420
f 4261/4261/1421 4262/4262/1421 4263/4263/1421
f 4264/4264/1422 4265/4265/1422 4266/4266/1422
f 4267/4267/1423 4268/4268/1423 4269/4269/1423
f 4270/4270/1424 4271/4271/1424 4272/4272/1424
f 4273/4273/1425 4274/4274/1425 4275/4275/1425
f 4276/4276/1426 4277/4277/1426 4278/4278/1426
f 4279/4279/1427 4280/4280/1427 4281/4281/1427
f 4282/4282/1428 4283/4283/1428 4284/4284/1428
f 4285/4285/1429 4286/4286/1429 4287/4287/1429
f 4288/4288/1430 4289/4289/1430 4290/4290/1430
f 4291/4291/1431 4292/4292/1431 4293/4293/1431
f 4294/4294/1432 4295/4295/1432 4296/4296/1432
f 4297/4297/1433 4298/4298/1433 4299/4299/1433
f 4300/4300/1434 4301/4301/1434 4302/4302/1434
f 4303/4303/1435 4304/4304/1435 4305/4305/1435
f 4306/4306/1436 4307/4307/1436 4308/4308/1436
f 4309/4309/1437 4310/4310/1437 4311/4311/1437
f 4312/4312/1438 4313/4313/1438 4314/4314/1438
f 4315/4315/1439 4316/4316/1439 4317/4317/1439
f 4318/4318/1440 4319/4319/1440 4320/4320/1440
f 4321/4321/1441 4322/4322/1441 4323/4323/1441
f 4324/4324/1442 4325/4325/1442 4326/4326/1442
f 4327/4327/1443 4328/4328/1443 4329/4329/1443
f 4330/4330/1444 4331/4331/1444 4332/4332/1444
f 4333/4333/1445 4334/4334/1445 4335/4335/1445
f 4336/4336/1446 4337/4337/1446 4338/4338/1446
f 4339/4339/1447 4340/4340/1447 4341/4341/1447
f 4342/4342/1448 4343/4343/1448 4344/4344/1448
f 4345/4345/1449 4346/4346/1449 4347/4347/1449
f 4348/4348/1450 4349/4349/1450 4350/4350/1450
f 4351/4351/1451 4352/4352/1451 4353/4353/1451
f 4354/4354/1452 4355/4355/1452 4356/4356/1452
f 4357/4357/1453 4358/4358/1453 4359/4359/1453
f 4360/4360/1454 4361/4361/1454 4362/4362/1454
f 4363/4363/1455 4364/4364/1455 4365/4365/1455
f 4366/4366/1456 4367/4367/1456 4368/4368/1456
f 4369/4369/1457 4370/4370/1457 4371/4371/1457
f 4372/4372/1458 4373/4373/1458 4374/4374/1458
f 4375/4375/1459 4376/4376/1459 4377/4377/1459
f 4378/4378/1460 4379/4379/1460 4380/4380/1460
f 4381/4381/1461 4382/4382/1461 4383/4383/1461
f 4384/4384/1462 4385/4385/1462 4386/4386/1462
f 4387/4387/1463 4388/4388/1463 4389/4389/1463
f 4390/4390/1464 4391/4391/1464 4392/4392/1464
f 4393/4393/1465 4394/4394/1465 4395/4395/1465
f 4396/4396/1466 4397/4397/1466 4398/4398/1466
f 4399/4399/1467 4400/4400/1467 4401/4401/1467
f 4402/4402/1468 4403/4403/1468 4404/4404/1468
f 4405/4405/1469 4406/4406/1469 4407/4407/1469
f 4408/4408/1470 4409/4409/1470 4410/4410/1470
f 4411/4411/1471 4412/4412/1471 4413/4413/1471
f 4414/4414/1472 4415/4415/1472 4416/4416/1472
f 4417/4417/1473 4418/4418/1473 4419/4419/1473
f 4420/4420/1474 4421/4421/1474 4422/4422/1474
f 4423/4423/1475 4424/4424/1475 4425/4425/1475
f 4426/4426/1476 4427/4427/1476 4428/4428/1476
f 4429/4429/1477 4430/4430/1477 4431/4431/1477
f 4432/4432/1478 4433/4433/1478 4434/4434/1478
f 4435/4435/1479 4436/4436/1479 4437/4437/1479
f 4438/4438/1480 4439/4439/1480 4440/4440/1480
f 4441/4441/1481 4442/4442/1481 4443/4443/1481
f 4444/4444/1482 4445/4445/1482 4446/4446/1482
f 4447/4447/1483 4448/4448/1483 4449/4449/1483
f 4450/4450/1484 4451/4451/1484 4452/4452/1484
f 4453/4453/1485 4454/4454/1485 4455/4455/1485
f 4456/4456/1486 4457/4457/1486 4458/4458/1486
f 4459/4459/1487 4460/4460/1487 4461/4461/1487
f 4462/4462/1488 4463/4463/1488 4464/4464/1488
f 4465/4465/1489 4466/4466/1489 4467/4467/1489
f 4468/4468/1490 4469/4469/1490 4470/4470/1490
f 4471/4471/1491 4472/4472/1491 4473/4473/1491
f 4474/4474/1492 4475/4475/1492 4476/4476/1492
f 4477/4477/1493 4478/4478/1493 4479/4479/1493
f 4480/4480/1494 4481/4481/1494 4482/4482/1494
f 4483/4483/1495 4484/4484/1495 4485/4485/1495
f 4486/4486/1496 4487/4487/1496 4488/4488/1496
f 4489/4489/1497 4490/4490/1497 4491/4491/1497
f 4492/4492/1498 4493/4493/1498 4494/4494/1498
f 4495/4495/1499 4496/4496/1499 4497/4497/1499
f 4498/4498/1500 4499/4499/1500 4500/4500/1500
f 4501/4501/1501 4502/4502/1501 4503/4503/1501
f 4504/4504/1502 4505/4505/1502 4506/4506/1502
f 4507/4507/1503 4508/4508/1503 4509/4509/1503
f 4510/4510/1504 4511/4511/1504 4512/4512/1504
f 4513/4513/1505 4514/4514/1505 4515/4515/1505
f 4516/4516/1506 4517/4517/1506 4518/4518/1506
f 4519/4519/1507 4520/4520/1507 4521/4521/1507
f 4522/4522/1508 4523/4523/1508 4524/4524/1508
f 4525/4525/1509 4526/4526/1509 4527/4527/1509
f 4528/4528/1510 4529/4529/1510 4530/4530/1510
f 4531/4531/1511 4532/4532/1511 4533/4533/1511
f 4534/4534/1512 4535/4535/1512 4536/4536/1512
f 4537/4537/1513 4538/4538/1513 4539/4539/1513
f 4540/4540/1514 4541/4541/1514 4542/4542/1514
f 4543/4543/1515 4544/4544/1515 4545/4545/1515
f 4546/4546/1516 4547/4547/1516 4548/4548/1516
f 4549/4549/1517 4550/4550/1517 4551/4551/1517
f 4552/4552/1518 4553/4553/1518 4554/4554/1518
f 4555/4555/1519 4556/4556/1519 4557/4557/1519
f 4558/4558/1520 4559/4559/1520 4560/4560/1520
f 4561/4561/1521 4562/4562/1521 4563/4563/1521
f 4564/4564/1522 4565/4565/1522 4566/4566/1522
f 4567/4567/1523 4568/4568/1523 4569/4569/1523
f 4570/4570/1524 4571/4571/1524 4572/4572/1524
f 4573/4573/1525 4574/4574/1525 4575/4575/1525
f 4576/4576/1526 4577/4577/1526 4578/4578/1526
f 4579/4579/1527 4580/4580/1527 4581/4581/1527
f 4582/4582/1528 4583/4583/1528 4584/4584/1528
f 4585/4585/1529 4586/4586/1529 4587/4587/1529
f 4588/4588/1530 4589/4589/1530 4590/4590/1530
f 4591/4591/1531 4592/4592/1531 4593/4593/1531
f 4594/4594/1532 4595/4595/1532 4596/4596/1532
f 4597/4597/1533 4598/4598/1533 4599/4599/1533
f 4600/4600/1534 4601/4601/1534 4602/4602/1534
f 4603/4603/1535 4604/4604/1535 4605/4605/1535
f 4606/4606/1536 4607/4607/1536 4608/4608/1536
f 4609/4609/1537 4610/4610/1537 4611/4611/1537
f 4612/4612/1538 4613/4613/1538 4614/4614/1538
f 4615/4615/1539 4616/4616/1539 4617/4617/1539
f 4618/4618/1540 4619/4619/1540 4620/4620/1540
f 4621/4621/1541 4622/4622/1541 4623/4623/1541
f 4624/4624/1542 4625/4625/1542 4626/4626/1542
f 4627/4627/1543 4628/4628/1543 4629/4629/1543
f 4630/4630/1544 4631/4631/1544 4632/4632/1544
f 4633/4633/1545 4634/4634/1545 4635/4635/1545
f 4636/4636/1546 4637/4637/1546 4638/4638/1546
f 4639/4639/1547 4640/4640/1547 4641/4641/1547
f 4642/4642/1548 4643/4643/1548 4644/4644/1548
f 4645/4645/1549 4646/4646/1549 4647/4647/1549
f 4648/4648/1550 4649/4649/1550 4650/4650/1550
f 4651/4651/1551 4652/4652/1551 4653/4653/1551
f 4654/4654/1552 4655/4655/1552 4656/4656/1552
f 4657/4657/1553 4658/4658/1553 4659/4659/1553
f 4660/4660/1554 4661/4661/1554 4662/4662/1554
f 4663/4663/1555 4664/4664/1555 4665/4665/1555
f 4666/4666/1556 4667/4667/1556 4668/4668/1556
f 4669/4669/1557 4670/4670/1557 4671/4671/1557
f 4672/4672/1558 4673/4673/1558 4674/4674/1558
f 4675/4675/1559 4676/4676/1559 4677/4677/1559
f 4678/4678/1560 4679/4679/1560 4680/4680/1560
f 4681/4681/1561 4682/4682/1561 4683/4683/1561
f 4684/4684/1562 4685/4685/1562 4686/4686/1562
f 4687/4687/1563 4688/4688/1563 4689/4689/1563
f 4690/4690/1564 4691/4691/1564 4692/4692/1564
f 4693/4693/1565 4694/4694/1565 4695/4695/1565
f 4696/4696/1566 4697/4697/1566 4698/4698/1566
f 4699/4699/1567 4700/4700/1567 4701/4701/1567
f 4702/4702/1568 4703/4703/1568 4704/4704/1568
f 4705/4705/1569 4706/4706/1569 4707/4707/1569
f 4708/4708/1570 4709/4709/1570 4710/4710/1570
f 4711/4711/1571 4712/4712/1571 4713/4713/1571
f 4714/4714/1572 4715/4715/1572 4716/4716/1572
f 4717/4717/1573 4718/4718/1573 4719/4719/1573
f 4720/4720/1574 4721/4721/1574 4722/4722/1574
f 4723/4723/1575 4724/4724/1575 4725/4725/1575
f 4726/4726/1576 4727/4727/1576 4728/4728/1576
f 4729/4729/1577 4730/4730/1577 4731/4731/1577
f 4732/4732/1578 4733/4733/1578 4734/4734/1578
f 4735/4735/1579 4736/4736/1579 4737/4737/1579
f 4738/4738/1580 4739/4739/1580 4740/4740/1580
f 4741/4741/1581 4742/4742/1581 4743/4743/1581
f 4744/4744/1582 4745/4745/1582 4746/4746/1582
f 4747/4747/1583 4748/4748/1583 4749/4749/1583
f 4750/4750/1584 4751/4751/1584 4752/4752/1584
f 4753/4753/1585 4754/4754/1585 4755/4755/1585
f 4756/4756/1586 4757/4757/1586 4758/4758/1586
f 4759/4759/1587 4760/4760/1587 4761/4761/1587
f 4762/4762/1588 4763/4763/1588 4764/4764/1588
f 4765/4765/1589 4766/4766/1589 4767/4767/1589
f 4768/4768/1590 4769/4769/1590 4770/4770/1590
f 4771/4771/1591 4772/4772/1591 4773/4773/1591
f 4774/4774/1592 4775/4775/1592 4776/4776/1592
f 4777/4777/1593 4778/4778/1593 4779/4779/1593
f 4780/4780/1594 4781/4781/1594 4782/4782/1594
f 4783/4783/1595 4784/4784/1595 4785/4785/1595
f 4786/4786/1596 4787/4787/1596 4788/4788/1596
f 4789/4789/1597 4790/4790/1597 4791/4791/1597
f 4792/4792/1598 4793/4793/1598 4794/4794/1598
f 4795/4795/1599 4796/4796/1599 4797/4797/1599
f 4798/4798/1600 4799/4799/1600 4800/4800/1600
f 4801/4801/1601 4802/4802/1601 4803/4803/1601
f 4804/4804/1602 4805/4805/1602 4806/4806/1602
f 4807/4807/1603 4808/4808/1603 4809/4809/1603
f 4810/4810/1604 4811/4811/1604 4812/4812/1604
f 4813/4813/1605 4814/4814/1605 4815/4815/1605
f 4816/4816/1606 4817/4817/1606 4818/4818/1606
f 4819/4819/1607 4820/4820/1607 4821/4821/1607
f 4822/4822/1608 4823/4823/1608 4824/4824/1608
f 4825/4825/1609 4826/4826/1609 4827/4827/1609
f 4828/4828/1610 4829/4829/1610 4830/4830/1610
f 4831/4831/1611 4832/4832/1611 4833/4833/1611
f 4834/4834/1612 4835/4835/1612 4836/4836/1612
f 4837/4837/1613 4838/4838/1613 4839/4839/1613
f 4840/4840/1614 4841/4841/1614 4842/4842/1614
f 4843/4843/1615 4844/4844/1615 4845/4845/1615
f 4846/4846/1616 4847/4847/1616 4848/4848/1616
f 4849/4849/1617 4850/4850/1617 4851/4851/1617
f 4852/4852/1618 4853/4853/1618 4854/4854/1618
f 4855/4855/1619 4856/4856/1619 4857/4857/1619
f 4858/4858/1620 4859/4859/1620 4860/4860/1620
f 4861/4861/1621 4862/4862/1621 4863/4863/1621
f 4864/4864/1622 4865/4865/1622 4866/4866/1622
f 4867/4867/1623 4868/4868/1623 4869/4869/1623
f 4870/4870/1624 4871/4871/1624 4872/4872/1624
f 4873/4873/1625 4874/4874/1625 4875/4875/1625
f 4876/4876/1626 4877/4877/1626 4878/4878/1626
f 4879/4879/1627 4880/4880/1627 4881/4881/1627
f 4882/4882/1628 4883/4883/1628 4884/4884/1628
f 4885/4885/1629 4886/4886/1629 4887/4887/1629
f 4888/4888/1630 4889/4889/1630 4890/4890/1630
f 4891/4891/1631 4892/4892/1631 4893/4893/1631
f 4894/4894/1632 4895/4895/1632 4896/4896/1632
f 4897/4897/1633 4898/4898/1633 4899/4899/1633
f 4900/4900/1634 4901/4901/1634 4902/4902/1634
f 4903/4903/1635 4904/4904/1635 4905/4905/1635
f 4906/4906/1636 4907/4907/1636 4908/4908/1636
f 4909/4909/1637 4910/4910/1637 4911/4911/1637
f 4912/4912/1638 4913/4913/1638 4914/4914/1638
f 4915/4915/1639 4916/4916/1639 4917/4917/1639
f 4918/4918/1640 4919/4919/1640 4920/4920/1640
f 4921/4921/1641 4922/4922/1641 4923/4923/1641
f 4924/4924/1642 4925/4925/1642 4926/4926/1642
f 4927/4927/1643 4928/4928/1643 4929/4929/1643
f 4930/4930/1644 4931/4931/1644 4932/4932/1644
f 4933/4933/1645 4934/4934/1645 4935/4935/1645
f 4936/4936/1646 4937/4937/1646 4938/4938/1646
f 4939/4939/1647 4940/4940/1647 4941/4941/1647
f 4942/4942/1648 4943/4943/1648 4944/4944/1648
f 4945/4945/1649 4946/4946/1649 4947/4947/1649
f 4948/4948/1650 4949/4949/1650 4950/4950/1650
f 4951/4951/1651 4952/4952/1651 4953/4953/1651
f 4954/4954/1652 4955/4955/1652 4956/4956/1652
f 4957/4957/1653 4958/4958/1653 4959/4959/1653
f 4960/4960/1654 4961/4961/1654 4962/4962/1654
f 4963/4963/1655 4964/4964/1655 4965/4965/1655
f 4966/4966/1656 4967/4967/1656 4968/4968/1656
f 4969/4969/1657 4970/4970/1657 4971/4971/1657
f 4972/4972/1658 4973/4973/1658 4974/4974/1658
f 4975/4975/1659 4976/4976/1659 4977/4977/1659
f 4978/4978/1660 4979/4979/1660 4980/4980/1660
f 4981/4981/1661 4982/4982/1661 4983/4983/1661
f 4984/4984/1662 4985/4985/1662 4986/4986/1662
f 4987/4987/1663 4988/4988/1663 4989/4989/1663
f 4990/4990/1664 4991/4991/1664 4992/4992/1664
f 4993/4993/1665 4994/4994/1665 4995/4995/1665
f 4996/4996/1666 4997/4997/1666 4998/4998/1666
f 4999/4999/1667 5000/5000/1667 5001/5001/1667
f 5002/5002/1668 5003/5003/1668 5004/5004/1668
f 5005/5005/1669 5006/5006/1669 5007/5007/1669
f 5008/5008/1670 5009/5009/1670 5010/5010/1670
f 5011/5011/1671 5012/5012/1671 5013/5013/1671
f 5014/5014/1672 5015/5015/1672 5016/5016/1672
f 5017/5017/1673 5018/5018/1673 5019/5019/1673
f 5020/5020/1674 5021/5021/1674 5022/5022/1674
f 5023/5023/1675 5024/5024/1675 5025/5025/1675
f 5026/5026/1676 5027/5027/1676 5028/5028/1676
f 5029/5029/1677 5030/5030/1677 5031/5031/1677
f 5032/5032/1678 5033/5033/1678 5034/5034/1678
f 5035/5035/1679 5036/5036/1679 5037/5037/1679
f 5038/5038/1680 5039/5039/1680 5040/5040/1680
f 5041/5041/1681 5042/5042/1681 5043/5043/1681
f 5044/5044/1682 5045/5045/1682 5046/5046/1682
f 5047/5047/1683 5048/5048/1683 5049/5049/1683
f 5050/5050/1684 5051/5051/1684 5052/5052/1684
f 5053/5053/1685 5054/5054/1685 5055/5055/1685
f 5056/5056/1686 5057/5057/1686 5058/5058/1686
f 5059/5059/1687 5060/5060/1687 5061/5061/1687
f 5062/5062/1688 5063/5063/1688 5064/5064/1688
f 5065/5065/1689 5066/5066/1689 5067/5067/1689
f 5068/5068/1690 5069/5069/1690 5070/5070/1690
f 5071/5071/1691 5072/5072/1691 5073/5073/1691
f 5074/5074/1692 5075/5075/1692 5076/5076/1692
f 5077/5077/1693 5078/5078/1693 5079/5079/1693
f 5080/5080/1694 5081/5081/1694 5082/5082/1694
f 5083/5083/1695 5084/5084/1695 5085/5085/1695
f 5086/5086/1696 5087/5087/1696 5088/5088/1696
f 5089/5089/1697 5090/5090/1697 5091/5091/1697
f 5092/5092/1698 5093/5093/1698 5094/5094/1698
f 5095/5095/1699 5096/5096/1699 5097/5097/1699
f 5098/5098/1700 5099/5099/1700 5100/5100/1700
f 5101/5101/1701 5102/5102/1701 5103/5103/1701
f 5104/5104/1702 5105/5105/1702 5106/5106/1702
f 5107/5107/1703 5108/5108/1703 5109/5109/1703
f 5110/5110/1704 5111/5111/1704 5112/5112/1704
f 5113/5113/1705 5114/5114/1705 5115/5115/1705
f 5116/5116/1706 5117/5117/1706 5118/5118/1706
f 5119/5119/1707 5120/5120/1707 5121/5121/1707
f 5122/5122/1708 5123/5123/1708 5124/5124/1708
f 5125/5125/1709 5126/5126/1709 5127/5127/1709
f 5128/5128/1710 5129/5129/1710 5130/5130/1710
f 5131/5131/1711 5132/5132/1711 5133/5133/1711
f 5134/5134/1712 5135/5135/1712 5136/5136/1712
f 5137/5137/1713 5138/5138/1713 5139/5139/1713
f 5140/5140/1714 5141/5141/1714 5142/5142/1714
f 5143/5143/1715 5144/5144/1715 5145/5145/1715
f 5146/5146/1716 5147/5147/1716 5148/5148/1716
f 5149/5149/1717 5150/5150/1717 5151/5151/1717
f 5152/5152/1718 5153/5153/1718 5154/5154/1718
f 5155/5155/1719 5156/5156/1719 5157/5157/1719
f 5158/5158/1720 5159/5159/1720 5160/5160/1720
f 5161/5161/1721 5162/5162/1721 5163/5163/1721
f 5164/5164/1722 5165/5165/1722 5166/5166/1722
f 5167/5167/1723 5168/5168/1723 5169/5169/1723
f 5170/5170/1724 5171/5171/1724 5172/5172/1724
f 5173/5173/1725 5174/5174/1725 5175/5175/1725
f 5176/5176/1726 5177/5177/1726 5178/5178/1726
f 5179/5179/1727 5180/5180/1727 5181/5181/1727
f 5182/5182/1728 5183/5183/1728 5184/5184/1728
f 5185/5185/1729 5186/5186/1729 5187/5187/1729
f 5188/5188/1730 5189/5189/1730 5190/5190/1730
f 5191/5191/1731 5192/5192/1731 5193/5193/1731
f 5194/5194/1732 5195/5195/1732 5196/5196/1732
f 5197/5197/1733 5198/5198/1733 5199/5199/1733
f 5200/5200/1734 5201/5201/1734 5202/5202/1734
f 5203/5203/1735 5204/5204/1735 5205/5205/1735
f 5206/5206/1736 5207/5207/1736 5208/5208/1736
f 5209/5209/1737 5210/5210/1737 5211/5211/1737
f 5212/5212/1738 5213/5213/1738 5214/5214/1738
f 5215/5215/1739 5216/5216/1739 5217/5217/1739
f 5218/5218/1740 5219/5219/1740 5220/5220/1740
f 5221/5221/1741 5222/5222/1741 5223/5223/1741
f 5224/5224/1742 5225/5225/1742 5226/5226/1742
f 5227/5227/1743 5228/5228/1743 5229/5229/1743
f 5230/5230/1744 5231/5231/1744 5232/5232/1744
f 5233/5233/1745 5234/5234/1745 5235/5235/1745
f 5236/5236/1746 5237/5237/1746 5238/5238/1746
f 5239/5239/1747 5240/5240/1747 5241/5241/1747
f 5242/5242/1748 5243/5243/1748 5244/5244/1748
f 5245/5245/1749 5246/5246/1749 5247/5247/1749
f 5248/5248/1750 5249/5249/1750 5250/5250/1750
f 5251/5251/1751 5252/5252/1751 5253/5253/1751
f 5254/5254/1752 5255/5255/1752 5256/5256/1752
f 5257/5257/1753 5258/5258/1753 5259/5259/1753
f 5260/5260/1754 5261/5261/1754 5262/5262/1754
f 5263/5263/1755 5264/5264/1755 5265/5265/1755
f 5266/5266/1756 5267/5267/1756 5268/5268/1756
f 5269/5269/1757 5270/5270/1757 5271/5271/1757
f 5272/5272/1758 5273/5273/1758 5274/5274/1758
f 5275/5275/1759 5276/5276/1759 5277/5277/1759
f 5278/5278/1760 5279/5279/1760 5280/5280/1760
f 5281/5281/1761 5282/5282/1761 5283/5283/1761
f 5284/5284/1762 5285/5285/1762 5286/5286/1762
f 5287/5287/1763 5288/5288/1763 5289/5289/1763
f 5290/5290/1764 5291/5291/1764 5292/5292/1764
f 5293/5293/1765 5294/5294/1765 5295/5295/1765
f 5296/5296/1766 5297/5297/1766 5298/5298/1766
f 5299/5299/1767 5300/5300/1767 5301/5301/1767
f 5302/5302/1768 5303/5303/1768 5304/5304/1768
f 5305/5305/1769 5306/5306/1769 5307/5307/1769
f 5308/5308/1770 5309/5309/1770 5310/5310/1770
f 5311/5311/1771 5312/5312/1771 5313/5313/1771
f 5314/5314/1772 5315/5315/1772 5316/5316/1772
f 5317/5317/1773 5318/5318/1773 5319/5319/1773
f 5320/5320/1774 5321/5321/1774 5322/5322/1774
f 5323/5323/1775 5324/5324/1775 5325/5325/1775
f 5326/5326/1776 5327/5327/1776 5328/5328/1776
f 5329/5329/1777 5330/5330/1777 5331/5331/1777
f 5332/5332/1778 5333/5333/1778 5334/5334/1778
f 5335/5335/1779 5336/5336/1779 5337/5337/1779
f 5338/5338/1780 5339/5339/1780 5340/5340/1780
f 5341/5341/1781 5342/5342/1781 5343/5343/1781
f 5344/5344/1782 5345/5345/1782 5346/5346/1782
f 5347/5347/1783 5348/5348/1783 5349/5349/1783
f 5350/5350/1784 5351/5351/1784 5352/5352/1784
f 5353/5353/1785 5354/5354/1785 5355/5355/1785
f 5356/5356/1786 5357/5357/1786 5358/5358/1786
f 5359/5359/1787 5360/5360/1787 5361/5361/1787
f 5362/5362/1788 5363/5363/1788 5364/5364/1788
f 5365/5365/1789 5366/5366/1789 5367/5367/1789
f 5368/5368/1790 5369/5369/1790 5370/5370/1790
f 5371/5371/1791 5372/5372/1791 5373/5373/1791
f 5374/5374/1792 5375/5375/1792 5376/5376/1792
f 5377/5377/1793 5378/5378/1793 5379/5379/1793
f 5380/5380/1794 5381/5381/1794 5382/5382/1794
f 5383/5383/1795 5384/5384/1795 5385/5385/1795
f 5386/5386/1796 5387/5387/1796 5388/5388/1796
f 5389/5389/1797 5390/5390/1797 5391/5391/1797
f 5392/5392/1798 5393/5393/1798 5394/5394/1798
f 5395/5395/1799 5396/5396/1799 5397/5397/1799
f 5398/5398/1800 5399/5399/1800 5400/5400/1800
f 5401/5401/1801 5402/5402/1801 5403/5403/1801
f 5404/5404/1802 5405/5405/1802 5406/5406/1802
f 5407/5407/1803 5408/5408/1803 5409/5409/1803
f 5410/5410/1804 5411/5411/1804 5412/5412/1804
f 5413/5413/1805 5414/5414/1805 5415/5415/1805
f 5416/5416/1806 5417/5417/1806 5418/5418/1806
f 5419/5419/1807 5420/5420/1807 5421/5421/1807
f 5422/5422/1808 5423/5423/1808 5424/5424/1808
f 5425/5425/1809 5426/5426/1809 5427/5427/1809
f 5428/5428/1810 5429/5429/1810 5430/5430/1810
f 5431/5431/1811 5432/5432/1811 5433/5433/1811
f 5434/5434/1812 5435/5435/1812 5436/5436/1812
f 5437/5437/1813 5438/5438/1813 5439/5439/1813
f 5440/5440/1814 5441/5441/1814 5442/5442/1814
f 5443/5443/1815 5444/5444/1815 5445/5445/1815
f 5446/5446/1816 5447/5447/1816 5448/5448/1816
f 5449/5449/1817 5450/5450/1817 5451/5451/1817
f 5452/5452/1818 5453/5453/1818 5454/5454/1818
f 5455/5455/1819 5456/5456/1819 5457/5457/1819
f 5458/5458/1820 5459/5459/1820 5460/5460/1820
f 5461/5461/1821 5462/5462/1821 5463/5463/1821
f 5464/5464/1822 5465/5465/1822 5466/5466/1822
f 5467/5467/1823 5468/5468/1823 5469/5469/1823
f 5470/5470/1824 5471/5471/1824 5472/5472/1824
f 5473/5473/1825 5474/5474/1825 5475/5475/1825
f 5476/5476/1826 5477/5477/1826 5478/5478/1826
f 5479/5479/1827 5480/5480/1827 5481/5481/1827
f 5482/5482/1828 5483/5483/1828 5484/5484/1828
f 5485/5485/1829 5486/5486/1829 5487/5487/1829
f 5488/5488/1830 5489/5489/1830 5490/5490/1830
f 5491/5491/1831 5492/5492/1831 5493/5493/1831
f 5494/5494/1832 5495/5495/1832 5496/5496/1832
f 5497/5497/1833 5498/5498/1833 5499/5499/1833
f 5500/5500/1834 5501/5501/1834 5502/5502/1834
f 5503/5503/1835 5504/5504/1835 5505/5505/1835
f 5506/5506/1836 5507/5507/1836 5508/5508/1836
f 5509/5509/1837 5510/5510/1837 5511/5511/1837
f 5512/5512/1838 5513/5513/1838 5514/5514/1838
f 5515/5515/1839 5516/5516/1839 5517/5517/1839
f 5518/5518/1840 5519/5519/1840 5520/5520/1840
f 5521/5521/1841 5522/5522/1841 5523/5523/1841
f 5524/5524/1842 5525/5525/1842 5526/5526/1842
f 5527/5527/1843 5528/5528/1843 5529/5529/1843
f 5530/5530/1844 5531/5531/1844 5532/5532/1844
f 5533/5533/1845 5534/5534/1845 5535/5535/1845
f 5536/5536/1846 5537/5537/1846 5538/5538/1846
f 5539/5539/1847 5540/5540/1847 5541/5541/1847
f 5542/5542/1848 5543/5543/1848 5544/5544/1848
f 5545/5545/1849 5546/5546/1849 5547/5547/1849
f 5548/5548/1850 5549/5549/1850 5550/5550/1850
f 5551/5551/1851 5552/5552/1851 5553/5553/1851
f 5554/5554/1852 5555/5555/1852 5556/5556/1852
f 5557/5557/1853 5558/5558/1853 5559/5559/1853
f 5560/5560/1854 5561/5561/1854 5562/5562/1854
f 5563/5563/1855 5564/5564/1855 5565/5565/1855
f 5566/5566/1856 5567/5567/1856 5568/5568/1856
f 5569/5569/1857 5570/5570/1857 5571/5571/1857
f 5572/5572/1858 5573/5573/1858 5574/5574/1858
f 5575/5575/1859 5576/5576/1859 5577/5577/1859
f 5578/5578/1860 5579/5579/1860 5580/5580/1860
f 5581/5581/1861 5582/5582/1861 5583/5583/1861
f 5584/5584/1862 5585/5585/1862 5586/5586/1862
f 5587/5587/1863 5588/5588/1863 5589/5589/1863
f 5590/5590/1864 5591/5591/1864 5592/5592/1864
f 5593/5593/1865 5594/5594/1865 5595/5595/1865
f 5596/5596/1866 5597/5597/1866 5598/5598/1866
f 5599/5599/1867 5600/5600/1867 5601/5601/1867
f 5602/5602/1868 5603/5603/1868 5604/5604/1868
f 5605/5605/1869 5606/5606/1869 5607/5607/1869
f 5608/5608/1870 5609/5609/1870 5610/5610/1870
f 5611/5611/1871 5612/5612/1871 5613/5613/1871
f 5614/5614/1872 5615/5615/1872 5616/5616/1872
f 5617/5617/1873 5618/5618/1873 5619/5619/1873
f 5620/5620/1874 5621/5621/1874 5622/5622/1874
f 5623/5623/1875 5624/5624/1875 5625/5625/1875
f 5626/5626/1876 5627/5627/1876 5628/5628/1876
f 5629/5629/1877 5630/5630/1877 5631/5631/1877
f 5632/5632/1878 5633/5633/1878 5634/5634/1878
f 5635/5635/1879 5636/5636/1879 5637/5637/1879
f 5638/5638/1880 5639/5639/1880 5640/5640/1880
f 5641/5641/1881 5642/5642/1881 5643/5643/1881
f 5644/5644/1882 5645/5645/1882 5646/5646/1882
f 5647/5647/1883 5648/5648/1883 5649/5649/1883
f 5650/5650/1884 5651/5651/1884 5652/5652/1884
f 5653/5653/1885 5654/5654/1885 5655/5655/1885
f 5656/5656/1886 5657/5657/1886 5658/5658/1886
f 5659/5659/1887 5660/5660/1887 5661/5661/1887
f 5662/5662/1888 5663/5663/1888 5664/5664/1888
f 5665/5665/1889 5666/5666/1889 5667/5667/1889
f 5668/5668/1890 5669/5669/1890 5670/5670/1890
f 5671/5671/1891 5672/5672/1891 5673/5673/1891
f 5674/5674/1892 5675/5675/1892 5676/5676/1892
f 5677/5677/1893 5678/5678/1893 5679/5679/1893
f 5680/5680/1894 5681/5681/1894 5682/5682/1894
f 5683/5683/1895 5684/5684/1895 5685/5685/1895
f 5686/5686/1896 5687/5687/1896 5688/5688/1896
f 5689/5689/1897 5690/5690/1897 5691/5691/1897
f 5692/5692/1898 5693/5693/1898 5694/5694/1898
f 5695/5695/1899 5696/5696/1899 5697/5697/1899
f 5698/5698/1900 5699/5699/1900 5700/5700/1900
f 5701/5701/1901 5702/5702/1901 5703/5703/1901
f 5704/5704/1902 5705/5705/1902 5706/5706/1902
f 5707/5707/1903 5708/5708/1903 5709/5709/1903
f 5710/5710/1904 5711/5711/1904 5712/5712/1904
f 5713/5713/1905 5714/5714/1905 5715/5715/1905
f 5716/5716/1906 5717/5717/1906 5718/5718/1906
f 5719/5719/1907 5720/5720/1907 5721/5721/1907
f 5722/5722/1908 5723/5723/1908 5724/5724/1908
f 5725/5725/1909 5726/5726/1909 5727/5727/1909
f 5728/5728/1910 5729/5729/1910 5730/5730/1910
f 5731/5731/1911 5732/5732/1911 5733/5733/1911
f 5734/5734/1912 5735/5735/1912 5736/5736/1912
f 5737/5737/1913 5738/5738/1913 5739/5739/1913
f 5740/5740/1914 5741/5741/1914 5742/5742/1914
f 5743/5743/1915 5744/5744/1915 5745/5745/1915
f 5746/5746/1916 5747/5747/1916 5748/5748/1916
f 5749/5749/1917 5750/5750/1917 5751/5751/1917
f 5752/5752/1918 5753/5753/1918 5754/5754/1918
f 5755/5755/1919 5756/5756/1919 5757/5757/1919
f 5758/5758/1920 5759/5759/1920 5760/5760/1920
f 5761/5761/1921 5762/5762/1921 5763/5763/1921
f 5764/5764/1922 5765/5765/1922 5766/5766/1922
f 5767/5767/1923 5768/5768/1923 5769/5769/1923
f 5770/5770/1924 5771/5771/1924 5772/5772/1924
f 5773/5773/1925 5774/5774/1925 5775/5775/1925
f 5776/5776/1926 5777/5777/1926 5778/5778/1926
f 5779/5779/1927 5780/5780/1927 5781/5781/1927
f 5782/5782/1928 5783/5783/1928 5784/5784/1928
f 5785/5785/1929 5786/5786/1929 5787/5787/1929
f 5788/5788/1930 5789/5789/1930 5790/5790/1930
f 5791/5791/1931 5792/5792/1931 5793/5793/1931
f 5794/5794/1932 5795/5795/1932 5796/5796/1932
f 5797/5797/1933 5798/5798/1933 5799/5799/1933
f 5800/5800/1934 5801/5801/1934 5802/5802/1934
f 5803/5803/1935 5804/5804/1935 5805/5805/1935
f 5806/5806/1936 5807/5807/1936 5808/5808/1936
f 5809/5809/1937 5810/5810/1937 5811/5811/1937
f 5812/5812/1938 5813/5813/1938 5814/5814/1938
f 5815/5815/1939 5816/5816/1939 5817/5817/1939
f 5818/5818/1940 5819/5819/1940 5820/5820/1940
f 5821/5821/1941 5822/5822/1941 5823/5823/1941
f 5824/5824/1942 5825/5825/1942 5826/5826/1942
f 5827/5827/1943 5828/5828/1943 5829/5829/1943
f 5830/5830/1944 5831/5831/1944 5832/5832/1944
f 5833/5833/1945 5834/5834/1945 5835/5835/1945
f 5836/5836/1946 5837/5837/1946 5838/5838/1946
f 5839/5839/1947 5840/5840/1947 5841/5841/1947
f 5842/5842/1948 5843/5843/1948 5844/5844/1948
f 5845/5845/1949 5846/5846/1949 5847/5847/1949
f 5848/5848/1950 5849/5849/1950 5850/5850/1950
f 5851/5851/1951 5852/5852/1951 5853/5853/1951
f 5854/5854/1952 5855/5855/1952 5856/5856/1952
f 5857/5857/1953 5858/5858/1953 5859/5859/1953
f 5860/5860/1954 5861/5861/1954 5862/5862/1954
f 5863/5863/1955 5864/5864/1955 5865/5865/1955
f 5866/5866/1956 5867/5867/1956 5868/5868/1956
f 5869/5869/1957 5870/5870/1957 5871/5871/1957
f 5872/5872/1958 5873/5873/1958 5874/5874/1958
f 5875/5875/1959 5876/5876/1959 5877/5877/1959
f 5878/5878/1960 5879/5879/1960 5880/5880/1960
f 5881/5881/1961 5882/5882/1961 5883/5883/1961
f 5884/5884/1962 5885/5885/1962 5886/5886/1962
f 5887/5887/1963 5888/5888/1963 5889/5889/1963
f 5890/5890/1964 5891/5891/1964 5892/5892/1964
f 5893/5893/1965 5894/5894/1965 5895/5895/1965
f 5896/5896/1966 5897/5897/1966 5898/5898/1966
f 5899/5899/1967 5900/5900/1967 5901/5901/1967
f 5902/5902/1968 5903/5903/1968 5904/5904/1968
f 5905/5905/1969 5906/5906/1969 5907/5907/1969
f 5908/5908/1970 5909/5909/1970 5910/5910/1970
f 5911/5911/1971 5912/5912/1971 5913/5913/1971
f 5914/5914/1972 5915/5915/1972 5916/5916/1972
f 5917/5917/1973 5918/5918/1973 5919/5919/1973
f 5920/5920/1974 5921/5921/1974 5922/5922/1974
f 5923/5923/1975 5924/5924/1975 5925/5925/1975
f 5926/5926/1976 5927/5927/1976 5928/5928/1976
f 5929/5929/1977 5930/5930/1977 5931/5931/1977
f 5932/5932/1978 5933/5933/1978 5934/5934/1978
f 5935/5935/1979 5936/5936/1979 5937/5937/1979
f 5938/5938/1980 5939/5939/1980 5940/5940/1980
f 5941/5941/1981 5942/5942/1981 5943/5943/1981
f 5944/5944/1982 5945/5945/1982 5946/5946/1982
f 5947/5947/1983 5948/5948/1983 5949/5949/1983
f 5950/5950/1984 5951/5951/1984 5952/5952/1984
f 5953/5953/1985 5954/5954/1985 5955/5955/1985
f 5956/5956/1986 5957/5957/1986 5958/5958/1986
f 5959/5959/1987 5960/5960/1987 5961/5961/1987
f 5962/5962/1988 5963/5963/1988 5964/5964/1988
f 5965/5965/1989 5966/5966/1989 5967/5967/1989
f 5968/5968/1990 5969/5969/1990 5970/5970/1990
f 5971/5971/1991 5972/5972/1991 5973/5973/1991
f 5974/5974/1992 5975/5975/1992 5976/5976/1992
f 5977/5977/1993 5978/5978/1993 5979/5979/1993
f 5980/5980/1994 5981/5981/1994 5982/5982/1994
f 5983/5983/1995 5984/5984/1995 5985/5985/1995
f 5986/5986/1996 5987/5987/1996 5988/5988/1996
f 5989/5989/1997 5990/5990/1997 5991/5991/1997
f 5992/5992/1998 5993/5993/1998 5994/5994/1998
f 5995/5995/1999 5996/5996/1999 5997/5997/1999
f 5998/5998/2000 5999/5999/2000 6000/6000/2000
f 6001/6001/2001 6002/6002/2001 6003/6003/2001
f 6004/6004/2002 6005/6005/2002 6006/6006/2002
f 6007/6007/2003 6008/6008/2003 6009/6009/2003
f 6010/6010/2004 6011/6011/2004 6012/6012/2004
f 6013/6013/2005 6014/6014/2005 6015/6015/2005
f 6016/6016/2006 6017/6017/2006 6018/6018/2006
f 6019/6019/2007 6020/6020/2007 6021/6021/2007
f 6022/6022/2008 6023/6023/2008 6024/6024/2008
f 6025/6025/2009 6026/6026/2009 6027/6027/2009
f 6028/6028/2010 6029/6029/2010 6030/6030/2010
f 6031/6031/2011 6032/6032/2011 6033/6033/2011
f 6034/6034/2012 6035/6035/2012 6036/6036/2012
f 6037/6037/2013 6038/6038/2013 6039/6039/2013
f 6040/6040/2014 6041/6041/2014 6042/6042/2014
f 6043/6043/2015 6044/6044/2015 6045/6045/2015
f 6046/6046/2016 6047/6047/2016 6048/6048/2016