v -23.34735 17.88642 30.51665
v -24.33551 19.33824 30.18136
v -23.79406 17.88642 31.07339
v -23.79406 17.88642 31.07339
v -24.33551 19.33824 30.18136
v -24.49411 17.88642 31.21274
v -24.49411 17.88642 31.21274
v -24.33551 19.33824 30.18136
v -25.11996 17.88642 30.86949
v -25.11996 17.88642 30.86949
v -24.33551 19.33824 30.18136
v -25.37875 17.88642 30.20427
v -25.37875 17.88642 30.20427
v -24.33551 19.33824 30.18136
v -25.14940 17.88642 29.52832
v -25.14940 17.88642 29.52832
v -24.33551 19.33824 30.18136
v -24.53922 17.88642 29.15795
v -24.53922 17.88642 29.15795
v -24.33551 19.33824 30.18136
v -23.83372 17.88642 29.26644
v -23.83372 17.88642 29.26644
v -24.33551 19.33824 30.18136
v -23.36302 17.88642 29.80303
v -23.36302 17.88642 29.80303
v -24.33551 19.33824 30.18136
v -23.34735 17.88642 30.51665
v -23.44730 18.26639 30.39293
v -24.33551 19.71821 30.18136
v -23.79110 18.26639 30.91436
v -23.79110 18.26639 30.91436
v -24.33551 19.71821 30.18136
v -24.38963 18.26639 31.09282
v -24.38963 18.26639 31.09282
v -24.33551 19.71821 30.18136
v -24.96284 18.26639 30.84479
v -24.96284 18.26639 30.84479
v -24.33551 19.71821 30.18136
v -25.24251 18.26639 30.28634
v -25.24251 18.26639 30.28634
v -24.33551 19.71821 30.18136
v -25.09779 18.26639 29.67877
v -25.09779 18.26639 29.67877
v -24.33551 19.71821 30.18136
v -24.59639 18.26639 29.30637
v -24.59639 18.26639 29.30637
v -24.33551 19.71821 30.18136
v -23.97292 18.26639 29.34339
v -23.97292 18.26639 29.34339
v -24.33551 19.71821 30.18136
v -23.51911 18.26639 29.77251
v -23.51911 18.26639 29.77251
v -24.33551 19.71821 30.18136
v -23.44730 18.26639 30.39293
v -23.55774 18.64636 30.26837
v -24.33551 20.09818 30.18136
v -23.79563 18.64636 30.74795
v -23.79563 18.64636 30.74795
v -24.33551 20.09818 30.18136
v -24.28613 18.64636 30.96243
v -24.28613 18.64636 30.96243
v -24.33551 20.09818 30.18136
v -24.79974 18.64636 30.81143
v -24.79974 18.64636 30.81143
v -24.33551 20.09818 30.18136
v -25.09613 18.64636 30.36562
v -25.09613 18.64636 30.36562
v -24.33551 20.09818 30.18136
v -25.03662 18.64636 29.83360
v -25.03662 18.64636 29.83360
v -24.33551 20.09818 30.18136
v -24.64905 18.64636 29.46429
v -24.64905 18.64636 29.46429
v -24.33551 20.09818 30.18136
v -24.11477 18.64636 29.43052
v -24.11477 18.64636 29.43052
v -24.33551 20.09818 30.18136
v -23.68378 18.64636 29.74807
v -23.68378 18.64636 29.74807
v -24.33551 20.09818 30.18136
v -23.55774 18.64636 30.26837
v -23.82256 19.02633 30.58414
v -24.33551 20.47815 30.18136
v -24.20147 19.02633 30.81963
v -24.20147 19.02633 30.81963
v -24.33551 20.47815 30.18136
v -24.64309 19.02633 30.75646
v -24.64309 19.02633 30.75646
v -24.33551 20.47815 30.18136
v -24.94080 19.02633 30.42421
v -24.94080 19.02633 30.42421
v -24.33551 20.47815 30.18136
v -24.95528 19.02633 29.97832
v -24.95528 19.02633 29.97832
v -24.33551 20.47815 30.18136
v -24.67977 19.02633 29.62744
v -24.67977 19.02633 29.62744
v -24.33551 20.47815 30.18136
v -24.24317 19.02633 29.53575
v -24.24317 19.02633 29.53575
v -24.33551 20.47815 30.18136
v -23.84978 19.02633 29.74615
v -23.84978 19.02633 29.74615
v -24.33551 20.47815 30.18136
v -23.68367 19.02633 30.16019
v -23.68367 19.02633 30.16019
v -24.33551 20.47815 30.18136
v -23.82256 19.02633 30.58414
v -23.98519 19.40630 30.56801
v -24.33551 20.85811 30.18136
v -24.31569 19.40630 30.70274
v -24.31569 19.40630 30.70274
v -24.33551 20.85811 30.18136
v -24.65545 19.40630 30.59350
v -24.65545 19.40630 30.59350
v -24.33551 20.85811 30.18136
v -24.84552 19.40630 30.29142
v -24.84552 19.40630 30.29142
v -24.33551 20.85811 30.18136
v -24.79694 19.40630 29.93785
v -24.79694 19.40630 29.93785
v -24.33551 20.85811 30.18136
v -24.53246 19.40630 29.69822
v -24.53246 19.40630 29.69822
v -24.33551 20.85811 30.18136
v -24.17582 19.40630 29.68466
v -24.17582 19.40630 29.68466
v -24.33551 20.85811 30.18136
v -23.89390 19.40630 29.90351
v -23.89390 19.40630 29.90351
v -24.33551 20.85811 30.18136
v -23.81862 19.40630 30.25238
v -23.81862 19.40630 30.25238
v -24.33551 20.85811 30.18136
v -23.98519 19.40630 30.56801
v -24.01034 19.78626 30.39905
v -24.33551 21.23808 30.18136
v -24.22634 19.78626 30.55714
v -24.22634 19.78626 30.55714
v -24.33551 21.23808 30.18136
v -24.49343 19.78626 30.53940
v -24.49343 19.78626 30.53940
v -24.33551 21.23808 30.18136
v -24.68662 19.78626 30.35413
v -24.68662 19.78626 30.35413
v -24.33551 21.23808 30.18136
v -24.71553 19.78626 30.08802
v -24.71553 19.78626 30.08802
v -24.33551 21.23808 30.18136
v -24.56662 19.78626 29.86559
v -24.56662 19.78626 29.86559
v -24.33551 21.23808 30.18136
v -24.30957 19.78626 29.79091
v -24.30957 19.78626 29.79091
v -24.33551 21.23808 30.18136
v -24.06466 19.78626 29.89894
v -24.06466 19.78626 29.89894
v -24.33551 21.23808 30.18136
v -23.94649 19.78626 30.13911
v -23.94649 19.78626 30.13911
v -24.33551 21.23808 30.18136
v -24.01034 19.78626 30.39905
v -24.11341 20.16623 30.31820
v -24.33551 21.61805 30.18136
v -24.25333 20.16623 30.42896
v -24.25333 20.16623 30.42896
v -24.33551 21.61805 30.18136
v -24.43170 20.16623 30.42386
v -24.43170 20.16623 30.42386
v -24.33551 21.61805 30.18136
v -24.56507 20.16623 30.30529
v -24.56507 20.16623 30.30529
v -24.33551 21.61805 30.18136
v -24.59102 20.16623 30.12874
v -24.59102 20.16623 30.12874
v -24.33551 21.61805 30.18136
v -24.49742 20.16623 29.97681
v -24.49742 20.16623 29.97681
v -24.33551 21.61805 30.18136
v -24.32806 20.16623 29.92060
v -24.32806 20.16623 29.92060
v -24.33551 21.61805 30.18136
v -24.16218 20.16623 29.98640
v -24.16218 20.16623 29.98640
v -24.33551 21.61805 30.18136
v -24.07741 20.16623 30.14342
v -24.07741 20.16623 30.14342
v -24.33551 21.61805 30.18136
v -24.11341 20.16623 30.31820
v -24.24658 20.54620 30.27678
v -24.33551 21.99802 30.18136
v -24.32872 20.54620 30.31162
v -24.32872 20.54620 30.31162
v -24.33551 21.99802 30.18136
v -24.41404 20.54620 30.28552
v -24.41404 20.54620 30.28552
v -24.33551 21.99802 30.18136
v -24.46261 20.54620 30.21067
v -24.46261 20.54620 30.21067
v -24.33551 21.99802 30.18136
v -24.45172 20.54620 30.12212
v -24.45172 20.54620 30.12212
v -24.33551 21.99802 30.18136
v -24.38645 20.54620 30.06128
v -24.38645 20.54620 30.06128
v -24.33551 21.99802 30.18136
v -24.29734 20.54620 30.05664
v -24.29734 20.54620 30.05664
v -24.33551 21.99802 30.18136
v -24.22610 20.54620 30.11035
v -24.22610 20.54620 30.11035
v -24.33551 21.99802 30.18136
v -24.20605 20.54620 30.19729
v -24.20605 20.54620 30.19729
v -24.33551 21.99802 30.18136
v -24.24658 20.54620 30.27678
v 31.75064 20.57283 23.10572
v 29.88930 23.34293 22.39894
v 30.86085 20.57283 24.13681
v 30.86085 20.57283 24.13681
v 29.88930 23.34293 22.39894
v 29.51647 20.57283 24.35473
v 29.51647 20.57283 24.35473
v 29.88930 23.34293 22.39894
v 28.34654 20.57283 23.65751
v 28.34654 20.57283 23.65751
v 29.88930 23.34293 22.39894
v 27.89848 20.57283 22.37140
v 27.89848 20.57283 22.37140
v 29.88930 23.34293 22.39894
v 28.38195 20.57283 21.09817
v 28.38195 20.57283 21.09817
v 29.88930 23.34293 22.39894
v 29.57072 20.57283 20.43358
v 29.57072 20.57283 20.43358
v 29.88930 23.34293 22.39894
v 30.90856 20.57283 20.68861
v 30.90856 20.57283 20.68861
v 29.88930 23.34293 22.39894
v 31.76948 20.57283 21.74392
v 31.76948 20.57283 21.74392
v 29.88930 23.34293 22.39894
v 31.75064 20.57283 23.10572
v 31.58978 21.29781 22.77760
v 29.88930 24.06791 22.39894
v 30.94855 21.29781 23.78206
v 30.94855 21.29781 23.78206
v 29.88930 24.06791 22.39894
v 29.81168 21.29781 24.13934
v 29.81168 21.29781 24.13934
v 29.88930 24.06791 22.39894
v 28.71113 21.29781 23.68227
v 28.71113 21.29781 23.68227
v 29.88930 24.06791 22.39894
v 28.16186 21.29781 22.62472
v 28.16186 21.29781 22.62472
v 29.88930 24.06791 22.39894
v 28.42088 21.29781 21.46152
v 28.42088 21.29781 21.46152
v 29.88930 24.06791 22.39894
v 29.36699 21.29781 20.73695
v 29.36699 21.29781 20.73695
v 29.88930 24.06791 22.39894
v 30.55749 21.29781 20.79004
v 30.55749 21.29781 20.79004
v 29.88930 24.06791 22.39894
v 31.43534 21.29781 21.59596
v 31.43534 21.29781 21.59596
v 29.88930 24.06791 22.39894
v 31.58978 21.29781 22.77760
v 31.15621 22.02280 23.18935
v 29.88930 24.79290 22.39894
v 30.35174 22.02280 23.81879
v 30.35174 22.02280 23.81879
v 29.88930 24.79290 22.39894
v 29.33089 22.02280 23.78386
v 29.33089 22.02280 23.78386
v 29.88930 24.79290 22.39894
v 28.57133 22.02280 23.10091
v 28.57133 22.02280 23.10091
v 29.88930 24.79290 22.39894
v 28.42845 22.02280 22.08951
v 28.42845 22.02280 22.08951
v 29.88930 24.79290 22.39894
v 28.96913 22.02280 21.22289
v 28.96913 22.02280 21.22289
v 29.88930 24.79290 22.39894
v 29.94036 22.02280 20.90656
v 29.94036 22.02280 20.90656
v 29.88930 24.79290 22.39894
v 30.88770 22.02280 21.28853
v 30.88770 22.02280 21.28853
v 29.88930 24.79290 22.39894
v 31.36788 22.02280 22.19007
v 31.36788 22.02280 22.19007
v 29.88930 24.79290 22.39894
v 31.15621 22.02280 23.18935
v 31.03519 22.74779 22.88413
v 29.88930 25.51789 22.39894
v 30.45523 22.74779 23.50719
v 30.45523 22.74779 23.50719
v 29.88930 25.51789 22.39894
v 29.61046 22.74779 23.61168
v 29.61046 22.74779 23.61168
v 29.88930 25.51789 22.39894
v 28.89616 22.74779 23.14872
v 28.89616 22.74779 23.14872
v 29.88930 25.51789 22.39894
v 28.64657 22.74779 22.33493
v 28.64657 22.74779 22.33493
v 29.88930 25.51789 22.39894
v 28.97846 22.74779 21.55109
v 28.97846 22.74779 21.55109
v 29.88930 25.51789 22.39894
v 29.73654 22.74779 21.16397
v 29.73654 22.74779 21.16397
v 29.88930 25.51789 22.39894
v 30.56610 22.74779 21.35471
v 30.56610 22.74779 21.35471
v 29.88930 25.51789 22.39894
v 31.07898 22.74779 22.03405
v 31.07898 22.74779 22.03405
v 29.88930 25.51789 22.39894
v 31.03519 22.74779 22.88413
v 30.53388 23.47277 23.15759
v 29.88930 26.24288 22.39894
v 29.89543 23.47277 23.39443
v 29.89543 23.47277 23.39443
v 29.88930 26.24288 22.39894
v 29.25411 23.47277 23.16546
v 29.25411 23.47277 23.16546
v 29.88930 26.24288 22.39894
v 28.91000 23.47277 22.57784
v 28.91000 23.47277 22.57784
v 29.88930 26.24288 22.39894
v 29.02412 23.47277 21.90650
v 29.02412 23.47277 21.90650
v 29.88930 26.24288 22.39894
v 29.54307 23.47277 21.46558
v 29.54307 23.47277 21.46558
v 29.88930 26.24288 22.39894
v 30.22402 23.47277 21.46139
v 30.22402 23.47277 21.46139
v 29.88930 26.24288 22.39894
v 30.74835 23.47277 21.89589
v 30.74835 23.47277 21.89589
v 29.88930 26.24288 22.39894
v 30.87073 23.47277 22.56577
v 30.87073 23.47277 22.56577
v 29.88930 26.24288 22.39894
v 30.53388 23.47277 23.15759
v 30.61621 24.19776 22.56940
v 29.88930 26.96786 22.39894
v 30.33657 24.19776 22.99677
v 30.33657 24.19776 22.99677
v 29.88930 26.96786 22.39894
v 29.84765 24.19776 23.14441
v 29.84765 24.19776 23.14441
v 29.88930 26.96786 22.39894
v 29.37822 24.19776 22.94323
v 29.37822 24.19776 22.94323
v 29.88930 26.96786 22.39894
v 29.14793 24.19776 22.48737
v 29.14793 24.19776 22.48737
v 29.88930 26.96786 22.39894
v 29.26453 24.19776 21.99014
v 29.26453 24.19776 21.99014
v 29.88930 26.96786 22.39894
v 29.67347 24.19776 21.68419
v 29.67347 24.19776 21.68419
v 29.88930 26.96786 22.39894
v 30.18340 24.19776 21.71267
v 30.18340 24.19776 21.71267
v 29.88930 26.96786 22.39894
v 30.55572 24.19776 22.06227
v 30.55572 24.19776 22.06227
v 29.88930 26.96786 22.39894
v 30.61621 24.19776 22.56940
v 30.33712 24.92275 22.61623
v 29.88930 27.69285 22.39894
v 30.09268 24.92275 22.85325
v 30.09268 24.92275 22.85325
v 29.88930 27.69285 22.39894
v 29.75308 24.92275 22.87769
v 29.75308 24.92275 22.87769
v 29.88930 27.69285 22.39894
v 29.47721 24.92275 22.67812
v 29.47721 24.92275 22.67812
v 29.88930 27.69285 22.39894
v 29.39417 24.92275 22.34792
v 29.39417 24.92275 22.34792
v 29.88930 27.69285 22.39894
v 29.54280 24.92275 22.04159
v 29.54280 24.92275 22.04159
v 29.88930 27.69285 22.39894
v 29.85357 24.92275 21.90247
v 29.85357 24.92275 21.90247
v 29.88930 27.69285 22.39894
v 30.18105 24.92275 21.99565
v 30.18105 24.92275 21.99565
v 29.88930 27.69285 22.39894
v 30.37202 24.92275 22.27754
v 30.37202 24.92275 22.27754
v 29.88930 27.69285 22.39894
v 30.33712 24.92275 22.61623
v 30.12124 25.64774 22.48917
v 29.88930 28.41784 22.39894
v 30.00898 25.64774 22.61715
v 30.00898 25.64774 22.61715
v 29.88930 28.41784 22.39894
v 29.84072 25.64774 22.64303
v 29.84072 25.64774 22.64303
v 29.88930 28.41784 22.39894
v 29.69519 25.64774 22.55470
v 29.69519 25.64774 22.55470
v 29.88930 28.41784 22.39894
v 29.64048 25.64774 22.39348
v 29.64048 25.64774 22.39348
v 29.88930 28.41784 22.39894
v 29.70220 25.64774 22.23482
v 29.70220 25.64774 22.23482
v 29.88930 28.41784 22.39894
v 29.85147 25.64774 22.15296
v 29.85147 25.64774 22.15296
v 29.88930 28.41784 22.39894
v 30.01843 25.64774 22.18619
v 30.01843 25.64774 22.18619
v 29.88930 28.41784 22.39894
v 30.12498 25.64774 22.31897
v 30.12498 25.64774 22.31897
v 29.88930 28.41784 22.39894
v 30.12124 25.64774 22.48917
v 28.67853 24.07068 29.25652
v 27.79116 25.89900 28.28727
v 27.84790 24.07068 29.60015
v 27.84790 24.07068 29.60015
v 27.79116 25.89900 28.28727
v 26.99072 24.07068 29.32947
v 26.99072 24.07068 29.32947
v 27.79116 25.89900 28.28727
v 26.50808 24.07068 28.57113
v 26.50808 24.07068 28.57113
v 27.79116 25.89900 28.28727
v 26.62580 24.07068 27.67997
v 26.62580 24.07068 27.67997
v 27.79116 25.89900 28.28727
v 27.28881 24.07068 27.07297
v 27.28881 24.07068 27.07297
v 27.79116 25.89900 28.28727
v 28.18687 24.07068 27.03416
v 28.18687 24.07068 27.03416
v 27.79116 25.89900 28.28727
v 28.89977 24.07068 27.58169
v 28.89977 24.07068 27.58169
v 27.79116 25.89900 28.28727
v 29.09394 24.07068 28.45937
v 29.09394 24.07068 28.45937
v 27.79116 25.89900 28.28727
v 28.67853 24.07068 29.25652
v 28.90084 24.54918 28.58850
v 27.79116 26.37750 28.28727
v 28.44760 24.54918 29.23132
v 28.44760 24.54918 29.23132
v 27.79116 26.37750 28.28727
v 27.68720 24.54918 29.43240
v 27.68720 24.54918 29.43240
v 27.79116 26.37750 28.28727
v 26.97544 24.54918 29.09767
v 26.97544 24.54918 29.09767
v 27.79116 26.37750 28.28727
v 26.64537 24.54918 28.38374
v 26.64537 24.54918 28.38374
v 27.79116 26.37750 28.28727
v 26.85143 24.54918 27.62467
v 26.85143 24.54918 27.62467
v 27.79116 26.37750 28.28727
v 27.49719 24.54918 27.17564
v 27.49719 24.54918 27.17564
v 27.79116 26.37750 28.28727
v 28.28051 24.54918 27.24676
v 28.28051 24.54918 27.24676
v 27.79116 26.37750 28.28727
v 28.83485 24.54918 27.80474
v 28.83485 24.54918 27.80474
v 27.79116 26.37750 28.28727
v 28.90084 24.54918 28.58850
v 28.34733 25.02769 29.10093
v 27.79116 26.85601 28.28727
v 27.69421 25.02769 29.26807
v 27.69421 25.02769 29.26807
v 27.79116 26.85601 28.28727
v 27.08644 25.02769 28.97629
v 27.08644 25.02769 28.97629
v 27.79116 26.85601 28.28727
v 26.80842 25.02769 28.36211
v 26.80842 25.02769 28.36211
v 27.79116 26.85601 28.28727
v 26.99024 25.02769 27.71291
v 26.99024 25.02769 27.71291
v 27.79116 26.85601 28.28727
v 27.54681 25.02769 27.33246
v 27.54681 25.02769 27.33246
v 27.79116 26.85601 28.28727
v 28.21771 25.02769 27.39878
v 28.21771 25.02769 27.39878
v 27.79116 26.85601 28.28727
v 28.68903 25.02769 27.88083
v 28.68903 25.02769 27.88083
v 27.79116 26.85601 28.28727
v 28.74022 25.02769 28.55306
v 28.74022 25.02769 28.55306
v 27.79116 26.85601 28.28727
v 28.34733 25.02769 29.10093
v 28.59396 25.50619 28.46069
v 27.79116 27.33451 28.28727
v 28.29466 25.50619 28.93615
v 28.29466 25.50619 28.93615
v 27.79116 27.33451 28.28727
v 27.75978 25.50619 29.10799
v 27.75978 25.50619 29.10799
v 27.79116 27.33451 28.28727
v 27.23957 25.50619 28.89580
v 27.23957 25.50619 28.89580
v 27.79116 27.33451 28.28727
v 26.97746 25.50619 28.39888
v 26.97746 25.50619 28.39888
v 27.79116 27.33451 28.28727
v 27.09609 25.50619 27.84974
v 27.09609 25.50619 27.84974
v 27.79116 27.33451 28.28727
v 27.53995 25.50619 27.50532
v 27.53995 25.50619 27.50532
v 27.79116 27.33451 28.28727
v 28.10135 25.50619 27.52678
v 28.10135 25.50619 27.52678
v 27.79116 27.33451 28.28727
v 28.51761 25.50619 27.90409
v 28.51761 25.50619 27.90409
v 27.79116 27.33451 28.28727
v 28.59396 25.50619 28.46069
v 28.43656 25.98470 28.41046
v 27.79116 27.81302 28.28727
v 28.20638 25.98470 28.79649
v 28.20638 25.98470 28.79649
v 27.79116 27.81302 28.28727
v 27.78192 25.98470 28.94426
v 27.78192 25.98470 28.94426
v 27.79116 27.81302 28.28727
v 27.36178 25.98470 28.78461
v 27.36178 25.98470 28.78461
v 27.79116 27.81302 28.28727
v 27.14255 25.98470 28.39225
v 27.14255 25.98470 28.39225
v 27.79116 27.81302 28.28727
v 27.22681 25.98470 27.95077
v 27.22681 25.98470 27.95077
v 27.79116 27.81302 28.28727
v 27.57514 25.98470 27.66674
v 27.57514 25.98470 27.66674
v 27.79116 27.81302 28.28727
v 28.02455 25.98470 27.67307
v 28.02455 25.98470 27.67307
v 27.79116 27.81302 28.28727
v 28.36475 25.98470 27.96678
v 28.36475 25.98470 27.96678
v 27.79116 27.81302 28.28727
v 28.43656 25.98470 28.41046
v 28.22117 26.46321 28.52796
v 27.79116 28.29153 28.28727
v 27.96585 26.46321 28.74806
v 27.96585 26.46321 28.74806
v 27.79116 28.29153 28.28727
v 27.62879 26.46321 28.75254
v 27.62879 26.46321 28.75254
v 27.79116 28.29153 28.28727
v 27.36771 26.46321 28.53932
v 27.36771 26.46321 28.53932
v 27.79116 28.29153 28.28727
v 27.30476 26.46321 28.20817
v 27.30476 26.46321 28.20817
v 27.79116 28.29153 28.28727
v 27.46940 26.46321 27.91402
v 27.46940 26.46321 27.91402
v 27.79116 28.29153 28.28727
v 27.78460 26.46321 27.79453
v 27.78460 26.46321 27.79453
v 27.79116 28.29153 28.28727
v 28.10286 26.46321 27.90559
v 28.10286 26.46321 27.90559
v 27.79116 28.29153 28.28727
v 28.27528 26.46321 28.19525
v 28.27528 26.46321 28.19525
v 27.79116 28.29153 28.28727
v 28.22117 26.46321 28.52796
v 28.03229 26.94171 28.51040
v 27.79116 28.77003 28.28727
v 27.83246 26.94171 28.61319
v 27.83246 26.94171 28.61319
v 27.79116 28.77003 28.28727
v 27.61330 26.94171 28.56349
v 27.61330 26.94171 28.56349
v 27.79116 28.77003 28.28727
v 27.47736 26.94171 28.38454
v 27.47736 26.94171 28.38454
v 27.79116 28.77003 28.28727
v 27.48825 26.94171 28.16008
v 27.48825 26.94171 28.16008
v 27.79116 28.77003 28.28727
v 27.64088 26.94171 27.99513
v 27.64088 26.94171 27.99513
v 27.79116 28.77003 28.28727
v 27.86382 26.94171 27.96688
v 27.86382 26.94171 27.96688
v 27.79116 28.77003 28.28727
v 28.05276 26.94171 28.08855
v 28.05276 26.94171 28.08855
v 27.79116 28.77003 28.28727
v 28.11930 26.94171 28.30320
v 28.11930 26.94171 28.30320
v 27.79116 28.77003 28.28727
v 28.03229 26.94171 28.51040
v 27.95373 27.42022 28.31077
v 27.79116 29.24854 28.28727
v 27.90059 27.42022 28.40977
v 27.90059 27.42022 28.40977
v 27.79116 29.24854 28.28727
v 27.79625 27.42022 28.45146
v 27.79625 27.42022 28.45146
v 27.79116 29.24854 28.28727
v 27.68952 27.42022 28.41631
v 27.68952 27.42022 28.41631
v 27.79116 29.24854 28.28727
v 27.63035 27.42022 28.32079
v 27.63035 27.42022 28.32079
v 27.79116 29.24854 28.28727
v 27.64643 27.42022 28.20959
v 27.64643 27.42022 28.20959
v 27.79116 29.24854 28.28727
v 27.73022 27.42022 28.13473
v 27.73022 27.42022 28.13473
v 27.79116 29.24854 28.28727
v 27.84253 27.42022 28.13125
v 27.84253 27.42022 28.13125
v 27.79116 29.24854 28.28727
v 27.93080 27.42022 28.20077
v 27.93080 27.42022 28.20077
v 27.79116 29.24854 28.28727
v 27.95373 27.42022 28.31077
v -30.30455 17.05312 18.86539
v -31.64940 19.78493 17.43477
v -31.53877 17.05312 19.39514
v -31.53877 17.05312 19.39514
v -31.64940 19.78493 17.43477
v -32.82475 17.05312 19.00761
v -32.82475 17.05312 19.00761
v -31.64940 19.78493 17.43477
v -33.56077 17.05312 17.88413
v -33.56077 17.05312 17.88413
v -31.64940 19.78493 17.43477
v -33.40244 17.05312 16.55039
v -33.40244 17.05312 16.55039
v -31.64940 19.78493 17.43477
v -32.42384 17.05312 15.63046
v -32.42384 17.05312 15.63046
v -31.64940 19.78493 17.43477
v -31.08286 17.05312 15.55479
v -31.08286 17.05312 15.55479
v -31.64940 19.78493 17.43477
v -30.00698 17.05312 16.35878
v -30.00698 17.05312 16.35878
v -31.64940 19.78493 17.43477
v -29.69960 17.05312 17.66624
v -29.69960 17.05312 17.66624
v -31.64940 19.78493 17.43477
v -30.30455 17.05312 18.86539
v -30.23123 17.76809 18.40456
v -31.64940 20.49990 17.43477
v -31.18638 17.76809 19.08926
v -31.18638 17.76809 19.08926
v -31.64940 20.49990 17.43477
v -32.35819 17.76809 18.99980
v -32.35819 17.76809 18.99980
v -31.64940 20.49990 17.43477
v -33.19835 17.76809 18.17805
v -33.19835 17.76809 18.17805
v -31.64940 20.49990 17.43477
v -33.31373 17.76809 17.00851
v -33.31373 17.76809 17.00851
v -31.64940 20.49990 17.43477
v -32.65036 17.76809 16.03843
v -32.65036 17.76809 16.03843
v -31.64940 20.49990 17.43477
v -31.51862 17.76809 15.72171
v -31.51862 17.76809 15.72171
v -31.64940 20.49990 17.43477
v -30.44808 17.76809 16.20655
v -30.44808 17.76809 16.20655
v -31.64940 20.49990 17.43477
v -29.93965 17.76809 17.26609
v -29.93965 17.76809 17.26609
v -31.64940 20.49990 17.43477
v -30.23123 17.76809 18.40456
v -30.58043 18.48306 18.44764
v -31.64940 21.21487 17.43477
v -31.48158 18.48306 18.89780
v -31.48158 18.48306 18.89780
v -31.64940 21.21487 17.43477
v -32.46126 18.48306 18.66338
v -32.46126 18.48306 18.66338
v -31.64940 21.21487 17.43477
v -33.06105 18.48306 17.85409
v -33.06105 18.48306 17.85409
v -31.64940 21.21487 17.43477
v -33.00032 18.48306 16.84859
v -33.00032 18.48306 16.84859
v -31.64940 21.21487 17.43477
v -32.30748 18.48306 16.11738
v -32.30748 18.48306 16.11738
v -31.64940 21.21487 17.43477
v -31.30671 18.48306 16.00258
v -31.30671 18.48306 16.00258
v -31.64940 21.21487 17.43477
v -30.46629 18.48306 16.55793
v -30.46629 18.48306 16.55793
v -31.64940 21.21487 17.43477
v -30.17946 18.48306 17.52356
v -30.17946 18.48306 17.52356
v -31.64940 21.21487 17.43477
v -30.58043 18.48306 18.44764
v -30.43622 19.19802 17.61962
v -31.64940 21.92983 17.43477
v -30.83887 19.19802 18.35619
v -30.83887 19.19802 18.35619
v -31.64940 21.92983 17.43477
v -31.62077 19.19802 18.66162
v -31.62077 19.19802 18.66162
v -31.64940 21.92983 17.43477
v -32.41607 19.19802 18.39299
v -32.41607 19.19802 18.39299
v -31.64940 21.92983 17.43477
v -32.85263 19.19802 17.67601
v -32.85263 19.19802 17.67601
v -31.64940 21.92983 17.43477
v -32.72619 19.19802 16.84614
v -32.72619 19.19802 16.84614
v -31.64940 21.92983 17.43477
v -32.09590 19.19802 16.29171
v -32.09590 19.19802 16.29171
v -31.64940 21.92983 17.43477
v -31.25669 19.19802 16.27212
v -31.25669 19.19802 16.27212
v -31.64940 21.92983 17.43477
v -30.60123 19.19802 16.79656
v -30.60123 19.19802 16.79656
v -31.64940 21.92983 17.43477
v -30.43622 19.19802 17.61962
v -30.67571 19.91299 17.56029
v -31.64940 22.64480 17.43477
v -30.98419 19.91299 18.15680
v -30.98419 19.91299 18.15680
v -31.64940 22.64480 17.43477
v -31.60393 19.91299 18.41546
v -31.60393 19.91299 18.41546
v -31.64940 22.64480 17.43477
v -32.24494 19.91299 18.21525
v -32.24494 19.91299 18.21525
v -31.64940 22.64480 17.43477
v -32.60729 19.91299 17.64985
v -32.60729 19.91299 17.64985
v -31.64940 22.64480 17.43477
v -32.52143 19.91299 16.98380
v -32.52143 19.91299 16.98380
v -31.64940 22.64480 17.43477
v -32.02754 19.91299 16.52878
v -32.02754 19.91299 16.52878
v -31.64940 22.64480 17.43477
v -31.35671 19.91299 16.49767
v -31.35671 19.91299 16.49767
v -31.64940 22.64480 17.43477
v -30.82283 19.91299 16.90505
v -30.82283 19.91299 16.90505
v -31.64940 22.64480 17.43477
v -30.67571 19.91299 17.56029
v -31.05242 20.62795 17.86577
v -31.64940 23.35976 17.43477
v -31.46912 20.62795 18.14867
v -31.46912 20.62795 18.14867
v -31.64940 23.35976 17.43477
v -31.97019 20.62795 18.09753
v -31.97019 20.62795 18.09753
v -31.64940 23.35976 17.43477
v -32.32115 20.62795 17.73627
v -32.32115 20.62795 17.73627
v -31.64940 23.35976 17.43477
v -32.35779 20.62795 17.23394
v -32.35779 20.62795 17.23394
v -31.64940 23.35976 17.43477
v -32.06297 20.62795 16.82558
v -32.06297 20.62795 16.82558
v -31.64940 23.35976 17.43477
v -31.57463 20.62795 16.70227
v -31.57463 20.62795 16.70227
v -31.64940 23.35976 17.43477
v -31.12128 20.62795 16.92170
v -31.12128 20.62795 16.92170
v -31.64940 23.35976 17.43477
v -30.91504 20.62795 17.38121
v -30.91504 20.62795 17.38121
v -31.64940 23.35976 17.43477
v -31.05242 20.62795 17.86577
v -31.18660 21.34292 17.59841
v -31.64940 24.07473 17.43477
v -31.40006 21.34292 17.85760
v -31.40006 21.34292 17.85760
v -31.64940 24.07473 17.43477
v -31.73018 21.34292 17.91895
v -31.73018 21.34292 17.91895
v -31.64940 24.07473 17.43477
v -32.02251 21.34292 17.75375
v -32.02251 21.34292 17.75375
v -31.64940 24.07473 17.43477
v -32.14025 21.34292 17.43929
v -32.14025 21.34292 17.43929
v -31.64940 24.07473 17.43477
v -32.02831 21.34292 17.12272
v -32.02831 21.34292 17.12272
v -31.64940 24.07473 17.43477
v -31.73908 21.34292 16.95216
v -31.73908 21.34292 16.95216
v -31.64940 24.07473 17.43477
v -31.40788 21.34292 17.00742
v -31.40788 21.34292 17.00742
v -31.64940 24.07473 17.43477
v -31.18969 21.34292 17.26265
v -31.18969 21.34292 17.26265
v -31.64940 24.07473 17.43477
v -31.18660 21.34292 17.59841
v -31.43507 22.05789 17.55437
v -31.64940 24.78970 17.43477
v -31.56209 22.05789 17.66415
v -31.56209 22.05789 17.66415
v -31.64940 24.78970 17.43477
v -31.72996 22.05789 17.66661
v -31.72996 22.05789 17.66661
v -31.64940 24.78970 17.43477
v -31.86013 22.05789 17.56059
v -31.86013 22.05789 17.56059
v -31.64940 24.78970 17.43477
v -31.89170 22.05789 17.39570
v -31.89170 22.05789 17.39570
v -31.64940 24.78970 17.43477
v -31.80990 22.05789 17.24909
v -31.80990 22.05789 17.24909
v -31.64940 24.78970 17.43477
v -31.65299 22.05789 17.18936
v -31.65299 22.05789 17.18936
v -31.64940 24.78970 17.43477
v -31.49440 22.05789 17.24447
v -31.49440 22.05789 17.24447
v -31.64940 24.78970 17.43477
v -31.40834 22.05789 17.38862
v -31.40834 22.05789 17.38862
v -31.64940 24.78970 17.43477
v -31.43507 22.05789 17.55437
v 13.91652 15.87989 20.39936
v 12.59576 18.12205 19.47594
v 13.01396 15.87989 21.03229
v 13.01396 15.87989 21.03229
v 12.59576 18.12205 19.47594
v 11.91572 15.87989 20.93699
v 11.91572 15.87989 20.93699
v 12.59576 18.12205 19.47594
v 11.13567 15.87989 20.15804
v 11.13567 15.87989 20.15804
v 12.59576 18.12205 19.47594
v 11.03882 15.87989 19.05994
v 11.03882 15.87989 19.05994
v 12.59576 18.12205 19.47594
v 11.67048 15.87989 18.15648
v 11.67048 15.87989 18.15648
v 12.59576 18.12205 19.47594
v 12.73508 15.87989 17.87042
v 12.73508 15.87989 17.87042
v 12.59576 18.12205 19.47594
v 13.73449 15.87989 18.33559
v 13.73449 15.87989 18.33559
v 12.59576 18.12205 19.47594
v 14.20108 15.87989 19.33435
v 14.20108 15.87989 19.33435
v 12.59576 18.12205 19.47594
v 13.91652 15.87989 20.39936
v 13.80367 16.46671 20.20352
v 12.59576 18.70887 19.47594
v 13.05339 16.46671 20.80973
v 13.05339 16.46671 20.80973
v 12.59576 18.70887 19.47594
v 12.08899 16.46671 20.79184
v 12.08899 16.46671 20.79184
v 12.59576 18.70887 19.47594
v 11.36170 16.46671 20.15823
v 11.36170 16.46671 20.15823
v 12.59576 18.70887 19.47594
v 11.21185 16.46671 19.20537
v 11.21185 16.46671 19.20537
v 12.59576 18.70887 19.47594
v 11.70954 16.46671 18.37911
v 11.70954 16.46671 18.37911
v 12.59576 18.70887 19.47594
v 12.62190 16.46671 18.06607
v 12.62190 16.46671 18.06607
v 12.59576 18.70887 19.47594
v 13.52203 16.46671 18.41272
v 13.52203 16.46671 18.41272
v 12.59576 18.70887 19.47594
v 13.98875 16.46671 19.25687
v 13.98875 16.46671 19.25687
v 12.59576 18.70887 19.47594
v 13.80367 16.46671 20.20352
v 13.32501 17.05352 20.43982
v 12.59576 19.29569 19.47594
v 12.53482 17.05352 20.68307
v 12.53482 17.05352 20.68307
v 12.59576 19.29569 19.47594
v 11.77315 17.05352 20.36149
v 11.77315 17.05352 20.36149
v 12.59576 19.29569 19.47594
v 11.39639 17.05352 19.62555
v 11.39639 17.05352 19.62555
v 12.59576 19.29569 19.47594
v 11.58082 17.05352 18.81960
v 11.58082 17.05352 18.81960
v 12.59576 19.29569 19.47594
v 12.24016 17.05352 18.32077
v 12.24016 17.05352 18.32077
v 12.59576 19.29569 19.47594
v 13.06588 17.05352 18.36245
v 13.06588 17.05352 18.36245
v 12.59576 19.29569 19.47594
v 13.67163 17.05352 18.92515
v 13.67163 17.05352 18.92515
v 12.59576 19.29569 19.47594
v 13.77397 17.05352 19.74557
v 13.77397 17.05352 19.74557
v 12.59576 19.29569 19.47594
v 13.32501 17.05352 20.43982
v 13.49166 17.64034 19.93622
v 12.59576 19.88250 19.47594
v 12.98620 17.64034 20.40441
v 12.98620 17.64034 20.40441
v 12.59576 19.88250 19.47594
v 12.29805 17.64034 20.43816
v 12.29805 17.64034 20.43816
v 12.59576 19.88250 19.47594
v 11.74919 17.64034 20.02168
v 11.74919 17.64034 20.02168
v 12.59576 19.88250 19.47594
v 11.59646 17.64034 19.34984
v 11.59646 17.64034 19.34984
v 12.59576 19.88250 19.47594
v 11.91131 17.64034 18.73701
v 11.91131 17.64034 18.73701
v 12.59576 19.88250 19.47594
v 12.54642 17.64034 18.46993
v 12.54642 17.64034 18.46993
v 12.59576 19.88250 19.47594
v 13.20461 17.64034 18.67357
v 13.20461 17.64034 18.67357
v 12.59576 19.88250 19.47594
v 13.57792 17.64034 19.25266
v 13.57792 17.64034 19.25266
v 12.59576 19.88250 19.47594
v 13.49166 17.64034 19.93622
v 13.17222 18.22716 20.03894
v 12.59576 20.46932 19.47594
v 12.67546 18.22716 20.27777
v 12.67546 18.22716 20.27777
v 12.59576 20.46932 19.47594
v 12.14141 18.22716 20.14141
v 12.14141 18.22716 20.14141
v 12.59576 20.46932 19.47594
v 11.81995 18.22716 19.69367
v 11.81995 18.22716 19.69367
v 12.59576 20.46932 19.47594
v 11.86150 18.22716 19.14405
v 11.86150 18.22716 19.14405
v 12.59576 20.46932 19.47594
v 12.24662 18.22716 18.74973
v 12.24662 18.22716 18.74973
v 12.59576 20.46932 19.47594
v 12.79510 18.22716 18.69521
v 12.79510 18.22716 18.69521
v 12.59576 20.46932 19.47594
v 13.25031 18.22716 19.00600
v 13.25031 18.22716 19.00600
v 12.59576 20.46932 19.47594
v 13.39924 18.22716 19.53668
v 13.39924 18.22716 19.53668
v 12.59576 20.46932 19.47594
v 13.17222 18.22716 20.03894
v 13.17944 18.81397 19.63256
v 12.59576 21.05614 19.47594
v 12.94221 18.81397 19.97110
v 12.94221 18.81397 19.97110
v 12.59576 21.05614 19.47594
v 12.54287 18.81397 20.07796
v 12.54287 18.81397 20.07796
v 12.59576 21.05614 19.47594
v 12.16828 18.81397 19.90312
v 12.16828 18.81397 19.90312
v 12.59576 21.05614 19.47594
v 11.99371 18.81397 19.52840
v 11.99371 18.81397 19.52840
v 12.59576 21.05614 19.47594
v 12.10084 18.81397 19.12913
v 12.10084 18.81397 19.12913
v 12.59576 21.05614 19.47594
v 12.43955 18.81397 18.89214
v 12.43955 18.81397 18.89214
v 12.59576 21.05614 19.47594
v 12.85135 18.81397 18.92832
v 12.85135 18.81397 18.92832
v 12.59576 21.05614 19.47594
v 13.14356 18.81397 19.22073
v 13.14356 18.81397 19.22073
v 12.59576 21.05614 19.47594
v 13.17944 18.81397 19.63256
v 12.92577 19.40079 19.70705
v 12.59576 21.64295 19.47594
v 12.70001 19.40079 19.86511
v 12.70001 19.40079 19.86511
v 12.59576 21.64295 19.47594
v 12.42547 19.40079 19.84107
v 12.42547 19.40079 19.84107
v 12.59576 21.64295 19.47594
v 12.23061 19.40079 19.64619
v 12.23061 19.40079 19.64619
v 12.59576 21.64295 19.47594
v 12.20660 19.40079 19.37164
v 12.20660 19.40079 19.37164
v 12.59576 21.64295 19.47594
v 12.36469 19.40079 19.14590
v 12.36469 19.40079 19.14590
v 12.59576 21.64295 19.47594
v 12.63090 19.40079 19.07459
v 12.63090 19.40079 19.07459
v 12.59576 21.64295 19.47594
v 12.88066 19.40079 19.19107
v 12.88066 19.40079 19.19107
v 12.59576 21.64295 19.47594
v 12.99712 19.40079 19.44085
v 12.99712 19.40079 19.44085
v 12.59576 21.64295 19.47594
v 12.92577 19.40079 19.70705
v 12.76763 19.98760 19.58101
v 12.59576 22.22977 19.47594
v 12.65988 19.98760 19.66691
v 12.65988 19.98760 19.66691
v 12.59576 22.22977 19.47594
v 12.52213 19.98760 19.66345
v 12.52213 19.98760 19.66345
v 12.59576 22.22977 19.47594
v 12.41883 19.98760 19.57225
v 12.41883 19.98760 19.57225
v 12.59576 22.22977 19.47594
v 12.39831 19.98760 19.43599
v 12.39831 19.98760 19.43599
v 12.59576 22.22977 19.47594
v 12.47018 19.98760 19.31843
v 12.47018 19.98760 19.31843
v 12.59576 22.22977 19.47594
v 12.60081 19.98760 19.27456
v 12.60081 19.98760 19.27456
v 12.59576 22.22977 19.47594
v 12.72907 19.98760 19.32492
v 12.72907 19.98760 19.32492
v 12.59576 22.22977 19.47594
v 12.79496 19.98760 19.44595
v 12.79496 19.98760 19.44595
v 12.59576 22.22977 19.47594
v 12.76763 19.98760 19.58101
v -13.08559 2.84655 -1.53007
v -14.88219 5.54716 -2.26489
v -13.97824 2.84655 -0.54716
v -13.97824 2.84655 -0.54716
v -14.88219 5.54716 -2.26489
v -15.29386 2.84655 -0.36798
v -15.29386 2.84655 -0.36798
v -14.88219 5.54716 -2.26489
v -16.41686 2.84655 -1.07640
v -16.41686 2.84655 -1.07640
v -14.88219 5.54716 -2.26489
v -16.82176 2.84655 -2.34092
v -16.82176 2.84655 -2.34092
v -14.88219 5.54716 -2.26489
v -16.31912 2.84655 -3.56987
v -16.31912 2.84655 -3.56987
v -14.88219 5.54716 -2.26489
v -15.14412 2.84655 -4.18820
v -15.14412 2.84655 -4.18820
v -14.88219 5.54716 -2.26489
v -13.84656 2.84655 -3.90660
v -13.84656 2.84655 -3.90660
v -14.88219 5.54716 -2.26489
v -13.03358 2.84655 -2.85682
v -13.03358 2.84655 -2.85682
v -14.88219 5.54716 -2.26489
v -13.08559 2.84655 -1.53007
v -13.51511 3.55335 -1.25704
v -14.88219 6.25396 -2.26489
v -14.48278 3.55335 -0.61409
v -14.48278 3.55335 -0.61409
v -14.88219 6.25396 -2.26489
v -15.63734 3.55335 -0.74357
v -15.63734 3.55335 -0.74357
v -14.88219 6.25396 -2.26489
v -16.43855 3.55335 -1.58489
v -16.43855 3.55335 -1.58489
v -14.88219 6.25396 -2.26489
v -16.51153 3.55335 -2.74439
v -16.51153 3.55335 -2.74439
v -14.88219 6.25396 -2.26489
v -15.82212 3.55335 -3.67953
v -15.82212 3.55335 -3.67953
v -14.88219 6.25396 -2.26489
v -14.69290 3.55335 -3.95274
v -14.69290 3.55335 -3.95274
v -14.88219 6.25396 -2.26489
v -13.65226 3.55335 -3.43619
v -13.65226 3.55335 -3.43619
v -14.88219 6.25396 -2.26489
v -13.18711 3.55335 -2.37157
v -13.18711 3.55335 -2.37157
v -14.88219 6.25396 -2.26489
v -13.51511 3.55335 -1.25704
v -13.64625 4.26015 -1.49561
v -14.88219 6.96076 -2.26489
v -14.42989 4.26015 -0.88114
v -14.42989 4.26015 -0.88114
v -14.88219 6.96076 -2.26489
v -15.42516 4.26015 -0.91414
v -15.42516 4.26015 -0.91414
v -14.88219 6.96076 -2.26489
v -16.16638 4.26015 -1.57917
v -16.16638 4.26015 -1.57917
v -14.88219 6.96076 -2.26489
v -16.30670 4.26015 -2.56506
v -16.30670 4.26015 -2.56506
v -14.88219 6.96076 -2.26489
v -15.78048 4.26015 -3.41050
v -15.78048 4.26015 -3.41050
v -14.88219 6.96076 -2.26489
v -14.83394 4.26015 -3.71989
v -14.83394 4.26015 -3.71989
v -14.88219 6.96076 -2.26489
v -13.90997 4.26015 -3.34847
v -13.90997 4.26015 -3.34847
v -14.88219 6.96076 -2.26489
v -13.44092 4.26015 -2.47003
v -13.44092 4.26015 -2.47003
v -14.88219 6.96076 -2.26489
v -13.64625 4.26015 -1.49561
v -14.15281 4.96695 -1.29547
v -14.88219 7.66756 -2.26489
v -14.94658 4.96695 -1.05344
v -14.94658 4.96695 -1.05344
v -14.88219 7.66756 -2.26489
v -15.71023 4.96695 -1.37826
v -15.71023 4.96695 -1.37826
v -14.88219 7.66756 -2.26489
v -16.08642 4.96695 -2.11794
v -16.08642 4.96695 -2.11794
v -14.88219 7.66756 -2.26489
v -15.89914 4.96695 -2.92639
v -15.89914 4.96695 -2.92639
v -14.88219 7.66756 -2.26489
v -15.23602 4.96695 -3.42531
v -15.23602 4.96695 -3.42531
v -14.88219 7.66756 -2.26489
v -14.40733 4.96695 -3.38126
v -14.40733 4.96695 -3.38126
v -14.88219 7.66756 -2.26489
v -13.80084 4.96695 -2.81485
v -13.80084 4.96695 -2.81485
v -14.88219 7.66756 -2.26489
v -13.70032 4.96695 -1.99110
v -13.70032 4.96695 -1.99110
v -14.88219 7.66756 -2.26489
v -14.15281 4.96695 -1.29547
v -13.98691 5.67375 -1.89016
v -14.88219 8.37436 -2.26489
v -14.43724 5.67375 -1.40236
v -14.43724 5.67375 -1.40236
v -14.88219 8.37436 -2.26489
v -15.09576 5.67375 -1.31815
v -15.09576 5.67375 -1.31815
v -14.88219 8.37436 -2.26489
v -15.65435 5.67375 -1.67692
v -15.65435 5.67375 -1.67692
v -14.88219 8.37436 -2.26489
v -15.85163 5.67375 -2.31082
v -15.85163 5.67375 -2.31082
v -14.88219 8.37436 -2.26489
v -15.59531 5.67375 -2.92322
v -15.59531 5.67375 -2.92322
v -14.88219 8.37436 -2.26489
v -15.00530 5.67375 -3.22758
v -15.00530 5.67375 -3.22758
v -14.88219 8.37436 -2.26489
v -14.35769 5.67375 -3.08149
v -14.35769 5.67375 -3.08149
v -14.88219 8.37436 -2.26489
v -13.95550 5.67375 -2.55330
v -13.95550 5.67375 -2.55330
v -14.88219 8.37436 -2.26489
v -13.98691 5.67375 -1.89016
v -14.35183 6.38055 -1.76633
v -14.88219 9.08116 -2.26489
v -14.79638 6.38055 -1.54207
v -14.79638 6.38055 -1.54207
v -14.88219 9.08116 -2.26489
v -15.28108 6.38055 -1.65602
v -15.28108 6.38055 -1.65602
v -14.88219 9.08116 -2.26489
v -15.57913 6.38055 -2.05487
v -15.57913 6.38055 -2.05487
v -14.88219 9.08116 -2.26489
v -15.55107 6.38055 -2.55199
v -15.55107 6.38055 -2.55199
v -14.88219 9.08116 -2.26489
v -15.21004 6.38055 -2.91477
v -15.21004 6.38055 -2.91477
v -14.88219 9.08116 -2.26489
v -14.71560 6.38055 -2.97347
v -14.71560 6.38055 -2.97347
v -14.88219 9.08116 -2.26489
v -14.29911 6.38055 -2.70061
v -14.29911 6.38055 -2.70061
v -14.88219 9.08116 -2.26489
v -14.15544 6.38055 -2.22388
v -14.15544 6.38055 -2.22388
v -14.88219 9.08116 -2.26489
v -14.35183 6.38055 -1.76633
v -14.52628 7.08735 -1.93502
v -14.88219 9.78796 -2.26489
v -14.82158 7.08735 -1.78342
v -14.82158 7.08735 -1.78342
v -14.88219 9.78796 -2.26489
v -15.14524 7.08735 -1.85711
v -15.14524 7.08735 -1.85711
v -14.88219 9.78796 -2.26489
v -15.34582 7.08735 -2.12160
v -15.34582 7.08735 -2.12160
v -14.88219 9.78796 -2.26489
v -15.32945 7.08735 -2.45314
v -15.32945 7.08735 -2.45314
v -14.88219 9.78796 -2.26489
v -15.10381 7.08735 -2.69659
v -15.10381 7.08735 -2.69659
v -14.88219 9.78796 -2.26489
v -14.77447 7.08735 -2.73805
v -14.77447 7.08735 -2.73805
v -14.88219 9.78796 -2.26489
v -14.49553 7.08735 -2.55811
v -14.49553 7.08735 -2.55811
v -14.88219 9.78796 -2.26489
v -14.39751 7.08735 -2.24097
v -14.39751 7.08735 -2.24097
v -14.88219 9.78796 -2.26489
v -14.52628 7.08735 -1.93502
v -14.69696 7.79415 -2.10817
v -14.88219 10.49476 -2.26489
v -14.84103 7.79415 -2.02577
v -14.84103 7.79415 -2.02577
v -14.88219 10.49476 -2.26489
v -15.00436 7.79415 -2.05526
v -15.00436 7.79415 -2.05526
v -14.88219 10.49476 -2.26489
v -15.11053 7.79415 -2.18284
v -15.11053 7.79415 -2.18284
v -14.88219 10.49476 -2.26489
v -15.10985 7.79415 -2.34881
v -15.10985 7.79415 -2.34881
v -14.88219 10.49476 -2.26489
v -15.00264 7.79415 -2.47551
v -15.00264 7.79415 -2.47551
v -14.88219 10.49476 -2.26489
v -14.83908 7.79415 -2.50366
v -14.83908 7.79415 -2.50366
v -14.88219 10.49476 -2.26489
v -14.69568 7.79415 -2.42009
v -14.69568 7.79415 -2.42009
v -14.88219 10.49476 -2.26489
v -14.63956 7.79415 -2.26390
v -14.63956 7.79415 -2.26390
v -14.88219 10.49476 -2.26489
v -14.69696 7.79415 -2.10817
v 34.84801 19.21601 22.66198
v 33.81353 21.03694 21.86024
v 34.09064 19.21601 23.13936
v 34.09064 19.21601 23.13936
v 33.81353 21.03694 21.86024
v 33.20361 19.21601 23.01823
v 33.20361 19.21601 23.01823
v 33.81353 21.03694 21.86024
v 32.60196 19.21601 22.35526
v 32.60196 19.21601 22.35526
v 33.81353 21.03694 21.86024
v 32.56722 19.21601 21.46067
v 32.56722 19.21601 21.46067
v 33.81353 21.03694 21.86024
v 33.11564 19.21601 20.75304
v 33.11564 19.21601 20.75304
v 33.81353 21.03694 21.86024
v 33.99061 19.21601 20.56348
v 33.99061 19.21601 20.56348
v 33.81353 21.03694 21.86024
v 34.78272 19.21601 20.98069
v 34.78272 19.21601 20.98069
v 33.81353 21.03694 21.86024
v 35.12133 19.21601 21.80945
v 35.12133 19.21601 21.80945
v 33.81353 21.03694 21.86024
v 34.84801 19.21601 22.66198
v 34.95052 19.69258 21.99704
v 33.81353 21.51351 21.86024
v 34.59658 19.69258 22.69588
v 34.59658 19.69258 22.69588
v 33.81353 21.51351 21.86024
v 33.87625 19.69258 23.00372
v 33.87625 19.69258 23.00372
v 33.81353 21.51351 21.86024
v 33.12656 19.69258 22.77651
v 33.12656 19.69258 22.77651
v 33.81353 21.51351 21.86024
v 32.69832 19.69258 22.12057
v 32.69832 19.69258 22.12057
v 33.81353 21.51351 21.86024
v 32.79189 19.69258 21.34282
v 32.79189 19.69258 21.34282
v 33.81353 21.51351 21.86024
v 33.36350 19.69258 20.80718
v 33.36350 19.69258 20.80718
v 33.81353 21.51351 21.86024
v 34.14568 19.69258 20.76428
v 34.14568 19.69258 20.76428
v 33.81353 21.51351 21.86024
v 34.77245 19.69258 21.23419
v 34.77245 19.69258 21.23419
v 33.81353 21.51351 21.86024
v 34.95052 19.69258 21.99704
v 34.67722 20.16915 22.32668
v 33.81353 21.99008 21.86024
v 34.17533 20.16915 22.77272
v 34.17533 20.16915 22.77272
v 33.81353 21.99008 21.86024
v 33.50415 20.16915 22.79181
v 33.50415 20.16915 22.79181
v 33.81353 21.99008 21.86024
v 32.97773 20.16915 22.37500
v 32.97773 20.16915 22.37500
v 33.81353 21.99008 21.86024
v 32.84239 20.16915 21.71733
v 32.84239 20.16915 21.71733
v 33.81353 21.99008 21.86024
v 33.16146 20.16915 21.12653
v 33.16146 20.16915 21.12653
v 33.81353 21.99008 21.86024
v 33.78563 20.16915 20.87904
v 33.78563 20.16915 20.87904
v 33.81353 21.99008 21.86024
v 34.42286 20.16915 21.09067
v 34.42286 20.16915 21.09067
v 33.81353 21.99008 21.86024
v 34.77497 20.16915 21.66239
v 34.77497 20.16915 21.66239
v 33.81353 21.99008 21.86024
v 34.67722 20.16915 22.32668
v 34.31410 20.64572 22.50719
v 33.81353 22.46665 21.86024
v 33.78114 20.64572 22.67759
v 33.78114 20.64572 22.67759
v 33.81353 22.46665 21.86024
v 33.26333 20.64572 22.46555
v 33.26333 20.64572 22.46555
v 33.81353 22.46665 21.86024
v 33.00297 20.64572 21.97028
v 33.00297 20.64572 21.97028
v 33.81353 22.46665 21.86024
v 33.12187 20.64572 21.42352
v 33.12187 20.64572 21.42352
v 33.81353 22.46665 21.86024
v 33.56441 20.64572 21.08110
v 33.56441 20.64572 21.08110
v 33.81353 22.46665 21.86024
v 34.12351 20.64572 21.10326
v 34.12351 20.64572 21.10326
v 33.81353 22.46665 21.86024
v 34.53757 20.64572 21.47961
v 34.53757 20.64572 21.47961
v 33.81353 22.46665 21.86024
v 34.61284 20.64572 22.03407
v 34.61284 20.64572 22.03407
v 33.81353 22.46665 21.86024
v 34.31410 20.64572 22.50719
v 34.31916 21.12229 22.27565
v 33.81353 22.94322 21.86024
v 33.93384 21.12229 22.50348
v 33.93384 21.12229 22.50348
v 33.81353 22.94322 21.86024
v 33.49223 21.12229 22.43033
v 33.49223 21.12229 22.43033
v 33.81353 22.94322 21.86024
v 33.20095 21.12229 22.09043
v 33.20095 21.12229 22.09043
v 33.81353 22.94322 21.86024
v 33.19631 21.12229 21.64282
v 33.19631 21.12229 21.64282
v 33.81353 22.94322 21.86024
v 33.48047 21.12229 21.29694
v 33.48047 21.12229 21.29694
v 33.81353 22.94322 21.86024
v 33.92047 21.12229 21.21464
v 33.92047 21.12229 21.21464
v 33.81353 22.94322 21.86024
v 34.31043 21.12229 21.43442
v 34.31043 21.12229 21.43442
v 33.81353 22.94322 21.86024
v 34.46789 21.12229 21.85345
v 34.46789 21.12229 21.85345
v 33.81353 22.94322 21.86024
v 34.31916 21.12229 22.27565
v 34.23177 21.59887 22.11705
v 33.81353 23.41979 21.86024
v 33.96885 21.59887 22.32581
v 33.96885 21.59887 22.32581
v 33.81353 23.41979 21.86024
v 33.63324 21.59887 22.31673
v 33.63324 21.59887 22.31673
v 33.81353 23.41979 21.86024
v 33.38200 21.59887 22.09405
v 33.38200 21.59887 22.09405
v 33.81353 23.41979 21.86024
v 33.33267 21.59887 21.76197
v 33.33267 21.59887 21.76197
v 33.81353 23.41979 21.86024
v 33.50834 21.59887 21.47587
v 33.50834 21.59887 21.47587
v 33.81353 23.41979 21.86024
v 33.82681 21.59887 21.36962
v 33.82681 21.59887 21.36962
v 33.81353 23.41979 21.86024
v 34.13907 21.59887 21.49294
v 34.13907 21.59887 21.49294
v 33.81353 23.41979 21.86024
v 34.29900 21.59887 21.78813
v 34.29900 21.59887 21.78813
v 33.81353 23.41979 21.86024
v 34.23177 21.59887 22.11705
v 33.99166 22.07544 22.13470
v 33.81353 23.89636 21.86024
v 33.77357 22.07544 22.18499
v 33.77357 22.07544 22.18499
v 33.81353 23.89636 21.86024
v 33.57417 22.07544 22.08333
v 33.57417 22.07544 22.08333
v 33.81353 23.89636 21.86024
v 33.48677 22.07544 21.87728
v 33.48677 22.07544 21.87728
v 33.81353 23.89636 21.86024
v 33.55227 22.07544 21.66326
v 33.55227 22.07544 21.66326
v 33.81353 23.89636 21.86024
v 33.74001 22.07544 21.54141
v 33.74001 22.07544 21.54141
v 33.81353 23.89636 21.86024
v 33.96215 22.07544 21.56874
v 33.96215 22.07544 21.56874
v 33.81353 23.89636 21.86024
v 34.11475 22.07544 21.73247
v 34.11475 22.07544 21.73247
v 33.81353 23.89636 21.86024
v 34.12640 22.07544 21.95599
v 34.12640 22.07544 21.95599
v 33.81353 23.89636 21.86024
v 33.99166 22.07544 22.13470
v 33.91151 22.55201 21.99125
v 33.81353 24.37294 21.86024
v 33.80438 22.55201 22.02358
v 33.80438 22.55201 22.02358
v 33.81353 24.37294 21.86024
v 33.70152 22.55201 21.97949
v 33.70152 22.55201 21.97949
v 33.81353 24.37294 21.86024
v 33.65108 22.55201 21.87959
v 33.65108 22.55201 21.87959
v 33.81353 24.37294 21.86024
v 33.67664 22.55201 21.77064
v 33.67664 22.55201 21.77064
v 33.81353 24.37294 21.86024
v 33.76626 22.55201 21.70362
v 33.76626 22.55201 21.70362
v 33.81353 24.37294 21.86024
v 33.87799 22.55201 21.70988
v 33.87799 22.55201 21.70988
v 33.81353 24.37294 21.86024
v 33.95956 22.55201 21.78650
v 33.95956 22.55201 21.78650
v 33.81353 24.37294 21.86024
v 33.97280 22.55201 21.89762
v 33.97280 22.55201 21.89762
v 33.81353 24.37294 21.86024
v 33.91151 22.55201 21.99125
v -16.17990 16.62040 33.46712
v -17.16042 18.31505 32.74450
v -16.87378 16.62040 33.92833
v -16.87378 16.62040 33.92833
v -17.16042 18.31505 32.74450
v -17.70179 16.62040 33.83561
v -17.70179 16.62040 33.83561
v -17.16042 18.31505 32.74450
v -18.27649 16.62040 33.23235
v -18.27649 16.62040 33.23235
v -17.16042 18.31505 32.74450
v -18.32896 16.62040 32.40082
v -18.32896 16.62040 32.40082
v -17.16042 18.31505 32.74450
v -17.83466 16.62040 31.73011
v -17.83466 16.62040 31.73011
v -17.16042 18.31505 32.74450
v -17.02488 16.62040 31.53404
v -17.02488 16.62040 31.53404
v -17.16042 18.31505 32.74450
v -16.27852 16.62040 31.90436
v -16.27852 16.62040 31.90436
v -17.16042 18.31505 32.74450
v -15.94481 16.62040 32.66779
v -15.94481 16.62040 32.66779
v -17.16042 18.31505 32.74450
v -16.17990 16.62040 33.46712
v -16.22084 17.06392 33.24757
v -17.16042 18.75857 32.74450
v -16.76403 17.06392 33.73382
v -16.76403 17.06392 33.73382
v -17.16042 18.75857 32.74450
v -17.49269 17.06392 33.75716
v -17.49269 17.06392 33.75716
v -17.16042 18.75857 32.74450
v -18.06588 17.06392 33.30666
v -18.06588 17.06392 33.30666
v -17.16042 18.75857 32.74450
v -18.21539 17.06392 32.59312
v -18.21539 17.06392 32.59312
v -17.16042 18.75857 32.74450
v -17.87127 17.06392 31.95042
v -17.87127 17.06392 31.95042
v -17.16042 18.75857 32.74450
v -17.19454 17.06392 31.67927
v -17.19454 17.06392 31.67927
v -17.16042 18.75857 32.74450
v -16.50184 17.06392 31.90656
v -16.50184 17.06392 31.90656
v -17.16042 18.75857 32.74450
v -16.11730 17.06392 32.52593
v -16.11730 17.06392 32.52593
v -17.16042 18.75857 32.74450
v -16.22084 17.06392 33.24757
v -16.54363 17.50744 33.41837
v -17.16042 19.20209 32.74450
v -17.12109 17.50744 33.65718
v -17.12109 17.50744 33.65718
v -17.16042 19.20209 32.74450
v -17.71695 17.50744 33.46893
v -17.71695 17.50744 33.46893
v -17.16042 19.20209 32.74450
v -18.05240 17.50744 32.94172
v -18.05240 17.50744 32.94172
v -17.16042 19.20209 32.74450
v -17.97049 17.50744 32.32223
v -17.97049 17.50744 32.32223
v -17.16042 19.20209 32.74450
v -17.50953 17.50744 31.90032
v -17.50953 17.50744 31.90032
v -17.16042 19.20209 32.74450
v -16.88523 17.50744 31.87341
v -16.88523 17.50744 31.87341
v -17.16042 19.20209 32.74450
v -16.38969 17.50744 32.25410
v -16.38969 17.50744 32.25410
v -17.16042 19.20209 32.74450
v -16.25478 17.50744 32.86425
v -16.25478 17.50744 32.86425
v -17.16042 19.20209 32.74450
v -16.54363 17.50744 33.41837
v -16.41892 17.95096 32.91687
v -17.16042 19.64561 32.74450
v -16.70320 17.95096 33.35317
v -16.70320 17.95096 33.35317
v -17.16042 19.64561 32.74450
v -17.20141 17.95096 33.50467
v -17.20141 17.95096 33.50467
v -17.16042 19.64561 32.74450
v -17.68045 17.95096 33.30047
v -17.68045 17.95096 33.30047
v -17.16042 19.64561 32.74450
v -17.91615 17.95096 32.83613
v -17.91615 17.95096 32.83613
v -17.16042 19.64561 32.74450
v -17.79825 17.95096 32.32892
v -17.79825 17.95096 32.32892
v -17.16042 19.64561 32.74450
v -17.38189 17.95096 32.01616
v -17.38189 17.95096 32.01616
v -17.16042 19.64561 32.74450
v -16.86191 17.95096 32.04420
v -16.86191 17.95096 32.04420
v -17.16042 19.64561 32.74450
v -16.48160 17.95096 32.39992
v -16.48160 17.95096 32.39992
v -17.16042 19.64561 32.74450
v -16.41892 17.95096 32.91687
v -16.66735 18.39448 33.10197
v -17.16042 20.08914 32.74450
v -17.01249 18.39448 33.33528
v -17.01249 18.39448 33.33528
v -17.16042 20.08914 32.74450
v -17.42684 18.39448 33.29215
v -17.42684 18.39448 33.29215
v -17.16042 20.08914 32.74450
v -17.71653 18.39448 32.99277
v -17.71653 18.39448 32.99277
v -17.16042 20.08914 32.74450
v -17.74601 18.39448 32.57722
v -17.74601 18.39448 32.57722
v -17.16042 20.08914 32.74450
v -17.50149 18.39448 32.23995
v -17.50149 18.39448 32.23995
v -17.16042 20.08914 32.74450
v -17.09737 18.39448 32.13876
v -17.09737 18.39448 32.13876
v -17.16042 20.08914 32.74450
v -16.72276 18.39448 32.32100
v -16.72276 18.39448 32.32100
v -17.16042 20.08914 32.74450
v -16.55293 18.39448 32.70140
v -16.55293 18.39448 32.70140
v -17.16042 20.08914 32.74450
v -16.66735 18.39448 33.10197
v -16.74989 18.83801 32.94474
v -17.16042 20.53266 32.74450
v -16.97465 18.83801 33.16178
v -16.97465 18.83801 33.16178
v -17.16042 20.53266 32.74450
v -17.28633 18.83801 33.18357
v -17.28633 18.83801 33.18357
v -17.16042 20.53266 32.74450
v -17.53910 18.83801 32.99991
v -17.53910 18.83801 32.99991
v -17.16042 20.53266 32.74450
v -17.61468 18.83801 32.69675
v -17.61468 18.83801 32.69675
v -17.16042 20.53266 32.74450
v -17.47771 18.83801 32.41593
v -17.47771 18.83801 32.41593
v -17.16042 20.53266 32.74450
v -17.19227 18.83801 32.28885
v -17.19227 18.83801 32.28885
v -17.16042 20.53266 32.74450
v -16.89193 18.83801 32.37498
v -16.89193 18.83801 32.37498
v -17.16042 20.53266 32.74450
v -16.71722 18.83801 32.63401
v -16.71722 18.83801 32.63401
v -17.16042 20.53266 32.74450
v -16.74989 18.83801 32.94474
v -16.85846 19.28153 32.78380
v -17.16042 20.97618 32.74450
v -16.95436 19.28153 32.96870
v -16.95436 19.28153 32.96870
v -17.16042 20.97618 32.74450
v -17.14668 19.28153 33.04870
v -17.14668 19.28153 33.04870
v -17.16042 20.97618 32.74450
v -17.34543 19.28153 32.98636
v -17.34543 19.28153 32.98636
v -17.16042 20.97618 32.74450
v -17.45761 19.28153 32.81085
v -17.45761 19.28153 32.81085
v -17.16042 20.97618 32.74450
v -17.43073 19.28153 32.60430
v -17.43073 19.28153 32.60430
v -17.16042 20.97618 32.74450
v -17.27737 19.28153 32.46335
v -17.27737 19.28153 32.46335
v -17.16042 20.97618 32.74450
v -17.06929 19.28153 32.45395
v -17.06929 19.28153 32.45395
v -17.16042 20.97618 32.74450
v -16.90384 19.28153 32.58051
v -16.90384 19.28153 32.58051
v -17.16042 20.97618 32.74450
v -16.85846 19.28153 32.78380
v -17.05778 19.72505 32.85696
v -17.16042 21.41970 32.74450
v -17.15409 19.72505 32.89662
v -17.15409 19.72505 32.89662
v -17.16042 21.41970 32.74450
v -17.25335 19.72505 32.86511
v -17.25335 19.72505 32.86511
v -17.16042 21.41970 32.74450
v -17.30913 19.72505 32.77716
v -17.30913 19.72505 32.77716
v -17.16042 21.41970 32.74450
v -17.29533 19.72505 32.67393
v -17.29533 19.72505 32.67393
v -17.16042 21.41970 32.74450
v -17.21840 19.72505 32.60372
v -17.21840 19.72505 32.60372
v -17.16042 21.41970 32.74450
v -17.11434 19.72505 32.59939
v -17.11434 19.72505 32.59939
v -17.16042 21.41970 32.74450
v -17.03185 19.72505 32.66295
v -17.03185 19.72505 32.66295
v -17.16042 21.41970 32.74450
v -17.00951 19.72505 32.76468
v -17.00951 19.72505 32.76468
v -17.16042 21.41970 32.74450
v -17.05778 19.72505 32.85696
vt -3.95254 11.46926
vt -4.28252 11.83775
vt -4.03088 11.58060
vt -4.03088 11.58060
vt -4.28252 11.83775
vt -4.22696 11.60847
vt -4.22696 11.60847
vt -4.28252 11.83775
vt -4.44904 11.53983
vt -4.44904 11.53983
vt -4.28252 11.83775
vt -4.59320 11.40678
vt -4.59320 11.40678
vt -4.28252 11.83775
vt -4.59199 11.27159
vt -4.59199 11.27159
vt -4.28252 11.83775
vt -4.44597 11.19752
vt -4.44597 11.19752
vt -4.28252 11.83775
vt -4.22347 11.21921
vt -4.22347 11.21921
vt -4.28252 11.83775
vt -4.02860 11.32653
vt -4.02860 11.32653
vt -4.28252 11.83775
vt -3.95254 11.46926
vt -3.99490 11.55850
vt -4.28252 11.95174
vt -4.04589 11.66279
vt -4.04589 11.66279
vt -4.28252 11.95174
vt -4.20761 11.69848
vt -4.20761 11.69848
vt -4.28252 11.95174
vt -4.40437 11.64888
vt -4.40437 11.64888
vt -4.28252 11.95174
vt -4.54412 11.53719
vt -4.54412 11.53719
vt -4.28252 11.95174
vt -4.56146 11.41567
vt -4.56146 11.41567
vt -4.28252 11.95174
vt -4.44828 11.34119
vt -4.44828 11.34119
vt -4.28252 11.95174
vt -4.25754 11.34860
vt -4.25754 11.34860
vt -4.28252 11.95174
vt -4.07848 11.43442
vt -4.07848 11.43442
vt -4.28252 11.95174
vt -3.99490 11.55850
vt -4.04049 11.64758
vt -4.28252 12.06573
vt -4.06389 11.74350
vt -4.06389 11.74350
vt -4.28252 12.06573
vt -4.18960 11.78639
vt -4.18960 11.78639
vt -4.28252 12.06573
vt -4.35878 11.75619
vt -4.35878 11.75619
vt -4.28252 12.06573
vt -4.49228 11.66703
vt -4.49228 11.66703
vt -4.28252 12.06573
vt -4.52763 11.56063
vt -4.52763 11.56063
vt -4.28252 12.06573
vt -4.44829 11.48677
vt -4.44829 11.48677
vt -4.28252 12.06573
vt -4.29138 11.48001
vt -4.29138 11.48001
vt -4.28252 12.06573
vt -4.13033 11.54352
vt -4.13033 11.54352
vt -4.28252 12.06573
vt -4.04049 11.64758
vt -4.08835 11.82473
vt -4.28252 12.17972
vt -4.17848 11.87182
vt -4.17848 11.87182
vt -4.28252 12.17972
vt -4.31728 11.85919
vt -4.31728 11.85919
vt -4.28252 12.17972
vt -4.43982 11.79274
vt -4.43982 11.79274
vt -4.28252 12.17972
vt -4.48875 11.70356
vt -4.48875 11.70356
vt -4.28252 12.17972
vt -4.44119 11.63339
vt -4.44119 11.63339
vt -4.28252 12.17972
vt -4.31938 11.61505
vt -4.31938 11.61505
vt -4.28252 12.17972
vt -4.18032 11.65713
vt -4.18032 11.65713
vt -4.28252 12.17972
vt -4.08908 11.73994
vt -4.08908 11.73994
vt -4.28252 12.17972
vt -4.08835 11.82473
vt -4.13876 11.93549
vt -4.28252 12.29371
vt -4.22443 11.96244
vt -4.22443 11.96244
vt -4.28252 12.29371
vt -4.33729 11.94059
vt -4.33729 11.94059
vt -4.28252 12.29371
vt -4.42451 11.88017
vt -4.42451 11.88017
vt -4.28252 12.29371
vt -4.44530 11.80946
vt -4.44530 11.80946
vt -4.28252 12.29371
vt -4.38992 11.76153
vt -4.38992 11.76153
vt -4.28252 12.29371
vt -4.28428 11.75882
vt -4.28428 11.75882
vt -4.28252 12.29371
vt -4.17782 11.80259
vt -4.17782 11.80259
vt -4.28252 12.29371
vt -4.12035 11.87236
vt -4.12035 11.87236
vt -4.28252 12.29371
vt -4.13876 11.93549
vt -4.16320 12.01569
vt -4.28252 12.40770
vt -4.21219 12.04731
vt -4.21219 12.04731
vt -4.28252 12.40770
vt -4.29409 12.04376
vt -4.29409 12.04376
vt -4.28252 12.40770
vt -4.37057 12.00670
vt -4.37057 12.00670
vt -4.28252 12.40770
vt -4.40586 11.95348
vt -4.40586 11.95348
vt -4.28252 12.40770
vt -4.38343 11.90900
vt -4.38343 11.90900
vt -4.28252 12.40770
vt -4.31378 11.89406
vt -4.31378 11.89406
vt -4.28252 12.40770
vt -4.22951 11.91567
vt -4.22951 11.91567
vt -4.28252 12.40770
vt -4.17004 11.96370
vt -4.17004 11.96370
vt -4.28252 12.40770
vt -4.16320 12.01569
vt -4.20220 12.11351
vt -4.28252 12.52169
vt -4.23310 12.13566
vt -4.23310 12.13566
vt -4.28252 12.52169
vt -4.28713 12.13464
vt -4.28713 12.13464
vt -4.28252 12.52169
vt -4.33899 12.11093
vt -4.33899 12.11093
vt -4.28252 12.52169
vt -4.36443 12.07562
vt -4.36443 12.07562
vt -4.28252 12.52169
vt -4.35154 12.04523
vt -4.35154 12.04523
vt -4.28252 12.52169
vt -4.30636 12.03399
vt -4.30636 12.03399
vt -4.28252 12.52169
vt -4.25002 12.04715
vt -4.25002 12.04715
vt -4.28252 12.52169
vt -4.20888 12.07855
vt -4.20888 12.07855
vt -4.28252 12.52169
vt -4.20220 12.11351
vt -4.24629 12.21922
vt -4.28252 12.63568
vt -4.26745 12.22619
vt -4.26745 12.22619
vt -4.28252 12.63568
vt -4.29566 12.22096
vt -4.29566 12.22096
vt -4.28252 12.63568
vt -4.31772 12.20600
vt -4.31772 12.20600
vt -4.28252 12.63568
vt -4.32330 12.18828
vt -4.32330 12.18828
vt -4.28252 12.63568
vt -4.30981 12.17612
vt -4.30981 12.17612
vt -4.28252 12.63568
vt -4.28354 12.17519
vt -4.28354 12.17519
vt -4.28252 12.63568
vt -4.25679 12.18593
vt -4.25679 12.18593
vt -4.28252 12.63568
vt -4.24209 12.20332
vt -4.24209 12.20332
vt -4.28252 12.63568
vt -4.24629 12.21922
vt 11.83576 10.79299
vt 11.20668 11.48267
vt 11.67194 10.99921
vt 11.67194 10.99921
vt 11.20668 11.48267
vt 11.29041 11.04279
vt 11.29041 11.04279
vt 11.20668 11.48267
vt 10.86971 10.90335
vt 10.86971 10.90335
vt 11.20668 11.48267
vt 10.60668 10.64613
vt 10.60668 10.64613
vt 11.20668 11.48267
vt 10.62440 10.39148
vt 10.62440 10.39148
vt 11.20668 11.48267
vt 10.91458 10.25856
vt 10.91458 10.25856
vt 11.20668 11.48267
vt 11.34143 10.30957
vt 11.34143 10.30957
vt 11.20668 11.48267
vt 11.70524 10.52063
vt 11.70524 10.52063
vt 11.20668 11.48267
vt 11.83576 10.79299
vt 11.75469 10.94486
vt 11.20668 11.70016
vt 11.66277 11.14576
vt 11.66277 11.14576
vt 11.20668 11.70016
vt 11.35744 11.21721
vt 11.35744 11.21721
vt 11.20668 11.70016
vt 10.98157 11.12580
vt 10.98157 11.12580
vt 11.20668 11.70016
vt 10.71103 10.91429
vt 10.71103 10.91429
vt 11.20668 11.70016
vt 10.67241 10.68165
vt 10.67241 10.68165
vt 11.20668 11.70016
vt 10.88379 10.53673
vt 10.88379 10.53673
vt 11.20668 11.70016
vt 11.24625 10.54735
vt 11.24625 10.54735
vt 11.20668 11.70016
vt 11.59020 10.70854
vt 11.59020 10.70854
vt 11.20668 11.70016
vt 11.75469 10.94486
vt 11.66580 11.24471
vt 11.20668 11.91766
vt 11.48740 11.37060
vt 11.48740 11.37060
vt 11.20668 11.91766
vt 11.17765 11.36361
vt 11.17765 11.36361
vt 11.20668 11.91766
vt 10.88149 11.22702
vt 10.88149 11.22702
vt 11.20668 11.91766
vt 10.73749 11.02474
vt 10.73749 11.02474
vt 11.20668 11.91766
vt 10.81303 10.85142
vt 10.81303 10.85142
vt 11.20668 11.91766
vt 11.07276 10.78815
vt 11.07276 10.78815
vt 11.20668 11.91766
vt 11.39516 10.86455
vt 11.39516 10.86455
vt 11.20668 11.91766
vt 11.62937 11.04485
vt 11.62937 11.04485
vt 11.20668 11.91766
vt 11.66580 11.24471
vt 11.59897 11.40116
vt 11.20668 12.13515
vt 11.48729 11.52577
vt 11.48729 11.52577
vt 11.20668 12.13515
vt 11.24431 11.54667
vt 11.24431 11.54667
vt 11.20668 12.13515
vt 10.98372 11.45408
vt 10.98372 11.45408
vt 11.20668 12.13515
vt 10.82746 11.29132
vt 10.82746 11.29132
vt 11.20668 12.13515
vt 10.84865 11.13455
vt 10.84865 11.13455
vt 11.20668 12.13515
vt 11.03736 11.05713
vt 11.03736 11.05713
vt 11.20668 12.13515
vt 11.30530 11.09528
vt 11.30530 11.09528
vt 11.20668 12.13515
vt 11.52710 11.23115
vt 11.52710 11.23115
vt 11.20668 12.13515
vt 11.59897 11.40116
vt 11.47592 11.67335
vt 11.20668 12.35265
vt 11.30807 11.72072
vt 11.30807 11.72072
vt 11.20668 12.35265
vt 11.09278 11.67493
vt 11.09278 11.67493
vt 11.20668 12.35265
vt 10.93078 11.55740
vt 10.93078 11.55740
vt 11.20668 12.35265
vt 10.89789 11.42313
vt 10.89789 11.42313
vt 11.20668 12.35265
vt 11.00948 11.33495
vt 11.00948 11.33495
vt 11.20668 12.35265
vt 11.21334 11.33411
vt 11.21334 11.33411
vt 11.20668 12.35265
vt 11.41409 11.42101
vt 11.41409 11.42101
vt 11.20668 12.35265
vt 11.51779 11.55499
vt 11.51779 11.55499
vt 11.20668 12.35265
vt 11.47592 11.67335
vt 11.44180 11.77321
vt 11.20668 12.57015
vt 11.40065 11.85868
vt 11.40065 11.85868
vt 11.20668 12.57015
vt 11.26874 11.88821
vt 11.26874 11.88821
vt 11.20668 12.57015
vt 11.10779 11.84797
vt 11.10779 11.84797
vt 11.20668 12.57015
vt 10.99312 11.75680
vt 10.99312 11.75680
vt 11.20668 12.57015
vt 10.97837 11.65736
vt 10.97837 11.65736
vt 11.20668 12.57015
vt 11.07046 11.59617
vt 11.07046 11.59617
vt 11.20668 12.57015
vt 11.22629 11.60186
vt 11.22629 11.60186
vt 11.20668 12.57015
vt 11.37294 11.67178
vt 11.37294 11.67178
vt 11.20668 12.57015
vt 11.44180 11.77321
vt 11.36276 12.00007
vt 11.20668 12.78764
vt 11.31313 12.04747
vt 11.31313 12.04747
vt 11.20668 12.78764
vt 11.21369 12.05236
vt 11.21369 12.05236
vt 11.20668 12.78764
vt 11.11098 12.01245
vt 11.11098 12.01245
vt 11.20668 12.78764
vt 11.05304 11.94641
vt 11.05304 11.94641
vt 11.20668 12.78764
vt 11.06700 11.88514
vt 11.06700 11.88514
vt 11.20668 12.78764
vt 11.14632 11.85732
vt 11.14632 11.85732
vt 11.20668 12.78764
vt 11.25388 11.87596
vt 11.25388 11.87596
vt 11.20668 12.78764
vt 11.33936 11.93233
vt 11.33936 11.93233
vt 11.20668 12.78764
vt 11.36276 12.00007
vt 11.28529 12.19215
vt 11.20668 13.00514
vt 11.26441 12.21775
vt 11.26441 12.21775
vt 11.20668 13.00514
vt 11.21652 12.22293
vt 11.21652 12.22293
vt 11.20668 13.00514
vt 11.16403 12.20526
vt 11.16403 12.20526
vt 11.20668 13.00514
vt 11.13149 12.17302
vt 11.13149 12.17302
vt 11.20668 13.00514
vt 11.13414 12.14129
vt 11.13414 12.14129
vt 11.20668 13.00514
vt 11.17074 12.12491
vt 11.17074 12.12491
vt 11.20668 13.00514
vt 11.22415 12.13156
vt 11.22415 12.13156
vt 11.20668 13.00514
vt 11.26939 12.15811
vt 11.26939 12.15811
vt 11.20668 13.00514
vt 11.28529 12.19215
vt 11.52921 13.07251
vt 11.16607 13.42715
vt 11.31438 13.14123
vt 11.31438 13.14123
vt 11.16607 13.42715
vt 11.03016 13.08710
vt 11.03016 13.08710
vt 11.16607 13.42715
vt 10.80954 12.93543
vt 10.80954 12.93543
vt 11.16607 13.42715
vt 10.75574 12.75720
vt 10.75574 12.75720
vt 11.16607 13.42715
vt 10.89394 12.63580
vt 10.89394 12.63580
vt 11.16607 13.42715
vt 11.15948 12.62804
vt 11.15948 12.62804
vt 11.16607 13.42715
vt 11.42810 12.73754
vt 11.42810 12.73754
vt 11.16607 13.42715
vt 11.57412 12.91308
vt 11.57412 12.91308
vt 11.16607 13.42715
vt 11.52921 13.07251
vt 11.52910 13.08246
vt 11.16607 13.57071
vt 11.45741 13.21102
vt 11.45741 13.21102
vt 11.16607 13.57071
vt 11.24940 13.25124
vt 11.24940 13.25124
vt 11.16607 13.57071
vt 11.00240 13.18429
vt 11.00240 13.18429
vt 11.16607 13.57071
vt 10.83198 13.04150
vt 10.83198 13.04150
vt 11.16607 13.57071
vt 10.81789 12.88969
vt 10.81789 12.88969
vt 11.16607 13.57071
vt 10.96672 12.79988
vt 10.96672 12.79988
vt 11.16607 13.57071
vt 11.20883 12.81411
vt 11.20883 12.81411
vt 11.16607 13.57071
vt 11.43093 12.92570
vt 11.43093 12.92570
vt 11.16607 13.57071
vt 11.52910 13.08246
vt 11.41429 13.32849
vt 11.16607 13.71426
vt 11.23507 13.36192
vt 11.23507 13.36192
vt 11.16607 13.71426
vt 11.02356 13.30356
vt 11.02356 13.30356
vt 11.16607 13.71426
vt 10.87874 13.18073
vt 10.87874 13.18073
vt 11.16607 13.71426
vt 10.86836 13.05089
vt 10.86836 13.05089
vt 11.16607 13.71426
vt 10.99729 12.97480
vt 10.99729 12.97480
vt 11.16607 13.71426
vt 11.20519 12.98806
vt 11.20519 12.98806
vt 11.16607 13.71426
vt 11.39479 13.08447
vt 11.39479 13.08447
vt 11.16607 13.71426
vt 11.47737 13.21892
vt 11.47737 13.21892
vt 11.16607 13.71426
vt 11.41429 13.32849
vt 11.42426 13.34400
vt 11.16607 13.85781
vt 11.38201 13.43909
vt 11.38201 13.43909
vt 11.16607 13.85781
vt 11.23873 13.47346
vt 11.23873 13.47346
vt 11.16607 13.85781
vt 11.06145 13.43102
vt 11.06145 13.43102
vt 11.16607 13.85781
vt 10.93313 13.33164
vt 10.93313 13.33164
vt 11.16607 13.85781
vt 10.91380 13.22181
vt 10.91380 13.22181
vt 11.16607 13.85781
vt 11.01252 13.15292
vt 11.01252 13.15292
vt 11.16607 13.85781
vt 11.18308 13.15722
vt 11.18308 13.15722
vt 11.16607 13.85781
vt 11.34569 13.23268
vt 11.34569 13.23268
vt 11.16607 13.85781
vt 11.42426 13.34400
vt 11.37201 13.47750
vt 11.16607 14.00136
vt 11.34156 13.55471
vt 11.34156 13.55471
vt 11.16607 14.00136
vt 11.22900 13.58426
vt 11.22900 13.58426
vt 11.16607 14.00136
vt 11.08699 13.55233
vt 11.08699 13.55233
vt 11.16607 14.00136
vt 10.98199 13.47386
vt 10.98199 13.47386
vt 11.16607 14.00136
vt 10.96312 13.38556
vt 10.96312 13.38556
vt 11.16607 14.00136
vt 11.03922 13.32876
vt 11.03922 13.32876
vt 11.16607 14.00136
vt 11.17467 13.33002
vt 11.17467 13.33002
vt 11.16607 14.00136
vt 11.30610 13.38877
vt 11.30610 13.38877
vt 11.16607 14.00136
vt 11.37201 13.47750
vt 11.31915 13.64455
vt 11.16607 14.14491
vt 11.26456 13.68857
vt 11.26456 13.68857
vt 11.16607 14.14491
vt 11.16389 13.68947
vt 11.16389 13.68947
vt 11.16607 14.14491
vt 11.06424 13.64683
vt 11.06424 13.64683
vt 11.16607 14.14491
vt 11.01224 13.58059
vt 11.01224 13.58059
vt 11.16607 14.14491
vt 11.03222 13.52177
vt 11.03222 13.52177
vt 11.16607 14.14491
vt 11.11483 13.49787
vt 11.11483 13.49787
vt 11.16607 14.14491
vt 11.22142 13.52008
vt 11.22142 13.52008
vt 11.16607 14.14491
vt 11.30211 13.57801
vt 11.30211 13.57801
vt 11.16607 14.14491
vt 11.31915 13.64455
vt 11.26073 13.78459
vt 11.16607 14.28846
vt 11.21106 13.80515
vt 11.21106 13.80515
vt 11.16607 14.28846
vt 11.14034 13.79521
vt 11.14034 13.79521
vt 11.16607 14.28846
vt 11.08166 13.75942
vt 11.08166 13.75942
vt 11.16607 14.28846
vt 11.06248 13.71453
vt 11.06248 13.71453
vt 11.16607 14.28846
vt 11.09178 13.68154
vt 11.09178 13.68154
vt 11.16607 14.28846
vt 11.15583 13.67589
vt 11.15583 13.67589
vt 11.16607 14.28846
vt 11.22468 13.70022
vt 11.22468 13.70022
vt 11.16607 14.28846
vt 11.26611 13.74315
vt 11.26611 13.74315
vt 11.16607 14.28846
vt 11.26073 13.78459
vt 11.21720 13.88822
vt 11.16607 14.43202
vt 11.21115 13.90802
vt 11.21115 13.90802
vt 11.16607 14.43202
vt 11.18402 13.91636
vt 11.18402 13.91636
vt 11.16607 14.43202
vt 11.14849 13.90933
vt 11.14849 13.90933
vt 11.16607 14.43202
vt 11.12118 13.89022
vt 11.12118 13.89022
vt 11.16607 14.43202
vt 11.11489 13.86798
vt 11.11489 13.86798
vt 11.16607 14.43202
vt 11.13254 13.85301
vt 11.13254 13.85301
vt 11.16607 14.43202
vt 11.16588 13.85231
vt 11.16588 13.85231
vt 11.16607 14.43202
vt 11.19932 13.86622
vt 11.19932 13.86622
vt 11.16607 14.43202
vt 11.21720 13.88822
vt -7.20483 8.88902
vt -7.75134 9.42243
vt -7.52212 8.99497
vt -7.52212 8.99497
vt -7.75134 9.42243
vt -7.94667 8.91746
vt -7.94667 8.91746
vt -7.75134 9.42243
vt -8.27982 8.69276
vt -8.27982 8.69276
vt -7.75134 9.42243
vt -8.36569 8.42602
vt -8.36569 8.42602
vt -7.75134 9.42243
vt -8.16410 8.24203
vt -8.16410 8.24203
vt -7.75134 9.42243
vt -7.76938 8.22690
vt -7.76938 8.22690
vt -7.75134 9.42243
vt -7.36622 8.38769
vt -7.36622 8.38769
vt -7.75134 9.42243
vt -7.14326 8.64919
vt -7.14326 8.64919
vt -7.75134 9.42243
vt -7.20483 8.88902
vt -7.22891 9.01134
vt -7.75134 9.63692
vt -7.44699 9.14828
vt -7.44699 9.14828
vt -7.75134 9.63692
vt -7.80748 9.13039
vt -7.80748 9.13039
vt -7.75134 9.63692
vt -8.14170 8.96604
vt -8.14170 8.96604
vt -7.75134 9.63692
vt -8.29327 8.73213
vt -8.29327 8.73213
vt -7.75134 9.63692
vt -8.19126 8.53811
vt -8.19126 8.53811
vt -7.75134 9.63692
vt -7.88342 8.47477
vt -7.88342 8.47477
vt -7.75134 9.63692
vt -7.51377 8.57174
vt -7.51377 8.57174
vt -7.75134 9.63692
vt -7.25528 8.78365
vt -7.25528 8.78365
vt -7.75134 9.63692
vt -7.22891 9.01134
vt -7.32936 9.23445
vt -7.75134 9.85141
vt -7.55469 9.32448
vt -7.55469 9.32448
vt -7.75134 9.85141
vt -7.87204 9.27759
vt -7.87204 9.27759
vt -7.75134 9.85141
vt -8.13291 9.11573
vt -8.13291 9.11573
vt -7.75134 9.85141
vt -8.21524 8.91464
vt -8.21524 8.91464
vt -7.75134 9.85141
vt -8.08050 8.76839
vt -8.08050 8.76839
vt -7.75134 9.85141
vt -7.79175 8.74543
vt -7.79175 8.74543
vt -7.75134 9.85141
vt -7.48409 8.85650
vt -7.48409 8.85650
vt -7.75134 9.85141
vt -7.30148 9.04963
vt -7.30148 9.04963
vt -7.75134 9.85141
vt -7.32936 9.23445
vt -7.36890 9.28333
vt -7.75134 10.06590
vt -7.41604 9.43064
vt -7.41604 9.43064
vt -7.75134 10.06590
vt -7.62007 9.49173
vt -7.62007 9.49173
vt -7.75134 10.06590
vt -7.88552 9.43801
vt -7.88552 9.43801
vt -7.75134 10.06590
vt -8.08819 9.29461
vt -8.08819 9.29461
vt -7.75134 10.06590
vt -8.13324 9.12864
vt -8.13324 9.12864
vt -7.75134 10.06590
vt -7.99960 9.01775
vt -7.99960 9.01775
vt -7.75134 10.06590
vt -7.74980 9.01383
vt -7.74980 9.01383
vt -7.75134 10.06590
vt -7.50071 9.11872
vt -7.50071 9.11872
vt -7.75134 10.06590
vt -7.36890 9.28333
vt -7.44668 9.48595
vt -7.75134 10.28039
vt -7.47958 9.60526
vt -7.47958 9.60526
vt -7.75134 10.28039
vt -7.63963 9.65699
vt -7.63963 9.65699
vt -7.75134 10.28039
vt -7.85196 9.61695
vt -7.85196 9.61695
vt -7.75134 10.28039
vt -8.01720 9.50387
vt -8.01720 9.50387
vt -7.75134 10.28039
vt -8.05805 9.37066
vt -8.05805 9.37066
vt -7.75134 10.28039
vt -7.95538 9.27965
vt -7.95538 9.27965
vt -7.75134 10.28039
vt -7.75724 9.27343
vt -7.75724 9.27343
vt -7.75134 10.28039
vt -7.55634 9.35491
vt -7.55634 9.35491
vt -7.75134 10.28039
vt -7.44668 9.48595
vt -7.52915 9.76154
vt -7.75134 10.49488
vt -7.62587 9.81812
vt -7.62587 9.81812
vt -7.75134 10.49488
vt -7.78130 9.80789
vt -7.78130 9.80789
vt -7.75134 10.49488
vt -7.92272 9.73564
vt -7.92272 9.73564
vt -7.75134 10.49488
vt -7.98394 9.63517
vt -7.98394 9.63517
vt -7.75134 10.49488
vt -7.93633 9.55350
vt -7.93633 9.55350
vt -7.75134 10.49488
vt -7.80216 9.52884
vt -7.80216 9.52884
vt -7.75134 10.49488
vt -7.64421 9.57273
vt -7.64421 9.57273
vt -7.75134 10.49488
vt -7.53639 9.66463
vt -7.53639 9.66463
vt -7.75134 10.49488
vt -7.52915 9.76154
vt -7.59614 9.92256
vt -7.75134 10.70937
vt -7.63426 9.97440
vt -7.63426 9.97440
vt -7.75134 10.70937
vt -7.72716 9.98667
vt -7.72716 9.98667
vt -7.75134 10.70937
vt -7.83138 9.95363
vt -7.83138 9.95363
vt -7.75134 10.70937
vt -7.89815 9.89073
vt -7.89815 9.89073
vt -7.75134 10.70937
vt -7.89622 9.82742
vt -7.89622 9.82742
vt -7.75134 10.70937
vt -7.82651 9.79331
vt -7.82651 9.79331
vt -7.75134 10.70937
vt -7.72162 9.80436
vt -7.72162 9.80436
vt -7.75134 10.70937
vt -7.63064 9.85541
vt -7.63064 9.85541
vt -7.75134 10.70937
vt -7.59614 9.92256
vt -7.67508 10.12824
vt -7.75134 10.92386
vt -7.70221 10.15020
vt -7.70221 10.15020
vt -7.75134 10.92386
vt -7.75233 10.15069
vt -7.75233 10.15069
vt -7.75134 10.92386
vt -7.80198 10.12948
vt -7.80198 10.12948
vt -7.75134 10.92386
vt -7.82794 10.09651
vt -7.82794 10.09651
vt -7.75134 10.92386
vt -7.81806 10.06718
vt -7.81806 10.06718
vt -7.75134 10.92386
vt -7.77696 10.05524
vt -7.77696 10.05524
vt -7.75134 10.92386
vt -7.72387 10.06626
vt -7.72387 10.06626
vt -7.75134 10.92386
vt -7.68364 10.09509
vt -7.68364 10.09509
vt -7.75134 10.92386
vt -7.67508 10.12824
vt 6.21489 8.84384
vt 5.72632 9.33180
vt 6.00742 8.97042
vt 6.00742 8.97042
vt 5.72632 9.33180
vt 5.66841 8.95136
vt 5.66841 8.95136
vt 5.72632 9.33180
vt 5.35651 8.79558
vt 5.35651 8.79558
vt 5.72632 9.33180
vt 5.21764 8.57595
vt 5.21764 8.57595
vt 5.72632 9.33180
vt 5.31679 8.39526
vt 5.31679 8.39526
vt 5.72632 9.33180
vt 5.60757 8.33805
vt 5.60757 8.33805
vt 5.72632 9.33180
vt 5.95391 8.43109
vt 5.95391 8.43109
vt 5.72632 9.33180
vt 6.19376 8.63084
vt 6.19376 8.63084
vt 5.72632 9.33180
vt 6.21489 8.84384
vt 6.16145 8.98072
vt 5.72632 9.50785
vt 5.99699 9.10196
vt 5.99699 9.10196
vt 5.72632 9.50785
vt 5.70588 9.09838
vt 5.70588 9.09838
vt 5.72632 9.50785
vt 5.42433 8.97166
vt 5.42433 8.97166
vt 5.72632 9.50785
vt 5.28409 8.78109
vt 5.28409 8.78109
vt 5.72632 9.50785
vt 5.35077 8.61583
vt 5.35077 8.61583
vt 5.72632 9.50785
vt 5.59318 8.55323
vt 5.59318 8.55323
vt 5.72632 9.50785
vt 5.89788 8.62256
vt 5.89788 8.62256
vt 5.72632 9.50785
vt 6.12231 8.79139
vt 6.12231 8.79139
vt 5.72632 9.50785
vt 6.16145 8.98072
vt 6.04148 9.20402
vt 5.72632 9.68389
vt 5.82875 9.25267
vt 5.82875 9.25267
vt 5.72632 9.68389
vt 5.56809 9.18835
vt 5.56809 9.18835
vt 5.72632 9.68389
vt 5.38147 9.04117
vt 5.38147 9.04117
vt 5.72632 9.68389
vt 5.35621 8.87998
vt 5.35621 8.87998
vt 5.72632 9.68389
vt 5.50412 8.78021
vt 5.50412 8.78021
vt 5.72632 9.68389
vt 5.75601 8.78855
vt 5.75601 8.78855
vt 5.72632 9.68389
vt 5.99400 8.90109
vt 5.99400 8.90109
vt 5.72632 9.68389
vt 6.10675 9.06517
vt 6.10675 9.06517
vt 5.72632 9.68389
vt 6.04148 9.20402
vt 6.04112 9.27935
vt 5.72632 9.85994
vt 5.93630 9.37298
vt 5.93630 9.37298
vt 5.72632 9.85994
vt 5.73323 9.37973
vt 5.73323 9.37973
vt 5.72632 9.85994
vt 5.52693 9.29644
vt 5.52693 9.29644
vt 5.72632 9.85994
vt 5.41392 9.16207
vt 5.41392 9.16207
vt 5.72632 9.85994
vt 5.44709 9.03950
vt 5.44709 9.03950
vt 5.72632 9.85994
vt 5.61092 8.98609
vt 5.61092 8.98609
vt 5.72632 9.85994
vt 5.82874 9.02682
vt 5.82874 9.02682
vt 5.72632 9.85994
vt 5.99864 9.14263
vt 5.99864 9.14263
vt 5.72632 9.85994
vt 6.04112 9.27935
vt 5.95556 9.47594
vt 5.72632 10.03598
vt 5.83041 9.52370
vt 5.83041 9.52370
vt 5.72632 10.03598
vt 5.65656 9.49643
vt 5.65656 9.49643
vt 5.72632 10.03598
vt 5.51535 9.40688
vt 5.51535 9.40688
vt 5.72632 10.03598
vt 5.47286 9.29696
vt 5.47286 9.29696
vt 5.72632 10.03598
vt 5.54896 9.21809
vt 5.54896 9.21809
vt 5.72632 10.03598
vt 5.70805 9.20719
vt 5.70805 9.20719
vt 5.72632 10.03598
vt 5.87569 9.26935
vt 5.87569 9.26935
vt 5.72632 10.03598
vt 5.97344 9.37548
vt 5.97344 9.37548
vt 5.72632 10.03598
vt 5.95556 9.47594
vt 5.91709 9.57070
vt 5.72632 10.21203
vt 5.87977 9.63841
vt 5.87977 9.63841
vt 5.72632 10.21203
vt 5.77066 9.65978
vt 5.77066 9.65978
vt 5.72632 10.21203
vt 5.64080 9.62481
vt 5.64080 9.62481
vt 5.72632 10.21203
vt 5.55095 9.54987
vt 5.55095 9.54987
vt 5.72632 10.21203
vt 5.54317 9.47002
vt 5.54317 9.47002
vt 5.72632 10.21203
vt 5.62108 9.42262
vt 5.62108 9.42262
vt 5.72632 10.21203
vt 5.74824 9.42986
vt 5.74824 9.42986
vt 5.72632 10.21203
vt 5.86514 9.48834
vt 5.86514 9.48834
vt 5.72632 10.21203
vt 5.91709 9.57070
vt 5.84844 9.76165
vt 5.72632 10.38807
vt 5.79651 9.79326
vt 5.79651 9.79326
vt 5.72632 10.38807
vt 5.71175 9.78845
vt 5.71175 9.78845
vt 5.72632 10.38807
vt 5.63380 9.74947
vt 5.63380 9.74947
vt 5.72632 10.38807
vt 5.59915 9.69456
vt 5.59915 9.69456
vt 5.72632 10.38807
vt 5.62400 9.64942
vt 5.62400 9.64942
vt 5.72632 10.38807
vt 5.69673 9.63515
vt 5.69673 9.63515
vt 5.72632 10.38807
vt 5.78331 9.65845
vt 5.78331 9.65845
vt 5.72632 10.38807
vt 5.84322 9.70841
vt 5.84322 9.70841
vt 5.72632 10.38807
vt 5.84844 9.76165
vt 5.78839 9.91248
vt 5.72632 10.56412
vt 5.76466 9.92966
vt 5.76466 9.92966
vt 5.72632 10.56412
vt 5.72298 9.92897
vt 5.72298 9.92897
vt 5.72632 10.56412
vt 5.68287 9.91073
vt 5.68287 9.91073
vt 5.72632 10.56412
vt 5.66309 9.88348
vt 5.66309 9.88348
vt 5.72632 10.56412
vt 5.67290 9.85997
vt 5.67290 9.85997
vt 5.72632 10.56412
vt 5.70770 9.85119
vt 5.70770 9.85119
vt 5.72632 10.56412
vt 5.75121 9.86127
vt 5.75121 9.86127
vt 5.72632 10.56412
vt 5.78308 9.88547
vt 5.78308 9.88547
vt 5.72632 10.56412
vt 5.78839 9.91248
vt -4.07868 0.54795
vt -4.69115 1.21117
vt -4.24819 0.74453
vt -4.24819 0.74453
vt -4.69115 1.21117
vt -4.62496 0.78037
vt -4.62496 0.78037
vt -4.69115 1.21117
vt -5.03270 0.63869
vt -5.03270 0.63869
vt -4.69115 1.21117
vt -5.28062 0.38578
vt -5.28062 0.38578
vt -4.69115 1.21117
vt -5.25272 0.13999
vt -5.25272 0.13999
vt -4.69115 1.21117
vt -4.96206 0.01633
vt -4.96206 0.01633
vt -4.69115 1.21117
vt -4.54463 0.07265
vt -4.54463 0.07265
vt -4.69115 1.21117
vt -4.19576 0.28260
vt -4.19576 0.28260
vt -4.69115 1.21117
vt -4.07868 0.54795
vt -4.18024 0.81460
vt -4.69115 1.42321
vt -4.40624 0.94319
vt -4.40624 0.94319
vt -4.69115 1.42321
vt -4.76556 0.91729
vt -4.76556 0.91729
vt -4.69115 1.42321
vt -5.09005 0.74903
vt -5.09005 0.74903
vt -4.69115 1.42321
vt -5.22790 0.51713
vt -5.22790 0.51713
vt -4.69115 1.42321
vt -5.11459 0.33010
vt -5.11459 0.33010
vt -4.69115 1.42321
vt -4.80314 0.27546
vt -4.80314 0.27546
vt -4.69115 1.42321
vt -4.43930 0.37877
vt -4.43930 0.37877
vt -4.69115 1.42321
vt -4.19329 0.59169
vt -4.19329 0.59169
vt -4.69115 1.42321
vt -4.18024 0.81460
vt -4.24343 0.97892
vt -4.69115 1.63525
vt -4.41708 1.10182
vt -4.41708 1.10182
vt -4.69115 1.63525
vt -4.71896 1.09522
vt -4.71896 1.09522
vt -4.69115 1.63525
vt -5.00783 0.96221
vt -5.00783 0.96221
vt -4.69115 1.63525
vt -5.14852 0.76503
vt -5.14852 0.76503
vt -4.69115 1.63525
vt -5.07519 0.59595
vt -5.07519 0.59595
vt -4.69115 1.63525
vt -4.82217 0.53407
vt -4.82217 0.53407
vt -4.69115 1.63525
vt -4.50784 0.60835
vt -4.50784 0.60835
vt -4.69115 1.63525
vt -4.27928 0.78404
vt -4.27928 0.78404
vt -4.69115 1.63525
vt -4.24343 0.97892
vt -4.37539 1.23099
vt -4.69115 1.84729
vt -4.58932 1.27940
vt -4.58932 1.27940
vt -4.69115 1.84729
vt -4.85089 1.21443
vt -4.85089 1.21443
vt -4.69115 1.84729
vt -5.03772 1.06650
vt -5.03772 1.06650
vt -4.69115 1.84729
vt -5.06238 0.90481
vt -5.06238 0.90481
vt -4.69115 1.84729
vt -4.91334 0.80502
vt -4.91334 0.80502
vt -4.69115 1.84729
vt -4.66033 0.81383
vt -4.66033 0.81383
vt -4.69115 1.84729
vt -4.42174 0.92712
vt -4.42174 0.92712
vt -4.69115 1.84729
vt -4.30921 1.09186
vt -4.30921 1.09186
vt -4.69115 1.84729
vt -4.37539 1.23099
vt -4.38509 1.32409
vt -4.69115 2.05933
vt -4.47141 1.42165
vt -4.47141 1.42165
vt -4.69115 2.05933
vt -4.66054 1.43850
vt -4.66054 1.43850
vt -4.69115 2.05933
vt -4.86400 1.36674
vt -4.86400 1.36674
vt -4.69115 2.05933
vt -4.98657 1.23996
vt -4.98657 1.23996
vt -4.69115 2.05933
vt -4.97091 1.11748
vt -4.97091 1.11748
vt -4.69115 2.05933
vt -4.82435 1.05661
vt -4.82435 1.05661
vt -4.69115 2.05933
vt -4.61546 1.08583
vt -4.61546 1.08583
vt -4.69115 2.05933
vt -4.44198 1.19146
vt -4.44198 1.19146
vt -4.69115 2.05933
vt -4.38509 1.32409
vt -4.48218 1.56090
vt -4.69115 2.27137
vt -4.59312 1.60575
vt -4.59312 1.60575
vt -4.69115 2.27137
vt -4.74992 1.58296
vt -4.74992 1.58296
vt -4.69115 2.27137
vt -4.87923 1.50319
vt -4.87923 1.50319
vt -4.69115 2.27137
vt -4.92052 1.40377
vt -4.92052 1.40377
vt -4.69115 2.27137
vt -4.85449 1.33121
vt -4.85449 1.33121
vt -4.69115 2.27137
vt -4.71203 1.31947
vt -4.71203 1.31947
vt -4.69115 2.27137
vt -4.55979 1.37404
vt -4.55979 1.37404
vt -4.69115 2.27137
vt -4.46902 1.46939
vt -4.46902 1.46939
vt -4.69115 2.27137
vt -4.48218 1.56090
vt -4.55139 1.73920
vt -4.69115 2.48341
vt -4.62482 1.76952
vt -4.62482 1.76952
vt -4.69115 2.48341
vt -4.72928 1.75478
vt -4.72928 1.75478
vt -4.69115 2.48341
vt -4.81590 1.70189
vt -4.81590 1.70189
vt -4.69115 2.48341
vt -4.84415 1.63558
vt -4.84415 1.63558
vt -4.69115 2.48341
vt -4.80080 1.58689
vt -4.80080 1.58689
vt -4.69115 2.48341
vt -4.70615 1.57860
vt -4.70615 1.57860
vt -4.69115 2.48341
vt -4.60447 1.61458
vt -4.60447 1.61458
vt -4.69115 2.48341
vt -4.54335 1.67801
vt -4.54335 1.67801
vt -4.69115 2.48341
vt -4.55139 1.73920
vt -4.61990 1.91661
vt -4.69115 2.69545
vt -4.65489 1.93309
vt -4.65489 1.93309
vt -4.69115 2.69545
vt -4.70683 1.92719
vt -4.70683 1.92719
vt -4.69115 2.69545
vt -4.75144 1.90168
vt -4.75144 1.90168
vt -4.69115 2.69545
vt -4.76783 1.86848
vt -4.76783 1.86848
vt -4.69115 2.69545
vt -4.74834 1.84314
vt -4.74834 1.84314
vt -4.69115 2.69545
vt -4.70209 1.83751
vt -4.70209 1.83751
vt -4.69115 2.69545
vt -4.65071 1.85423
vt -4.65071 1.85423
vt -4.69115 2.69545
vt -4.61826 1.88547
vt -4.61826 1.88547
vt -4.69115 2.69545
vt -4.61990 1.91661
vt 12.72060 10.29720
vt 12.33008 10.68313
vt 12.54113 10.39267
vt 12.54113 10.39267
vt 12.33008 10.68313
vt 12.26291 10.36845
vt 12.26291 10.36845
vt 12.33008 10.68313
vt 12.01612 10.23586
vt 12.01612 10.23586
vt 12.33008 10.68313
vt 11.91623 10.05694
vt 11.91623 10.05694
vt 12.33008 10.68313
vt 12.01000 9.91541
vt 12.01000 9.91541
vt 12.33008 10.68313
vt 12.25353 9.87750
vt 12.25353 9.87750
vt 12.33008 10.68313
vt 12.53288 9.96094
vt 12.53288 9.96094
vt 12.33008 10.68313
vt 12.71735 10.12669
vt 12.71735 10.12669
vt 12.33008 10.68313
vt 12.72060 10.29720
vt 12.68486 10.30718
vt 12.33008 10.82610
vt 12.64856 10.44695
vt 12.64856 10.44695
vt 12.33008 10.82610
vt 12.46325 10.50852
vt 12.46325 10.50852
vt 12.33008 10.82610
vt 12.21562 10.46308
vt 12.21562 10.46308
vt 12.33008 10.82610
vt 12.02155 10.33189
vt 12.02155 10.33189
vt 12.33008 10.82610
vt 11.97185 10.17634
vt 11.97185 10.17634
vt 12.33008 10.82610
vt 12.08977 10.06921
vt 12.08977 10.06921
vt 12.33008 10.82610
vt 12.32013 10.06063
vt 12.32013 10.06063
vt 12.33008 10.82610
vt 12.55515 10.15461
vt 12.55515 10.15461
vt 12.33008 10.82610
vt 12.68486 10.30718
vt 12.63583 10.51608
vt 12.33008 10.96907
vt 12.52987 10.60529
vt 12.52987 10.60529
vt 12.33008 10.96907
vt 12.33043 10.60911
vt 12.33043 10.60911
vt 12.33008 10.96907
vt 12.13082 10.52575
vt 12.13082 10.52575
vt 12.33008 10.96907
vt 12.02445 10.39421
vt 12.02445 10.39421
vt 12.33008 10.96907
vt 12.06109 10.27605
vt 12.06109 10.27605
vt 12.33008 10.96907
vt 12.22359 10.22655
vt 12.22359 10.22655
vt 12.33008 10.96907
vt 12.43593 10.26888
vt 12.43593 10.26888
vt 12.33008 10.96907
vt 12.59873 10.38322
vt 12.59873 10.38322
vt 12.33008 10.96907
vt 12.63583 10.51608
vt 12.54495 10.69515
vt 12.33008 11.11204
vt 12.40210 10.72924
vt 12.40210 10.72924
vt 12.33008 11.11204
vt 12.22556 10.68683
vt 12.22556 10.68683
vt 12.33008 11.11204
vt 12.09792 10.58777
vt 12.09792 10.58777
vt 12.33008 11.11204
vt 12.07891 10.47842
vt 12.07891 10.47842
vt 12.33008 11.11204
vt 12.17743 10.40994
vt 12.17743 10.40994
vt 12.33008 11.11204
vt 12.34738 10.41437
vt 12.34738 10.41437
vt 12.33008 11.11204
vt 12.50923 10.48964
vt 12.50923 10.48964
vt 12.33008 11.11204
vt 12.58726 10.60053
vt 12.58726 10.60053
vt 12.33008 11.11204
vt 12.54495 10.69515
vt 12.52331 10.79182
vt 12.33008 11.25501
vt 12.43050 10.83738
vt 12.43050 10.83738
vt 12.33008 11.25501
vt 12.29070 10.82275
vt 12.29070 10.82275
vt 12.33008 11.25501
vt 12.16933 10.75477
vt 12.16933 10.75477
vt 12.33008 11.25501
vt 12.12317 10.66525
vt 12.12317 10.66525
vt 12.33008 11.25501
vt 12.17383 10.59608
vt 12.17383 10.59608
vt 12.33008 11.25501
vt 12.29760 10.57962
vt 12.29760 10.57962
vt 12.33008 11.25501
vt 12.43657 10.62357
vt 12.43657 10.62357
vt 12.33008 11.25501
vt 12.52571 10.70738
vt 12.52571 10.70738
vt 12.33008 11.25501
vt 12.52331 10.79182
vt 12.48124 10.90307
vt 12.33008 11.39799
vt 12.42324 10.94482
vt 12.42324 10.94482
vt 12.33008 11.39799
vt 12.32165 10.94301
vt 12.32165 10.94301
vt 12.33008 11.39799
vt 12.22400 10.89847
vt 12.22400 10.89847
vt 12.33008 11.39799
vt 12.17600 10.83205
vt 12.17600 10.83205
vt 12.33008 11.39799
vt 12.20009 10.77483
vt 12.20009 10.77483
vt 12.33008 11.39799
vt 12.28501 10.75358
vt 12.28501 10.75358
vt 12.33008 11.39799
vt 12.39101 10.77825
vt 12.39101 10.77825
vt 12.33008 11.39799
vt 12.46851 10.83729
vt 12.46851 10.83729
vt 12.33008 11.39799
vt 12.48124 10.90307
vt 12.41097 11.04957
vt 12.33008 11.54096
vt 12.35057 11.05963
vt 12.35057 11.05963
vt 12.33008 11.54096
vt 12.28058 11.03930
vt 12.28058 11.03930
vt 12.33008 11.54096
vt 12.23376 10.99809
vt 12.23376 10.99809
vt 12.33008 11.54096
vt 12.23201 10.95528
vt 12.23201 10.95528
vt 12.33008 11.54096
vt 12.27614 10.93091
vt 12.27614 10.93091
vt 12.33008 11.54096
vt 12.34552 10.93638
vt 12.34552 10.93638
vt 12.33008 11.54096
vt 12.40767 10.96913
vt 12.40767 10.96913
vt 12.33008 11.54096
vt 12.43352 11.01383
vt 12.43352 11.01383
vt 12.33008 11.54096
vt 12.41097 11.04957
vt 12.37258 11.16385
vt 12.33008 11.68393
vt 12.34367 11.17032
vt 12.34367 11.17032
vt 12.33008 11.68393
vt 12.30841 11.16150
vt 12.30841 11.16150
vt 12.33008 11.68393
vt 12.28328 11.14152
vt 12.28328 11.14152
vt 12.33008 11.68393
vt 12.28006 11.11973
vt 12.28006 11.11973
vt 12.33008 11.68393
vt 12.30024 11.10633
vt 12.30024 11.10633
vt 12.33008 11.68393
vt 12.33439 11.10758
vt 12.33439 11.10758
vt 12.33008 11.68393
vt 12.36652 11.12290
vt 12.36652 11.12290
vt 12.33008 11.68393
vt 12.38160 11.14513
vt 12.38160 11.14513
vt 12.33008 11.68393
vt 12.37258 11.16385
vt -1.50726 11.67954
vt -1.87368 12.04341
vt -1.66930 11.77178
vt -1.66930 11.77178
vt -1.87368 12.04341
vt -1.92698 11.75324
vt -1.92698 11.75324
vt -1.87368 12.04341
vt -2.15971 11.63259
vt -2.15971 11.63259
vt -1.87368 12.04341
vt -2.25861 11.46628
vt -2.25861 11.46628
vt -1.87368 12.04341
vt -2.17739 11.33214
vt -2.17739 11.33214
vt -1.87368 12.04341
vt -1.95406 11.29293
vt -1.95406 11.29293
vt -1.87368 12.04341
vt -1.69312 11.36699
vt -1.69312 11.36699
vt -1.87368 12.04341
vt -1.51666 11.51968
vt -1.51666 11.51968
vt -1.87368 12.04341
vt -1.50726 11.67954
vt -1.54150 11.76869
vt -1.87368 12.17647
vt -1.65583 11.86594
vt -1.65583 11.86594
vt -1.87368 12.17647
vt -1.87209 11.87061
vt -1.87209 11.87061
vt -1.87368 12.17647
vt -2.08910 11.78051
vt -2.08910 11.78051
vt -1.87368 12.17647
vt -2.20531 11.63780
vt -2.20531 11.63780
vt -1.87368 12.17647
vt -2.16634 11.50926
vt -2.16634 11.50926
vt -1.87368 12.17647
vt -1.99043 11.45503
vt -1.99043 11.45503
vt -1.87368 12.17647
vt -1.75990 11.50049
vt -1.75990 11.50049
vt -1.87368 12.17647
vt -1.58260 11.62436
vt -1.58260 11.62436
vt -1.87368 12.17647
vt -1.54150 11.76869
vt -1.62125 11.93591
vt -1.87368 12.30953
vt -1.77061 11.98367
vt -1.77061 11.98367
vt -1.87368 12.30953
vt -1.96819 11.94602
vt -1.96819 11.94602
vt -1.87368 12.30953
vt -2.12155 11.84058
vt -2.12155 11.84058
vt -1.87368 12.30953
vt -2.15892 11.71668
vt -2.15892 11.71668
vt -1.87368 12.30953
vt -2.06283 11.63230
vt -2.06283 11.63230
vt -1.87368 12.30953
vt -1.87823 11.62691
vt -1.87823 11.62691
vt -1.87368 12.30953
vt -1.69150 11.70305
vt -1.69150 11.70305
vt -1.87368 12.30953
vt -1.59001 11.82508
vt -1.59001 11.82508
vt -1.87368 12.30953
vt -1.62125 11.93591
vt -1.63399 11.96866
vt -1.87368 12.44258
vt -1.67564 12.05592
vt -1.67564 12.05592
vt -1.87368 12.44258
vt -1.80996 12.08622
vt -1.80996 12.08622
vt -1.87368 12.44258
vt -1.97409 12.04538
vt -1.97409 12.04538
vt -1.87368 12.44258
vt -2.09123 11.95252
vt -2.09123 11.95252
vt -1.87368 12.44258
vt -2.10658 11.85107
vt -2.10658 11.85107
vt -1.87368 12.44258
vt -2.01295 11.78852
vt -2.01295 11.78852
vt -1.87368 12.44258
vt -1.85415 11.79413
vt -1.85415 11.79413
vt -1.87368 12.44258
vt -1.70449 11.86527
vt -1.70449 11.86527
vt -1.87368 12.44258
vt -1.63399 11.96866
vt -1.69001 12.13874
vt -1.87368 12.57564
vt -1.77022 12.18540
vt -1.77022 12.18540
vt -1.87368 12.57564
vt -1.89884 12.17678
vt -1.89884 12.17678
vt -1.87368 12.57564
vt -2.01568 12.11690
vt -2.01568 12.11690
vt -1.87368 12.57564
vt -2.06608 12.03379
vt -2.06608 12.03379
vt -1.87368 12.57564
vt -2.02645 11.96633
vt -2.02645 11.96633
vt -1.87368 12.57564
vt -1.91534 11.94610
vt -1.91534 11.94610
vt -1.87368 12.57564
vt -1.78473 11.98255
vt -1.78473 11.98255
vt -1.87368 12.57564
vt -1.69574 12.05863
vt -1.69574 12.05863
vt -1.87368 12.57564
vt -1.69001 12.13874
vt -1.73049 12.24035
vt -1.87368 12.70870
vt -1.77622 12.28376
vt -1.77622 12.28376
vt -1.87368 12.70870
vt -1.86754 12.28812
vt -1.86754 12.28812
vt -1.87368 12.70870
vt -1.96174 12.25138
vt -1.96174 12.25138
vt -1.87368 12.70870
vt -2.01473 12.19075
vt -2.01473 12.19075
vt -1.87368 12.70870
vt -2.00172 12.13459
vt -2.00172 12.13459
vt -1.87368 12.70870
vt -1.92880 12.10917
vt -1.92880 12.10917
vt -1.87368 12.70870
vt -1.83008 12.12640
vt -1.83008 12.12640
vt -1.87368 12.70870
vt -1.75177 12.17820
vt -1.75177 12.17820
vt -1.87368 12.70870
vt -1.73049 12.24035
vt -1.77916 12.34122
vt -1.87368 12.84175
vt -1.78944 12.37820
vt -1.78944 12.37820
vt -1.87368 12.84175
vt -1.83914 12.39420
vt -1.83914 12.39420
vt -1.87368 12.84175
vt -1.90499 12.38173
vt -1.90499 12.38173
vt -1.87368 12.84175
vt -1.95620 12.34663
vt -1.95620 12.34663
vt -1.87368 12.84175
vt -1.96879 12.30532
vt -1.96879 12.30532
vt -1.87368 12.84175
vt -1.93688 12.27713
vt -1.93688 12.27713
vt -1.87368 12.84175
vt -1.87539 12.27525
vt -1.87539 12.27525
vt -1.87368 12.84175
vt -1.81310 12.30056
vt -1.81310 12.30056
vt -1.87368 12.84175
vt -1.77916 12.34122
vt -1.83164 12.48891
vt -1.87368 12.97481
vt -1.85656 12.49684
vt -1.85656 12.49684
vt -1.87368 12.97481
vt -1.88949 12.49054
vt -1.88949 12.49054
vt -1.87368 12.97481
vt -1.91502 12.47295
vt -1.91502 12.47295
vt -1.87368 12.97481
vt -1.92121 12.45230
vt -1.92121 12.45230
vt -1.87368 12.97481
vt -1.90515 12.43826
vt -1.90515 12.43826
vt -1.87368 12.97481
vt -1.87436 12.43739
vt -1.87436 12.43739
vt -1.87368 12.97481
vt -1.84326 12.45011
vt -1.84326 12.45011
vt -1.87368 12.97481
vt -1.82638 12.47045
vt -1.82638 12.47045
vt -1.87368 12.97481
vt -1.83164 12.48891
vn 0.64635 0.55970 0.51861
vn 0.16178 0.55970 0.81275
vn -0.39850 0.55970 0.72659
vn -0.77231 0.55970 0.30045
vn -0.78475 0.55970 -0.26627
vn -0.43000 0.55970 -0.70840
vn 0.12596 0.55970 -0.81907
vn 0.62297 0.55970 -0.54648
vn 0.82849 0.55970 -0.01819
vn 0.71874 0.50877 0.47388
vn 0.24598 0.50877 0.82501
vn -0.34188 0.50877 0.79011
vn -0.76976 0.50877 0.38550
vn -0.83747 0.50877 -0.19948
vn -0.51331 0.50877 -0.69113
vn 0.05103 0.50877 -0.85939
vn 0.59149 0.50877 -0.62553
vn 0.85519 0.50877 -0.09898
vn 0.79916 0.45188 0.39641
vn 0.35739 0.45188 0.81736
vn -0.25161 0.45188 0.85586
vn -0.74288 0.45188 0.49389
vn -0.88655 0.45188 -0.09917
vn -0.61539 0.45188 -0.64583
vn -0.05628 0.45188 -0.89030
vn 0.52916 0.45188 -0.71819
vn 0.86700 0.45188 -0.21003
vn 0.48630 0.38890 0.78248
vn -0.13044 0.38890 0.91200
vn -0.68614 0.38890 0.61479
vn -0.92080 0.38890 0.02991
vn -0.72460 0.38890 -0.56896
vn -0.18935 0.38890 -0.90161
vn 0.43449 0.38890 -0.81239
vn 0.85503 0.38890 -0.34304
vn 0.87550 0.38890 0.28682
vn 0.35764 0.31995 0.87734
vn -0.28998 0.31995 0.90197
vn -0.80191 0.31995 0.50455
vn -0.93862 0.31995 -0.12895
vn -0.63614 0.31995 -0.70211
vn -0.03600 0.31995 -0.94675
vn 0.58098 0.31995 -0.74839
vn 0.92612 0.31995 -0.19985
vn 0.83791 0.31995 0.44220
vn 0.57252 0.24552 0.78227
vn -0.06426 0.24552 0.96726
vn -0.67097 0.24552 0.69966
vn -0.96372 0.24552 0.10468
vn -0.80554 0.24552 -0.53928
vn -0.27044 0.24552 -0.93090
vn 0.39120 0.24552 -0.88695
vn 0.86980 0.24552 -0.42798
vn 0.94141 0.24552 0.23124
vn 0.61197 0.16649 0.77316
vn -0.02818 0.16649 0.98564
vn -0.65514 0.16649 0.73693
vn -0.97556 0.16649 0.14341
vn -0.83950 0.16649 -0.51722
vn -0.31063 0.16649 -0.93584
vn 0.36359 0.16649 -0.91656
vn 0.86768 0.16649 -0.46842
vn 0.96577 0.16649 0.19890
vn 0.38911 0.08413 0.91734
vn -0.29158 0.08413 0.95284
vn -0.83583 0.08413 0.54250
vn -0.98900 0.08413 -0.12169
vn -0.67940 0.08413 -0.72893
vn -0.05190 0.08413 -0.99510
vn 0.59988 0.08413 -0.79565
vn 0.97097 0.08413 -0.22391
vn 0.88773 0.08413 0.45260
vn 0.62739 0.55970 0.54141
vn 0.13260 0.55970 0.81802
vn -0.42424 0.55970 0.71187
vn -0.78256 0.55970 0.27263
vn -0.77472 0.55970 -0.29418
vn -0.40438 0.55970 -0.72333
vn 0.15518 0.55970 -0.81403
vn 0.64212 0.55970 -0.52384
vn 0.82861 0.55970 0.01146
vn 0.72564 0.50877 0.46324
vn 0.25811 0.50877 0.82130
vn -0.33020 0.50877 0.79506
vn -0.76400 0.50877 0.39680
vn -0.84032 0.50877 -0.18712
vn -0.52344 0.50877 -0.68349
vn 0.03836 0.50877 -0.86005
vn 0.58221 0.50877 -0.63418
vn 0.85364 0.50877 -0.11157
vn 0.54971 0.45188 0.70258
vn -0.03050 0.45188 0.89155
vn -0.59645 0.45188 0.66336
vn -0.88331 0.45188 0.12478
vn -0.75686 0.45188 -0.47219
vn -0.27627 0.45188 -0.84822
vn 0.33359 0.45188 -0.82736
vn 0.78736 0.45188 -0.41936
vn 0.87271 0.45188 0.18486
vn 0.67434 0.38890 0.62771
vn 0.11309 0.38890 0.91431
vn -0.50107 0.38890 0.77310
vn -0.88078 0.38890 0.27015
vn -0.84837 0.38890 -0.35921
vn -0.41899 0.38890 -0.82049
vn 0.20644 0.38890 -0.89785
vn 0.73527 0.38890 -0.55510
vn 0.92006 0.38890 0.04739
vn 0.32951 0.31995 0.88829
vn -0.31856 0.31995 0.89227
vn -0.81757 0.31995 0.47876
vn -0.93404 0.31995 -0.15877
vn -0.61345 0.31995 -0.72201
vn -0.00583 0.31995 -0.94742
vn 0.60452 0.31995 -0.72951
vn 0.93201 0.31995 -0.17026
vn 0.82340 0.31995 0.46866
vn 0.81117 0.24552 0.53077
vn 0.28022 0.24552 0.92800
vn -0.38185 0.24552 0.89102
vn -0.86525 0.24552 0.43711
vn -0.94379 0.24552 -0.22132
vn -0.58072 0.24552 -0.77620
vn 0.05407 0.24552 -0.96788
vn 0.66356 0.24552 -0.70668
vn 0.96257 0.24552 -0.11482
vn 0.68641 0.16649 0.70790
vn 0.07079 0.16649 0.98350
vn -0.57795 0.16649 0.79890
vn -0.95626 0.16649 0.24049
vn -0.88713 0.16649 -0.43045
vn -0.40289 0.16649 -0.89998
vn 0.26986 0.16649 -0.94840
vn 0.81634 0.16649 -0.55305
vn 0.98085 0.16649 0.10107
vn 0.74911 0.08413 0.65709
vn 0.15148 0.08413 0.98487
vn -0.51702 0.08413 0.85183
vn -0.94361 0.08413 0.32020
vn -0.92867 0.08413 -0.36125
vn -0.47919 0.08413 -0.87367
vn 0.19450 0.08413 -0.97729
vn 0.77719 0.08413 -0.62362
vn 0.99622 0.08413 0.02184
vn 0.31679 0.55970 0.76575
vn -0.24954 0.55970 0.79023
vn -0.69911 0.55970 0.44495
vn -0.82156 0.55970 -0.10853
vn -0.55959 0.55970 -0.61122
vn -0.03578 0.55970 -0.82792
vn 0.50477 0.55970 -0.65722
vn 0.80913 0.55970 -0.17900
vn 0.73489 0.55970 0.38297
vn 0.70359 0.50877 0.49610
vn 0.22010 0.50877 0.83229
vn -0.36638 0.50877 0.77905
vn -0.78143 0.50877 0.36128
vn -0.83083 0.50877 -0.22554
vn -0.49148 0.50877 -0.70682
vn 0.07784 0.50877 -0.85737
vn 0.61074 0.50877 -0.60675
vn 0.85787 0.50877 -0.07223
vn 0.22117 0.45188 0.86423
vn -0.38609 0.45188 0.80420
vn -0.81269 0.45188 0.36788
vn -0.85902 0.45188 -0.24058
vn -0.50341 0.45188 -0.73646
vn 0.08775 0.45188 -0.88775
vn 0.63786 0.45188 -0.62365
vn 0.88950 0.45188 -0.06774
vn 0.72494 0.45188 0.51987
vn 0.77967 0.38890 0.49079
vn 0.28179 0.38890 0.87713
vn -0.34794 0.38890 0.85305
vn -0.81487 0.38890 0.42982
vn -0.90051 0.38890 -0.19453
vn -0.56479 0.38890 -0.72785
vn 0.03520 0.38890 -0.92061
vn 0.61872 0.38890 -0.68260
vn 0.91273 0.38890 -0.12520
vn 0.81376 0.31995 0.48521
vn 0.31149 0.31995 0.89477
vn -0.33653 0.31995 0.88565
vn -0.82708 0.31995 0.46213
vn -0.93063 0.31995 -0.17763
vn -0.59873 0.31995 -0.73427
vn 0.01333 0.31995 -0.94734
vn 0.61915 0.31995 -0.71714
vn 0.93526 0.31995 -0.15138
vn 0.63294 0.24552 0.73424
vn 0.01290 0.24552 0.96930
vn -0.61317 0.24552 0.75082
vn -0.95234 0.24552 0.18102
vn -0.84589 0.24552 -0.47348
vn -0.34364 0.24552 -0.90644
vn 0.31940 0.24552 -0.91526
vn 0.83299 0.24552 -0.49583
vn 0.95682 0.24552 0.15561
vn 0.45105 0.16649 0.87683
vn -0.21810 0.16649 0.96162
vn -0.78519 0.16649 0.59645
vn -0.98488 0.16649 -0.04780
vn -0.72374 0.16649 -0.66969
vn -0.12395 0.16649 -0.97822
vn 0.53384 0.16649 -0.82903
vn 0.94184 0.16649 -0.29193
vn 0.90914 0.16649 0.38177
vn 0.87797 0.08413 0.47126
vn 0.36965 0.08413 0.92536
vn -0.31164 0.08413 0.94647
vn -0.84711 0.08413 0.52472
vn -0.98621 0.08413 -0.14255
vn -0.66385 0.08413 -0.74312
vn -0.03086 0.08413 -0.99598
vn 0.61656 0.08413 -0.78280
vn 0.97549 0.08413 -0.20335
vn 0.32685 0.55970 0.76151
vn -0.23911 0.55970 0.79345
vn -0.69318 0.55970 0.45412
vn -0.82291 0.55970 -0.09769
vn -0.56759 0.55970 -0.60380
vn -0.04669 0.55970 -0.82738
vn 0.49606 0.55970 -0.66382
vn 0.80670 0.55970 -0.18965
vn 0.73987 0.55970 0.37325
vn 0.50157 0.50877 0.69970
vn -0.06553 0.50877 0.85840
vn -0.60197 0.50877 0.61545
vn -0.85674 0.50877 0.08452
vn -0.71063 0.50877 -0.48595
vn -0.23201 0.50877 -0.82905
vn 0.35517 0.50877 -0.78422
vn 0.77616 0.50877 -0.37245
vn 0.83398 0.50877 0.21360
vn 0.39865 0.45188 0.79805
vn -0.20759 0.45188 0.86759
vn -0.71670 0.45188 0.53117
vn -0.89045 0.45188 -0.05378
vn -0.64756 0.45188 -0.61357
vn -0.10166 0.45188 -0.88627
vn 0.49181 0.45188 -0.74426
vn 0.85515 0.45188 -0.25401
vn 0.81836 0.45188 0.35509
vn 0.80838 0.38890 0.44190
vn 0.33521 0.38890 0.85813
vn -0.29482 0.38890 0.87284
vn -0.78689 0.38890 0.47913
vn -0.91077 0.38890 -0.13877
vn -0.60849 0.38890 -0.69174
vn -0.02149 0.38890 -0.92103
vn 0.57556 0.38890 -0.71936
vn 0.90331 0.38890 -0.18110
vn 0.84156 0.31995 0.43521
vn 0.36493 0.31995 0.87433
vn -0.28246 0.31995 0.90435
vn -0.79768 0.31995 0.51121
vn -0.93966 0.31995 -0.12113
vn -0.64196 0.31995 -0.69679
vn -0.04388 0.31995 -0.94642
vn 0.57473 0.31995 -0.75320
vn 0.92442 0.31995 -0.20756
vn 0.54449 0.24552 0.80203
vn -0.09844 0.24552 0.96438
vn -0.69530 0.24552 0.67548
vn -0.96682 0.24552 0.07052
vn -0.78596 0.24552 -0.56744
vn -0.23734 0.24552 -0.93989
vn 0.42234 0.24552 -0.87255
vn 0.88440 0.24552 -0.39694
vn 0.93264 0.24552 0.26440
vn 0.76115 0.16649 0.62684
vn 0.18015 0.16649 0.96945
vn -0.48514 0.16649 0.85844
vn -0.92343 0.16649 0.34576
vn -0.92964 0.16649 -0.32870
vn -0.50086 0.16649 -0.84936
vn 0.16228 0.16649 -0.97260
vn 0.74949 0.16649 -0.64074
vn 0.98600 0.16649 -0.00907
vn 0.65162 0.08413 0.75387
vn 0.01459 0.08413 0.99635
vn -0.62926 0.08413 0.77263
vn -0.97868 0.08413 0.18738
vn -0.87016 0.08413 -0.48554
vn -0.35448 0.08413 -0.93127
vn 0.32706 0.08413 -0.94125
vn 0.85557 0.08413 -0.51081
vn 0.98374 0.08413 0.15865
vn 0.47580 0.55970 0.67849
vn -0.07164 0.55970 0.82559
vn -0.58556 0.55970 0.58639
vn -0.82549 0.55970 0.07281
vn -0.67916 0.55970 -0.47484
vn -0.21505 0.55970 -0.80030
vn 0.34969 0.55970 -0.75130
vn 0.75080 0.55970 -0.35075
vn 0.80061 0.55970 0.21392
vn 0.54105 0.50877 0.66963
vn -0.01596 0.50877 0.86075
vn -0.56551 0.50877 0.64911
vn -0.85045 0.50877 0.13375
vn -0.73745 0.50877 -0.44420
vn -0.27940 0.50877 -0.81430
vn 0.30939 0.50877 -0.80338
vn 0.75341 0.50877 -0.41655
vn 0.84490 0.50877 0.16519
vn 0.26246 0.45188 0.85259
vn -0.34698 0.45188 0.82183
vn -0.79407 0.45188 0.40652
vn -0.86960 0.45188 -0.19900
vn -0.53823 0.45188 -0.71141
vn 0.04497 0.45188 -0.89094
vn 0.60714 0.45188 -0.65359
vn 0.88522 0.45188 -0.11042
vn 0.74909 0.45188 0.48442
vn 0.62605 0.38890 0.67589
vn 0.04513 0.38890 0.92017
vn -0.55690 0.38890 0.73390
vn -0.89836 0.38890 0.20423
vn -0.81946 0.38890 -0.42100
vn -0.35713 0.38890 -0.84925
vn 0.27231 0.38890 -0.88012
vn 0.77433 0.38890 -0.49917
vn 0.91403 0.38890 0.11534
vn 0.41051 0.31995 0.85388
vn -0.23439 0.31995 0.91798
vn -0.76962 0.31995 0.55255
vn -0.94474 0.31995 -0.07142
vn -0.67780 0.31995 -0.66198
vn -0.09371 0.31995 -0.94279
vn 0.53422 0.31995 -0.78246
vn 0.91219 0.31995 -0.25600
vn 0.86334 0.31995 0.39024
vn 0.79388 0.24552 0.55630
vn 0.25057 0.24552 0.93645
vn -0.40999 0.24552 0.87842
vn -0.87871 0.24552 0.40937
vn -0.93627 0.24552 -0.25123
vn -0.55574 0.24552 -0.79427
vn 0.08483 0.24552 -0.96567
vn 0.68571 0.24552 -0.68522
vn 0.96573 0.24552 -0.08415
vn 0.56552 0.16649 0.80775
vn -0.08600 0.16649 0.98229
vn -0.69728 0.16649 0.69720
vn -0.98230 0.16649 0.08588
vn -0.80768 0.16649 -0.56562
vn -0.25515 0.16649 -0.95246
vn 0.41677 0.16649 -0.89363
vn 0.89368 0.16649 -0.41667
vn 0.95243 0.16649 0.25526
vn 0.62116 0.08413 0.77916
vn -0.02500 0.08413 0.99614
vn -0.65946 0.08413 0.74702
vn -0.98535 0.08413 0.14836
vn -0.85018 0.08413 -0.51972
vn -0.31721 0.08413 -0.94462
vn 0.36419 0.08413 -0.92752
vn 0.87518 0.08413 -0.47642
vn 0.97667 0.08413 0.19760
vn 0.61346 0.55970 0.55713
vn 0.11183 0.55970 0.82111
vn -0.44214 0.55970 0.70089
vn -0.78922 0.55970 0.25271
vn -0.76702 0.55970 -0.31371
vn -0.38592 0.55970 -0.73335
vn 0.17576 0.55970 -0.80984
vn 0.65519 0.55970 -0.50740
vn 0.82806 0.55970 0.03246
vn 0.47643 0.50877 0.71705
vn -0.09595 0.50877 0.85554
vn -0.62343 0.50877 0.59371
vn -0.85920 0.50877 0.05408
vn -0.69294 0.50877 -0.51086
vn -0.20245 0.50877 -0.83676
vn 0.38277 0.50877 -0.77113
vn 0.78889 0.50877 -0.34468
vn 0.82588 0.50877 0.24305
vn 0.55045 0.45188 0.70200
vn -0.02956 0.45188 0.89159
vn -0.59575 0.45188 0.66399
vn -0.88318 0.45188 0.12571
vn -0.75735 0.45188 -0.47140
vn -0.27716 0.45188 -0.84793
vn 0.33272 0.45188 -0.82771
vn 0.78692 0.45188 -0.42019
vn 0.87291 0.45188 0.18394
vn 0.26870 0.38890 0.88123
vn -0.36061 0.38890 0.84777
vn -0.82118 0.38890 0.41764
vn -0.89751 0.38890 -0.20791
vn -0.55389 0.38890 -0.73618
vn 0.04890 0.38890 -0.91998
vn 0.62882 0.38890 -0.67331
vn 0.91450 0.38890 -0.11159
vn 0.77228 0.38890 0.50234
vn 0.69615 0.31995 0.64266
vn 0.12018 0.31995 0.93978
vn -0.51201 0.31995 0.79717
vn -0.90463 0.31995 0.28155
vn -0.87397 0.31995 -0.36581
vn -0.43436 0.31995 -0.84200
vn 0.20849 0.31995 -0.92421
vn 0.75378 0.31995 -0.57397
vn 0.94637 0.31995 0.04483
vn 0.43662 0.24552 0.86549
vn -0.22186 0.24552 0.94366
vn -0.77653 0.24552 0.58028
vn -0.96785 0.24552 -0.05462
vn -0.70631 0.24552 -0.66396
vn -0.11428 0.24552 -0.96263
vn 0.53123 0.24552 -0.81087
vn 0.92816 0.24552 -0.27970
vn 0.89080 0.24552 0.38235
vn 0.45033 0.16649 0.87720
vn -0.21888 0.16649 0.96144
vn -0.78568 0.16649 0.59581
vn -0.98484 0.16649 -0.04861
vn -0.72319 0.16649 -0.67028
vn -0.12315 0.16649 -0.97832
vn 0.53452 0.16649 -0.82860
vn 0.94207 0.16649 -0.29116
vn 0.90883 0.16649 0.38251
vn 0.49469 0.08413 0.86499
vn -0.17704 0.08413 0.98060
vn -0.76594 0.08413 0.63738
vn -0.99645 0.08413 -0.00407
vn -0.76070 0.08413 -0.64363
vn -0.16902 0.08413 -0.98202
vn 0.50175 0.08413 -0.86091
vn 0.93775 0.08413 -0.33698
vn 0.93496 0.08413 0.34463
vn 0.44188 0.55970 0.70105
vn -0.11212 0.55970 0.82107
vn -0.61367 0.55970 0.55691
vn -0.82807 0.55970 0.03216
vn -0.65501 0.55970 -0.50764
vn -0.17546 0.55970 -0.80990
vn 0.38618 0.55970 -0.73321
vn 0.76713 0.55970 -0.31344
vn 0.78913 0.55970 0.25300
vn 0.76802 0.50877 0.38897
vn 0.33831 0.50877 0.79164
vn -0.24970 0.50877 0.82389
vn -0.72087 0.50877 0.47064
vn -0.85474 0.50877 -0.10284
vn -0.58866 0.50877 -0.62819
vn -0.04715 0.50877 -0.85961
vn 0.51643 0.50877 -0.68880
vn 0.83836 0.50877 -0.19570
vn 0.59260 0.45188 0.66680
vn 0.02535 0.45188 0.89172
vn -0.55376 0.45188 0.69939
vn -0.87377 0.45188 0.17981
vn -0.78492 0.45188 -0.42390
vn -0.32881 0.45188 -0.82927
vn 0.28116 0.45188 -0.84661
vn 0.75957 0.45188 -0.46781
vn 0.88257 0.45188 0.12988
vn 0.28058 0.38890 0.87752
vn -0.34912 0.38890 0.85257
vn -0.81546 0.38890 0.42869
vn -0.90024 0.38890 -0.19577
vn -0.56378 0.38890 -0.72863
vn 0.03647 0.38890 -0.92056
vn 0.61966 0.38890 -0.68174
vn 0.91291 0.38890 -0.12393
vn 0.77899 0.38890 0.49187
vn 0.48221 0.31995 0.81554
vn -0.15483 0.31995 0.93470
vn -0.71942 0.31995 0.61650
vn -0.94738 0.31995 0.00983
vn -0.73206 0.31995 -0.60143
vn -0.17419 0.31995 -0.93128
vn 0.46518 0.31995 -0.82537
vn 0.88689 0.31995 -0.33326
vn 0.89361 0.31995 0.31478
vn 0.60279 0.24552 0.75919
vn -0.02624 0.24552 0.96904
vn -0.64298 0.24552 0.72546
vn -0.95887 0.24552 0.14243
vn -0.82609 0.24552 -0.50724
vn -0.30678 0.24552 -0.91957
vn 0.35608 0.24552 -0.90162
vn 0.85233 0.24552 -0.46180
vn 0.94976 0.24552 0.19411
vn 0.22156 0.16649 0.96083
vn -0.44789 0.16649 0.87845
vn -0.90776 0.16649 0.38504
vn -0.94288 0.16649 -0.28854
vn -0.53682 0.16649 -0.82711
vn 0.12043 0.16649 -0.97866
vn 0.72132 0.16649 -0.67229
vn 0.98470 0.16649 -0.05135
vn 0.78733 0.16649 0.59362
vn 0.28789 0.08413 0.95396
vn -0.39265 0.08413 0.91583
vn -0.88948 0.08413 0.44917
vn -0.97010 0.08413 -0.22766
vn -0.59681 0.08413 -0.79796
vn 0.05574 0.08413 -0.99489
vn 0.68221 0.08413 -0.72630
vn 0.98946 0.08413 -0.11787
vn 0.83373 0.08413 0.54572
vn 0.45872 0.55970 0.69015
vn -0.09222 0.55970 0.82355
vn -0.60001 0.55970 0.57160
vn -0.82705 0.55970 0.05219
vn -0.66710 0.55970 -0.49164
vn -0.19501 0.55970 -0.80542
vn 0.36833 0.55970 -0.74234
vn 0.75932 0.55970 -0.33191
vn 0.79502 0.55970 0.23382
vn 0.57420 0.50877 0.64144
vn 0.02756 0.50877 0.86046
vn -0.53198 0.50877 0.67686
vn -0.84260 0.50877 0.17656
vn -0.75896 0.50877 -0.40636
vn -0.32019 0.50877 -0.79914
vn 0.26840 0.50877 -0.81799
vn 0.73140 0.50877 -0.45410
vn 0.85217 0.50877 0.12228
vn 0.34092 0.45188 0.82436
vn -0.26873 0.45188 0.85064
vn -0.75264 0.45188 0.47889
vn -0.88438 0.45188 -0.11694
vn -0.60231 0.45188 -0.65805
vn -0.03841 0.45188 -0.89125
vn 0.54346 0.45188 -0.70743
vn 0.87104 0.45188 -0.19259
vn 0.79105 0.45188 0.41236
vn 0.77189 0.38890 0.50293
vn 0.26802 0.38890 0.88143
vn -0.36126 0.38890 0.84750
vn -0.82150 0.38890 0.41701
vn -0.89735 0.38890 -0.20860
vn -0.55333 0.38890 -0.73661
vn 0.04961 0.38890 -0.91994
vn 0.62933 0.38890 -0.67283
vn 0.91458 0.38890 -0.11089
vn 0.53059 0.31995 0.78492
vn -0.09808 0.31995 0.94234
vn -0.68086 0.31995 0.65883
vn -0.94506 0.31995 0.06704
vn -0.76705 0.31995 -0.55611
vn -0.23013 0.31995 -0.91906
vn 0.41447 0.31995 -0.85197
vn 0.86513 0.31995 -0.38623
vn 0.91100 0.31995 0.26023
vn 0.67338 0.24552 0.69733
vn 0.06760 0.24552 0.96703
vn -0.56981 0.24552 0.78424
vn -0.94060 0.24552 0.23450
vn -0.87127 0.24552 -0.42497
vn -0.39427 0.24552 -0.88559
vn 0.26722 0.24552 -0.93183
vn 0.80367 0.24552 -0.54206
vn 0.96408 0.24552 0.10135
vn 0.87531 0.16649 0.45400
vn 0.37870 0.16649 0.91042
vn -0.29511 0.16649 0.94085
vn -0.83083 0.16649 0.53104
vn -0.97780 0.16649 -0.12725
vn -0.66724 0.16649 -0.72599
vn -0.04448 0.16649 -0.98504
vn 0.59910 0.16649 -0.78317
vn 0.96235 0.16649 -0.21485
vn 0.37947 0.08413 0.92137
vn -0.30155 0.08413 0.94973
vn -0.84148 0.08413 0.53370
vn -0.98767 0.08413 -0.13205
vn -0.67172 0.08413 -0.73602
vn -0.04146 0.08413 -0.99559
vn 0.60819 0.08413 -0.78932
vn 0.97327 0.08413 -0.21371
vn 0.88294 0.08413 0.46189
f 1/1/1 2/2/1 3/3/1
f 4/4/2 5/5/2 6/6/2
f 7/7/3 8/8/3 9/9/3
f 10/10/4 11/11/4 12/12/4
f 13/13/5 14/14/5 15/15/5
f 16/16/6 17/17/6 18/18/6
f 19/19/7 20/20/7 21/21/7
f 22/22/8 23/23/8 24/24/8
f 25/25/9 26/26/9 27/27/9
f 28/28/10 29/29/10 30/30/10
f 31/31/11 32/32/11 33/33/11
f 34/34/12 35/35/12 36/36/12
f 37/37/13 38/38/13 39/39/13
f 40/40/14 41/41/14 42/42/14
f 43/43/15 44/44/15 45/45/15
f 46/46/16 47/47/16 48/48/16
f 49/49/17 50/50/17 51/51/17
f 52/52/18 53/53/18 54/54/18
f 55/55/19 56/56/19 57/57/19
f 58/58/20 59/59/20 60/60/20
f 61/61/21 62/62/21 63/63/21
f 64/64/22 65/65/22 66/66/22
f 67/67/23 68/68/23 69/69/23
f 70/70/24 71/71/24 72/72/24
f 73/73/25 74/74/25 75/75/25
f 76/76/26 77/77/26 78/78/26
f 79/79/27 80/80/27 81/81/27
f 82/82/28 83/83/28 84/84/28
f 85/85/29 86/86/29 87/87/29
f 88/88/30 89/89/30 90/90/30
f 91/91/31 92/92/31 93/93/31
f 94/94/32 95/95/32 96/96/32
f 97/97/33 98/98/33 99/99/33
f 100/100/34 101/101/34 102/102/34
f 103/103/35 104/104/35 105/105/35
f 106/106/36 107/107/36 108/108/36
f 109/109/37 110/110/37 111/111/37
f 112/112/38 113/113/38 114/114/38
f 115/115/39 116/116/39 117/117/39
f 118/118/40 119/119/40 120/120/40
f 121/121/41 122/122/41 123/123/41
f 124/124/42 125/125/42 126/126/42
f 127/127/43 128/128/43 129/129/43
f 130/130/44 131/131/44 132/132/44
f 133/133/45 134/134/45 135/135/45
f 136/136/46 137/137/46 138/138/46
f 139/139/47 140/140/47 141/141/47
f 142/142/48 143/143/48 144/144/48
f 145/145/49 146/146/49 147/147/49
f 148/148/50 149/149/50 150/150/50
f 151/151/51 152/152/51 153/153/51
f 154/154/52 155/155/52 156/156/52
f 157/157/53 158/158/53 159/159/53
f 160/160/54 161/161/54 162/162/54
f 163/163/55 164/164/55 165/165/55
f 166/166/56 167/167/56 168/168/56
f 169/169/57 170/170/57 171/171/57
f 172/172/58 173/173/58 174/174/58
f 175/175/59 176/176/59 177/177/59
f 178/178/60 179/179/60 180/180/60
f 181/181/61 182/182/61 183/183/61
f 184/184/62 185/185/62 186/186/62
f 187/187/63 188/188/63 189/189/63
f 190/190/64 191/191/64 192/192/64
f 193/193/65 194/194/65 195/195/65
f 196/196/66 197/197/66 198/198/66
f 199/199/67 200/200/67 201/201/67
f 202/202/68 203/203/68 204/204/68
f 205/205/69 206/206/69 207/207/69
f 208/208/70 209/209/70 210/210/70
f 211/211/71 212/212/71 213/213/71
f 214/214/72 215/215/72 216/216/72
f 217/217/73 218/218/73 219/219/73
f 220/220/74 221/221/74 222/222/74
f 223/223/75 224/224/75 225/225/75
f 226/226/76 227/227/76 228/228/76
f 229/229/77 230/230/77 231/231/77
f 232/232/78 233/233/78 234/234/78
f 235/235/79 236/236/79 237/237/79
f 238/238/80 239/239/80 240/240/80
f 241/241/81 242/242/81 243/243/81
f 244/244/82 245/245/82 246/246/82
f 247/247/83 248/248/83 249/249/83
f 250/250/84 251/251/84 252/252/84
f 253/253/85 254/254/85 255/255/85
f 256/256/86 257/257/86 258/258/86
f 259/259/87 260/260/87 261/261/87
f 262/262/88 263/263/88 264/264/88
f 265/265/89 266/266/89 267/267/89
f 268/268/90 269/269/90 270/270/90
f 271/271/91 272/272/91 273/273/91
f 274/274/92 275/275/92 276/276/92
f 277/277/93 278/278/93 279/279/93
f 280/280/94 281/281/94 282/282/94
f 283/283/95 284/284/95 285/285/95
f 286/286/96 287/287/96 288/288/96
f 289/289/97 290/290/97 291/291/97
f 292/292/98 293/293/98 294/294/98
f 295/295/99 296/296/99 297/297/99
f 298/298/100 299/299/100 300/300/100
f 301/301/101 302/302/101 303/303/101
f 304/304/102 305/305/102 306/306/102
f 307/307/103 308/308/103 309/309/103
f 310/310/104 311/311/104 312/312/104
f 313/313/105 314/314/105 315/315/105
f 316/316/106 317/317/106 318/318/106
f 319/319/107 320/320/107 321/321/107
f 322/322/108 323/323/108 324/324/108
f 325/325/109 326/326/109 327/327/109
f 328/328/110 329/329/110 330/330/110
f 331/331/111 332/332/111 333/333/111
f 334/334/112 335/335/112 336/336/112
f 337/337/113 338/338/113 339/339/113
f 340/340/114 341/341/114 342/342/114
f 343/343/115 344/344/115 345/345/115
f 346/346/116 347/347/116 348/348/116
f 349/349/117 350/350/117 351/351/117
f 352/352/118 353/353/118 354/354/118
f 355/355/119 356/356/119 357/357/119
f 358/358/120 359/359/120 360/360/120
f 361/361/121 362/362/121 363/363/121
f 364/364/122 365/365/122 366/366/122
f 367/367/123 368/368/123 369/369/123
f 370/370/124 371/371/124 372/372/124
f 373/373/125 374/374/125 375/375/125
f 376/376/126 377/377/126 378/378/126
f 379/379/127 380/380/127 381/381/127
f 382/382/128 383/383/128 384/384/128
f 385/385/129 386/386/129 387/387/129
f 388/388/130 389/389/130 390/390/130
f 391/391/131 392/392/131 393/393/131
f 394/394/132 395/395/132 396/396/132
f 397/397/133 398/398/133 399/399/133
f 400/400/134 401/401/134 402/402/134
f 403/403/135 404/404/135 405/405/135
f 406/406/136 407/407/136 408/408/136
f 409/409/137 410/410/137 411/411/137
f 412/412/138 413/413/138 414/414/138
f 415/415/139 416/416/139 417/417/139
f 418/418/140 419/419/140 420/420/140
f 421/421/141 422/422/141 423/423/141
f 424/424/142 425/425/142 426/426/142
f 427/427/143 428/428/143 429/429/143
f 430/430/144 431/431/144 432/432/144
f 433/433/145 434/434/145 435/435/145
f 436/436/146 437/437/146 438/438/146
f 439/439/147 440/440/147 441/441/147
f 442/442/148 443/443/148 444/444/148
f 445/445/149 446/446/149 447/447/149
f 448/448/150 449/449/150 450/450/150
f 451/451/151 452/452/151 453/453/151
f 454/454/152 455/455/152 456/456/152
f 457/457/153 458/458/153 459/459/153
f 460/460/154 461/461/154 462/462/154
f 463/463/155 464/464/155 465/465/155
f 466/466/156 467/467/156 468/468/156
f 469/469/157 470/470/157 471/471/157
f 472/472/158 473/473/158 474/474/158
f 475/475/159 476/476/159 477/477/159
f 478/478/160 479/479/160 480/480/160
f 481/481/161 482/482/161 483/483/161
f 484/484/162 485/485/162 486/486/162
f 487/487/163 488/488/163 489/489/163
f 490/490/164 491/491/164 492/492/164
f 493/493/165 494/494/165 495/495/165
f 496/496/166 497/497/166 498/498/166
f 499/499/167 500/500/167 501/501/167
f 502/502/168 503/503/168 504/504/168
f 505/505/169 506/506/169 507/507/169
f 508/508/170 509/509/170 510/510/170
f 511/511/171 512/512/171 513/513/171
f 514/514/172 515/515/172 516/516/172
f 517/517/173 518/518/173 519/519/173
f 520/520/174 521/521/174 522/522/174
f 523/523/175 524/524/175 525/525/175
f 526/526/176 527/527/176 528/528/176
f 529/529/177 530/530/177 531/531/177
f 532/532/178 533/533/178 534/534/178
f 535/535/179 536/536/179 537/537/179
f 538/538/180 539/539/180 540/540/180
f 541/541/181 542/542/181 543/543/181
f 544/544/182 545/545/182 546/546/182
f 547/547/183 548/548/183 549/549/183
f 550/550/184 551/551/184 552/552/184
f 553/553/185 554/554/185 555/555/185
f 556/556/186 557/557/186 558/558/186
f 559/559/187 560/560/187 561/561/187
f 562/562/188 563/563/188 564/564/188
f 565/565/189 566/566/189 567/567/189
f 568/568/190 569/569/190 570/570/190
f 571/571/191 572/572/191 573/573/191
f 574/574/192 575/575/192 576/576/192
f 577/577/193 578/578/193 579/579/193
f 580/580/194 581/581/194 582/582/194
f 583/583/195 584/584/195 585/585/195
f 586/586/196 587/587/196 588/588/196
f 589/589/197 590/590/197 591/591/197
f 592/592/198 593/593/198 594/594/198
f 595/595/199 596/596/199 597/597/199
f 598/598/200 599/599/200 600/600/200
f 601/601/201 602/602/201 603/603/201
f 604/604/202 605/605/202 606/606/202
f 607/607/203 608/608/203 609/609/203
f 610/610/204 611/611/204 612/612/204
f 613/613/205 614/614/205 615/615/205
f 616/616/206 617/617/206 618/618/206
f 619/619/207 620/620/207 621/621/207
f 622/622/208 623/623/208 624/624/208
f 625/625/209 626/626/209 627/627/209
f 628/628/210 629/629/210 630/630/210
f 631/631/211 632/632/211 633/633/211
f 634/634/212 635/635/212 636/636/212
f 637/637/213 638/638/213 639/639/213
f 640/640/214 641/641/214 642/642/214
f 643/643/215 644/644/215 645/645/215
f 646/646/216 647/647/216 648/648/216
f 649/649/217 650/650/217 651/651/217
f 652/652/218 653/653/218 654/654/218
f 655/655/219 656/656/219 657/657/219
f 658/658/220 659/659/220 660/660/220
f 661/661/221 662/662/221 663/663/221
f 664/664/222 665/665/222 666/666/222
f 667/667/223 668/668/223 669/669/223
f 670/670/224 671/671/224 672/672/224
f 673/673/225 674/674/225 675/675/225
f 676/676/226 677/677/226 678/678/226
f 679/679/227 680/680/227 681/681/227
f 682/682/228 683/683/228 684/684/228
f 685/685/229 686/686/229 687/687/229
f 688/688/230 689/689/230 690/690/230
f 691/691/231 692/692/231 693/693/231
f 694/694/232 695/695/232 696/696/232
f 697/697/233 698/698/233 699/699/233
f 700/700/234 701/701/234 702/702/234
f 703/703/235 704/704/235 705/705/235
f 706/706/236 707/707/236 708/708/236
f 709/709/237 710/710/237 711/711/237
f 712/712/238 713/713/238 714/714/238
f 715/715/239 716/716/239 717/717/239
f 718/718/240 719/719/240 720/720/240
f 721/721/241 722/722/241 723/723/241
f 724/724/242 725/725/242 726/726/242
f 727/727/243 728/728/243 729/729/243
f 730/730/244 731/731/244 732/732/244
f 733/733/245 734/734/245 735/735/245
f 736/736/246 737/737/246 738/738/246
f 739/739/247 740/740/247 741/741/247
f 742/742/248 743/743/248 744/744/248
f 745/745/249 746/746/249 747/747/249
f 748/748/250 749/749/250 750/750/250
f 751/751/251 752/752/251 753/753/251
f 754/754/252 755/755/252 756/756/252
f 757/757/253 758/758/253 759/759/253
f 760/760/254 761/761/254 762/762/254
f 763/763/255 764/764/255 765/765/255
f 766/766/256 767/767/256 768/768/256
f 769/769/257 770/770/257 771/771/257
f 772/772/258 773/773/258 774/774/258
f 775/775/259 776/776/259 777/777/259
f 778/778/260 779/779/260 780/780/260
f 781/781/261 782/782/261 783/783/261
f 784/784/262 785/785/262 786/786/262
f 787/787/263 788/788/263 789/789/263
f 790/790/264 791/791/264 792/792/264
f 793/793/265 794/794/265 795/795/265
f 796/796/266 797/797/266 798/798/266
f 799/799/267 800/800/267 801/801/267
f 802/802/268 803/803/268 804/804/268
f 805/805/269 806/806/269 807/807/269
f 808/808/270 809/809/270 810/810/270
f 811/811/271 812/812/271 813/813/271
f 814/814/272 815/815/272 816/816/272
f 817/817/273 818/818/273 819/819/273
f 820/820/274 821/821/274 822/822/274
f 823/823/275 824/824/275 825/825/275
f 826/826/276 827/827/276 828/828/276
f 829/829/277 830/830/277 831/831/277
f 832/832/278 833/833/278 834/834/278
f 835/835/279 836/836/279 837/837/279
f 838/838/280 839/839/280 840/840/280
f 841/841/281 842/842/281 843/843/281
f 844/844/282 845/845/282 846/846/282
f 847/847/283 848/848/283 849/849/283
f 850/850/284 851/851/284 852/852/284
f 853/853/285 854/854/285 855/855/285
f 856/856/286 857/857/286 858/858/286
f 859/859/287 860/860/287 861/861/287
f 862/862/288 863/863/288 864/864/288
f 865/865/289 866/866/289 867/867/289
f 868/868/290 869/869/290 870/870/290
f 871/871/291 872/872/291 873/873/291
f 874/874/292 875/875/292 876/876/292
f 877/877/293 878/878/293 879/879/293
f 880/880/294 881/881/294 882/882/294
f 883/883/295 884/884/295 885/885/295
f 886/886/296 887/887/296 888/888/296
f 889/889/297 890/890/297 891/891/297
f 892/892/298 893/893/298 894/894/298
f 895/895/299 896/896/299 897/897/299
f 898/898/300 899/899/300 900/900/300
f 901/901/301 902/902/301 903/903/301
f 904/904/302 905/905/302 906/906/302
f 907/907/303 908/908/303 909/909/303
f 910/910/304 911/911/304 912/912/304
f 913/913/305 914/914/305 915/915/305
f 916/916/306 917/917/306 918/918/306
f 919/919/307 920/920/307 921/921/307
f 922/922/308 923/923/308 924/924/308
f 925/925/309 926/926/309 927/927/309
f 928/928/310 929/929/310 930/930/310
f 931/931/311 932/932/311 933/933/311
f 934/934/312 935/935/312 936/936/312
f 937/937/313 938/938/313 939/939/313
f 940/940/314 941/941/314 942/942/314
f 943/943/315 944/944/315 945/945/315
f 946/946/316 947/947/316 948/948/316
f 949/949/317 950/950/317 951/951/317
f 952/952/318 953/953/318 954/954/318
f 955/955/319 956/956/319 957/957/319
f 958/958/320 959/959/320 960/960/320
f 961/961/321 962/962/321 963/963/321
f 964/964/322 965/965/322 966/966/322
f 967/967/323 968/968/323 969/969/323
f 970/970/324 971/971/324 972/972/324
f 973/973/325 974/974/325 975/975/325
f 976/976/326 977/977/326 978/978/326
f 979/979/327 980/980/327 981/981/327
f 982/982/328 983/983/328 984/984/328
f 985/985/329 986/986/329 987/987/329
f 988/988/330 989/989/330 990/990/330
f 991/991/331 992/992/331 993/993/331
f 994/994/332 995/995/332 996/996/332
f 997/997/333 998/998/333 999/999/333
f 1000/1000/334 1001/1001/334 1002/1002/334
f 1003/1003/335 1004/1004/335 1005/1005/335
f 1006/1006/336 1007/1007/336 1008/1008/336
f 1009/1009/337 1010/1010/337 1011/1011/337
f 1012/1012/338 1013/1013/338 1014/1014/338
f 1015/1015/339 1016/1016/339 1017/1017/339
f 1018/1018/340 1019/1019/340 1020/1020/340
f 1021/1021/341 1022/1022/341 1023/1023/341
f 1024/1024/342 1025/1025/342 1026/1026/342
f 1027/1027/343 1028/1028/343 1029/1029/343
f 1030/1030/344 1031/1031/344 1032/1032/344
f 1033/1033/345 1034/1034/345 1035/1035/345
f 1036/1036/346 1037/1037/346 1038/1038/346
f 1039/1039/347 1040/1040/347 1041/1041/347
f 1042/1042/348 1043/1043/348 1044/1044/348
f 1045/1045/349 1046/1046/349 1047/1047/349
f 1048/1048/350 1049/1049/350 1050/1050/350
f 1051/1051/351 1052/1052/351 1053/1053/351
f 1054/1054/352 1055/1055/352 1056/1056/352
f 1057/1057/353 1058/1058/353 1059/1059/353
f 1060/1060/354 1061/1061/354 1062/1062/354
f 1063/1063/355 1064/1064/355 1065/1065/355
f 1066/1066/356 1067/1067/356 1068/1068/356
f 1069/1069/357 1070/1070/357 1071/1071/357
f 1072/1072/358 1073/1073/358 1074/1074/358
f 1075/1075/359 1076/1076/359 1077/1077/359
f 1078/1078/360 1079/1079/360 1080/1080/360
f 1081/1081/361 1082/1082/361 1083/1083/361
f 1084/1084/362 1085/1085/362 1086/1086/362
f 1087/1087/363 1088/1088/363 1089/1089/363
f 1090/1090/364 1091/1091/364 1092/1092/364
f 1093/1093/365 1094/1094/365 1095/1095/365
f 1096/1096/366 1097/1097/366 1098/1098/366
f 1099/1099/367 1100/1100/367 1101/1101/367
f 1102/1102/368 1103/1103/368 1104/1104/368
f 1105/1105/369 1106/1106/369 1107/1107/369
f 1108/1108/370 1109/1109/370 1110/1110/370
f 1111/1111/371 1112/1112/371 1113/1113/371
f 1114/1114/372 1115/1115/372 1116/1116/372
f 1117/1117/373 1118/1118/373 1119/1119/373
f 1120/1120/374 1121/1121/374 1122/1122/374
f 1123/1123/375 1124/1124/375 1125/1125/375
f 1126/1126/376 1127/1127/376 1128/1128/376
f 1129/1129/377 1130/1130/377 1131/1131/377
f 1132/1132/378 1133/1133/378 1134/1134/378
f 1135/1135/379 1136/1136/379 1137/1137/379
f 1138/1138/380 1139/1139/380 1140/1140/380
f 1141/1141/381 1142/1142/381 1143/1143/381
f 1144/1144/382 1145/1145/382 1146/1146/382
f 1147/1147/383 1148/1148/383 1149/1149/383
f 1150/1150/384 1151/1151/384 1152/1152/384
f 1153/1153/385 1154/1154/385 1155/1155/385
f 1156/1156/386 1157/1157/386 1158/1158/386
f 1159/1159/387 1160/1160/387 1161/1161/387
f 1162/1162/388 1163/1163/388 1164/1164/388
f 1165/1165/389 1166/1166/389 1167/1167/389
f 1168/1168/390 1169/1169/390 1170/1170/390
f 1171/1171/391 1172/1172/391 1173/1173/391
f 1174/1174/392 1175/1175/392 1176/1176/392
f 1177/1177/393 1178/1178/393 1179/1179/393
f 1180/1180/394 1181/1181/394 1182/1182/394
f 1183/1183/395 1184/1184/395 1185/1185/395
f 1186/1186/396 1187/1187/396 1188/1188/396
f 1189/1189/397 1190/1190/397 1191/1191/397
f 1192/1192/398 1193/1193/398 1194/1194/398
f 1195/1195/399 1196/1196/399 1197/1197/399
f 1198/1198/400 1199/1199/400 1200/1200/400
f 1201/1201/401 1202/1202/401 1203/1203/401
f 1204/1204/402 1205/1205/402 1206/1206/402
f 1207/1207/403 1208/1208/403 1209/1209/403
f 1210/1210/404 1211/1211/404 1212/1212/404
f 1213/1213/405 1214/1214/405 1215/1215/405
f 1216/1216/406 1217/1217/406 1218/1218/406
f 1219/1219/407 1220/1220/407 1221/1221/407
f 1222/1222/408 1223/1223/408 1224/1224/408
f 1225/1225/409 1226/1226/409 1227/1227/409
f 1228/1228/410 1229/1229/410 1230/1230/410
f 1231/1231/411 1232/1232/411 1233/1233/411
f 1234/1234/412 1235/1235/412 1236/1236/412
f 1237/1237/413 1238/1238/413 1239/1239/413
f 1240/1240/414 1241/1241/414 1242/1242/414
f 1243/1243/415 1244/1244/415 1245/1245/415
f 1246/1246/416 1247/1247/416 1248/1248/416
f 1249/1249/417 1250/1250/417 1251/1251/417
f 1252/1252/418 1253/1253/418 1254/1254/418
f 1255/1255/419 1256/1256/419 1257/1257/419
f 1258/1258/420 1259/1259/420 1260/1260/420
f 1261/1261/421 1262/1262/421 1263/1263/421
f 1264/1264/422 1265/1265/422 1266/1266/422
f 1267/1267/423 1268/1268/423 1269/1269/423
f 1270/1270/424 1271/1271/424 1272/1272/424
f 1273/1273/425 1274/1274/425 1275/1275/425
f 1276/1276/426 1277/1277/426 1278/1278/426
f 1279/1279/427 1280/1280/427 1281/1281/427
f 1282/1282/428 1283/1283/428 1284/1284/428
f 1285/1285/429 1286/1286/429 1287/1287/429
f 1288/1288/430 1289/1289/430 1290/1290/430
f 1291/1291/431 1292/1292/431 1293/1293/431
f 1294/1294/432 1295/1295/432 1296/1296/432
f 1297/1297/433 1298/1298/433 1299/1299/433
f 1300/1300/434 1301/1301/434 1302/1302/434
f 1303/1303/435 1304/1304/435 1305/1305/435
f 1306/1306/436 1307/1307/436 1308/1308/436
f 1309/1309/437 1310/1310/437 1311/1311/437
f 1312/1312/438 1313/1313/438 1314/1314/438
f 1315/1315/439 1316/1316/439 1317/1317/439
f 1318/1318/440 1319/1319/440 1320/1320/440
f 1321/1321/441 1322/1322/441 1323/1323/441
f 1324/1324/442 1325/1325/442 1326/1326/442
f 1327/1327/443 1328/1328/443 1329/1329/443
f 1330/1330/444 1331/1331/444 1332/1332/444
f 1333/1333/445 1334/1334/445 1335/1335/445
f 1336/1336/446 1337/1337/446 1338/1338/446
f 1339/1339/447 1340/1340/447 1341/1341/447
f 1342/1342/448 1343/1343/448 1344/1344/448
f 1345/1345/449 1346/1346/449 1347/1347/449
f 1348/1348/450 1349/1349/450 1350/1350/450
f 1351/1351/451 1352/1352/451 1353/1353/451
f 1354/1354/452 1355/1355/452 1356/1356/452
f 1357/1357/453 1358/1358/453 1359/1359/453
f 1360/1360/454 1361/1361/454 1362/1362/454
f 1363/1363/455 1364/1364/455 1365/1365/455
f 1366/1366/456 1367/1367/456 1368/1368/456
f 1369/1369/457 1370/1370/457 1371/1371/457
f 1372/1372/458 1373/1373/458 1374/1374/458
f 1375/1375/459 1376/1376/459 1377/1377/459
f 1378/1378/460 1379/1379/460 1380/1380/460
f 1381/1381/461 1382/1382/461 1383/1383/461
f 1384/1384/462 1385/1385/462 1386/1386/462
f 1387/1387/463 1388/1388/463 1389/1389/463
f 1390/1390/464 1391/1391/464 1392/1392/464
f 1393/1393/465 1394/1394/465 1395/1395/465
f 1396/1396/466 1397/1397/466 1398/1398/466
f 1399/1399/467 1400/1400/467 1401/1401/467
f 1402/1402/468 1403/1403/468 1404/1404/468
f 1405/1405/469 1406/1406/469 1407/1407/469
f 1408/1408/470 1409/1409/470 1410/1410/470
f 1411/1411/471 1412/1412/471 1413/1413/471
f 1414/1414/472 1415/1415/472 1416/1416/472
f 1417/1417/473 1418/1418/473 1419/1419/473
f 1420/1420/474 1421/1421/474 1422/1422/474
f 1423/1423/475 1424/1424/475 1425/1425/475
f 1426/1426/476 1427/1427/476 1428/1428/476
f 1429/1429/477 1430/1430/477 1431/1431/477
f 1432/1432/478 1433/1433/478 1434/1434/478
f 1435/1435/479 1436/1436/479 1437/1437/479
f 1438/1438/480 1439/1439/480 1440/1440/480
f 1441/1441/481 1442/1442/481 1443/1443/481
f 1444/1444/482 1445/1445/482 1446/1446/482
f 1447/1447/483 1448/1448/483 1449/1449/483
f 1450/1450/484 1451/1451/484 1452/1452/484
f 1453/1453/485 1454/1454/485 1455/1455/485
f 1456/1456/486 1457/1457/486 1458/1458/486
f 1459/1459/487 1460/1460/487 1461/1461/487
f 1462/1462/488 1463/1463/488 1464/1464/488
f 1465/1465/489 1466/1466/489 1467/1467/489
f 1468/1468/490 1469/1469/490 1470/1470/490
f 1471/1471/491 1472/1472/491 1473/1473/491
f 1474/1474/492 1475/1475/492 1476/1476/492
f 1477/1477/493 1478/1478/493 1479/1479/493
f 1480/1480/494 1481/1481/494 1482/1482/494
f 1483/1483/495 1484/1484/495 1485/1485/495
f 1486/1486/496 1487/1487/496 1488/1488/496
f 1489/1489/497 1490/1490/497 1491/1491/497
f 1492/1492/498 1493/1493/498 1494/1494/498
f 1495/1495/499 1496/1496/499 1497/1497/499
f 1498/1498/500 1499/1499/500 1500/1500/500
f 1501/1501/501 1502/1502/501 1503/1503/501
f 1504/1504/502 1505/1505/502 1506/1506/502
f 1507/1507/503 1508/1508/503 1509/1509/503
f 1510/1510/504 1511/1511/504 1512/1512/504
f 1513/1513/505 1514/1514/505 1515/1515/505
f 1516/1516/506 1517/1517/506 1518/1518/506
f 1519/1519/507 1520/1520/507 1521/1521/507
f 1522/1522/508 1523/1523/508 1524/1524/508
f 1525/1525/509 1526/1526/509 1527/1527/509
f 1528/1528/510 1529/1529/510 1530/1530/510
f 1531/1531/511 1532/1532/511 1533/1533/511
f 1534/1534/512 1535/1535/512 1536/1536/512
f 1537/1537/513 1538/1538/513 1539/1539/513
f 1540/1540/514 1541/1541/514 1542/1542/514
f 1543/1543/515 1544/1544/515 1545/1545/515
f 1546/1546/516 1547/1547/516 1548/1548/516
f 1549/1549/517 1550/1550/517 1551/1551/517
f 1552/1552/518 1553/1553/518 1554/1554/518
f 1555/1555/519 1556/1556/519 1557/1557/519
f 1558/1558/520 1559/1559/520 1560/1560/520
f 1561/1561/521 1562/1562/521 1563/1563/521
f 1564/1564/522 1565/1565/522 1566/1566/522
f 1567/1567/523 1568/1568/523 1569/1569/523
f 1570/1570/524 1571/1571/524 1572/1572/524
f 1573/1573/525 1574/1574/525 1575/1575/525
f 1576/1576/526 1577/1577/526 1578/1578/526
f 1579/1579/527 1580/1580/527 1581/1581/527
f 1582/1582/528 1583/1583/528 1584/1584/528
f 1585/1585/529 1586/1586/529 1587/1587/529
f 1588/1588/530 1589/1589/530 1590/1590/530
f 1591/1591/531 1592/1592/531 1593/1593/531
f 1594/1594/532 1595/1595/532 1596/1596/532
f 1597/1597/533 1598/1598/533 1599/1599/533
f 1600/1600/534 1601/1601/534 1602/1602/534
f 1603/1603/535 1604/1604/535 1605/1605/535
f 1606/1606/536 1607/1607/536 1608/1608/536
f 1609/1609/537 1610/1610/537 1611/1611/537
f 1612/1612/538 1613/1613/538 1614/1614/538
f 1615/1615/539 1616/1616/539 1617/1617/539
f 1618/1618/540 1619/1619/540 1620/1620/540
f 1621/1621/541 1622/1622/541 1623/1623/541
f 1624/1624/542 1625/1625/542 1626/1626/542
f 1627/1627/543 1628/1628/543 1629/1629/543
f 1630/1630/544 1631/1631/544 1632/1632/544
f 1633/1633/545 1634/1634/545 1635/1635/545
f 1636/1636/546 1637/1637/546 1638/1638/546
f 1639/1639/547 1640/1640/547 1641/1641/547
f 1642/1642/548 1643/1643/548 1644/1644/548
f 1645/1645/549 1646/1646/549 1647/1647/549
f 1648/1648/550 1649/1649/550 1650/1650/550
f 1651/1651/551 1652/1652/551 1653/1653/551
f 1654/1654/552 1655/1655/552 1656/1656/552
f 1657/1657/553 1658/1658/553 1659/1659/553
f 1660/1660/554 1661/1661/554 1662/1662/554
f 1663/1663/555 1664/1664/555 1665/1665/555
f 1666/1666/556 1667/1667/556 1668/1668/556
f 1669/1669/557 1670/1670/557 1671/1671/557
f 1672/1672/558 1673/1673/558 1674/1674/558
f 1675/1675/559 1676/1676/559 1677/1677/559
f 1678/1678/560 1679/1679/560 1680/1680/560
f 1681/1681/561 1682/1682/561 1683/1683/561
f 1684/1684/562 1685/1685/562 1686/1686/562
f 1687/1687/563 1688/1688/563 1689/1689/563
f 1690/1690/564 1691/1691/564 1692/1692/564
f 1693/1693/565 1694/1694/565 1695/1695/565
f 1696/1696/566 1697/1697/566 1698/1698/566
f 1699/1699/567 1700/1700/567 1701/1701/567
f 1702/1702/568 1703/1703/568 1704/1704/568
f 1705/1705/569 1706/1706/569 1707/1707/569
f 1708/1708/570 1709/1709/570 1710/1710/570
f 1711/1711/571 1712/1712/571 1713/1713/571
f 1714/1714/572 1715/1715/572 1716/1716/572
f 1717/1717/573 1718/1718/573 1719/1719/573
f 1720/1720/574 1721/1721/574 1722/1722/574
f 1723/1723/575 1724/1724/575 1725/1725/575
f 1726/1726/576 1727/1727/576 1728/1728/576