v 24.11462 1.83290 -5.71008
v 23.32601 3.64464 -6.74631
v 23.26404 1.83290 -5.44560
v 23.26404 1.83290 -5.44560
v 23.32601 3.64464 -6.74631
v 22.44246 1.83290 -5.78974
v 22.44246 1.83290 -5.78974
v 23.32601 3.64464 -6.74631
v 22.03431 1.83290 -6.58147
v 22.03431 1.83290 -6.58147
v 23.32601 3.64464 -6.74631
v 22.23055 1.83290 -7.45033
v 22.23055 1.83290 -7.45033
v 23.32601 3.64464 -6.74631
v 22.93938 1.83290 -7.98977
v 22.93938 1.83290 -7.98977
v 23.32601 3.64464 -6.74631
v 23.82911 1.83290 -7.94738
v 23.82911 1.83290 -7.94738
v 23.32601 3.64464 -6.74631
v 24.48344 1.83290 -7.34299
v 24.48344 1.83290 -7.34299
v 23.32601 3.64464 -6.74631
v 24.59620 1.83290 -6.45941
v 24.59620 1.83290 -6.45941
v 23.32601 3.64464 -6.74631
v 24.11462 1.83290 -5.71008
v 24.40508 2.30707 -6.38044
v 23.32601 4.11880 -6.74631
v 23.91745 2.30707 -5.77242
v 23.91745 2.30707 -5.77242
v 23.32601 4.11880 -6.74631
v 23.15308 2.30707 -5.62010
v 23.15308 2.30707 -5.62010
v 23.32601 4.11880 -6.74631
v 22.46963 2.30707 -5.99474
v 22.46963 2.30707 -5.99474
v 23.32601 4.11880 -6.74631
v 22.18688 2.30707 -6.72105
v 22.18688 2.30707 -6.72105
v 23.32601 4.11880 -6.74631
v 22.43715 2.30707 -7.45917
v 22.43715 2.30707 -7.45917
v 23.32601 4.11880 -6.74631
v 23.10333 2.30707 -7.86374
v 23.10333 2.30707 -7.86374
v 23.32601 4.11880 -6.74631
v 23.87370 2.30707 -7.74545
v 23.87370 2.30707 -7.74545
v 23.32601 4.11880 -6.74631
v 24.38780 2.30707 -7.15965
v 24.38780 2.30707 -7.15965
v 23.32601 4.11880 -6.74631
v 24.40508 2.30707 -6.38044
v 24.15604 2.78123 -6.23165
v 23.32601 4.59296 -6.74631
v 23.63103 2.78123 -5.81852
v 23.63103 2.78123 -5.81852
v 23.32601 4.59296 -6.74631
v 22.96330 2.78123 -5.83952
v 22.96330 2.78123 -5.83952
v 23.32601 4.59296 -6.74631
v 22.46529 2.78123 -6.28482
v 22.46529 2.78123 -6.28482
v 23.32601 4.59296 -6.74631
v 22.37002 2.78123 -6.94605
v 22.37002 2.78123 -6.94605
v 23.32601 4.59296 -6.74631
v 22.72207 2.78123 -7.51382
v 22.72207 2.78123 -7.51382
v 23.32601 4.59296 -6.74631
v 23.35671 2.78123 -7.72246
v 23.35671 2.78123 -7.72246
v 23.32601 4.59296 -6.74631
v 23.97699 2.78123 -7.47435
v 23.97699 2.78123 -7.47435
v 23.32601 4.59296 -6.74631
v 24.29267 2.78123 -6.88558
v 24.29267 2.78123 -6.88558
v 23.32601 4.59296 -6.74631
v 24.15604 2.78123 -6.23165
v 24.03076 3.25540 -6.33923
v 23.32601 5.06713 -6.74631
v 23.60421 3.25540 -5.98147
v 23.60421 3.25540 -5.98147
v 23.32601 5.06713 -6.74631
v 23.04750 3.25540 -5.98158
v 23.04750 3.25540 -5.98158
v 23.32601 5.06713 -6.74631
v 22.62110 3.25540 -6.33952
v 22.62110 3.25540 -6.33952
v 23.32601 5.06713 -6.74631
v 22.52454 3.25540 -6.88780
v 22.52454 3.25540 -6.88780
v 23.32601 5.06713 -6.74631
v 22.80300 3.25540 -7.36987
v 22.80300 3.25540 -7.36987
v 23.32601 5.06713 -6.74631
v 23.32618 3.25540 -7.56017
v 23.32618 3.25540 -7.56017
v 23.32601 5.06713 -6.74631
v 23.84928 3.25540 -7.36966
v 23.84928 3.25540 -7.36966
v 23.32601 5.06713 -6.74631
v 24.12754 3.25540 -6.88747
v 24.12754 3.25540 -6.88747
v 23.32601 5.06713 -6.74631
v 24.03076 3.25540 -6.33923
v 23.86719 3.72956 -6.38431
v 23.32601 5.54129 -6.74631
v 23.50790 3.72956 -6.12114
v 23.50790 3.72956 -6.12114
v 23.32601 5.54129 -6.74631
v 23.06349 3.72956 -6.15049
v 23.06349 3.72956 -6.15049
v 23.32601 5.54129 -6.74631
v 22.74192 3.72956 -6.45863
v 22.74192 3.72956 -6.45863
v 23.32601 5.54129 -6.74631
v 22.69366 3.72956 -6.90138
v 22.69366 3.72956 -6.90138
v 23.32601 5.54129 -6.74631
v 22.94128 3.72956 -7.27157
v 22.94128 3.72956 -7.27157
v 23.32601 5.54129 -6.74631
v 23.36892 3.72956 -7.39598
v 23.36892 3.72956 -7.39598
v 23.32601 5.54129 -6.74631
v 23.77648 3.72956 -7.21641
v 23.77648 3.72956 -7.21641
v 23.32601 5.54129 -6.74631
v 23.97327 3.72956 -6.81687
v 23.97327 3.72956 -6.81687
v 23.32601 5.54129 -6.74631
v 23.86719 3.72956 -6.38431
v 23.64261 4.20372 -6.37453
v 23.32601 6.01546 -6.74631
v 23.32957 4.20372 -6.25800
v 23.32957 4.20372 -6.25800
v 23.32601 6.01546 -6.74631
v 23.01486 4.20372 -6.36996
v 23.01486 4.20372 -6.36996
v 23.32601 6.01546 -6.74631
v 22.84574 4.20372 -6.65801
v 22.84574 4.20372 -6.65801
v 23.32601 6.01546 -6.74631
v 22.90135 4.20372 -6.98738
v 22.90135 4.20372 -6.98738
v 23.32601 6.01546 -6.74631
v 23.15566 4.20372 -7.20395
v 23.15566 4.20372 -7.20395
v 23.32601 6.01546 -6.74631
v 23.48968 4.20372 -7.20638
v 23.48968 4.20372 -7.20638
v 23.32601 6.01546 -6.74631
v 23.74712 4.20372 -6.99354
v 23.74712 4.20372 -6.99354
v 23.32601 6.01546 -6.74631
v 23.80752 4.20372 -6.66502
v 23.80752 4.20372 -6.66502
v 23.32601 6.01546 -6.74631
v 23.64261 4.20372 -6.37453
v 23.62197 4.67789 -6.61071
v 23.32601 6.48962 -6.74631
v 23.46557 4.67789 -6.45220
v 23.46557 4.67789 -6.45220
v 23.32601 6.48962 -6.74631
v 23.24387 4.67789 -6.43130
v 23.24387 4.67789 -6.43130
v 23.32601 6.48962 -6.74631
v 23.06060 4.67789 -6.55780
v 23.06060 4.67789 -6.55780
v 23.32601 6.48962 -6.74631
v 23.00152 4.67789 -6.77250
v 23.00152 4.67789 -6.77250
v 23.32601 6.48962 -6.74631
v 23.09427 4.67789 -6.97495
v 23.09427 4.67789 -6.97495
v 23.32601 6.48962 -6.74631
v 23.29546 4.67789 -7.07042
v 23.29546 4.67789 -7.07042
v 23.32601 6.48962 -6.74631
v 23.51094 4.67789 -7.01423
v 23.51094 4.67789 -7.01423
v 23.32601 6.48962 -6.74631
v 23.63989 4.67789 -6.83268
v 23.63989 4.67789 -6.83268
v 23.32601 6.48962 -6.74631
v 23.62197 4.67789 -6.61071
v 23.48657 5.15205 -6.71952
v 23.32601 6.96378 -6.74631
v 23.43179 5.15205 -6.62259
v 23.43179 5.15205 -6.62259
v 23.32601 6.96378 -6.74631
v 23.32751 5.15205 -6.58354
v 23.32751 5.15205 -6.58354
v 23.32601 6.96378 -6.74631
v 23.22254 5.15205 -6.62066
v 23.22254 5.15205 -6.62066
v 23.32601 6.96378 -6.74631
v 23.16598 5.15205 -6.71657
v 23.16598 5.15205 -6.71657
v 23.32601 6.96378 -6.74631
v 23.18430 5.15205 -6.82639
v 23.18430 5.15205 -6.82639
v 23.32601 6.96378 -6.74631
v 23.26893 5.15205 -6.89874
v 23.26893 5.15205 -6.89874
v 23.32601 6.96378 -6.74631
v 23.38027 5.15205 -6.89977
v 23.38027 5.15205 -6.89977
v 23.32601 6.96378 -6.74631
v 23.46622 5.15205 -6.82899
v 23.46622 5.15205 -6.82899
v 23.32601 6.96378 -6.74631
v 23.48657 5.15205 -6.71952
v -10.46927 2.99843 2.50601
v -11.63525 5.16899 1.46950
v -11.40831 2.99843 3.01299
v -11.40831 2.99843 3.01299
v -11.63525 5.16899 1.46950
v -12.45355 2.99843 2.79776
v -12.45355 2.99843 2.79776
v -11.63525 5.16899 1.46950
v -13.11589 2.99843 1.96101
v -13.11589 2.99843 1.96101
v -11.63525 5.16899 1.46950
v -13.08543 2.99843 0.89429
v -13.08543 2.99843 0.89429
v -11.63525 5.16899 1.46950
v -12.37641 2.99843 0.09670
v -12.37641 2.99843 0.09670
v -11.63525 5.16899 1.46950
v -11.32060 2.99843 -0.05853
v -11.32060 2.99843 -0.05853
v -11.63525 5.16899 1.46950
v -10.41202 2.99843 0.50121
v -10.41202 2.99843 0.50121
v -11.63525 5.16899 1.46950
v -10.07580 2.99843 1.51403
v -10.07580 2.99843 1.51403
v -11.63525 5.16899 1.46950
v -10.46927 2.99843 2.50601
v -10.62690 3.56651 2.38963
v -11.63525 5.73707 1.46950
v -11.45426 3.56651 2.82252
v -11.45426 3.56651 2.82252
v -11.63525 5.73707 1.46950
v -12.36631 3.56651 2.62231
v -12.36631 3.56651 2.62231
v -11.63525 5.73707 1.46950
v -12.93629 3.56651 1.88269
v -12.93629 3.56651 1.88269
v -11.63525 5.73707 1.46950
v -12.89750 3.56651 0.94973
v -12.89750 3.56651 0.94973
v -11.63525 5.73707 1.46950
v -12.26809 3.56651 0.25997
v -12.26809 3.56651 0.25997
v -11.63525 5.73707 1.46950
v -11.34257 3.56651 0.13616
v -11.34257 3.56651 0.13616
v -11.63525 5.73707 1.46950
v -10.55400 3.56651 0.63624
v -10.55400 3.56651 0.63624
v -11.63525 5.73707 1.46950
v -10.27135 3.56651 1.52620
v -10.27135 3.56651 1.52620
v -11.63525 5.73707 1.46950
v -10.62690 3.56651 2.38963
v -10.61676 4.13458 2.04546
v -11.63525 6.30514 1.46950
v -11.22526 4.13458 2.56538
v -11.22526 4.13458 2.56538
v -11.63525 6.30514 1.46950
v -12.02560 4.13458 2.57253
v -12.02560 4.13458 2.57253
v -11.63525 6.30514 1.46950
v -12.64330 4.13458 2.06356
v -12.64330 4.13458 2.06356
v -11.63525 6.30514 1.46950
v -12.78931 4.13458 1.27661
v -12.78931 4.13458 1.27661
v -11.63525 6.30514 1.46950
v -12.39533 4.13458 0.57993
v -12.39533 4.13458 0.57993
v -11.63525 6.30514 1.46950
v -11.64570 4.13458 0.29948
v -11.64570 4.13458 0.29948
v -11.63525 6.30514 1.46950
v -10.89118 4.13458 0.56649
v -10.89118 4.13458 0.56649
v -11.63525 6.30514 1.46950
v -10.48482 4.13458 1.25603
v -10.48482 4.13458 1.25603
v -11.63525 6.30514 1.46950
v -10.61676 4.13458 2.04546
v -11.07629 4.70266 2.26843
v -11.63525 6.87322 1.46950
v -11.72061 4.70266 2.44081
v -11.72061 4.70266 2.44081
v -11.63525 6.87322 1.46950
v -12.32499 4.70266 2.15870
v -12.32499 4.70266 2.15870
v -11.63525 6.87322 1.46950
v -12.60663 4.70266 1.55410
v -12.60663 4.70266 1.55410
v -11.63525 6.87322 1.46950
v -12.43376 4.70266 0.90992
v -12.43376 4.70266 0.90992
v -11.63525 6.87322 1.46950
v -11.88725 4.70266 0.52757
v -11.88725 4.70266 0.52757
v -11.63525 6.87322 1.46950
v -11.22284 4.70266 0.58595
v -11.22284 4.70266 0.58595
v -11.63525 6.87322 1.46950
v -10.75139 4.70266 1.05776
v -10.75139 4.70266 1.05776
v -11.63525 6.87322 1.46950
v -10.69352 4.70266 1.72222
v -10.69352 4.70266 1.72222
v -11.63525 6.87322 1.46950
v -11.07629 4.70266 2.26843
v -10.87346 5.27074 1.63724
v -11.63525 7.44129 1.46950
v -11.15951 5.27074 2.08767
v -11.15951 5.27074 2.08767
v -11.63525 7.44129 1.46950
v -11.66817 5.27074 2.24884
v -11.66817 5.27074 2.24884
v -11.63525 7.44129 1.46950
v -12.16143 5.27074 2.04535
v -12.16143 5.27074 2.04535
v -11.63525 7.44129 1.46950
v -12.40848 5.27074 1.57241
v -12.40848 5.27074 1.57241
v -11.63525 7.44129 1.46950
v -12.29373 5.27074 1.05131
v -12.29373 5.27074 1.05131
v -11.63525 7.44129 1.46950
v -11.87087 5.27074 0.72589
v -11.87087 5.27074 0.72589
v -11.63525 7.44129 1.46950
v -11.33777 5.27074 0.74840
v -11.33777 5.27074 0.74840
v -11.63525 7.44129 1.46950
v -10.94386 5.27074 1.10833
v -10.94386 5.27074 1.10833
v -11.63525 7.44129 1.46950
v -10.87346 5.27074 1.63724
v -11.05041 5.83881 1.48459
v -11.63525 8.00937 1.46950
v -11.19695 5.83881 1.85699
v -11.19695 5.83881 1.85699
v -11.63525 8.00937 1.46950
v -11.54857 5.83881 2.04807
v -11.54857 5.83881 2.04807
v -11.63525 8.00937 1.46950
v -11.94075 5.83881 1.96843
v -11.94075 5.83881 1.96843
v -11.63525 8.00937 1.46950
v -12.18999 5.83881 1.65533
v -12.18999 5.83881 1.65533
v -11.63525 8.00937 1.46950
v -12.17966 5.83881 1.25528
v -12.17966 5.83881 1.25528
v -11.63525 8.00937 1.46950
v -11.91460 5.83881 0.95546
v -11.91460 5.83881 0.95546
v -11.63525 8.00937 1.46950
v -11.51883 5.83881 0.89616
v -11.51883 5.83881 0.89616
v -11.63525 8.00937 1.46950
v -11.17754 5.83881 1.10513
v -11.17754 5.83881 1.10513
v -11.63525 8.00937 1.46950
v -11.05041 5.83881 1.48459
v -11.28245 6.40689 1.63577
v -11.63525 8.57745 1.46950
v -11.47187 6.40689 1.82365
v -11.47187 6.40689 1.82365
v -11.63525 8.57745 1.46950
v -11.73774 6.40689 1.84581
v -11.73774 6.40689 1.84581
v -11.63525 8.57745 1.46950
v -11.95565 6.40689 1.69190
v -11.95565 6.40689 1.69190
v -11.63525 8.57745 1.46950
v -12.02365 6.40689 1.43392
v -12.02365 6.40689 1.43392
v -11.63525 8.57745 1.46950
v -11.90991 6.40689 1.19258
v -11.90991 6.40689 1.19258
v -11.63525 8.57745 1.46950
v -11.66766 6.40689 1.08082
v -11.66766 6.40689 1.08082
v -11.63525 8.57745 1.46950
v -11.41024 6.40689 1.15092
v -11.41024 6.40689 1.15092
v -11.63525 8.57745 1.46950
v -11.25811 6.40689 1.37009
v -11.25811 6.40689 1.37009
v -11.63525 8.57745 1.46950
v -11.28245 6.40689 1.63577
v -11.52012 6.97496 1.62689
v -11.63525 9.14552 1.46950
v -11.64823 6.97496 1.66407
v -11.64823 6.97496 1.66407
v -11.63525 9.14552 1.46950
v -11.77027 6.97496 1.61021
v -11.77027 6.97496 1.61021
v -11.63525 9.14552 1.46950
v -11.82913 6.97496 1.49050
v -11.82913 6.97496 1.49050
v -11.63525 9.14552 1.46950
v -11.79727 6.97496 1.36096
v -11.79727 6.97496 1.36096
v -11.63525 9.14552 1.46950
v -11.68961 6.97496 1.28221
v -11.68961 6.97496 1.28221
v -11.63525 9.14552 1.46950
v -11.55651 6.97496 1.29109
v -11.55651 6.97496 1.29109
v -11.63525 9.14552 1.46950
v -11.46025 6.97496 1.38345
v -11.46025 6.97496 1.38345
v -11.63525 9.14552 1.46950
v -11.44588 6.97496 1.51607
v -11.44588 6.97496 1.51607
v -11.63525 9.14552 1.46950
v -11.52012 6.97496 1.62689
v -9.06022 2.08109 -14.89475
v -10.32986 4.51240 -16.09549
v -10.12908 2.08109 -14.35956
v -10.12908 2.08109 -14.35956
v -10.32986 4.51240 -16.09549
v -11.29189 2.08109 -14.63662
v -11.29189 2.08109 -14.63662
v -10.32986 4.51240 -16.09549
v -12.00456 2.08109 -15.59631
v -12.00456 2.08109 -15.59631
v -10.32986 4.51240 -16.09549
v -11.93362 2.08109 -16.78957
v -11.93362 2.08109 -16.78957
v -10.32986 4.51240 -16.09549
v -11.11227 2.08109 -17.65806
v -11.11227 2.08109 -17.65806
v -10.32986 4.51240 -16.09549
v -9.92482 2.08109 -17.79540
v -9.92482 2.08109 -17.79540
v -10.32986 4.51240 -16.09549
v -8.92690 2.08109 -17.13734
v -8.92690 2.08109 -17.13734
v -10.32986 4.51240 -16.09549
v -8.58544 2.08109 -15.99178
v -8.58544 2.08109 -15.99178
v -10.32986 4.51240 -16.09549
v -9.06022 2.08109 -14.89475
v -8.80126 2.71741 -16.05800
v -10.32986 5.14872 -16.09549
v -9.18298 2.71741 -15.08420
v -9.18298 2.71741 -15.08420
v -10.32986 5.14872 -16.09549
v -10.10134 2.71741 -14.58359
v -10.10134 2.71741 -14.58359
v -10.32986 5.14872 -16.09549
v -11.12663 2.71741 -14.79042
v -11.12663 2.71741 -14.79042
v -10.32986 5.14872 -16.09549
v -11.77911 2.71741 -15.60790
v -11.77911 2.71741 -15.60790
v -10.32986 5.14872 -16.09549
v -11.75347 2.71741 -16.65353
v -11.75347 2.71741 -16.65353
v -10.32986 5.14872 -16.09549
v -11.06171 2.71741 -17.43804
v -11.06171 2.71741 -17.43804
v -10.32986 5.14872 -16.09549
v -10.02751 2.71741 -17.59436
v -10.02751 2.71741 -17.59436
v -10.32986 5.14872 -16.09549
v -9.13479 2.71741 -17.04934
v -9.13479 2.71741 -17.04934
v -10.32986 5.14872 -16.09549
v -8.80126 2.71741 -16.05800
v -9.11073 3.35373 -15.61438
v -10.32986 5.78505 -16.09549
v -9.70521 3.35373 -14.94329
v -9.70521 3.35373 -14.94329
v -10.32986 5.78505 -16.09549
v -10.59197 3.35373 -14.81133
v -10.59197 3.35373 -14.81133
v -10.32986 5.78505 -16.09549
v -11.35608 3.35373 -15.28024
v -11.35608 3.35373 -15.28024
v -10.32986 5.78505 -16.09549
v -11.64002 3.35373 -16.13062
v -11.64002 3.35373 -16.13062
v -10.32986 5.78505 -16.09549
v -11.31093 3.35373 -16.96455
v -11.31093 3.35373 -16.96455
v -10.32986 5.78505 -16.09549
v -10.52278 3.35373 -17.39184
v -10.52278 3.35373 -17.39184
v -10.32986 5.78505 -16.09549
v -9.64436 3.35373 -17.21255
v -9.64436 3.35373 -17.21255
v -10.32986 5.78505 -16.09549
v -9.08670 3.35373 -16.51058
v -9.08670 3.35373 -16.51058
v -10.32986 5.78505 -16.09549
v -9.11073 3.35373 -15.61438
v -9.33833 3.99005 -15.63752
v -10.32986 6.42137 -16.09549
v -9.86468 3.99005 -15.10732
v -9.86468 3.99005 -15.10732
v -10.32986 6.42137 -16.09549
v -10.60870 3.99005 -15.03949
v -10.60870 3.99005 -15.03949
v -10.32986 6.42137 -16.09549
v -11.22225 3.99005 -15.46578
v -11.22225 3.99005 -15.46578
v -10.32986 6.42137 -16.09549
v -11.41824 3.99005 -16.18671
v -11.41824 3.99005 -16.18671
v -10.32986 6.42137 -16.09549
v -11.10497 3.99005 -16.86496
v -11.10497 3.99005 -16.86496
v -10.32986 6.42137 -16.09549
v -10.42902 3.99005 -17.18317
v -10.42902 3.99005 -17.18317
v -10.32986 6.42137 -16.09549
v -9.70667 3.99005 -16.99244
v -9.70667 3.99005 -16.99244
v -10.32986 6.42137 -16.09549
v -9.27593 3.99005 -16.38201
v -9.27593 3.99005 -16.38201
v -10.32986 6.42137 -16.09549
v -9.33833 3.99005 -15.63752
v -9.45621 4.62637 -16.08216
v -10.32986 7.05769 -16.09549
v -9.66918 4.62637 -15.52370
v -9.66918 4.62637 -15.52370
v -10.32986 7.05769 -16.09549
v -10.19128 4.62637 -15.23279
v -10.19128 4.62637 -15.23279
v -10.32986 7.05769 -16.09549
v -10.77823 4.62637 -15.34555
v -10.77823 4.62637 -15.34555
v -10.32986 7.05769 -16.09549
v -11.15539 4.62637 -15.80921
v -11.15539 4.62637 -15.80921
v -10.32986 7.05769 -16.09549
v -11.14627 4.62637 -16.40682
v -11.14627 4.62637 -16.40682
v -10.32986 7.05769 -16.09549
v -10.75515 4.62637 -16.85876
v -10.75515 4.62637 -16.85876
v -10.32986 7.05769 -16.09549
v -10.16503 4.62637 -16.95355
v -10.16503 4.62637 -16.95355
v -10.32986 7.05769 -16.09549
v -9.65204 4.62637 -16.64685
v -9.65204 4.62637 -16.64685
v -10.32986 7.05769 -16.09549
v -9.45621 4.62637 -16.08216
v -9.67526 5.26269 -16.06507
v -10.32986 7.69401 -16.09549
v -9.84796 5.26269 -15.65141
v -9.84796 5.26269 -15.65141
v -10.32986 7.69401 -16.09549
v -10.24615 5.26269 -15.44554
v -10.24615 5.26269 -15.44554
v -10.32986 7.69401 -16.09549
v -10.68351 5.26269 -15.54379
v -10.68351 5.26269 -15.54379
v -10.32986 7.69401 -16.09549
v -10.95540 5.26269 -15.90018
v -10.95540 5.26269 -15.90018
v -10.32986 7.69401 -16.09549
v -10.93459 5.26269 -16.34796
v -10.93459 5.26269 -16.34796
v -10.32986 7.69401 -16.09549
v -10.63082 5.26269 -16.67761
v -10.63082 5.26269 -16.67761
v -10.32986 7.69401 -16.09549
v -10.18623 5.26269 -16.73487
v -10.18623 5.26269 -16.73487
v -10.32986 7.69401 -16.09549
v -9.80885 5.26269 -16.49296
v -9.80885 5.26269 -16.49296
v -10.32986 7.69401 -16.09549
v -9.67526 5.26269 -16.06507
v -9.91225 5.89901 -15.96721
v -10.32986 8.33033 -16.09549
v -10.09241 5.89901 -15.72878
v -10.09241 5.89901 -15.72878
v -10.32986 8.33033 -16.09549
v -10.38368 5.89901 -15.66194
v -10.38368 5.89901 -15.66194
v -10.32986 8.33033 -16.09549
v -10.64977 5.89901 -15.79796
v -10.64977 5.89901 -15.79796
v -10.32986 8.33033 -16.09549
v -10.76617 5.89901 -16.07320
v -10.76617 5.89901 -16.07320
v -10.32986 8.33033 -16.09549
v -10.67842 5.89901 -16.35886
v -10.67842 5.89901 -16.35886
v -10.32986 8.33033 -16.09549
v -10.42758 5.89901 -16.52130
v -10.42758 5.89901 -16.52130
v -10.32986 8.33033 -16.09549
v -10.13102 5.89901 -16.48449
v -10.13102 5.89901 -16.48449
v -10.32986 8.33033 -16.09549
v -9.92749 5.89901 -16.26566
v -9.92749 5.89901 -16.26566
v -10.32986 8.33033 -16.09549
v -9.91225 5.89901 -15.96721
v -10.11623 6.53533 -16.04992
v -10.32986 8.96665 -16.09549
v -10.19550 6.53533 -15.92326
v -10.19550 6.53533 -15.92326
v -10.32986 8.96665 -16.09549
v -10.33764 6.53533 -15.87719
v -10.33764 6.53533 -15.87719
v -10.32986 8.96665 -16.09549
v -10.47614 6.53533 -15.93326
v -10.47614 6.53533 -15.93326
v -10.32986 8.96665 -16.09549
v -10.54620 6.53533 -16.06524
v -10.54620 6.53533 -16.06524
v -10.32986 8.96665 -16.09549
v -10.51503 6.53533 -16.21137
v -10.51503 6.53533 -16.21137
v -10.32986 8.96665 -16.09549
v -10.39722 6.53533 -16.30328
v -10.39722 6.53533 -16.30328
v -10.32986 8.96665 -16.09549
v -10.24790 6.53533 -16.29796
v -10.24790 6.53533 -16.29796
v -10.32986 8.96665 -16.09549
v -10.13692 6.53533 -16.19790
v -10.13692 6.53533 -16.19790
v -10.32986 8.96665 -16.09549
v -10.11623 6.53533 -16.04992
v 17.35064 2.11346 -0.04449
v 16.36636 3.57856 -0.41879
v 16.87976 2.11346 0.50062
v 16.87976 2.11346 0.50062
v 16.36636 3.57856 -0.41879
v 16.16866 2.11346 0.61553
v 16.16866 2.11346 0.61553
v 16.36636 3.57856 -0.41879
v 15.55007 2.11346 0.24646
v 15.55007 2.11346 0.24646
v 16.36636 3.57856 -0.41879
v 15.31342 2.11346 -0.43388
v 15.31342 2.11346 -0.43388
v 16.36636 3.57856 -0.41879
v 15.56946 2.11346 -1.10716
v 15.56946 2.11346 -1.10716
v 16.36636 3.57856 -0.41879
v 16.19838 2.11346 -1.45835
v 16.19838 2.11346 -1.45835
v 16.36636 3.57856 -0.41879
v 16.90589 2.11346 -1.32312
v 16.90589 2.11346 -1.32312
v 16.36636 3.57856 -0.41879
v 17.36096 2.11346 -0.76474
v 17.36096 2.11346 -0.76474
v 16.36636 3.57856 -0.41879
v 17.35064 2.11346 -0.04449
v 17.26164 2.49690 -0.20090
v 16.36636 3.96201 -0.41879
v 16.91213 2.49690 0.32360
v 16.91213 2.49690 0.32360
v 16.36636 3.96201 -0.41879
v 16.30724 2.49690 0.50072
v 16.30724 2.49690 0.50072
v 16.36636 3.96201 -0.41879
v 15.73002 2.49690 0.24760
v 15.73002 2.49690 0.24760
v 16.36636 3.96201 -0.41879
v 15.45055 2.49690 -0.31734
v 15.45055 2.49690 -0.31734
v 16.36636 3.96201 -0.41879
v 15.59960 2.49690 -0.92975
v 15.59960 2.49690 -0.92975
v 16.36636 3.96201 -0.41879
v 16.10742 2.49690 -1.30307
v 16.10742 2.49690 -1.30307
v 16.36636 3.96201 -0.41879
v 16.73641 2.49690 -1.26263
v 16.73641 2.49690 -1.26263
v 16.36636 3.96201 -0.41879
v 17.19224 2.49690 -0.82735
v 17.19224 2.49690 -0.82735
v 16.36636 3.96201 -0.41879
v 17.26164 2.49690 -0.20090
v 17.12215 2.88035 -0.18957
v 16.36636 4.34545 -0.41879
v 16.79798 2.88035 0.24262
v 16.79798 2.88035 0.24262
v 16.36636 4.34545 -0.41879
v 16.27186 2.88035 0.36532
v 16.27186 2.88035 0.36532
v 16.36636 4.34545 -0.41879
v 15.78995 2.88035 0.12112
v 15.78995 2.88035 0.12112
v 16.36636 4.34545 -0.41879
v 15.57775 2.88035 -0.37570
v 15.57775 2.88035 -0.37570
v 16.36636 4.34545 -0.41879
v 15.73455 2.88035 -0.89269
v 15.73455 2.88035 -0.89269
v 16.36636 4.34545 -0.41879
v 16.18698 2.88035 -1.18794
v 16.18698 2.88035 -1.18794
v 16.36636 4.34545 -0.41879
v 16.72335 2.88035 -1.12329
v 16.72335 2.88035 -1.12329
v 16.36636 4.34545 -0.41879
v 17.09267 2.88035 -0.72900
v 17.09267 2.88035 -0.72900
v 16.36636 4.34545 -0.41879
v 17.12215 2.88035 -0.18957
v 17.02451 3.26379 -0.41878
v 16.36636 4.72890 -0.41879
v 16.87053 3.26379 0.00427
v 16.87053 3.26379 0.00427
v 16.36636 4.72890 -0.41879
v 16.48064 3.26379 0.22936
v 16.48064 3.26379 0.22936
v 16.36636 4.72890 -0.41879
v 16.03727 3.26379 0.15118
v 16.03727 3.26379 0.15118
v 16.36636 4.72890 -0.41879
v 15.74790 3.26379 -0.19370
v 15.74790 3.26379 -0.19370
v 16.36636 4.72890 -0.41879
v 15.74790 3.26379 -0.64390
v 15.74790 3.26379 -0.64390
v 16.36636 4.72890 -0.41879
v 16.03729 3.26379 -0.98877
v 16.03729 3.26379 -0.98877
v 16.36636 4.72890 -0.41879
v 16.48066 3.26379 -1.06694
v 16.48066 3.26379 -1.06694
v 16.36636 4.72890 -0.41879
v 16.87054 3.26379 -0.84184
v 16.87054 3.26379 -0.84184
v 16.36636 4.72890 -0.41879
v 17.02451 3.26379 -0.41878
v 16.88951 3.64724 -0.35927
v 16.36636 5.11234 -0.41879
v 16.72885 3.64724 -0.03692
v 16.72885 3.64724 -0.03692
v 16.36636 5.11234 -0.41879
v 16.39858 3.64724 0.10674
v 16.39858 3.64724 0.10674
v 16.36636 5.11234 -0.41879
v 16.05324 3.64724 0.00450
v 16.05324 3.64724 0.00450
v 16.36636 5.11234 -0.41879
v 15.85440 3.64724 -0.29580
v 15.85440 3.64724 -0.29580
v 16.36636 5.11234 -0.41879
v 15.89512 3.64724 -0.65365
v 15.89512 3.64724 -0.65365
v 16.36636 5.11234 -0.41879
v 16.15634 3.64724 -0.90161
v 16.15634 3.64724 -0.90161
v 16.36636 5.11234 -0.41879
v 16.51583 3.64724 -0.92365
v 16.51583 3.64724 -0.92365
v 16.36636 5.11234 -0.41879
v 16.80538 3.64724 -0.70947
v 16.80538 3.64724 -0.70947
v 16.36636 5.11234 -0.41879
v 16.88951 3.64724 -0.35927
v 16.62874 4.03068 -0.12367
v 16.36636 5.49579 -0.41879
v 16.37765 4.03068 -0.02406
v 16.37765 4.03068 -0.02406
v 16.36636 5.49579 -0.41879
v 16.12128 4.03068 -0.10915
v 16.12128 4.03068 -0.10915
v 16.36636 5.49579 -0.41879
v 15.97959 4.03068 -0.33913
v 15.97959 4.03068 -0.33913
v 16.36636 5.49579 -0.41879
v 16.01887 4.03068 -0.60638
v 16.01887 4.03068 -0.60638
v 16.36636 5.49579 -0.41879
v 16.22074 4.03068 -0.78585
v 16.22074 4.03068 -0.78585
v 16.36636 5.49579 -0.41879
v 16.49075 4.03068 -0.79358
v 16.49075 4.03068 -0.79358
v 16.36636 5.49579 -0.41879
v 16.70256 4.03068 -0.62594
v 16.70256 4.03068 -0.62594
v 16.36636 5.49579 -0.41879
v 16.75705 4.03068 -0.36137
v 16.75705 4.03068 -0.36137
v 16.36636 5.49579 -0.41879
v 16.62874 4.03068 -0.12367
v 16.60564 4.41413 -0.30902
v 16.36636 5.87923 -0.41879
v 16.47910 4.41413 -0.18089
v 16.47910 4.41413 -0.18089
v 16.36636 5.87923 -0.41879
v 16.29981 4.41413 -0.16408
v 16.29981 4.41413 -0.16408
v 16.36636 5.87923 -0.41879
v 16.15165 4.41413 -0.26645
v 16.15165 4.41413 -0.26645
v 16.36636 5.87923 -0.41879
v 16.10396 4.41413 -0.44010
v 16.10396 4.41413 -0.44010
v 16.36636 5.87923 -0.41879
v 16.17905 4.41413 -0.60378
v 16.17905 4.41413 -0.60378
v 16.36636 5.87923 -0.41879
v 16.34178 4.41413 -0.68090
v 16.34178 4.41413 -0.68090
v 16.36636 5.87923 -0.41879
v 16.51602 4.41413 -0.63538
v 16.51602 4.41413 -0.63538
v 16.36636 5.87923 -0.41879
v 16.62022 4.41413 -0.48851
v 16.62022 4.41413 -0.48851
v 16.36636 5.87923 -0.41879
v 16.60564 4.41413 -0.30902
v 16.48780 4.79757 -0.36802
v 16.36636 6.26268 -0.41879
v 16.42675 4.79757 -0.30183
v 16.42675 4.79757 -0.30183
v 16.36636 6.26268 -0.41879
v 16.33745 4.79757 -0.29038
v 16.33745 4.79757 -0.29038
v 16.36636 6.26268 -0.41879
v 16.26167 4.79757 -0.33901
v 16.26167 4.79757 -0.33901
v 16.36636 6.26268 -0.41879
v 16.23487 4.79757 -0.42497
v 16.23487 4.79757 -0.42497
v 16.36636 6.26268 -0.41879
v 16.26961 4.79757 -0.50804
v 16.26961 4.79757 -0.50804
v 16.36636 6.26268 -0.41879
v 16.34961 4.79757 -0.54935
v 16.34961 4.79757 -0.54935
v 16.36636 6.26268 -0.41879
v 16.43745 4.79757 -0.52957
v 16.43745 4.79757 -0.52957
v 16.36636 6.26268 -0.41879
v 16.49203 4.79757 -0.45796
v 16.49203 4.79757 -0.45796
v 16.36636 6.26268 -0.41879
v 16.48780 4.79757 -0.36802
v -16.39787 2.40317 0.69204
v -17.57029 4.31744 -0.02802
v -17.13500 2.40317 1.27719
v -17.13500 2.40317 1.27719
v -17.57029 4.31744 -0.02802
v -18.07581 2.40317 1.25162
v -18.07581 2.40317 1.25162
v -17.57029 4.31744 -0.02802
v -18.78008 2.40317 0.62729
v -18.78008 2.40317 0.62729
v -17.57029 4.31744 -0.02802
v -18.91827 2.40317 -0.30366
v -18.91827 2.40317 -0.30366
v -17.57029 4.31744 -0.02802
v -18.42572 2.40317 -1.10564
v -18.42572 2.40317 -1.10564
v -17.57029 4.31744 -0.02802
v -17.53291 2.40317 -1.40339
v -17.53291 2.40317 -1.40339
v -17.57029 4.31744 -0.02802
v -16.65758 2.40317 -1.05759
v -16.65758 2.40317 -1.05759
v -17.57029 4.31744 -0.02802
v -16.20932 2.40317 -0.23004
v -16.20932 2.40317 -0.23004
v -17.57029 4.31744 -0.02802
v -16.39787 2.40317 0.69204
v -16.44434 2.90417 0.39815
v -17.57029 4.81844 -0.02802
v -16.98170 2.90417 1.02218
v -16.98170 2.90417 1.02218
v -17.57029 4.81844 -0.02802
v -17.79446 2.90417 1.15482
v -17.79446 2.90417 1.15482
v -17.57029 4.81844 -0.02802
v -18.50233 2.90417 0.73399
v -18.50233 2.90417 0.73399
v -17.57029 4.81844 -0.02802
v -18.77408 2.90417 -0.04340
v -18.77408 2.90417 -0.04340
v -17.57029 4.81844 -0.02802
v -18.48256 2.90417 -0.81358
v -18.48256 2.90417 -0.81358
v -17.57029 4.81844 -0.02802
v -17.76418 2.90417 -1.21620
v -17.76418 2.90417 -1.21620
v -17.57029 4.81844 -0.02802
v -16.95507 2.90417 -1.06285
v -16.95507 2.90417 -1.06285
v -17.57029 4.81844 -0.02802
v -16.43383 2.90417 -0.42530
v -16.43383 2.90417 -0.42530
v -17.57029 4.81844 -0.02802
v -16.44434 2.90417 0.39815
v -16.88000 3.40517 0.73901
v -17.57029 5.31943 -0.02802
v -17.53454 3.40517 1.00327
v -17.53454 3.40517 1.00327
v -17.57029 5.31943 -0.02802
v -18.20580 3.40517 0.78497
v -18.20580 3.40517 0.78497
v -17.57029 5.31943 -0.02802
v -18.57970 3.40517 0.18627
v -18.57970 3.40517 0.18627
v -17.57029 5.31943 -0.02802
v -18.48128 3.40517 -0.51271
v -18.48128 3.40517 -0.51271
v -17.57029 5.31943 -0.02802
v -17.95660 3.40517 -0.98489
v -17.95660 3.40517 -0.98489
v -17.57029 5.31943 -0.02802
v -17.25116 3.40517 -1.00934
v -17.25116 3.40517 -1.00934
v -17.57029 5.31943 -0.02802
v -16.69504 3.40517 -0.57463
v -16.69504 3.40517 -0.57463
v -17.57029 5.31943 -0.02802
v -16.54845 3.40517 0.11585
v -16.54845 3.40517 0.11585
v -17.57029 5.31943 -0.02802
v -16.88000 3.40517 0.73901
v -16.71050 3.90617 -0.01253
v -17.57029 5.82043 -0.02802
v -16.92161 3.90617 0.53651
v -16.92161 3.90617 0.53651
v -17.57029 5.82043 -0.02802
v -17.43624 3.90617 0.82139
v -17.43624 3.90617 0.82139
v -17.57029 5.82043 -0.02802
v -18.01360 3.90617 0.70883
v -18.01360 3.90617 0.70883
v -17.57029 5.82043 -0.02802
v -18.38352 3.90617 0.25148
v -18.38352 3.90617 0.25148
v -17.57029 5.82043 -0.02802
v -18.37292 3.90617 -0.33665
v -18.37292 3.90617 -0.33665
v -17.57029 5.82043 -0.02802
v -17.98676 3.90617 -0.78036
v -17.98676 3.90617 -0.78036
v -17.57029 5.82043 -0.02802
v -17.40573 3.90617 -0.87205
v -17.40573 3.90617 -0.87205
v -17.57029 5.82043 -0.02802
v -16.90169 3.90617 -0.56881
v -16.90169 3.90617 -0.56881
v -17.57029 5.82043 -0.02802
v -16.71050 3.90617 -0.01253
v -17.10072 4.40717 0.47474
v -17.57029 6.32143 -0.02802
v -17.53375 4.40717 0.65895
v -17.53375 4.40717 0.65895
v -17.57029 6.32143 -0.02802
v -17.98387 4.40717 0.52171
v -17.98387 4.40717 0.52171
v -17.57029 6.32143 -0.02802
v -18.24047 4.40717 0.12725
v -18.24047 4.40717 0.12725
v -17.57029 6.32143 -0.02802
v -18.18349 4.40717 -0.33987
v -18.18349 4.40717 -0.33987
v -17.57029 6.32143 -0.02802
v -17.83957 4.40717 -0.66107
v -17.83957 4.40717 -0.66107
v -17.57029 6.32143 -0.02802
v -17.36966 4.40717 -0.68606
v -17.36966 4.40717 -0.68606
v -17.57029 6.32143 -0.02802
v -16.99362 4.40717 -0.40315
v -16.99362 4.40717 -0.40315
v -17.57029 6.32143 -0.02802
v -16.88741 4.40717 0.05529
v -16.88741 4.40717 0.05529
v -17.57029 6.32143 -0.02802
v -17.10072 4.40717 0.47474
v -17.24035 4.90817 0.36866
v -17.57029 6.82243 -0.02802
v -17.57252 4.90817 0.48793
v -17.57252 4.90817 0.48793
v -17.57029 6.82243 -0.02802
v -17.90364 4.90817 0.36578
v -17.90364 4.90817 0.36578
v -17.57029 6.82243 -0.02802
v -18.07879 4.90817 0.05937
v -18.07879 4.90817 0.05937
v -17.57029 6.82243 -0.02802
v -18.01599 4.90817 -0.28793
v -18.01599 4.90817 -0.28793
v -17.57029 6.82243 -0.02802
v -17.74465 4.90817 -0.51362
v -17.74465 4.90817 -0.51362
v -17.57029 6.82243 -0.02802
v -17.39172 4.90817 -0.51209
v -17.39172 4.90817 -0.51209
v -17.57029 6.82243 -0.02802
v -17.12234 4.90817 -0.28406
v -17.12234 4.90817 -0.28406
v -17.57029 6.82243 -0.02802
v -17.06256 4.90817 0.06377
v -17.06256 4.90817 0.06377
v -17.57029 6.82243 -0.02802
v -17.24035 4.90817 0.36866
v -17.22643 5.40917 -0.01931
v -17.57029 7.32343 -0.02802
v -17.31247 5.40917 0.19968
v -17.31247 5.40917 0.19968
v -17.57029 7.32343 -0.02802
v -17.51915 5.40917 0.31213
v -17.51915 5.40917 0.31213
v -17.57029 7.32343 -0.02802
v -17.74976 5.40917 0.26541
v -17.74976 5.40917 0.26541
v -17.57029 7.32343 -0.02802
v -17.89639 5.40917 0.08140
v -17.89639 5.40917 0.08140
v -17.57029 7.32343 -0.02802
v -17.89043 5.40917 -0.15381
v -17.89043 5.40917 -0.15381
v -17.57029 7.32343 -0.02802
v -17.73467 5.40917 -0.33017
v -17.73467 5.40917 -0.33017
v -17.57029 7.32343 -0.02802
v -17.50200 5.40917 -0.36514
v -17.50200 5.40917 -0.36514
v -17.57029 7.32343 -0.02802
v -17.30127 5.40917 -0.24238
v -17.30127 5.40917 -0.24238
v -17.57029 7.32343 -0.02802
v -17.22643 5.40917 -0.01931
v -17.44066 5.91017 0.08501
v -17.57029 7.82443 -0.02802
v -17.54364 5.91017 0.14189
v -17.54364 5.91017 0.14189
v -17.57029 7.82443 -0.02802
v -17.65909 5.91017 0.11926
v -17.65909 5.91017 0.11926
v -17.57029 7.82443 -0.02802
v -17.73299 5.91017 0.02772
v -17.73299 5.91017 0.02772
v -17.57029 7.82443 -0.02802
v -17.73075 5.91017 -0.08990
v -17.73075 5.91017 -0.08990
v -17.57029 7.82443 -0.02802
v -17.65343 5.91017 -0.17857
v -17.65343 5.91017 -0.17857
v -17.57029 7.82443 -0.02802
v -17.53721 5.91017 -0.19680
v -17.53721 5.91017 -0.19680
v -17.57029 7.82443 -0.02802
v -17.43646 5.91017 -0.13605
v -17.43646 5.91017 -0.13605
v -17.57029 7.82443 -0.02802
v -17.39833 5.91017 -0.02476
v -17.39833 5.91017 -0.02476
v -17.57029 7.82443 -0.02802
v -17.44066 5.91017 0.08501
v -15.10358 14.65667 7.28562
v -16.42976 16.67167 6.70356
v -15.78799 14.65667 8.00189
v -15.78799 14.65667 8.00189
v -16.42976 16.67167 6.70356
v -16.77268 14.65667 8.11066
v -16.77268 14.65667 8.11066
v -16.42976 16.67167 6.70356
v -17.59692 14.65667 7.56104
v -17.59692 14.65667 7.56104
v -16.42976 16.67167 6.70356
v -17.87503 14.65667 6.61019
v -17.87503 14.65667 6.61019
v -16.42976 16.67167 6.70356
v -17.47688 14.65667 5.70303
v -17.47688 14.65667 5.70303
v -16.42976 16.67167 6.70356
v -16.58877 14.65667 5.26404
v -16.58877 14.65667 5.26404
v -16.42976 16.67167 6.70356
v -15.62626 14.65667 5.49861
v -15.62626 14.65667 5.49861
v -16.42976 16.67167 6.70356
v -15.03971 14.65667 6.29700
v -15.03971 14.65667 6.29700
v -16.42976 16.67167 6.70356
v -15.10358 14.65667 7.28562
v -15.30580 15.18403 7.28891
v -16.42976 17.19904 6.70356
v -15.94501 15.18403 7.87443
v -15.94501 15.18403 7.87443
v -16.42976 17.19904 6.70356
v -16.81104 15.18403 7.91209
v -16.81104 15.18403 7.91209
v -16.42976 17.19904 6.70356
v -17.49866 15.18403 7.38427
v -17.49866 15.18403 7.38427
v -16.42976 17.19904 6.70356
v -17.68613 15.18403 6.53793
v -17.68613 15.18403 6.53793
v -16.42976 17.19904 6.70356
v -17.28573 15.18403 5.76910
v -17.28573 15.18403 5.76910
v -16.42976 17.19904 6.70356
v -16.48481 15.18403 5.43751
v -16.48481 15.18403 5.43751
v -16.42976 17.19904 6.70356
v -15.65813 15.18403 5.69832
v -15.65813 15.18403 5.69832
v -16.42976 17.19904 6.70356
v -15.19250 15.18403 6.42950
v -15.19250 15.18403 6.42950
v -16.42976 17.19904 6.70356
v -15.30580 15.18403 7.28891
v -15.67836 15.71140 7.48795
v -16.42976 17.72640 6.70356
v -16.35835 15.71140 7.78743
v -16.35835 15.71140 7.78743
v -16.42976 17.72640 6.70356
v -17.07175 15.71140 7.57975
v -17.07175 15.71140 7.57975
v -16.42976 17.72640 6.70356
v -17.48475 15.71140 6.96210
v -17.48475 15.71140 6.96210
v -16.42976 17.72640 6.70356
v -17.40411 15.71140 6.22347
v -17.40411 15.71140 6.22347
v -16.42976 17.72640 6.70356
v -16.86756 15.71140 5.70949
v -16.86756 15.71140 5.70949
v -16.42976 17.72640 6.70356
v -16.12615 15.71140 5.66064
v -16.12615 15.71140 5.66064
v -16.42976 17.72640 6.70356
v -15.52681 15.71140 6.09979
v -15.52681 15.71140 6.09979
v -16.42976 17.72640 6.70356
v -15.34996 15.71140 6.82145
v -15.34996 15.71140 6.82145
v -16.42976 17.72640 6.70356
v -15.67836 15.71140 7.48795
v -15.55887 16.23876 6.95036
v -16.42976 18.25376 6.70356
v -15.92126 16.23876 7.45241
v -15.92126 16.23876 7.45241
v -16.42976 18.25376 6.70356
v -16.52157 16.23876 7.60407
v -16.52157 16.23876 7.60407
v -16.42976 18.25376 6.70356
v -17.07893 16.23876 7.33437
v -17.07893 16.23876 7.33437
v -16.42976 18.25376 6.70356
v -17.33253 16.23876 6.76951
v -17.33253 16.23876 6.76951
v -16.42976 18.25376 6.70356
v -17.16371 16.23876 6.17379
v -17.16371 16.23876 6.17379
v -16.42976 18.25376 6.70356
v -16.65147 16.23876 5.82596
v -16.65147 16.23876 5.82596
v -16.42976 18.25376 6.70356
v -16.03548 16.23876 5.88877
v -16.03548 16.23876 5.88877
v -16.42976 18.25376 6.70356
v -15.60398 16.23876 6.33282
v -15.60398 16.23876 6.33282
v -16.42976 18.25376 6.70356
v -15.55887 16.23876 6.95036
v -15.83699 16.76612 7.11951
v -16.42976 18.78113 6.70356
v -16.24303 16.76612 7.40322
v -16.24303 16.76612 7.40322
v -16.42976 18.78113 6.70356
v -16.73645 16.76612 7.35955
v -16.73645 16.76612 7.35955
v -16.42976 18.78113 6.70356
v -17.08636 16.76612 7.00894
v -17.08636 16.76612 7.00894
v -16.42976 18.78113 6.70356
v -17.12904 16.76612 6.51544
v -17.12904 16.76612 6.51544
v -16.42976 18.78113 6.70356
v -16.84451 16.76612 6.10997
v -16.84451 16.76612 6.10997
v -16.42976 18.78113 6.70356
v -16.36592 16.76612 5.98224
v -16.36592 16.76612 5.98224
v -16.42976 18.78113 6.70356
v -15.91720 16.76612 6.19203
v -15.91720 16.76612 6.19203
v -16.42976 18.78113 6.70356
v -15.70831 16.76612 6.64117
v -15.70831 16.76612 6.64117
v -16.42976 18.78113 6.70356
v -15.83699 16.76612 7.11951
v -15.93994 17.29349 6.93818
v -16.42976 19.30849 6.70356
v -16.20534 17.29349 7.19814
v -16.20534 17.29349 7.19814
v -16.42976 19.30849 6.70356
v -16.57575 17.29349 7.22668
v -16.57575 17.29349 7.22668
v -16.42976 19.30849 6.70356
v -16.87785 17.29349 7.01045
v -16.87785 17.29349 7.01045
v -16.42976 19.30849 6.70356
v -16.97028 17.29349 6.65062
v -16.97028 17.29349 6.65062
v -16.42976 19.30849 6.70356
v -16.80979 17.29349 6.31557
v -16.80979 17.29349 6.31557
v -16.42976 19.30849 6.70356
v -16.47148 17.29349 6.16206
v -16.47148 17.29349 6.16206
v -16.42976 19.30849 6.70356
v -16.11365 17.29349 6.26193
v -16.11365 17.29349 6.26193
v -16.42976 19.30849 6.70356
v -15.90373 17.29349 6.56844
v -15.90373 17.29349 6.56844
v -16.42976 19.30849 6.70356
v -15.93994 17.29349 6.93818
v -16.15934 17.82085 6.94433
v -16.42976 19.83585 6.70356
v -16.37736 17.82085 7.06182
v -16.37736 17.82085 7.06182
v -16.42976 19.83585 6.70356
v -16.61991 17.82085 7.01168
v -16.61991 17.82085 7.01168
v -16.42976 19.83585 6.70356
v -16.77348 17.82085 6.81737
v -16.77348 17.82085 6.81737
v -16.42976 19.83585 6.70356
v -16.76621 17.82085 6.56981
v -16.76621 17.82085 6.56981
v -16.42976 19.83585 6.70356
v -16.60152 17.82085 6.38483
v -16.60152 17.82085 6.38483
v -16.42976 19.83585 6.70356
v -16.35646 17.82085 6.34899
v -16.35646 17.82085 6.34899
v -16.42976 19.83585 6.70356
v -16.14569 17.82085 6.47906
v -16.14569 17.82085 6.47906
v -16.42976 19.83585 6.70356
v -16.06784 17.82085 6.71418
v -16.06784 17.82085 6.71418
v -16.42976 19.83585 6.70356
v -16.15934 17.82085 6.94433
v -16.30436 18.34822 6.83414
v -16.42976 20.36322 6.70356
v -16.41763 18.34822 6.88419
v -16.41763 18.34822 6.88419
v -16.42976 20.36322 6.70356
v -16.53657 18.34822 6.84973
v -16.53657 18.34822 6.84973
v -16.42976 20.36322 6.70356
v -16.60553 18.34822 6.74687
v -16.60553 18.34822 6.74687
v -16.42976 20.36322 6.70356
v -16.59225 18.34822 6.62375
v -16.59225 18.34822 6.62375
v -16.42976 20.36322 6.70356
v -16.50293 18.34822 6.53797
v -16.50293 18.34822 6.53797
v -16.42976 20.36322 6.70356
v -16.37937 18.34822 6.52968
v -16.37937 18.34822 6.52968
v -16.42976 20.36322 6.70356
v -16.27939 18.34822 6.60275
v -16.27939 18.34822 6.60275
v -16.42976 20.36322 6.70356
v -16.24977 18.34822 6.72299
v -16.24977 18.34822 6.72299
v -16.42976 20.36322 6.70356
v -16.30436 18.34822 6.83414
v 34.17775 13.62839 8.59943
v 32.44495 16.21399 7.92782
v 33.34065 13.62839 9.55613
v 33.34065 13.62839 9.55613
v 32.44495 16.21399 7.92782
v 32.08444 13.62839 9.75092
v 32.08444 13.62839 9.75092
v 32.44495 16.21399 7.92782
v 30.99692 13.62839 9.09267
v 30.99692 13.62839 9.09267
v 32.44495 16.21399 7.92782
v 30.58694 13.62839 7.88937
v 30.58694 13.62839 7.88937
v 32.44495 16.21399 7.92782
v 31.04635 13.62839 6.70407
v 31.04635 13.62839 6.70407
v 32.44495 16.21399 7.92782
v 32.16017 13.62839 6.09137
v 32.16017 13.62839 6.09137
v 32.44495 16.21399 7.92782
v 33.40725 13.62839 6.33797
v 33.40725 13.62839 6.33797
v 32.44495 16.21399 7.92782
v 34.20405 13.62839 7.32848
v 34.20405 13.62839 7.32848
v 32.44495 16.21399 7.92782
v 34.17775 13.62839 8.59943
v 33.94689 14.30509 8.55101
v 32.44495 16.89069 7.92782
v 33.19493 14.30509 9.37064
v 33.19493 14.30509 9.37064
v 32.44495 16.89069 7.92782
v 32.09204 14.30509 9.51517
v 32.09204 14.30509 9.51517
v 32.44495 16.89069 7.92782
v 31.15428 14.30509 8.91695
v 31.15428 14.30509 8.91695
v 32.44495 16.89069 7.92782
v 30.82044 14.30509 7.85592
v 30.82044 14.30509 7.85592
v 32.44495 16.89069 7.92782
v 31.24672 14.30509 6.82852
v 31.24672 14.30509 6.82852
v 32.44495 16.89069 7.92782
v 32.23367 14.30509 6.31551
v 32.23367 14.30509 6.31551
v 32.44495 16.89069 7.92782
v 33.31948 14.30509 6.55691
v 33.31948 14.30509 6.55691
v 32.44495 16.89069 7.92782
v 33.99608 14.30509 7.43978
v 33.99608 14.30509 7.43978
v 32.44495 16.89069 7.92782
v 33.94689 14.30509 8.55101
v 33.63764 14.98179 8.64904
v 32.44495 17.56739 7.92782
v 32.89502 14.98179 9.24696
v 32.89502 14.98179 9.24696
v 32.44495 17.56739 7.92782
v 31.94180 14.98179 9.22764
v 31.94180 14.98179 9.22764
v 32.44495 17.56739 7.92782
v 31.22401 14.98179 8.60012
v 31.22401 14.98179 8.60012
v 32.44495 17.56739 7.92782
v 31.07751 14.98179 7.65803
v 31.07751 14.98179 7.65803
v 32.44495 17.56739 7.92782
v 31.57085 14.98179 6.84217
v 31.57085 14.98179 6.84217
v 32.44495 17.56739 7.92782
v 32.47319 14.98179 6.53431
v 32.47319 14.98179 6.53431
v 32.44495 17.56739 7.92782
v 33.36232 14.98179 6.87848
v 33.36232 14.98179 6.87848
v 32.44495 17.56739 7.92782
v 33.82220 14.98179 7.71366
v 33.82220 14.98179 7.71366
v 32.44495 17.56739 7.92782
v 33.63764 14.98179 8.64904
v 33.45641 15.65849 8.49881
v 32.44495 18.24409 7.92782
v 32.85275 15.65849 9.01538
v 32.85275 15.65849 9.01538
v 32.44495 18.24409 7.92782
v 32.05828 15.65849 9.02307
v 32.05828 15.65849 9.02307
v 32.44495 18.24409 7.92782
v 31.44473 15.65849 8.51828
v 31.44473 15.65849 8.51828
v 32.44495 18.24409 7.92782
v 31.29919 15.65849 7.73721
v 31.29919 15.65849 7.73721
v 32.44495 18.24409 7.92782
v 31.68977 15.65849 7.04533
v 31.68977 15.65849 7.04533
v 32.44495 18.24409 7.92782
v 32.43370 15.65849 6.76638
v 32.43370 15.65849 6.76638
v 32.44495 18.24409 7.92782
v 33.18290 15.65849 7.03088
v 33.18290 15.65849 7.03088
v 32.44495 18.24409 7.92782
v 33.58680 15.65849 7.71507
v 33.58680 15.65849 7.71507
v 32.44495 18.24409 7.92782
v 33.45641 15.65849 8.49881
v 33.29630 16.33519 8.30012
v 32.44495 18.92080 7.92782
v 32.85782 16.33519 8.76026
v 32.85782 16.33519 8.76026
v 32.44495 18.92080 7.92782
v 32.22614 16.33519 8.83089
v 32.22614 16.33519 8.83089
v 32.44495 18.92080 7.92782
v 31.69685 16.33519 8.47897
v 31.69685 16.33519 8.47897
v 32.44495 18.92080 7.92782
v 31.51760 16.33519 7.86916
v 31.51760 16.33519 7.86916
v 32.44495 18.92080 7.92782
v 31.77227 16.33519 7.28680
v 31.77227 16.33519 7.28680
v 32.44495 18.92080 7.92782
v 32.34169 16.33519 7.00438
v 32.34169 16.33519 7.00438
v 32.44495 18.92080 7.92782
v 32.95943 16.33519 7.15405
v 32.95943 16.33519 7.15405
v 32.44495 18.92080 7.92782
v 33.33643 16.33519 7.66578
v 33.33643 16.33519 7.66578
v 32.44495 18.92080 7.92782
v 33.29630 16.33519 8.30012
v 33.03358 17.01189 8.30089
v 32.44495 19.59750 7.92782
v 32.65606 17.01189 8.59198
v 32.65606 17.01189 8.59198
v 32.44495 19.59750 7.92782
v 32.17976 17.01189 8.57230
v 32.17976 17.01189 8.57230
v 32.44495 19.59750 7.92782
v 31.82754 17.01189 8.25106
v 31.82754 17.01189 8.25106
v 32.44495 19.59750 7.92782
v 31.76422 17.01189 7.77858
v 31.76422 17.01189 7.77858
v 32.44495 19.59750 7.92782
v 32.01941 17.01189 7.37593
v 32.01941 17.01189 7.37593
v 32.44495 19.59750 7.92782
v 32.47372 17.01189 7.23152
v 32.47372 17.01189 7.23152
v 32.44495 19.59750 7.92782
v 32.91456 17.01189 7.41291
v 32.91456 17.01189 7.41291
v 32.44495 19.59750 7.92782
v 33.13567 17.01189 7.83524
v 33.13567 17.01189 7.83524
v 32.44495 19.59750 7.92782
v 33.03358 17.01189 8.30089
v 32.89520 17.68859 8.04240
v 32.44495 20.27420 7.92782
v 32.71621 17.68859 8.30501
v 32.71621 17.68859 8.30501
v 32.44495 20.27420 7.92782
v 32.41029 17.68859 8.39113
v 32.41029 17.68859 8.39113
v 32.44495 20.27420 7.92782
v 32.12059 17.68859 8.26046
v 32.12059 17.68859 8.26046
v 32.44495 20.27420 7.92782
v 31.98266 17.68859 7.97415
v 31.98266 17.68859 7.97415
v 32.44495 20.27420 7.92782
v 32.06104 17.68859 7.66616
v 32.06104 17.68859 7.66616
v 32.44495 20.27420 7.92782
v 32.31905 17.68859 7.48061
v 32.31905 17.68859 7.48061
v 32.44495 20.27420 7.92782
v 32.63597 17.68859 7.50431
v 32.63597 17.68859 7.50431
v 32.44495 20.27420 7.92782
v 32.86351 17.68859 7.72618
v 32.86351 17.68859 7.72618
v 32.44495 20.27420 7.92782
v 32.89520 17.68859 8.04240
v 32.67684 18.36529 7.94154
v 32.44495 20.95090 7.92782
v 32.61377 18.36529 8.08739
v 32.61377 18.36529 8.08739
v 32.44495 20.95090 7.92782
v 32.47170 18.36529 8.15858
v 32.47170 18.36529 8.15858
v 32.44495 20.95090 7.92782
v 32.31712 18.36529 8.12179
v 32.31712 18.36529 8.12179
v 32.44495 20.95090 7.92782
v 32.22234 18.36529 7.99424
v 32.22234 18.36529 7.99424
v 32.44495 20.95090 7.92782
v 32.23173 18.36529 7.83562
v 32.23173 18.36529 7.83562
v 32.44495 20.95090 7.92782
v 32.34088 18.36529 7.72014
v 32.34088 18.36529 7.72014
v 32.44495 20.95090 7.92782
v 32.49873 18.36529 7.70183
v 32.49873 18.36529 7.70183
v 32.44495 20.95090 7.92782
v 32.63141 18.36529 7.78928
v 32.63141 18.36529 7.78928
v 32.44495 20.95090 7.92782
v 32.67684 18.36529 7.94154
v -18.10633 1.59989 -17.24460
v -19.43369 3.51050 -17.59668
v -18.64319 1.59989 -16.47377
v -18.64319 1.59989 -16.47377
v -19.43369 3.51050 -17.59668
v -19.54993 1.59989 -16.22836
v -19.54993 1.59989 -16.22836
v -19.43369 3.51050 -17.59668
v -20.40228 1.59989 -16.62321
v -20.40228 1.59989 -16.62321
v -19.43369 3.51050 -17.59668
v -20.80141 1.59989 -17.47355
v -20.80141 1.59989 -17.47355
v -19.43369 3.51050 -17.59668
v -20.56057 1.59989 -18.38152
v -20.56057 1.59989 -18.38152
v -19.43369 3.51050 -17.59668
v -19.79245 1.59989 -18.92225
v -19.79245 1.59989 -18.92225
v -19.43369 3.51050 -17.59668
v -18.85646 1.59989 -18.84273
v -18.85646 1.59989 -18.84273
v -19.43369 3.51050 -17.59668
v -18.19056 1.59989 -18.18018
v -18.19056 1.59989 -18.18018
v -19.43369 3.51050 -17.59668
v -18.10633 1.59989 -17.24460
v -18.44794 2.09993 -16.90956
v -19.43369 4.01055 -17.59668
v -19.12023 2.09993 -16.43669
v -19.12023 2.09993 -16.43669
v -19.43369 4.01055 -17.59668
v -19.93919 2.09993 -16.50659
v -19.93919 2.09993 -16.50659
v -19.43369 4.01055 -17.59668
v -20.52162 2.09993 -17.08656
v -20.52162 2.09993 -17.08656
v -19.43369 4.01055 -17.59668
v -20.59500 2.09993 -17.90522
v -20.59500 2.09993 -17.90522
v -19.43369 4.01055 -17.59668
v -20.12498 2.09993 -18.57951
v -20.12498 2.09993 -18.57951
v -19.43369 4.01055 -17.59668
v -19.33150 2.09993 -18.79393
v -19.33150 2.09993 -18.79393
v -19.43369 4.01055 -17.59668
v -18.58583 2.09993 -18.44814
v -18.58583 2.09993 -18.44814
v -19.43369 4.01055 -17.59668
v -18.23689 2.09993 -17.70395
v -18.23689 2.09993 -17.70395
v -19.43369 4.01055 -17.59668
v -18.44794 2.09993 -16.90956
v -18.72234 2.59998 -16.85185
v -19.43369 4.51059 -17.59668
v -19.36753 2.59998 -16.56887
v -19.36753 2.59998 -16.56887
v -19.43369 4.51059 -17.59668
v -20.04368 2.59998 -16.76681
v -20.04368 2.59998 -16.76681
v -19.43369 4.51059 -17.59668
v -20.43440 2.59998 -17.35306
v -20.43440 2.59998 -17.35306
v -19.43369 4.51059 -17.59668
v -20.35688 2.59998 -18.05330
v -20.35688 2.59998 -18.05330
v -19.43369 4.51059 -17.59668
v -19.84738 2.59998 -18.53989
v -19.84738 2.59998 -18.53989
v -19.43369 4.51059 -17.59668
v -19.14432 2.59998 -18.58514
v -19.14432 2.59998 -18.58514
v -19.43369 4.51059 -17.59668
v -18.57665 2.59998 -18.16788
v -18.57665 2.59998 -18.16788
v -19.43369 4.51059 -17.59668
v -18.41000 2.59998 -17.48335
v -18.41000 2.59998 -17.48335
v -19.43369 4.51059 -17.59668
v -18.72234 2.59998 -16.85185
v -18.58237 3.10002 -17.48755
v -19.43369 5.01063 -17.59668
v -18.85169 3.10002 -16.96586
v -18.85169 3.10002 -16.96586
v -19.43369 5.01063 -17.59668
v -19.39334 3.10002 -16.73935
v -19.39334 3.10002 -16.73935
v -19.43369 5.01063 -17.59668
v -19.95386 3.10002 -16.91399
v -19.95386 3.10002 -16.91399
v -19.43369 5.01063 -17.59668
v -20.27099 3.10002 -17.40807
v -20.27099 3.10002 -17.40807
v -19.43369 5.01063 -17.59668
v -20.19634 3.10002 -17.99041
v -20.19634 3.10002 -17.99041
v -19.43369 5.01063 -17.59668
v -19.76483 3.10002 -18.38851
v -19.76483 3.10002 -18.38851
v -19.43369 5.01063 -17.59668
v -19.17838 3.10002 -18.41611
v -19.17838 3.10002 -18.41611
v -19.43369 5.01063 -17.59668
v -18.71139 3.10002 -18.06030
v -18.71139 3.10002 -18.06030
v -19.43369 5.01063 -17.59668
v -18.58237 3.10002 -17.48755
v -18.99967 3.60006 -17.06463
v -19.43369 5.51068 -17.59668
v -19.44321 3.60006 -16.91012
v -19.44321 3.60006 -16.91012
v -19.43369 5.51068 -17.59668
v -19.88229 3.60006 -17.07687
v -19.88229 3.60006 -17.07687
v -19.43369 5.51068 -17.59668
v -20.11147 3.60006 -17.48684
v -20.11147 3.60006 -17.48684
v -19.43369 5.51068 -17.59668
v -20.02350 3.60006 -17.94821
v -20.02350 3.60006 -17.94821
v -19.43369 5.51068 -17.59668
v -19.65955 3.60006 -18.24510
v -19.65955 3.60006 -18.24510
v -19.43369 5.51068 -17.59668
v -19.18992 3.60006 -18.23858
v -19.18992 3.60006 -18.23858
v -19.43369 5.51068 -17.59668
v -18.83435 3.60006 -17.93172
v -18.83435 3.60006 -17.93172
v -19.43369 5.51068 -17.59668
v -18.75921 3.60006 -17.46808
v -18.75921 3.60006 -17.46808
v -19.43369 5.51068 -17.59668
v -18.99967 3.60006 -17.06463
v -19.01585 4.10011 -17.29567
v -19.43369 6.01072 -17.59668
v -19.30709 4.10011 -17.09752
v -19.30709 4.10011 -17.09752
v -19.43369 6.01072 -17.59668
v -19.65757 4.10011 -17.13292
v -19.65757 4.10011 -17.13292
v -19.43369 6.01072 -17.59668
v -19.90329 4.10011 -17.38533
v -19.90329 4.10011 -17.38533
v -19.43369 6.01072 -17.59668
v -19.92928 4.10011 -17.73663
v -19.92928 4.10011 -17.73663
v -19.43369 6.01072 -17.59668
v -19.72337 4.10011 -18.02245
v -19.72337 4.10011 -18.02245
v -19.43369 6.01072 -17.59668
v -19.38192 4.10011 -18.10904
v -19.38192 4.10011 -18.10904
v -19.43369 6.01072 -17.59668
v -19.06469 4.10011 -17.95590
v -19.06469 4.10011 -17.95590
v -19.43369 6.01072 -17.59668
v -18.92012 4.10011 -17.63468
v -18.92012 4.10011 -17.63468
v -19.43369 6.01072 -17.59668
v -19.01585 4.10011 -17.29567
v -19.14479 4.60015 -17.41120
v -19.43369 6.51076 -17.59668
v -19.33161 4.60015 -17.26890
v -19.33161 4.60015 -17.26890
v -19.43369 6.51076 -17.59668
v -19.56619 4.60015 -17.27997
v -19.56619 4.60015 -17.27997
v -19.43369 6.51076 -17.59668
v -19.73877 4.60015 -17.43923
v -19.73877 4.60015 -17.43923
v -19.43369 6.51076 -17.59668
v -19.76860 4.60015 -17.67217
v -19.76860 4.60015 -17.67217
v -19.43369 6.51076 -17.59668
v -19.64172 4.60015 -17.86979
v -19.64172 4.60015 -17.86979
v -19.43369 6.51076 -17.59668
v -19.41750 4.60015 -17.93961
v -19.41750 4.60015 -17.93961
v -19.43369 6.51076 -17.59668
v -19.20085 4.60015 -17.84898
v -19.20085 4.60015 -17.84898
v -19.43369 6.51076 -17.59668
v -19.09315 4.60015 -17.64029
v -19.09315 4.60015 -17.64029
v -19.43369 6.51076 -17.59668
v -19.14479 4.60015 -17.41120
v -19.31248 5.10019 -17.47513
v -19.43369 7.01081 -17.59668
v -19.41897 5.10019 -17.42566
v -19.41897 5.10019 -17.42566
v -19.43369 7.01081 -17.59668
v -19.53235 5.10019 -17.45621
v -19.53235 5.10019 -17.45621
v -19.43369 7.01081 -17.59668
v -19.59956 5.10019 -17.55249
v -19.59956 5.10019 -17.55249
v -19.43369 7.01081 -17.59668
v -19.58916 5.10019 -17.66945
v -19.58916 5.10019 -17.66945
v -19.43369 7.01081 -17.59668
v -19.50601 5.10019 -17.75236
v -19.50601 5.10019 -17.75236
v -19.43369 7.01081 -17.59668
v -19.38902 5.10019 -17.76243
v -19.38902 5.10019 -17.76243
v -19.43369 7.01081 -17.59668
v -19.29293 5.10019 -17.69494
v -19.29293 5.10019 -17.69494
v -19.43369 7.01081 -17.59668
v -19.26270 5.10019 -17.58148
v -19.26270 5.10019 -17.58148
v -19.43369 7.01081 -17.59668
v -19.31248 5.10019 -17.47513
v -15.18091 1.59179 -13.18121
v -16.25133 3.08116 -13.19326
v -15.43909 1.59179 -12.49598
v -15.43909 1.59179 -12.49598
v -16.25133 3.08116 -13.19326
v -16.07732 1.59179 -12.13702
v -16.07732 1.59179 -12.13702
v -16.25133 3.08116 -13.19326
v -16.79697 1.59179 -12.27229
v -16.79697 1.59179 -12.27229
v -16.25133 3.08116 -13.19326
v -17.26131 1.59179 -12.83849
v -17.26131 1.59179 -12.83849
v -16.25133 3.08116 -13.19326
v -17.25306 1.59179 -13.57069
v -17.25306 1.59179 -13.57069
v -16.25133 3.08116 -13.19326
v -16.77609 1.59179 -14.12630
v -16.77609 1.59179 -14.12630
v -16.25133 3.08116 -13.19326
v -16.05358 1.59179 -14.24532
v -16.05358 1.59179 -14.24532
v -16.25133 3.08116 -13.19326
v -15.42359 1.59179 -13.87208
v -15.42359 1.59179 -13.87208
v -16.25133 3.08116 -13.19326
v -15.18091 1.59179 -13.18121
v -15.56265 1.98159 -12.55838
v -16.25133 3.47095 -13.19326
v -16.13186 1.98159 -12.26424
v -16.13186 1.98159 -12.26424
v -16.25133 3.47095 -13.19326
v -16.75697 1.98159 -12.40480
v -16.75697 1.98159 -12.40480
v -16.25133 3.47095 -13.19326
v -17.14549 1.98159 -12.91429
v -17.14549 1.98159 -12.91429
v -16.25133 3.47095 -13.19326
v -17.11561 1.98159 -13.55432
v -17.11561 1.98159 -13.55432
v -16.25133 3.47095 -13.19326
v -16.68133 1.98159 -14.02540
v -16.68133 1.98159 -14.02540
v -16.25133 3.47095 -13.19326
v -16.04584 1.98159 -14.10712
v -16.04584 1.98159 -14.10712
v -16.25133 3.47095 -13.19326
v -15.50650 1.98159 -13.76123
v -15.50650 1.98159 -13.76123
v -16.25133 3.47095 -13.19326
v -15.31567 1.98159 -13.14959
v -15.31567 1.98159 -13.14959
v -16.25133 3.47095 -13.19326
v -15.56265 1.98159 -12.55838
v -15.46095 2.37138 -13.05221
v -16.25133 3.86075 -13.19326
v -15.73653 2.37138 -12.57717
v -15.73653 2.37138 -12.57717
v -16.25133 3.86075 -13.19326
v -16.25299 2.37138 -12.39041
v -16.25299 2.37138 -12.39041
v -16.25133 3.86075 -13.19326
v -16.76867 2.37138 -12.57931
v -16.76867 2.37138 -12.57931
v -16.25133 3.86075 -13.19326
v -17.04228 2.37138 -13.05549
v -17.04228 2.37138 -13.05549
v -16.25133 3.86075 -13.19326
v -16.94579 2.37138 -13.59613
v -16.94579 2.37138 -13.59613
v -16.25133 3.86075 -13.19326
v -16.52436 2.37138 -13.94827
v -16.52436 2.37138 -13.94827
v -16.25133 3.86075 -13.19326
v -15.97517 2.37138 -13.94714
v -15.97517 2.37138 -13.94714
v -16.25133 3.86075 -13.19326
v -15.55520 2.37138 -13.59326
v -15.55520 2.37138 -13.59326
v -16.25133 3.86075 -13.19326
v -15.46095 2.37138 -13.05221
v -15.63211 2.76118 -12.93988
v -16.25133 4.25054 -13.19326
v -15.93985 2.76118 -12.60114
v -15.93985 2.76118 -12.60114
v -16.25133 4.25054 -13.19326
v -16.39333 2.76118 -12.53946
v -16.39333 2.76118 -12.53946
v -16.25133 4.25054 -13.19326
v -16.78037 2.76118 -12.78370
v -16.78037 2.76118 -12.78370
v -16.25133 4.25054 -13.19326
v -16.91986 2.76118 -13.21958
v -16.91986 2.76118 -13.21958
v -16.25133 4.25054 -13.19326
v -16.74653 2.76118 -13.64315
v -16.74653 2.76118 -13.64315
v -16.25133 4.25054 -13.19326
v -16.34150 2.76118 -13.85621
v -16.34150 2.76118 -13.85621
v -16.25133 4.25054 -13.19326
v -15.89427 2.76118 -13.75907
v -15.89427 2.76118 -13.75907
v -16.25133 4.25054 -13.19326
v -15.61411 2.76118 -13.39718
v -15.61411 2.76118 -13.39718
v -16.25133 4.25054 -13.19326
v -15.63211 2.76118 -12.93988
v -15.82703 3.15097 -12.86699
v -16.25133 4.64034 -13.19326
v -16.13602 3.15097 -12.67059
v -16.13602 3.15097 -12.67059
v -16.25133 4.64034 -13.19326
v -16.49896 3.15097 -12.71876
v -16.49896 3.15097 -12.71876
v -16.25133 4.64034 -13.19326
v -16.74604 3.15097 -12.98895
v -16.74604 3.15097 -12.98895
v -16.25133 4.64034 -13.19326
v -16.76163 3.15097 -13.35474
v -16.76163 3.15097 -13.35474
v -16.25133 4.64034 -13.19326
v -16.53844 3.15097 -13.64498
v -16.53844 3.15097 -13.64498
v -16.25133 4.64034 -13.19326
v -16.18091 3.15097 -13.72385
v -16.18091 3.15097 -13.72385
v -16.25133 4.64034 -13.19326
v -15.85633 3.15097 -13.55446
v -15.85633 3.15097 -13.55446
v -16.25133 4.64034 -13.19326
v -15.71657 3.15097 -13.21606
v -15.71657 3.15097 -13.21606
v -16.25133 4.64034 -13.19326
v -15.82703 3.15097 -12.86699
v -15.86355 3.54077 -13.08946
v -16.25133 5.03013 -13.19326
v -16.02100 3.54077 -12.86449
v -16.02100 3.54077 -12.86449
v -16.25133 5.03013 -13.19326
v -16.28622 3.54077 -12.79335
v -16.28622 3.54077 -12.79335
v -16.25133 5.03013 -13.19326
v -16.53511 3.54077 -12.90935
v -16.53511 3.54077 -12.90935
v -16.25133 5.03013 -13.19326
v -16.65122 3.54077 -13.15819
v -16.65122 3.54077 -13.15819
v -16.25133 5.03013 -13.19326
v -16.58021 3.54077 -13.42344
v -16.58021 3.54077 -13.42344
v -16.25133 5.03013 -13.19326
v -16.35531 3.54077 -13.58099
v -16.35531 3.54077 -13.58099
v -16.25133 5.03013 -13.19326
v -16.08176 3.54077 -13.55712
v -16.08176 3.54077 -13.55712
v -16.25133 5.03013 -13.19326
v -15.88754 3.54077 -13.36300
v -15.88754 3.54077 -13.36300
v -16.25133 5.03013 -13.19326
v -15.86355 3.54077 -13.08946
v -16.02292 3.93056 -13.05380
v -16.25133 5.41992 -13.19326
v -16.16600 3.93056 -12.93961
v -16.16600 3.93056 -12.93961
v -16.25133 5.41992 -13.19326
v -16.34901 3.93056 -12.94411
v -16.34901 3.93056 -12.94411
v -16.25133 5.41992 -13.19326
v -16.48631 3.93056 -13.06519
v -16.48631 3.93056 -13.06519
v -16.25133 5.41992 -13.19326
v -16.51366 3.93056 -13.24620
v -16.51366 3.93056 -13.24620
v -16.25133 5.41992 -13.19326
v -16.41826 3.93056 -13.40244
v -16.41826 3.93056 -13.40244
v -16.25133 5.41992 -13.19326
v -16.24475 3.93056 -13.46080
v -16.24475 3.93056 -13.46080
v -16.25133 5.41992 -13.19326
v -16.07431 3.93056 -13.39398
v -16.07431 3.93056 -13.39398
v -16.25133 5.41992 -13.19326
v -15.98671 3.93056 -13.23324
v -15.98671 3.93056 -13.23324
v -16.25133 5.41992 -13.19326
v -16.02292 3.93056 -13.05380
v -16.11888 4.32035 -13.17419
v -16.25133 5.80972 -13.19326
v -16.16213 4.32035 -13.09352
v -16.16213 4.32035 -13.09352
v -16.25133 5.80972 -13.19326
v -16.24711 4.32035 -13.05952
v -16.24711 4.32035 -13.05952
v -16.25133 5.80972 -13.19326
v -16.33407 4.32035 -13.08810
v -16.33407 4.32035 -13.08810
v -16.25133 5.80972 -13.19326
v -16.38231 4.32035 -13.16589
v -16.38231 4.32035 -13.16589
v -16.25133 5.80972 -13.19326
v -16.36926 4.32035 -13.25649
v -16.36926 4.32035 -13.25649
v -16.25133 5.80972 -13.19326
v -16.30103 4.32035 -13.31750
v -16.30103 4.32035 -13.31750
v -16.25133 5.80972 -13.19326
v -16.20954 4.32035 -13.32038
v -16.20954 4.32035 -13.32038
v -16.25133 5.80972 -13.19326
v -16.13761 4.32035 -13.26379
v -16.13761 4.32035 -13.26379
v -16.25133 5.80972 -13.19326
v -16.11888 4.32035 -13.17419
v 33.12532 13.94555 11.39561
v 32.16775 15.80027 10.46816
v 32.30513 13.94555 11.79414
v 32.30513 13.94555 11.79414
v 32.16775 15.80027 10.46816
v 31.42067 13.94555 11.57223
v 31.42067 13.94555 11.57223
v 32.16775 15.80027 10.46816
v 30.88577 13.94555 10.83371
v 30.88577 13.94555 10.83371
v 32.16775 15.80027 10.46816
v 30.95073 13.94555 9.92414
v 30.95073 13.94555 9.92414
v 32.16775 15.80027 10.46816
v 31.58514 13.94555 9.26913
v 31.58514 13.94555 9.26913
v 32.16775 15.80027 10.46816
v 32.49217 13.94555 9.17515
v 32.49217 13.94555 9.17515
v 32.16775 15.80027 10.46816
v 33.24739 13.94555 9.68619
v 33.24739 13.94555 9.68619
v 32.16775 15.80027 10.46816
v 33.49745 13.94555 10.56312
v 33.49745 13.94555 10.56312
v 32.16775 15.80027 10.46816
v 33.12532 13.94555 11.39561
v 33.18242 14.43097 11.04353
v 32.16775 16.28569 10.46816
v 32.57519 14.43097 11.56113
v 32.57519 14.43097 11.56113
v 32.16775 16.28569 10.46816
v 31.77732 14.43097 11.56732
v 31.77732 14.43097 11.56732
v 32.16775 16.28569 10.46816
v 31.16213 14.43097 11.05920
v 31.16213 14.43097 11.05920
v 32.16775 16.28569 10.46816
v 31.01749 14.43097 10.27452
v 31.01749 14.43097 10.27452
v 32.16775 16.28569 10.46816
v 31.41107 14.43097 9.58045
v 31.41107 14.43097 9.58045
v 32.16775 16.28569 10.46816
v 32.15870 14.43097 9.30175
v 32.15870 14.43097 9.30175
v 32.16775 16.28569 10.46816
v 32.91057 14.43097 9.56882
v 32.91057 14.43097 9.56882
v 32.16775 16.28569 10.46816
v 33.31487 14.43097 10.25670
v 33.31487 14.43097 10.25670
v 32.16775 16.28569 10.46816
v 33.18242 14.43097 11.04353
v 33.07983 14.91638 10.87770
v 32.16775 16.77110 10.46816
v 32.60320 14.91638 11.36816
v 32.60320 14.91638 11.36816
v 32.16775 16.77110 10.46816
v 31.92281 14.91638 11.43750
v 31.92281 14.91638 11.43750
v 32.16775 16.77110 10.46816
v 31.35703 14.91638 11.05327
v 31.35703 14.91638 11.05327
v 32.16775 16.77110 10.46816
v 31.17060 14.91638 10.39526
v 31.17060 14.91638 10.39526
v 32.16775 16.77110 10.46816
v 31.45075 14.91638 9.77136
v 31.45075 14.91638 9.77136
v 32.16775 16.77110 10.46816
v 32.06639 14.91638 9.47350
v 32.06639 14.91638 9.47350
v 32.16775 16.77110 10.46816
v 32.72945 14.91638 9.64105
v 32.72945 14.91638 9.64105
v 32.16775 16.77110 10.46816
v 33.12970 14.91638 10.19561
v 33.12970 14.91638 10.19561
v 32.16775 16.77110 10.46816
v 33.07983 14.91638 10.87770
v 32.96995 15.40180 10.69323
v 32.16775 17.25652 10.46816
v 32.63759 15.40180 11.15622
v 32.63759 15.40180 11.15622
v 32.16775 17.25652 10.46816
v 32.08539 15.40180 11.29725
v 32.08539 15.40180 11.29725
v 32.16775 17.25652 10.46816
v 31.57173 15.40180 11.05034
v 31.57173 15.40180 11.05034
v 32.16775 17.25652 10.46816
v 31.33695 15.40180 10.53102
v 31.33695 15.40180 10.53102
v 32.16775 17.25652 10.46816
v 31.49091 15.40180 9.98229
v 31.49091 15.40180 9.98229
v 32.16775 17.25652 10.46816
v 31.96157 15.40180 9.66090
v 31.96157 15.40180 9.66090
v 32.16775 17.25652 10.46816
v 32.52871 15.40180 9.71723
v 32.52871 15.40180 9.71723
v 32.16775 17.25652 10.46816
v 32.92695 15.40180 10.12493
v 32.92695 15.40180 10.12493
v 32.16775 17.25652 10.46816
v 32.96995 15.40180 10.69323
v 32.70997 15.88721 10.85580
v 32.16775 17.74193 10.46816
v 32.33394 15.88721 11.11365
v 32.33394 15.88721 11.11365
v 32.16775 17.74193 10.46816
v 31.88015 15.88721 11.06946
v 31.88015 15.88721 11.06946
v 32.16775 17.74193 10.46816
v 31.56093 15.88721 10.74391
v 31.56093 15.88721 10.74391
v 32.16775 17.74193 10.46816
v 31.52565 15.88721 10.28934
v 31.52565 15.88721 10.28934
v 32.16775 17.74193 10.46816
v 31.79081 15.88721 9.91844
v 31.79081 15.88721 9.91844
v 32.16775 17.74193 10.46816
v 32.23235 15.88721 9.80476
v 32.23235 15.88721 9.80476
v 32.16775 17.74193 10.46816
v 32.64366 15.88721 10.00149
v 32.64366 15.88721 10.00149
v 32.16775 17.74193 10.46816
v 32.83229 15.88721 10.41658
v 32.83229 15.88721 10.41658
v 32.16775 17.74193 10.46816
v 32.70997 15.88721 10.85580
v 32.63559 16.37263 10.64432
v 32.16775 18.22735 10.46816
v 32.41291 16.37263 10.90382
v 32.41291 16.37263 10.90382
v 32.16775 18.22735 10.46816
v 32.07551 16.37263 10.95948
v 32.07551 16.37263 10.95948
v 32.16775 18.22735 10.46816
v 31.78127 16.37263 10.78524
v 31.78127 16.37263 10.78524
v 32.16775 18.22735 10.46816
v 31.66788 16.37263 10.46263
v 31.66788 16.37263 10.46263
v 32.16775 18.22735 10.46816
v 31.78838 16.37263 10.14261
v 31.78838 16.37263 10.14261
v 32.16775 18.22735 10.46816
v 32.08639 16.37263 9.97492
v 32.08639 16.37263 9.97492
v 32.16775 18.22735 10.46816
v 32.42247 16.37263 10.03802
v 32.42247 16.37263 10.03802
v 32.16775 18.22735 10.46816
v 32.63937 16.37263 10.30238
v 32.63937 16.37263 10.30238
v 32.16775 18.22735 10.46816
v 32.63559 16.37263 10.64432
v 32.48623 16.85804 10.56633
v 32.16775 18.71276 10.46816
v 32.34862 16.85804 10.74808
v 32.34862 16.85804 10.74808
v 32.16775 18.71276 10.46816
v 32.12637 16.85804 10.79885
v 32.12637 16.85804 10.79885
v 32.16775 18.71276 10.46816
v 31.92349 16.85804 10.69488
v 31.92349 16.85804 10.69488
v 32.16775 18.71276 10.46816
v 31.83490 16.85804 10.48483
v 31.83490 16.85804 10.48483
v 32.16775 18.71276 10.46816
v 31.90205 16.85804 10.26698
v 31.90205 16.85804 10.26698
v 32.16775 18.71276 10.46816
v 32.09353 16.85804 10.14326
v 32.09353 16.85804 10.14326
v 32.16775 18.71276 10.46816
v 32.31974 16.85804 10.17156
v 32.31974 16.85804 10.17156
v 32.16775 18.71276 10.46816
v 32.47483 16.85804 10.33865
v 32.47483 16.85804 10.33865
v 32.16775 18.71276 10.46816
v 32.48623 16.85804 10.56633
v 32.33427 17.34346 10.47428
v 32.16775 19.19818 10.46816
v 32.29138 17.34346 10.57989
v 32.29138 17.34346 10.57989
v 32.16775 19.19818 10.46816
v 32.19064 17.34346 10.63321
v 32.19064 17.34346 10.63321
v 32.16775 19.19818 10.46816
v 32.07919 17.34346 10.60931
v 32.07919 17.34346 10.60931
v 32.16775 19.19818 10.46816
v 32.00918 17.34346 10.51936
v 32.00918 17.34346 10.51936
v 32.16775 19.19818 10.46816
v 32.01337 17.34346 10.40545
v 32.01337 17.34346 10.40545
v 32.16775 19.19818 10.46816
v 32.08979 17.34346 10.32088
v 32.08979 17.34346 10.32088
v 32.16775 19.19818 10.46816
v 32.20270 17.34346 10.30523
v 32.20270 17.34346 10.30523
v 32.16775 19.19818 10.46816
v 32.29925 17.34346 10.36581
v 32.29925 17.34346 10.36581
v 32.16775 19.19818 10.46816
v 32.33427 17.34346 10.47428
v 30.08573 14.92745 10.88294
v 28.54989 17.10316 10.58855
v 29.53718 14.92745 11.80128
v 29.53718 14.92745 11.80128
v 28.54989 17.10316 10.58855
v 28.52667 14.92745 12.15217
v 28.52667 14.92745 12.15217
v 28.54989 17.10316 10.58855
v 27.52703 14.92745 11.77143
v 27.52703 14.92745 11.77143
v 28.54989 17.10316 10.58855
v 27.00599 14.92745 10.83720
v 27.00599 14.92745 10.83720
v 28.54989 17.10316 10.58855
v 27.20737 14.92745 9.78663
v 27.20737 14.92745 9.78663
v 28.54989 17.10316 10.58855
v 28.03693 14.92745 9.11129
v 28.03693 14.92745 9.11129
v 28.54989 17.10316 10.58855
v 29.10651 14.92745 9.12717
v 29.10651 14.92745 9.12717
v 28.54989 17.10316 10.58855
v 29.91564 14.92745 9.82686
v 29.91564 14.92745 9.82686
v 28.54989 17.10316 10.58855
v 30.08573 14.92745 10.88294
v 29.90802 15.49688 10.75526
v 28.54989 17.67259 10.58855
v 29.48312 15.49688 11.58924
v 29.48312 15.49688 11.58924
v 28.54989 17.67259 10.58855
v 28.62156 15.49688 11.95499
v 28.62156 15.49688 11.95499
v 28.54989 17.67259 10.58855
v 27.72646 15.49688 11.68137
v 27.72646 15.49688 11.68137
v 28.54989 17.67259 10.58855
v 27.21666 15.49688 10.89641
v 27.21666 15.49688 10.89641
v 28.54989 17.67259 10.58855
v 27.33069 15.49688 9.96740
v 27.33069 15.49688 9.96740
v 28.54989 17.67259 10.58855
v 28.01520 15.49688 9.32903
v 28.01520 15.49688 9.32903
v 28.54989 17.67259 10.58855
v 28.94990 15.49688 9.28001
v 28.94990 15.49688 9.28001
v 28.54989 17.67259 10.58855
v 29.69743 15.49688 9.84327
v 29.69743 15.49688 9.84327
v 28.54989 17.67259 10.58855
v 29.90802 15.49688 10.75526
v 29.31112 16.06630 11.48079
v 28.54989 18.24201 10.58855
v 28.55951 16.06630 11.76136
v 28.55951 16.06630 11.76136
v 28.54989 18.24201 10.58855
v 27.80339 16.06630 11.49315
v 27.80339 16.06630 11.49315
v 28.54989 18.24201 10.58855
v 27.39657 16.06630 10.80168
v 27.39657 16.06630 10.80168
v 28.54989 18.24201 10.58855
v 27.52941 16.06630 10.01048
v 27.52941 16.06630 10.01048
v 28.54989 18.24201 10.58855
v 28.13973 16.06630 9.48977
v 28.13973 16.06630 9.48977
v 28.54989 18.24201 10.58855
v 28.94198 16.06630 9.48319
v 28.94198 16.06630 9.48319
v 28.54989 18.24201 10.58855
v 29.56076 16.06630 9.99382
v 29.56076 16.06630 9.99382
v 28.54989 18.24201 10.58855
v 29.70655 16.06630 10.78274
v 29.70655 16.06630 10.78274
v 28.54989 18.24201 10.58855
v 29.31112 16.06630 11.48079
v 29.51913 16.63573 10.71435
v 28.54989 18.81144 10.58855
v 29.21151 16.63573 11.30794
v 29.21151 16.63573 11.30794
v 28.54989 18.81144 10.58855
v 28.59431 16.63573 11.56491
v 28.59431 16.63573 11.56491
v 28.54989 18.81144 10.58855
v 27.95633 16.63573 11.36504
v 27.95633 16.63573 11.36504
v 28.54989 18.81144 10.58855
v 27.59608 16.63573 10.80184
v 27.59608 16.63573 10.80184
v 28.54989 18.81144 10.58855
v 27.68213 16.63573 10.13884
v 27.68213 16.63573 10.13884
v 28.54989 18.81144 10.58855
v 28.17422 16.63573 9.68627
v 28.17422 16.63573 9.68627
v 28.54989 18.81144 10.58855
v 28.84209 16.63573 9.65588
v 28.84209 16.63573 9.65588
v 28.54989 18.81144 10.58855
v 29.37324 16.63573 10.06191
v 29.37324 16.63573 10.06191
v 28.54989 18.81144 10.58855
v 29.51913 16.63573 10.71435
v 29.32541 17.20515 10.68820
v 28.54989 19.38086 10.58855
v 29.07992 17.20515 11.16338
v 29.07992 17.20515 11.16338
v 28.54989 19.38086 10.58855
v 28.58642 17.20515 11.36960
v 28.58642 17.20515 11.36960
v 28.54989 19.38086 10.58855
v 28.07583 17.20515 11.21035
v 28.07583 17.20515 11.21035
v 28.54989 19.38086 10.58855
v 27.78706 17.20515 10.76016
v 27.78706 17.20515 10.76016
v 28.54989 19.38086 10.58855
v 27.85522 17.20515 10.22967
v 27.85522 17.20515 10.22967
v 28.54989 19.38086 10.58855
v 28.24843 17.20515 9.86711
v 28.24843 17.20515 9.86711
v 28.54989 19.38086 10.58855
v 28.78270 17.20515 9.84212
v 28.78270 17.20515 9.84212
v 28.54989 19.38086 10.58855
v 29.20803 17.20515 10.16639
v 29.20803 17.20515 10.16639
v 28.54989 19.38086 10.58855
v 29.32541 17.20515 10.68820
v 28.99124 17.77458 10.97469
v 28.54989 19.95029 10.58855
v 28.63978 17.77458 11.16804
v 28.63978 17.77458 11.16804
v 28.54989 19.95029 10.58855
v 28.24626 17.77458 11.09025
v 28.24626 17.77458 11.09025
v 28.54989 19.95029 10.58855
v 27.99481 17.77458 10.77771
v 27.99481 17.77458 10.77771
v 28.54989 19.95029 10.58855
v 28.00309 17.77458 10.37665
v 28.00309 17.77458 10.37665
v 28.54989 19.95029 10.58855
v 28.26723 17.77458 10.07475
v 28.26723 17.77458 10.07475
v 28.54989 19.95029 10.58855
v 28.66362 17.77458 10.01326
v 28.66362 17.77458 10.01326
v 28.54989 19.95029 10.58855
v 29.00680 17.77458 10.22096
v 29.00680 17.77458 10.22096
v 28.54989 19.95029 10.58855
v 29.13619 17.77458 10.60066
v 29.13619 17.77458 10.60066
v 28.54989 19.95029 10.58855
v 28.99124 17.77458 10.97469
v 28.88233 18.34400 10.79429
v 28.54989 20.51971 10.58855
v 28.67231 18.34400 10.95984
v 28.67231 18.34400 10.95984
v 28.54989 20.51971 10.58855
v 28.40501 18.34400 10.95166
v 28.40501 18.34400 10.95166
v 28.54989 20.51971 10.58855
v 28.20550 18.34400 10.77358
v 28.20550 18.34400 10.77358
v 28.54989 20.51971 10.58855
v 28.16714 18.34400 10.50892
v 28.16714 18.34400 10.50892
v 28.54989 20.51971 10.58855
v 28.30787 18.34400 10.28152
v 28.30787 18.34400 10.28152
v 28.54989 20.51971 10.58855
v 28.56185 18.34400 10.19779
v 28.56185 18.34400 10.19779
v 28.54989 20.51971 10.58855
v 28.81023 18.34400 10.29689
v 28.81023 18.34400 10.29689
v 28.54989 20.51971 10.58855
v 28.93680 18.34400 10.53247
v 28.93680 18.34400 10.53247
v 28.54989 20.51971 10.58855
v 28.88233 18.34400 10.79429
v 28.73564 18.91342 10.64945
v 28.54989 21.08914 10.58855
v 28.65304 18.91342 10.75460
v 28.65304 18.91342 10.75460
v 28.54989 21.08914 10.58855
v 28.52218 18.91342 10.78205
v 28.52218 18.91342 10.78205
v 28.54989 21.08914 10.58855
v 28.40428 18.91342 10.71897
v 28.40428 18.91342 10.71897
v 28.54989 21.08914 10.58855
v 28.35452 18.91342 10.59486
v 28.35452 18.91342 10.59486
v 28.54989 21.08914 10.58855
v 28.39618 18.91342 10.46780
v 28.39618 18.91342 10.46780
v 28.54989 21.08914 10.58855
v 28.50976 18.91342 10.39724
v 28.50976 18.91342 10.39724
v 28.54989 21.08914 10.58855
v 28.64212 18.91342 10.41620
v 28.64212 18.91342 10.41620
v 28.54989 21.08914 10.58855
v 28.73133 18.91342 10.51581
v 28.73133 18.91342 10.51581
v 28.54989 21.08914 10.58855
v 28.73564 18.91342 10.64945
v 29.48438 20.04089 23.03484
v 28.60493 22.16595 21.78605
v 28.47592 20.04089 23.30798
v 28.47592 20.04089 23.30798
v 28.60493 22.16595 21.78605
v 27.52783 20.04089 22.86899
v 27.52783 20.04089 22.86899
v 28.60493 22.16595 21.78605
v 27.08372 20.04089 21.92328
v 27.08372 20.04089 21.92328
v 28.60493 22.16595 21.78605
v 27.35141 20.04089 20.91336
v 27.35141 20.04089 20.91336
v 28.60493 22.16595 21.78605
v 28.20563 20.04089 20.31178
v 28.20563 20.04089 20.31178
v 28.60493 22.16595 21.78605
v 29.24668 20.04089 20.40003
v 29.24668 20.04089 20.40003
v 28.60493 22.16595 21.78605
v 29.98746 20.04089 21.13681
v 29.98746 20.04089 21.13681
v 28.60493 22.16595 21.78605
v 30.08133 20.04089 22.17737
v 30.08133 20.04089 22.17737
v 28.60493 22.16595 21.78605
v 29.48438 20.04089 23.03484
v 29.35001 20.59706 22.89554
v 28.60493 22.72212 21.78605
v 28.46253 20.59706 23.11490
v 28.46253 20.59706 23.11490
v 28.60493 22.72212 21.78605
v 27.64167 20.59706 22.71247
v 27.64167 20.59706 22.71247
v 28.60493 22.72212 21.78605
v 27.27154 20.59706 21.87656
v 27.27154 20.59706 21.87656
v 28.60493 22.72212 21.78605
v 27.52531 20.59706 20.99830
v 27.52531 20.59706 20.99830
v 28.60493 22.72212 21.78605
v 28.28425 20.59706 20.48863
v 28.28425 20.59706 20.48863
v 28.60493 22.72212 21.78605
v 29.19324 20.59706 20.58604
v 29.19324 20.59706 20.58604
v 28.60493 22.72212 21.78605
v 29.82695 20.59706 21.24495
v 29.82695 20.59706 21.24495
v 28.60493 22.72212 21.78605
v 29.88887 20.59706 22.15704
v 29.88887 20.59706 22.15704
v 28.60493 22.72212 21.78605
v 29.35001 20.59706 22.89554
v 29.28990 21.15323 22.70424
v 28.60493 23.27828 21.78605
v 28.53944 21.15323 22.92971
v 28.53944 21.15323 22.92971
v 28.60493 23.27828 21.78605
v 27.81963 21.15323 22.62005
v 27.81963 21.15323 22.62005
v 28.60493 23.27828 21.78605
v 27.46727 21.15323 21.92015
v 27.46727 21.15323 21.92015
v 28.60493 23.27828 21.78605
v 27.64723 21.15323 21.15750
v 27.64723 21.15323 21.15750
v 28.60493 23.27828 21.78605
v 28.27531 21.15323 20.68896
v 28.27531 21.15323 20.68896
v 28.60493 23.27828 21.78605
v 29.05762 21.15323 20.73375
v 29.05762 21.15323 20.73375
v 28.60493 23.27828 21.78605
v 29.62811 21.15323 21.27093
v 29.62811 21.15323 21.27093
v 28.60493 23.27828 21.78605
v 29.71985 21.15323 22.04914
v 29.71985 21.15323 22.04914
v 28.60493 23.27828 21.78605
v 29.28990 21.15323 22.70424
v 29.43043 21.70940 22.26546
v 28.60493 23.83445 21.78605
v 28.92914 21.70940 22.68392
v 28.92914 21.70940 22.68392
v 28.60493 23.83445 21.78605
v 28.27615 21.70940 22.68226
v 28.27615 21.70940 22.68226
v 28.60493 23.83445 21.78605
v 27.77699 21.70940 22.26125
v 27.77699 21.70940 22.26125
v 28.60493 23.83445 21.78605
v 27.66524 21.70940 21.61789
v 27.66524 21.70940 21.61789
v 28.60493 23.83445 21.78605
v 27.99318 21.70940 21.05321
v 27.99318 21.70940 21.05321
v 28.60493 23.83445 21.78605
v 28.60736 21.70940 20.83144
v 28.60736 21.70940 20.83144
v 28.60493 23.83445 21.78605
v 29.22041 21.70940 21.05634
v 29.22041 21.70940 21.05634
v 28.60493 23.83445 21.78605
v 29.54546 21.70940 21.62268
v 29.54546 21.70940 21.62268
v 28.60493 23.83445 21.78605
v 29.43043 21.70940 22.26546
v 29.09073 22.26556 22.37531
v 28.60493 24.39062 21.78605
v 28.59830 22.26556 22.54971
v 28.59830 22.26556 22.54971
v 28.60493 24.39062 21.78605
v 28.10898 22.26556 22.36679
v 28.10898 22.26556 22.36679
v 28.60493 24.39062 21.78605
v 27.85172 22.26556 21.91213
v 27.85172 22.26556 21.91213
v 28.60493 24.39062 21.78605
v 27.94689 22.26556 21.39848
v 27.94689 22.26556 21.39848
v 28.60493 24.39062 21.78605
v 28.34997 22.26556 21.06617
v 28.34997 22.26556 21.06617
v 28.60493 24.39062 21.78605
v 28.87234 22.26556 21.07071
v 28.87234 22.26556 21.07071
v 28.60493 24.39062 21.78605
v 29.26959 22.26556 21.40996
v 29.26959 22.26556 21.40996
v 28.60493 24.39062 21.78605
v 29.35584 22.26556 21.92518
v 29.35584 22.26556 21.92518
v 28.60493 24.39062 21.78605
v 29.09073 22.26556 22.37531
v 29.13962 22.82173 21.99141
v 28.60493 24.94679 21.78605
v 28.88252 22.82173 22.28705
v 28.88252 22.82173 22.28705
v 28.60493 24.94679 21.78605
v 28.49554 22.82173 22.34828
v 28.49554 22.82173 22.34828
v 28.60493 24.94679 21.78605
v 28.15974 22.82173 22.14643
v 28.15974 22.82173 22.14643
v 28.60493 24.94679 21.78605
v 28.03225 22.82173 21.77595
v 28.03225 22.82173 21.77595
v 28.60493 24.94679 21.78605
v 28.17272 22.82173 21.41020
v 28.17272 22.82173 21.41020
v 28.60493 24.94679 21.78605
v 28.51543 22.82173 21.22032
v 28.51543 22.82173 21.22032
v 28.60493 24.94679 21.78605
v 28.90001 22.82173 21.29514
v 28.90001 22.82173 21.29514
v 28.60493 24.94679 21.78605
v 29.14653 22.82173 21.59967
v 29.14653 22.82173 21.59967
v 28.60493 24.94679 21.78605
v 29.13962 22.82173 21.99141
v 28.81471 23.37790 22.10511
v 28.60493 25.50295 21.78605
v 28.56055 23.37790 22.16531
v 28.56055 23.37790 22.16531
v 28.60493 25.50295 21.78605
v 28.32715 23.37790 22.04805
v 28.32715 23.37790 22.04805
v 28.60493 25.50295 21.78605
v 28.22373 23.37790 21.80820
v 28.22373 23.37790 21.80820
v 28.60493 25.50295 21.78605
v 28.29867 23.37790 21.55798
v 28.29867 23.37790 21.55798
v 28.60493 25.50295 21.78605
v 28.51692 23.37790 21.41448
v 28.51692 23.37790 21.41448
v 28.60493 25.50295 21.78605
v 28.77635 23.37790 21.44484
v 28.77635 23.37790 21.44484
v 28.60493 25.50295 21.78605
v 28.95557 23.37790 21.63486
v 28.95557 23.37790 21.63486
v 28.60493 25.50295 21.78605
v 28.97072 23.37790 21.89562
v 28.97072 23.37790 21.89562
v 28.60493 25.50295 21.78605
v 28.81471 23.37790 22.10511
v 28.79559 23.93406 21.79606
v 28.60493 26.05912 21.78605
v 28.74455 23.93406 21.91627
v 28.74455 23.93406 21.91627
v 28.60493 26.05912 21.78605
v 28.62818 23.93406 21.97555
v 28.62818 23.93406 21.97555
v 28.60493 26.05912 21.78605
v 28.50093 23.93406 21.94616
v 28.50093 23.93406 21.94616
v 28.60493 26.05912 21.78605
v 28.42234 23.93406 21.84185
v 28.42234 23.93406 21.84185
v 28.60493 26.05912 21.78605
v 28.42919 23.93406 21.71143
v 28.42919 23.93406 21.71143
v 28.60493 26.05912 21.78605
v 28.51827 23.93406 21.61593
v 28.51827 23.93406 21.61593
v 28.60493 26.05912 21.78605
v 28.64790 23.93406 21.60002
v 28.64790 23.93406 21.60002
v 28.60493 26.05912 21.78605
v 28.75742 23.93406 21.67117
v 28.75742 23.93406 21.67117
v 28.60493 26.05912 21.78605
v 28.79559 23.93406 21.79606
v 13.24540 17.99140 27.02613
v 12.06541 19.63330 27.00932
v 12.95853 17.99140 27.78068
v 12.95853 17.99140 27.78068
v 12.06541 19.63330 27.00932
v 12.25376 17.99140 28.17431
v 12.25376 17.99140 28.17431
v 12.06541 19.63330 27.00932
v 11.46085 17.99140 28.02283
v 11.46085 17.99140 28.02283
v 12.06541 19.63330 27.00932
v 10.95082 17.99140 27.39711
v 10.95082 17.99140 27.39711
v 12.06541 19.63330 27.00932
v 10.96232 17.99140 26.58995
v 10.96232 17.99140 26.58995
v 12.06541 19.63330 27.00932
v 11.48996 17.99140 25.97901
v 11.48996 17.99140 25.97901
v 12.06541 19.63330 27.00932
v 12.28686 17.99140 25.85017
v 12.28686 17.99140 25.85017
v 12.06541 19.63330 27.00932
v 12.98014 17.99140 26.26371
v 12.98014 17.99140 26.26371
v 12.06541 19.63330 27.00932
v 13.24540 17.99140 27.02613
v 13.09384 18.42112 27.10199
v 12.06541 20.06302 27.00932
v 12.79367 18.42112 27.74137
v 12.79367 18.42112 27.74137
v 12.06541 20.06302 27.00932
v 12.15273 18.42112 28.03822
v 12.15273 18.42112 28.03822
v 12.06541 20.06302 27.00932
v 11.47094 18.42112 27.85364
v 11.47094 18.42112 27.85364
v 12.06541 20.06302 27.00932
v 11.06730 18.42112 27.27399
v 11.06730 18.42112 27.27399
v 12.06541 20.06302 27.00932
v 11.13069 18.42112 26.57050
v 11.13069 18.42112 26.57050
v 12.06541 20.06302 27.00932
v 11.63144 18.42112 26.07234
v 11.63144 18.42112 26.07234
v 12.06541 20.06302 27.00932
v 12.33525 18.42112 26.01260
v 12.33525 18.42112 26.01260
v 12.06541 20.06302 27.00932
v 12.91280 18.42112 26.41924
v 12.91280 18.42112 26.41924
v 12.06541 20.06302 27.00932
v 13.09384 18.42112 27.10199
v 12.87626 18.85083 27.36413
v 12.06541 20.49273 27.00932
v 12.45850 18.85083 27.80233
v 12.45850 18.85083 27.80233
v 12.06541 20.49273 27.00932
v 11.85680 18.85083 27.86947
v 11.85680 18.85083 27.86947
v 12.06541 20.49273 27.00932
v 11.35271 18.85083 27.53414
v 11.35271 18.85083 27.53414
v 12.06541 20.49273 27.00932
v 11.18210 18.85083 26.95325
v 11.18210 18.85083 26.95325
v 12.06541 20.49273 27.00932
v 11.42480 18.85083 26.39859
v 11.42480 18.85083 26.39859
v 12.06541 20.49273 27.00932
v 11.96725 18.85083 26.12970
v 11.96725 18.85083 26.12970
v 12.06541 20.49273 27.00932
v 12.55562 18.85083 26.27239
v 12.55562 18.85083 26.27239
v 12.06541 20.49273 27.00932
v 12.91462 18.85083 26.75991
v 12.91462 18.85083 26.75991
v 12.06541 20.49273 27.00932
v 12.87626 18.85083 27.36413
v 12.78770 19.28055 27.15867
v 12.06541 20.92245 27.00932
v 12.52271 19.28055 27.58801
v 12.52271 19.28055 27.58801
v 12.06541 20.92245 27.00932
v 12.04375 19.28055 27.74658
v 12.04375 19.28055 27.74658
v 12.06541 20.92245 27.00932
v 11.57492 19.28055 27.56017
v 11.57492 19.28055 27.56017
v 12.06541 20.92245 27.00932
v 11.33559 19.28055 27.11602
v 11.33559 19.28055 27.11602
v 12.06541 20.92245 27.00932
v 11.43775 19.28055 26.62194
v 11.43775 19.28055 26.62194
v 12.06541 20.92245 27.00932
v 11.83360 19.28055 26.30912
v 11.83360 19.28055 26.30912
v 12.06541 20.92245 27.00932
v 12.33791 19.28055 26.32394
v 12.33791 19.28055 26.32394
v 12.06541 20.92245 27.00932
v 12.71472 19.28055 26.65945
v 12.71472 19.28055 26.65945
v 12.06541 20.92245 27.00932
v 12.78770 19.28055 27.15867
v 12.64102 19.71026 27.13909
v 12.06541 21.35216 27.00932
v 12.42294 19.71026 27.47872
v 12.42294 19.71026 27.47872
v 12.06541 21.35216 27.00932
v 12.03756 19.71026 27.59872
v 12.03756 19.71026 27.59872
v 12.06541 21.35216 27.00932
v 11.66522 19.71026 27.44293
v 11.66522 19.71026 27.44293
v 12.06541 21.35216 27.00932
v 11.48013 19.71026 27.08425
v 11.48013 19.71026 27.08425
v 12.06541 21.35216 27.00932
v 11.56889 19.71026 26.69051
v 11.56889 19.71026 26.69051
v 12.06541 21.35216 27.00932
v 11.88998 19.71026 26.44594
v 11.88998 19.71026 26.44594
v 12.06541 21.35216 27.00932
v 12.29315 19.71026 26.46499
v 12.29315 19.71026 26.46499
v 12.06541 21.35216 27.00932
v 12.58976 19.71026 26.73873
v 12.58976 19.71026 26.73873
v 12.06541 21.35216 27.00932
v 12.64102 19.71026 27.13909
v 12.36584 20.13998 27.33426
v 12.06541 21.78188 27.00932
v 12.08668 20.13998 27.45135
v 12.08668 20.13998 27.45135
v 12.06541 21.78188 27.00932
v 11.79757 20.13998 27.36162
v 11.79757 20.13998 27.36162
v 12.06541 21.78188 27.00932
v 11.63378 20.13998 27.10704
v 11.63378 20.13998 27.10704
v 12.06541 21.78188 27.00932
v 11.67196 20.13998 26.80673
v 11.67196 20.13998 26.80673
v 12.06541 21.78188 27.00932
v 11.89423 20.13998 26.60123
v 11.89423 20.13998 26.60123
v 12.06541 21.78188 27.00932
v 12.19659 20.13998 26.58667
v 12.19659 20.13998 26.58667
v 12.06541 21.78188 27.00932
v 12.43758 20.13998 26.76988
v 12.43758 20.13998 26.76988
v 12.06541 21.78188 27.00932
v 12.50442 20.13998 27.06512
v 12.50442 20.13998 27.06512
v 12.06541 21.78188 27.00932
v 12.36584 20.13998 27.33426
v 12.26169 20.56970 27.22958
v 12.06541 22.21160 27.00932
v 12.07419 20.56970 27.30422
v 12.07419 20.56970 27.30422
v 12.06541 22.21160 27.00932
v 11.88258 20.56970 27.24087
v 11.88258 20.56970 27.24087
v 12.06541 22.21160 27.00932
v 11.77651 20.56970 27.06918
v 11.77651 20.56970 27.06918
v 12.06541 22.21160 27.00932
v 11.80563 20.56970 26.86948
v 11.80563 20.56970 26.86948
v 12.06541 22.21160 27.00932
v 11.95629 20.56970 26.73521
v 11.95629 20.56970 26.73521
v 12.06541 22.21160 27.00932
v 12.15801 20.56970 26.72920
v 12.15801 20.56970 26.72920
v 12.06541 22.21160 27.00932
v 12.31640 20.56970 26.85427
v 12.31640 20.56970 26.85427
v 12.06541 22.21160 27.00932
v 12.35735 20.56970 27.05188
v 12.35735 20.56970 27.05188
v 12.06541 22.21160 27.00932
v 12.26169 20.56970 27.22958
v 12.19433 20.99941 27.08101
v 12.06541 22.64131 27.00932
v 12.11809 20.99941 27.14711
v 12.11809 20.99941 27.14711
v 12.06541 22.64131 27.00932
v 12.01719 20.99941 27.14874
v 12.01719 20.99941 27.14874
v 12.06541 22.64131 27.00932
v 11.93886 20.99941 27.08513
v 11.93886 20.99941 27.08513
v 12.06541 22.64131 27.00932
v 11.91974 20.99941 26.98605
v 11.91974 20.99941 26.98605
v 12.06541 22.64131 27.00932
v 11.96878 20.99941 26.89786
v 11.96878 20.99941 26.89786
v 12.06541 22.64131 27.00932
v 12.06303 20.99941 26.86183
v 12.06303 20.99941 26.86183
v 12.06541 22.64131 27.00932
v 12.15839 20.99941 26.89481
v 12.15839 20.99941 26.89481
v 12.06541 22.64131 27.00932
v 12.21025 20.99941 26.98137
v 12.21025 20.99941 26.98137
v 12.06541 22.64131 27.00932
v 12.19433 20.99941 27.08101
vt 6.66338 -0.59214
vt 6.32317 -0.25587
vt 6.43465 -0.53925
vt 6.43465 -0.53925
vt 6.32317 -0.25587
vt 6.15376 -0.60808
vt 6.15376 -0.60808
vt 6.32317 -0.25587
vt 5.95214 -0.76642
vt 5.95214 -0.76642
vt 6.32317 -0.25587
vt 5.92413 -0.94019
vt 5.92413 -0.94019
vt 6.32317 -0.25587
vt 6.08284 -1.04808
vt 6.08284 -1.04808
vt 6.32317 -0.25587
vt 6.35400 -1.03960
vt 6.35400 -1.03960
vt 6.32317 -0.25587
vt 6.61073 -0.91873
vt 6.61073 -0.91873
vt 6.32317 -0.25587
vt 6.73292 -0.74201
vt 6.73292 -0.74201
vt 6.32317 -0.25587
vt 6.66338 -0.59214
vt 6.68348 -0.58397
vt 6.32317 -0.11362
vt 6.59799 -0.46236
vt 6.59799 -0.46236
vt 6.32317 -0.11362
vt 6.38391 -0.43190
vt 6.38391 -0.43190
vt 6.32317 -0.11362
vt 6.14141 -0.50683
vt 6.14141 -0.50683
vt 6.32317 -0.11362
vt 5.98396 -0.65209
vt 5.98396 -0.65209
vt 6.32317 -0.11362
vt 5.98523 -0.79971
vt 5.98523 -0.79971
vt 6.32317 -0.11362
vt 6.14462 -0.88063
vt 6.14462 -0.88063
vt 6.32317 -0.11362
vt 6.38756 -0.85697
vt 6.38756 -0.85697
vt 6.32317 -0.11362
vt 6.60038 -0.73981
vt 6.60038 -0.73981
vt 6.32317 -0.11362
vt 6.68348 -0.58397
vt 6.62365 -0.41196
vt 6.32317 0.02863
vt 6.50746 -0.32934
vt 6.50746 -0.32934
vt 6.32317 0.02863
vt 6.30504 -0.33354
vt 6.30504 -0.33354
vt 6.32317 0.02863
vt 6.11110 -0.42259
vt 6.11110 -0.42259
vt 6.32317 0.02863
vt 6.01640 -0.55484
vt 6.01640 -0.55484
vt 6.32317 0.02863
vt 6.06524 -0.66839
vt 6.06524 -0.66839
vt 6.32317 0.02863
vt 6.23477 -0.71012
vt 6.23477 -0.71012
vt 6.32317 0.02863
vt 6.44566 -0.66050
vt 6.44566 -0.66050
vt 6.32317 0.02863
vt 6.59924 -0.54275
vt 6.59924 -0.54275
vt 6.32317 0.02863
vt 6.62365 -0.41196
vt 6.57530 -0.29123
vt 6.32317 0.17088
vt 6.48312 -0.21968
vt 6.48312 -0.21968
vt 6.32317 0.17088
vt 6.31609 -0.21970
vt 6.31609 -0.21970
vt 6.32317 0.17088
vt 6.15238 -0.29129
vt 6.15238 -0.29129
vt 6.32317 0.17088
vt 6.06858 -0.40094
vt 6.06858 -0.40094
vt 6.32317 0.17088
vt 6.10391 -0.49736
vt 6.10391 -0.49736
vt 6.32317 0.17088
vt 6.24184 -0.53542
vt 6.24184 -0.53542
vt 6.32317 0.17088
vt 6.41782 -0.49731
vt 6.41782 -0.49731
vt 6.32317 0.17088
vt 6.54951 -0.40088
vt 6.54951 -0.40088
vt 6.32317 0.17088
vt 6.57530 -0.29123
vt 6.52173 -0.15799
vt 6.32317 0.31313
vt 6.44025 -0.10536
vt 6.44025 -0.10536
vt 6.32317 0.31313
vt 6.30400 -0.11123
vt 6.30400 -0.11123
vt 6.32317 0.31313
vt 6.17671 -0.17286
vt 6.17671 -0.17286
vt 6.32317 0.31313
vt 6.11796 -0.26141
vt 6.11796 -0.26141
vt 6.32317 0.31313
vt 6.15523 -0.33545
vt 6.15523 -0.33545
vt 6.32317 0.31313
vt 6.27108 -0.36033
vt 6.27108 -0.36033
vt 6.32317 0.31313
vt 6.41130 -0.32441
vt 6.41130 -0.32441
vt 6.32317 0.31313
vt 6.51029 -0.24451
vt 6.51029 -0.24451
vt 6.32317 0.31313
vt 6.52173 -0.15799
vt 6.45533 -0.01379
vt 6.32317 0.45537
vt 6.37307 0.00952
vt 6.37307 0.00952
vt 6.32317 0.45537
vt 6.26746 -0.01287
vt 6.26746 -0.01287
vt 6.32317 0.45537
vt 6.18792 -0.07049
vt 6.18792 -0.07049
vt 6.32317 0.45537
vt 6.17167 -0.13636
vt 6.17167 -0.13636
vt 6.32317 0.45537
vt 6.22630 -0.17967
vt 6.22630 -0.17967
vt 6.32317 0.45537
vt 6.32627 -0.18016
vt 6.32627 -0.18016
vt 6.32317 0.45537
vt 6.42478 -0.13759
vt 6.42478 -0.13759
vt 6.32317 0.45537
vt 6.47575 -0.07189
vt 6.47575 -0.07189
vt 6.32317 0.45537
vt 6.45533 -0.01379
vt 6.42552 0.08122
vt 6.32317 0.59762
vt 6.39445 0.11293
vt 6.39445 0.11293
vt 6.32317 0.59762
vt 6.33003 0.11711
vt 6.33003 0.11711
vt 6.32317 0.59762
vt 6.26240 0.09181
vt 6.26240 0.09181
vt 6.32317 0.59762
vt 6.22321 0.04887
vt 6.22321 0.04887
vt 6.32317 0.59762
vt 6.23079 0.00838
vt 6.23079 0.00838
vt 6.32317 0.59762
vt 6.28160 -0.01072
vt 6.28160 -0.01072
vt 6.32317 0.59762
vt 6.35186 0.00052
vt 6.35186 0.00052
vt 6.32317 0.59762
vt 6.40870 0.03683
vt 6.40870 0.03683
vt 6.32317 0.59762
vt 6.42552 0.08122
vt 6.37402 0.20171
vt 6.32317 0.73987
vt 6.36728 0.22110
vt 6.36728 0.22110
vt 6.32317 0.73987
vt 6.33990 0.22891
vt 6.33990 0.22891
vt 6.32317 0.73987
vt 6.30470 0.22148
vt 6.30470 0.22148
vt 6.32317 0.73987
vt 6.27814 0.20230
vt 6.27814 0.20230
vt 6.32317 0.73987
vt 6.27265 0.18034
vt 6.27265 0.18034
vt 6.32317 0.73987
vt 6.29081 0.16587
vt 6.29081 0.16587
vt 6.32317 0.73987
vt 6.32410 0.16566
vt 6.32410 0.16566
vt 6.32317 0.73987
vt 6.35697 0.17982
vt 6.35697 0.17982
vt 6.32317 0.73987
vt 6.37402 0.20171
vt -2.89018 1.40073
vt -3.34363 1.84460
vt -3.12119 1.50213
vt -3.12119 1.50213
vt -3.34363 1.84460
vt -3.45629 1.45908
vt -3.45629 1.45908
vt -3.34363 1.84460
vt -3.73867 1.29173
vt -3.73867 1.29173
vt -3.34363 1.84460
vt -3.83620 1.07839
vt -3.83620 1.07839
vt -3.34363 1.84460
vt -3.70325 0.91887
vt -3.70325 0.91887
vt -3.34363 1.84460
vt -3.40203 0.88782
vt -3.40203 0.88782
vt -3.34363 1.84460
vt -3.07348 0.99977
vt -3.07348 0.99977
vt -3.34363 1.84460
vt -2.87134 1.20234
vt -2.87134 1.20234
vt -3.34363 1.84460
vt -2.89018 1.40073
vt -2.94911 1.54788
vt -3.34363 2.01502
vt -3.15403 1.63446
vt -3.15403 1.63446
vt -3.34363 2.01502
vt -3.44766 1.59442
vt -3.44766 1.59442
vt -3.34363 2.01502
vt -3.69262 1.44649
vt -3.69262 1.44649
vt -3.34363 2.01502
vt -3.77428 1.25990
vt -3.77428 1.25990
vt -3.34363 2.01502
vt -3.65443 1.12195
vt -3.65443 1.12195
vt -3.34363 2.01502
vt -3.38915 1.09719
vt -3.38915 1.09719
vt -3.34363 2.01502
vt -3.10257 1.19720
vt -3.10257 1.19720
vt -3.34363 2.01502
vt -2.92879 1.37519
vt -2.92879 1.37519
vt -3.34363 2.01502
vt -2.94911 1.54788
vt -2.98048 1.64947
vt -3.34363 2.18544
vt -3.11104 1.75345
vt -3.11104 1.75345
vt -3.34363 2.18544
vt -3.35043 1.75488
vt -3.35043 1.75488
vt -3.34363 2.18544
vt -3.58663 1.65309
vt -3.58663 1.65309
vt -3.34363 2.18544
vt -3.70913 1.49570
vt -3.70913 1.49570
vt -3.34363 2.18544
vt -3.66061 1.35636
vt -3.66061 1.35636
vt -3.34363 2.18544
vt -3.46376 1.30027
vt -3.46376 1.30027
vt -3.34363 2.18544
vt -3.21071 1.35367
vt -3.21071 1.35367
vt -3.34363 2.18544
vt -3.01984 1.49158
vt -3.01984 1.49158
vt -3.34363 2.18544
vt -2.98048 1.64947
vt -3.09604 1.86448
vt -3.34363 2.35586
vt -3.27210 1.89896
vt -3.27210 1.89896
vt -3.34363 2.35586
vt -3.48163 1.84254
vt -3.48163 1.84254
vt -3.34363 2.35586
vt -3.62658 1.72162
vt -3.62658 1.72162
vt -3.34363 2.35586
vt -3.63913 1.59278
vt -3.63913 1.59278
vt -3.34363 2.35586
vt -3.51342 1.51631
vt -3.51342 1.51631
vt -3.34363 2.35586
vt -3.30826 1.52799
vt -3.30826 1.52799
vt -3.34363 2.35586
vt -3.11964 1.62235
vt -3.11964 1.62235
vt -3.34363 2.35586
vt -3.03583 1.75524
vt -3.03583 1.75524
vt -3.34363 2.35586
vt -3.09604 1.86448
vt -3.09831 1.90867
vt -3.34363 2.52629
vt -3.13909 1.99875
vt -3.13909 1.99875
vt -3.34363 2.52629
vt -3.27557 2.03099
vt -3.27557 2.03099
vt -3.34363 2.52629
vt -3.44389 1.99029
vt -3.44389 1.99029
vt -3.34363 2.52629
vt -3.56530 1.89570
vt -3.56530 1.89570
vt -3.34363 2.52629
vt -3.58299 1.79148
vt -3.58299 1.79148
vt -3.34363 2.52629
vt -3.48867 1.72640
vt -3.48867 1.72640
vt -3.34363 2.52629
vt -3.32649 1.73090
vt -3.32649 1.73090
vt -3.34363 2.52629
vt -3.17232 1.80289
vt -3.17232 1.80289
vt -3.34363 2.52629
vt -3.09831 1.90867
vt -3.16667 2.04856
vt -3.34363 2.69671
vt -3.17338 2.12304
vt -3.17338 2.12304
vt -3.34363 2.69671
vt -3.25976 2.16126
vt -3.25976 2.16126
vt -3.34363 2.69671
vt -3.38538 2.14533
vt -3.38538 2.14533
vt -3.34363 2.69671
vt -3.49146 2.08271
vt -3.49146 2.08271
vt -3.34363 2.69671
vt -3.52837 2.00270
vt -3.52837 2.00270
vt -3.34363 2.69671
vt -3.47883 1.94274
vt -3.47883 1.94274
vt -3.34363 2.69671
vt -3.36603 1.93088
vt -3.36603 1.93088
vt -3.34363 2.69671
vt -3.24275 1.97267
vt -3.24275 1.97267
vt -3.34363 2.69671
vt -3.16667 2.04856
vt -3.22116 2.24922
vt -3.34363 2.86713
vt -3.25920 2.28680
vt -3.25920 2.28680
vt -3.34363 2.86713
vt -3.33674 2.29123
vt -3.33674 2.29123
vt -3.34363 2.86713
vt -3.41751 2.26045
vt -3.41751 2.26045
vt -3.34363 2.86713
vt -3.46370 2.20885
vt -3.46370 2.20885
vt -3.34363 2.86713
vt -3.45372 2.16058
vt -3.45372 2.16058
vt -3.34363 2.86713
vt -3.39222 2.13823
vt -3.39222 2.13823
vt -3.34363 2.86713
vt -3.30798 2.15225
vt -3.30798 2.15225
vt -3.34363 2.86713
vt -3.24042 2.19608
vt -3.24042 2.19608
vt -3.34363 2.86713
vt -3.22116 2.24922
vt -3.29335 2.41787
vt -3.34363 3.03756
vt -3.32806 2.42530
vt -3.32806 2.42530
vt -3.34363 3.03756
vt -3.37006 2.41453
vt -3.37006 2.41453
vt -3.34363 3.03756
vt -3.39969 2.39059
vt -3.39969 2.39059
vt -3.34363 3.03756
vt -3.40309 2.36468
vt -3.40309 2.36468
vt -3.34363 3.03756
vt -3.37866 2.34893
vt -3.37866 2.34893
vt -3.34363 3.03756
vt -3.33784 2.35071
vt -3.33784 2.35071
vt -3.34363 3.03756
vt -3.29973 2.36918
vt -3.29973 2.36918
vt -3.34363 3.03756
vt -3.28216 2.39570
vt -3.28216 2.39570
vt -3.34363 3.03756
vt -3.29335 2.41787
vt -4.20754 -2.35462
vt -4.70851 -1.86538
vt -4.47468 -2.24758
vt -4.47468 -2.24758
vt -4.70851 -1.86538
vt -4.85123 -2.30300
vt -4.85123 -2.30300
vt -4.70851 -1.86538
vt -5.16100 -2.49493
vt -5.16100 -2.49493
vt -4.70851 -1.86538
vt -5.25904 -2.73359
vt -5.25904 -2.73359
vt -4.70851 -1.86538
vt -5.09949 -2.90728
vt -5.09949 -2.90728
vt -4.70851 -1.86538
vt -4.75699 -2.93475
vt -4.75699 -2.93475
vt -4.70851 -1.86538
vt -4.39180 -2.80314
vt -4.39180 -2.80314
vt -4.70851 -1.86538
vt -4.17481 -2.57403
vt -4.17481 -2.57403
vt -4.70851 -1.86538
vt -4.20754 -2.35462
vt -4.24618 -2.39638
vt -4.70851 -1.67448
vt -4.26331 -2.20162
vt -4.26331 -2.20162
vt -4.70851 -1.67448
vt -4.48876 -2.10150
vt -4.48876 -2.10150
vt -4.70851 -1.67448
vt -4.81703 -2.14286
vt -4.81703 -2.14286
vt -4.70851 -1.67448
vt -5.09452 -2.30636
vt -5.09452 -2.30636
vt -4.70851 -1.67448
vt -5.19139 -2.51548
vt -5.19139 -2.51548
vt -4.70851 -1.67448
vt -5.06232 -2.67238
vt -5.06232 -2.67238
vt -4.70851 -1.67448
vt -4.76769 -2.70365
vt -4.76769 -2.70365
vt -4.70851 -1.67448
vt -4.44537 -2.59465
vt -4.44537 -2.59465
vt -4.70851 -1.67448
vt -4.24618 -2.39638
vt -4.29466 -2.11676
vt -4.70851 -1.48358
vt -4.40589 -1.98254
vt -4.40589 -1.98254
vt -4.70851 -1.48358
vt -4.65872 -1.95615
vt -4.65872 -1.95615
vt -4.70851 -1.48358
vt -4.93485 -2.04993
vt -4.93485 -2.04993
vt -4.70851 -1.48358
vt -5.10507 -2.22000
vt -5.10507 -2.22000
vt -4.70851 -1.48358
vt -5.08973 -2.38679
vt -5.08973 -2.38679
vt -4.70851 -1.48358
vt -4.89602 -2.47225
vt -4.89602 -2.47225
vt -4.70851 -1.48358
vt -4.61456 -2.43639
vt -4.61456 -2.43639
vt -4.70851 -1.48358
vt -4.37707 -2.29600
vt -4.37707 -2.29600
vt -4.70851 -1.48358
vt -4.29466 -2.11676
vt -4.36525 -1.93049
vt -4.70851 -1.29269
vt -4.47014 -1.82445
vt -4.47014 -1.82445
vt -4.70851 -1.29269
vt -4.68656 -1.81088
vt -4.68656 -1.81088
vt -4.70851 -1.29269
vt -4.91325 -1.89614
vt -4.91325 -1.89614
vt -4.70851 -1.29269
vt -5.04414 -2.04033
vt -5.04414 -2.04033
vt -4.70851 -1.29269
vt -5.01799 -2.17598
vt -5.01799 -2.17598
vt -4.70851 -1.29269
vt -4.84702 -2.23962
vt -4.84702 -2.23962
vt -4.70851 -1.29269
vt -4.61125 -2.20147
vt -4.61125 -2.20147
vt -4.70851 -1.29269
vt -4.42098 -2.07939
vt -4.42098 -2.07939
vt -4.70851 -1.29269
vt -4.36525 -1.93049
vt -4.44508 -1.82852
vt -4.70851 -1.10179
vt -4.45312 -1.71683
vt -4.45312 -1.71683
vt -4.70851 -1.10179
vt -4.58066 -1.65865
vt -4.58066 -1.65865
vt -4.70851 -1.10179
vt -4.76803 -1.68120
vt -4.76803 -1.68120
vt -4.70851 -1.10179
vt -4.92754 -1.77393
vt -4.92754 -1.77393
vt -4.70851 -1.10179
vt -4.98456 -1.89345
vt -4.98456 -1.89345
vt -4.70851 -1.10179
vt -4.91242 -1.98384
vt -4.91242 -1.98384
vt -4.70851 -1.10179
vt -4.74486 -2.00280
vt -4.74486 -2.00280
vt -4.70851 -1.10179
vt -4.56030 -1.94146
vt -4.56030 -1.94146
vt -4.70851 -1.10179
vt -4.44508 -1.82852
vt -4.50908 -1.63421
vt -4.70851 -0.91090
vt -4.51953 -1.55147
vt -4.51953 -1.55147
vt -4.70851 -0.91090
vt -4.61840 -1.51030
vt -4.61840 -1.51030
vt -4.70851 -0.91090
vt -4.75943 -1.52995
vt -4.75943 -1.52995
vt -4.70851 -0.91090
vt -4.87664 -1.60123
vt -4.87664 -1.60123
vt -4.70851 -0.91090
vt -4.91517 -1.69078
vt -4.91517 -1.69078
vt -4.70851 -0.91090
vt -4.85701 -1.75671
vt -4.85701 -1.75671
vt -4.70851 -0.91090
vt -4.72936 -1.76817
vt -4.72936 -1.76817
vt -4.70851 -0.91090
vt -4.59195 -1.71978
vt -4.59195 -1.71978
vt -4.70851 -0.91090
vt -4.50908 -1.63421
vt -4.57039 -1.42374
vt -4.70851 -0.72000
vt -4.60060 -1.37605
vt -4.60060 -1.37605
vt -4.70851 -0.72000
vt -4.68130 -1.36268
vt -4.68130 -1.36268
vt -4.70851 -0.72000
vt -4.77473 -1.38989
vt -4.77473 -1.38989
vt -4.70851 -0.72000
vt -4.83717 -1.44494
vt -4.83717 -1.44494
vt -4.70851 -0.72000
vt -4.83941 -1.50207
vt -4.83941 -1.50207
vt -4.70851 -0.72000
vt -4.78040 -1.53456
vt -4.78040 -1.53456
vt -4.70851 -0.72000
vt -4.68775 -1.52719
vt -4.68775 -1.52719
vt -4.70851 -0.72000
vt -4.60481 -1.48343
vt -4.60481 -1.48343
vt -4.70851 -0.72000
vt -4.57039 -1.42374
vt -4.63986 -1.24938
vt -4.70851 -0.52910
vt -4.65098 -1.22405
vt -4.65098 -1.22405
vt -4.70851 -0.52910
vt -4.68901 -1.21484
vt -4.68901 -1.21484
vt -4.70851 -0.52910
vt -4.73617 -1.22605
vt -4.73617 -1.22605
vt -4.70851 -0.52910
vt -4.77038 -1.25245
vt -4.77038 -1.25245
vt -4.70851 -0.52910
vt -4.77565 -1.28167
vt -4.77565 -1.28167
vt -4.70851 -0.52910
vt -4.74949 -1.30006
vt -4.74949 -1.30006
vt -4.70851 -0.52910
vt -4.70416 -1.29899
vt -4.70416 -1.29899
vt -4.70851 -0.52910
vt -4.66087 -1.27898
vt -4.66087 -1.27898
vt -4.70851 -0.52910
vt -4.63986 -1.24938
vt 5.20074 0.62514
vt 4.86803 0.98981
vt 5.11399 0.73416
vt 5.11399 0.73416
vt 4.86803 0.98981
vt 4.91215 0.75714
vt 4.91215 0.75714
vt 4.86803 0.98981
vt 4.68967 0.68333
vt 4.68967 0.68333
vt 4.86803 0.98981
vt 4.55064 0.54726
vt 4.55064 0.54726
vt 4.86803 0.98981
vt 4.56012 0.41260
vt 4.56012 0.41260
vt 4.86803 0.98981
vt 4.71368 0.34237
vt 4.71368 0.34237
vt 4.86803 0.98981
vt 4.93946 0.36941
vt 4.93946 0.36941
vt 4.86803 0.98981
vt 5.13181 0.48109
vt 5.13181 0.48109
vt 4.86803 0.98981
vt 5.20074 0.62514
vt 5.15840 0.70889
vt 4.86803 1.10484
vt 5.10600 0.81379
vt 5.10600 0.81379
vt 4.86803 1.10484
vt 4.94224 0.84921
vt 4.94224 0.84921
vt 4.86803 1.10484
vt 4.74377 0.79859
vt 4.74377 0.79859
vt 4.86803 1.10484
vt 4.60343 0.68560
vt 4.60343 0.68560
vt 4.86803 1.10484
vt 4.58690 0.56312
vt 4.58690 0.56312
vt 4.86803 1.10484
vt 4.70192 0.48846
vt 4.70192 0.48846
vt 4.86803 1.10484
vt 4.89466 0.49654
vt 4.89466 0.49654
vt 4.86803 1.10484
vt 5.07494 0.58360
vt 5.07494 0.58360
vt 4.86803 1.10484
vt 5.15840 0.70889
vt 5.11769 0.82619
vt 4.86803 1.21988
vt 5.06366 0.91263
vt 5.06366 0.91263
vt 4.86803 1.21988
vt 4.91809 0.93717
vt 4.91809 0.93717
vt 4.86803 1.21988
vt 4.74910 0.88833
vt 4.74910 0.88833
vt 4.86803 1.21988
vt 4.63576 0.78896
vt 4.63576 0.78896
vt 4.86803 1.21988
vt 4.63110 0.68557
vt 4.63110 0.68557
vt 4.86803 1.21988
vt 4.73730 0.62652
vt 4.73730 0.62652
vt 4.86803 1.21988
vt 4.90467 0.63945
vt 4.90467 0.63945
vt 4.86803 1.21988
vt 5.05490 0.71830
vt 5.05490 0.71830
vt 4.86803 1.21988
vt 5.11769 0.82619
vt 5.06548 0.89538
vt 4.86803 1.33491
vt 5.06158 0.97999
vt 5.06158 0.97999
vt 4.86803 1.33491
vt 4.96713 1.02501
vt 4.96713 1.02501
vt 4.86803 1.33491
vt 4.82630 1.00937
vt 4.82630 1.00937
vt 4.86803 1.33491
vt 4.70500 0.94040
vt 4.70500 0.94040
vt 4.86803 1.33491
vt 4.65998 0.85036
vt 4.65998 0.85036
vt 4.86803 1.33491
vt 4.71231 0.78138
vt 4.71231 0.78138
vt 4.86803 1.33491
vt 4.83750 0.76575
vt 4.83750 0.76575
vt 4.86803 1.33491
vt 4.97698 0.81077
vt 4.97698 0.81077
vt 4.86803 1.33491
vt 5.06548 0.89538
vt 5.03093 1.02232
vt 4.86803 1.44994
vt 5.01496 1.08679
vt 5.01496 1.08679
vt 4.86803 1.44994
vt 4.93025 1.11552
vt 4.93025 1.11552
vt 4.86803 1.44994
vt 4.81642 1.09507
vt 4.81642 1.09507
vt 4.86803 1.44994
vt 4.72674 1.03501
vt 4.72674 1.03501
vt 4.86803 1.44994
vt 4.70317 0.96344
vt 4.70317 0.96344
vt 4.86803 1.44994
vt 4.75674 0.91385
vt 4.75674 0.91385
vt 4.86803 1.44994
vt 4.86238 0.90944
vt 4.86238 0.90944
vt 4.86803 1.44994
vt 4.97067 0.95228
vt 4.97067 0.95228
vt 4.86803 1.44994
vt 5.03093 1.02232
vt 4.97625 1.18447
vt 4.86803 1.56498
vt 4.91089 1.20439
vt 4.91089 1.20439
vt 4.86803 1.56498
vt 4.82547 1.18737
vt 4.82547 1.18737
vt 4.86803 1.56498
vt 4.75996 1.14138
vt 4.75996 1.14138
vt 4.86803 1.56498
vt 4.74502 1.08793
vt 4.74502 1.08793
vt 4.86803 1.56498
vt 4.78764 1.05203
vt 4.78764 1.05203
vt 4.86803 1.56498
vt 4.86787 1.05049
vt 4.86787 1.05049
vt 4.86803 1.56498
vt 4.94817 1.08402
vt 4.94817 1.08402
vt 4.86803 1.56498
vt 4.99098 1.13693
vt 4.99098 1.13693
vt 4.86803 1.56498
vt 4.97625 1.18447
vt 4.95079 1.26243
vt 4.86803 1.68001
vt 4.92564 1.28806
vt 4.92564 1.28806
vt 4.86803 1.68001
vt 4.87353 1.29142
vt 4.87353 1.29142
vt 4.86803 1.68001
vt 4.81885 1.27095
vt 4.81885 1.27095
vt 4.86803 1.68001
vt 4.78718 1.23622
vt 4.78718 1.23622
vt 4.86803 1.68001
vt 4.79334 1.20348
vt 4.79334 1.20348
vt 4.86803 1.68001
vt 4.83444 1.18806
vt 4.83444 1.18806
vt 4.86803 1.68001
vt 4.89127 1.19716
vt 4.89127 1.19716
vt 4.86803 1.68001
vt 4.93722 1.22654
vt 4.93722 1.22654
vt 4.86803 1.68001
vt 4.95079 1.26243
vt 4.90954 1.36567
vt 4.86803 1.79504
vt 4.89784 1.37890
vt 4.89784 1.37890
vt 4.86803 1.79504
vt 4.87220 1.38120
vt 4.87220 1.38120
vt 4.86803 1.79504
vt 4.84460 1.37147
vt 4.84460 1.37147
vt 4.86803 1.79504
vt 4.82797 1.35428
vt 4.82797 1.35428
vt 4.86803 1.79504
vt 4.83008 1.33766
vt 4.83008 1.33766
vt 4.86803 1.79504
vt 4.84995 1.32940
vt 4.84995 1.32940
vt 4.86803 1.79504
vt 4.87828 1.33336
vt 4.87828 1.33336
vt 4.86803 1.79504
vt 4.90181 1.34768
vt 4.90181 1.34768
vt 4.86803 1.79504
vt 4.90954 1.36567
vt -4.85016 0.85936
vt -5.27389 1.28963
vt -5.01278 0.97639
vt -5.01278 0.97639
vt -5.27389 1.28963
vt -5.29758 0.97127
vt -5.29758 0.97127
vt -5.27389 1.28963
vt -5.57130 0.84641
vt -5.57130 0.84641
vt -5.27389 1.28963
vt -5.70585 0.66022
vt -5.70585 0.66022
vt -5.27389 1.28963
vt -5.63828 0.49982
vt -5.63828 0.49982
vt -5.27389 1.28963
vt -5.40021 0.44027
vt -5.40021 0.44027
vt -5.27389 1.28963
vt -5.10303 0.50943
vt -5.10303 0.50943
vt -5.27389 1.28963
vt -4.88580 0.67494
vt -4.88580 0.67494
vt -5.27389 1.28963
vt -4.85016 0.85936
vt -4.89349 0.95088
vt -5.27389 1.43993
vt -4.99229 1.07569
vt -4.99229 1.07569
vt -5.27389 1.43993
vt -5.22286 1.10221
vt -5.22286 1.10221
vt -5.27389 1.43993
vt -5.47730 1.01805
vt -5.47730 1.01805
vt -5.27389 1.43993
vt -5.63656 0.86257
vt -5.63656 0.86257
vt -5.27389 1.43993
vt -5.62613 0.70853
vt -5.62613 0.70853
vt -5.27389 1.43993
vt -5.45087 0.62801
vt -5.45087 0.62801
vt -5.27389 1.43993
vt -5.19281 0.65868
vt -5.19281 0.65868
vt -5.27389 1.43993
vt -4.97268 0.78619
vt -4.97268 0.78619
vt -5.27389 1.43993
vt -4.89349 0.95088
vt -4.99010 1.16935
vt -5.27389 1.59023
vt -5.16003 1.22220
vt -5.16003 1.22220
vt -5.27389 1.59023
vt -5.38324 1.17854
vt -5.38324 1.17854
vt -5.27389 1.59023
vt -5.55528 1.05880
vt -5.55528 1.05880
vt -5.27389 1.59023
vt -5.59566 0.91901
vt -5.59566 0.91901
vt -5.27389 1.59023
vt -5.48547 0.82457
vt -5.48547 0.82457
vt -5.27389 1.59023
vt -5.27628 0.81968
vt -5.27628 0.81968
vt -5.27389 1.59023
vt -5.06597 0.90662
vt -5.06597 0.90662
vt -5.27389 1.59023
vt -4.95295 1.04472
vt -4.95295 1.04472
vt -5.27389 1.59023
vt -4.99010 1.16935
vt -5.01440 1.16934
vt -5.27389 1.74053
vt -5.02283 1.27915
vt -5.02283 1.27915
vt -5.27389 1.74053
vt -5.14873 1.33613
vt -5.14873 1.33613
vt -5.27389 1.74053
vt -5.33320 1.31362
vt -5.33320 1.31362
vt -5.27389 1.74053
vt -5.48991 1.22215
vt -5.48991 1.22215
vt -5.27389 1.74053
vt -5.54554 1.10452
vt -5.54554 1.10452
vt -5.27389 1.74053
vt -5.47406 1.01578
vt -5.47406 1.01578
vt -5.27389 1.74053
vt -5.30892 0.99744
vt -5.30892 0.99744
vt -5.27389 1.74053
vt -5.12739 1.05809
vt -5.12739 1.05809
vt -5.27389 1.74053
vt -5.01440 1.16934
vt -5.08274 1.41710
vt -5.27389 1.89083
vt -5.19423 1.45394
vt -5.19423 1.45394
vt -5.27389 1.89083
vt -5.34299 1.42649
vt -5.34299 1.42649
vt -5.27389 1.89083
vt -5.45942 1.34760
vt -5.45942 1.34760
vt -5.27389 1.89083
vt -5.48903 1.25418
vt -5.48903 1.25418
vt -5.27389 1.89083
vt -5.41798 1.18994
vt -5.41798 1.18994
vt -5.27389 1.89083
vt -5.27950 1.18494
vt -5.27950 1.18494
vt -5.27389 1.89083
vt -5.13840 1.24152
vt -5.13840 1.24152
vt -5.27389 1.89083
vt -5.06069 1.33321
vt -5.06069 1.33321
vt -5.27389 1.89083
vt -5.08274 1.41710
vt -5.13524 1.54618
vt -5.27389 2.04113
vt -5.22296 1.57004
vt -5.22296 1.57004
vt -5.27389 2.04113
vt -5.33452 1.54561
vt -5.33452 1.54561
vt -5.27389 2.04113
vt -5.41770 1.48432
vt -5.41770 1.48432
vt -5.27389 2.04113
vt -5.43359 1.41486
vt -5.43359 1.41486
vt -5.27389 2.04113
vt -5.37476 1.36973
vt -5.37476 1.36973
vt -5.27389 2.04113
vt -5.26872 1.37003
vt -5.26872 1.37003
vt -5.27389 2.04113
vt -5.16511 1.41564
vt -5.16511 1.41564
vt -5.27389 2.04113
vt -5.11239 1.48520
vt -5.11239 1.48520
vt -5.27389 2.04113
vt -5.13524 1.54618
vt -5.16986 1.61889
vt -5.27389 2.19143
vt -5.17377 1.66269
vt -5.17377 1.66269
vt -5.27389 2.19143
vt -5.22453 1.68518
vt -5.22453 1.68518
vt -5.27389 2.19143
vt -5.29839 1.67583
vt -5.29839 1.67583
vt -5.27389 2.19143
vt -5.36078 1.63903
vt -5.36078 1.63903
vt -5.27389 2.19143
vt -5.38251 1.59199
vt -5.38251 1.59199
vt -5.27389 2.19143
vt -5.35342 1.55672
vt -5.35342 1.55672
vt -5.27389 2.19143
vt -5.28711 1.54972
vt -5.28711 1.54972
vt -5.27389 2.19143
vt -5.21462 1.57427
vt -5.21462 1.57427
vt -5.27389 2.19143
vt -5.16986 1.61889
vt -5.22370 1.79005
vt -5.27389 2.34173
vt -5.24890 1.80143
vt -5.24890 1.80143
vt -5.27389 2.34173
vt -5.28580 1.79690
vt -5.28580 1.79690
vt -5.27389 2.34173
vt -5.31712 1.77859
vt -5.31712 1.77859
vt -5.27389 2.34173
vt -5.32822 1.75507
vt -5.32822 1.75507
vt -5.27389 2.34173
vt -5.31389 1.73734
vt -5.31389 1.73734
vt -5.27389 2.34173
vt -5.28084 1.73369
vt -5.28084 1.73369
vt -5.27389 2.34173
vt -5.24454 1.74584
vt -5.24454 1.74584
vt -5.27389 2.34173
vt -5.22198 1.76810
vt -5.22198 1.76810
vt -5.27389 2.34173
vt -5.22370 1.79005
vt -3.80251 5.85412
vt -4.25857 6.34221
vt -3.93621 5.99738
vt -3.93621 5.99738
vt -4.25857 6.34221
vt -4.22074 6.01913
vt -4.22074 6.01913
vt -4.25857 6.34221
vt -4.52297 5.90921
vt -4.52297 5.90921
vt -4.25857 6.34221
vt -4.70149 5.71904
vt -4.70149 5.71904
vt -4.25857 6.34221
vt -4.67276 5.53761
vt -4.67276 5.53761
vt -4.25857 6.34221
vt -4.45023 5.44981
vt -4.45023 5.44981
vt -4.25857 6.34221
vt -4.13802 5.49672
vt -4.13802 5.49672
vt -4.25857 6.34221
vt -3.88221 5.65640
vt -3.88221 5.65640
vt -4.25857 6.34221
vt -3.80251 5.85412
vt -3.86285 6.01299
vt -4.25857 6.50042
vt -3.99606 6.13010
vt -3.99606 6.13010
vt -4.25857 6.50042
vt -4.25210 6.13763
vt -4.25210 6.13763
vt -4.25857 6.50042
vt -4.51117 6.03206
vt -4.51117 6.03206
vt -4.25857 6.50042
vt -4.65205 5.86280
vt -4.65205 5.86280
vt -4.25857 6.50042
vt -4.60881 5.70903
vt -4.60881 5.70903
vt -4.25857 6.50042
vt -4.40169 5.64271
vt -4.40169 5.64271
vt -4.25857 6.50042
vt -4.12761 5.69487
vt -4.12761 5.69487
vt -4.25857 6.50042
vt -3.91480 5.84111
vt -3.91480 5.84111
vt -4.25857 6.50042
vt -3.86285 6.01299
vt -3.95471 6.21101
vt -4.25857 6.65863
vt -4.12876 6.27090
vt -4.12876 6.27090
vt -4.25857 6.65863
vt -4.36355 6.22937
vt -4.36355 6.22937
vt -4.25857 6.65863
vt -4.54922 6.10584
vt -4.54922 6.10584
vt -4.25857 6.65863
vt -4.59889 5.95811
vt -4.59889 5.95811
vt -4.25857 6.65863
vt -4.48932 5.85532
vt -4.48932 5.85532
vt -4.25857 6.65863
vt -4.27178 5.84555
vt -4.27178 5.84555
vt -4.25857 6.65863
vt -4.04806 5.93338
vt -4.04806 5.93338
vt -4.25857 6.65863
vt -3.92284 6.07771
vt -3.92284 6.07771
vt -4.25857 6.65863
vt -3.95471 6.21101
vt -3.97263 6.26170
vt -4.25857 6.81684
vt -4.03114 6.36211
vt -4.03114 6.36211
vt -4.25857 6.81684
vt -4.19606 6.39244
vt -4.19606 6.39244
vt -4.25857 6.81684
vt -4.39024 6.33850
vt -4.39024 6.33850
vt -4.25857 6.81684
vt -4.52281 6.22553
vt -4.52281 6.22553
vt -4.25857 6.81684
vt -4.53173 6.10639
vt -4.53173 6.10639
vt -4.25857 6.81684
vt -4.41284 6.03682
vt -4.41284 6.03682
vt -4.25857 6.81684
vt -4.22177 6.04938
vt -4.22177 6.04938
vt -4.25857 6.81684
vt -4.04791 6.13819
vt -4.04791 6.13819
vt -4.25857 6.81684
vt -3.97263 6.26170
vt -4.03915 6.45374
vt -4.25857 6.97505
vt -4.13259 6.51048
vt -4.13259 6.51048
vt -4.25857 6.97505
vt -4.28498 6.50175
vt -4.28498 6.50175
vt -4.25857 6.97505
vt -4.42501 6.43163
vt -4.42501 6.43163
vt -4.25857 6.97505
vt -4.48717 6.33293
vt -4.48717 6.33293
vt -4.25857 6.97505
vt -4.44236 6.25183
vt -4.44236 6.25183
vt -4.25857 6.97505
vt -4.31155 6.22629
vt -4.31155 6.22629
vt -4.25857 6.97505
vt -4.15596 6.26824
vt -4.15596 6.26824
vt -4.25857 6.97505
vt -4.04838 6.35807
vt -4.04838 6.35807
vt -4.25857 6.97505
vt -4.03915 6.45374
vt -4.08816 6.57568
vt -4.25857 7.13326
vt -4.14179 6.62767
vt -4.14179 6.62767
vt -4.25857 7.13326
vt -4.25006 6.63338
vt -4.25006 6.63338
vt -4.25857 7.13326
vt -4.36231 6.59014
vt -4.36231 6.59014
vt -4.25857 7.13326
vt -4.42602 6.51817
vt -4.42602 6.51817
vt -4.25857 7.13326
vt -4.41138 6.45116
vt -4.41138 6.45116
vt -4.25857 7.13326
vt -4.32524 6.42046
vt -4.32524 6.42046
vt -4.25857 7.13326
vt -4.20790 6.44043
vt -4.20790 6.44043
vt -4.25857 7.13326
vt -4.11427 6.50174
vt -4.11427 6.50174
vt -4.25857 7.13326
vt -4.08816 6.57568
vt -4.15337 6.73512
vt -4.25857 7.29147
vt -4.20703 6.75862
vt -4.20703 6.75862
vt -4.25857 7.29147
vt -4.28480 6.74859
vt -4.28480 6.74859
vt -4.25857 7.29147
vt -4.35031 6.70973
vt -4.35031 6.70973
vt -4.25857 7.29147
vt -4.37288 6.66022
vt -4.37288 6.66022
vt -4.25857 7.29147
vt -4.34197 6.62322
vt -4.34197 6.62322
vt -4.25857 7.29147
vt -4.27204 6.61605
vt -4.27204 6.61605
vt -4.25857 7.29147
vt -4.19580 6.64207
vt -4.19580 6.64207
vt -4.25857 7.29147
vt -4.14893 6.68909
vt -4.14893 6.68909
vt -4.25857 7.29147
vt -4.15337 6.73512
vt -4.20789 6.87129
vt -4.25857 7.44968
vt -4.23687 6.88130
vt -4.23687 6.88130
vt -4.25857 7.44968
vt -4.27600 6.87441
vt -4.27600 6.87441
vt -4.25857 7.44968
vt -4.30697 6.85384
vt -4.30697 6.85384
vt -4.25857 7.44968
vt -4.31530 6.82921
vt -4.31530 6.82921
vt -4.25857 7.44968
vt -4.29708 6.81206
vt -4.29708 6.81206
vt -4.25857 7.44968
vt -4.26084 6.81040
vt -4.26084 6.81040
vt -4.25857 7.44968
vt -4.22354 6.82501
vt -4.22354 6.82501
vt -4.25857 7.44968
vt -4.20263 6.84906
vt -4.20263 6.84906
vt -4.25857 7.44968
vt -4.20789 6.87129
vt 11.11327 5.80840
vt 10.52627 6.44976
vt 10.95781 5.99974
vt 10.95781 5.99974
vt 10.52627 6.44976
vt 10.60042 6.03870
vt 10.60042 6.03870
vt 10.52627 6.44976
vt 10.20834 5.90705
vt 10.20834 5.90705
vt 10.52627 6.44976
vt 9.96502 5.66639
vt 9.96502 5.66639
vt 10.52627 6.44976
vt 9.98431 5.42933
vt 9.98431 5.42933
vt 10.52627 6.44976
vt 10.25719 5.30679
vt 10.25719 5.30679
vt 10.52627 6.44976
vt 10.65597 5.35611
vt 10.65597 5.35611
vt 10.52627 6.44976
vt 10.99406 5.55421
vt 10.99406 5.55421
vt 10.52627 6.44976
vt 11.11327 5.80840
vt 11.03917 6.00173
vt 10.52627 6.65277
vt 10.89554 6.16566
vt 10.89554 6.16566
vt 10.52627 6.65277
vt 10.57913 6.19456
vt 10.57913 6.19456
vt 10.52627 6.65277
vt 10.23798 6.07492
vt 10.23798 6.07492
vt 10.52627 6.65277
vt 10.03172 5.86271
vt 10.03172 5.86271
vt 10.52627 6.65277
vt 10.05687 5.65723
vt 10.05687 5.65723
vt 10.52627 6.65277
vt 10.30165 5.55463
vt 10.30165 5.55463
vt 10.52627 6.65277
vt 10.65153 5.60291
vt 10.65153 5.60291
vt 10.52627 6.65277
vt 10.94280 5.77948
vt 10.94280 5.77948
vt 10.52627 6.65277
vt 11.03917 6.00173
vt 10.95620 6.22435
vt 10.52627 6.85578
vt 10.79320 6.34393
vt 10.79320 6.34393
vt 10.52627 6.85578
vt 10.50530 6.34007
vt 10.50530 6.34007
vt 10.52627 6.85578
vt 10.22721 6.21456
vt 10.22721 6.21456
vt 10.52627 6.85578
vt 10.08905 6.02614
vt 10.08905 6.02614
vt 10.52627 6.85578
vt 10.15547 5.86297
vt 10.15547 5.86297
vt 10.52627 6.85578
vt 10.39539 5.80140
vt 10.39539 5.80140
vt 10.52627 6.85578
vt 10.69654 5.87023
vt 10.69654 5.87023
vt 10.52627 6.85578
vt 10.91802 6.03727
vt 10.91802 6.03727
vt 10.52627 6.85578
vt 10.95620 6.22435
vt 10.88680 6.39731
vt 10.52627 7.05879
vt 10.75736 6.50062
vt 10.75736 6.50062
vt 10.52627 7.05879
vt 10.51979 6.50216
vt 10.51979 6.50216
vt 10.52627 7.05879
vt 10.28525 6.40120
vt 10.28525 6.40120
vt 10.52627 7.05879
vt 10.16348 6.24499
vt 10.16348 6.24499
vt 10.52627 7.05879
vt 10.21146 6.10661
vt 10.21146 6.10661
vt 10.52627 7.05879
vt 10.40675 6.05082
vt 10.40675 6.05082
vt 10.52627 7.05879
vt 10.65796 6.10372
vt 10.65796 6.10372
vt 10.52627 7.05879
vt 10.84755 6.24056
vt 10.84755 6.24056
vt 10.52627 7.05879
vt 10.88680 6.39731
vt 10.81890 6.56058
vt 10.52627 7.26180
vt 10.73337 6.65261
vt 10.73337 6.65261
vt 10.52627 7.26180
vt 10.55093 6.66674
vt 10.55093 6.66674
vt 10.52627 7.26180
vt 10.35695 6.59635
vt 10.35695 6.59635
vt 10.52627 7.26180
vt 10.24220 6.47439
vt 10.24220 6.47439
vt 10.52627 7.26180
vt 10.26036 6.35792
vt 10.26036 6.35792
vt 10.52627 7.26180
vt 10.40294 6.30143
vt 10.40294 6.30143
vt 10.52627 7.26180
vt 10.60323 6.33137
vt 10.60323 6.33137
vt 10.52627 7.26180
vt 10.76751 6.43371
vt 10.76751 6.43371
vt 10.52627 7.26180
vt 10.81890 6.56058
vt 10.74016 6.76375
vt 10.52627 7.46481
vt 10.65602 6.82196
vt 10.65602 6.82196
vt 10.52627 7.46481
vt 10.51116 6.81803
vt 10.51116 6.81803
vt 10.52627 7.46481
vt 10.37337 6.75378
vt 10.37337 6.75378
vt 10.52627 7.46481
vt 10.30712 6.65928
vt 10.30712 6.65928
vt 10.52627 7.46481
vt 10.34342 6.57875
vt 10.34342 6.57875
vt 10.52627 7.46481
vt 10.46527 6.54987
vt 10.46527 6.54987
vt 10.52627 7.46481
vt 10.61566 6.58615
vt 10.61566 6.58615
vt 10.52627 7.46481
vt 10.72423 6.67062
vt 10.72423 6.67062
vt 10.52627 7.46481
vt 10.74016 6.76375
vt 10.67280 6.91506
vt 10.52627 7.66782
vt 10.64536 6.96758
vt 10.64536 6.96758
vt 10.52627 7.66782
vt 10.56220 6.98480
vt 10.56220 6.98480
vt 10.52627 7.66782
vt 10.46222 6.95867
vt 10.46222 6.95867
vt 10.52627 7.66782
vt 10.39221 6.90141
vt 10.39221 6.90141
vt 10.52627 7.66782
vt 10.38493 6.83981
vt 10.38493 6.83981
vt 10.52627 7.66782
vt 10.44378 6.80270
vt 10.44378 6.80270
vt 10.52627 7.66782
vt 10.54122 6.80744
vt 10.54122 6.80744
vt 10.52627 7.66782
vt 10.63167 6.85181
vt 10.63167 6.85181
vt 10.52627 7.66782
vt 10.67280 6.91506
vt 10.59721 7.09790
vt 10.52627 7.87083
vt 10.59287 7.12707
vt 10.59287 7.12707
vt 10.52627 7.87083
vt 10.55737 7.14130
vt 10.55737 7.14130
vt 10.52627 7.87083
vt 10.50731 7.13395
vt 10.50731 7.13395
vt 10.52627 7.87083
vt 10.46613 7.10844
vt 10.46613 7.10844
vt 10.52627 7.87083
vt 10.45308 7.07671
vt 10.45308 7.07671
vt 10.52627 7.87083
vt 10.47428 7.05362
vt 10.47428 7.05362
vt 10.52627 7.87083
vt 10.51980 7.04996
vt 10.51980 7.04996
vt 10.52627 7.87083
vt 10.56835 7.06744
vt 10.56835 7.06744
vt 10.52627 7.87083
vt 10.59721 7.09790
vt -7.15636 -2.96895
vt -7.58977 -2.46619
vt -7.24033 -2.81479
vt -7.24033 -2.81479
vt -7.58977 -2.46619
vt -7.48781 -2.76570
vt -7.48781 -2.76570
vt -7.58977 -2.46619
vt -7.78300 -2.84467
vt -7.78300 -2.84467
vt -7.58977 -2.46619
vt -7.98778 -3.01474
vt -7.98778 -3.01474
vt -7.58977 -2.46619
vt -8.00632 -3.19634
vt -8.00632 -3.19634
vt -7.58977 -2.46619
vt -7.82996 -3.30448
vt -7.82996 -3.30448
vt -7.58977 -2.46619
vt -7.54121 -3.28858
vt -7.54121 -3.28858
vt -7.58977 -2.46619
vt -7.27519 -3.15607
vt -7.27519 -3.15607
vt -7.58977 -2.46619
vt -7.15636 -2.96895
vt -7.22534 -2.75193
vt -7.58977 -2.31617
vt -7.37974 -2.65736
vt -7.37974 -2.65736
vt -7.58977 -2.31617
vt -7.63242 -2.67134
vt -7.63242 -2.67134
vt -7.58977 -2.31617
vt -7.86514 -2.78733
vt -7.86514 -2.78733
vt -7.58977 -2.31617
vt -7.96902 -2.95106
vt -7.96902 -2.95106
vt -7.58977 -2.31617
vt -7.89544 -3.08592
vt -7.89544 -3.08592
vt -7.58977 -2.31617
vt -7.67884 -3.12881
vt -7.67884 -3.12881
vt -7.58977 -2.31617
vt -7.42056 -3.05965
vt -7.42056 -3.05965
vt -7.58977 -2.31617
vt -7.24146 -2.91081
vt -7.24146 -2.91081
vt -7.58977 -2.31617
vt -7.22534 -2.75193
vt -7.30189 -2.59038
vt -7.58977 -2.16616
vt -7.46715 -2.53378
vt -7.46715 -2.53378
vt -7.58977 -2.16616
vt -7.68978 -2.57337
vt -7.68978 -2.57337
vt -7.58977 -2.16616
vt -7.86562 -2.69062
vt -7.86562 -2.69062
vt -7.58977 -2.16616
vt -7.91239 -2.83067
vt -7.91239 -2.83067
vt -7.58977 -2.16616
vt -7.80820 -2.92798
vt -7.80820 -2.92798
vt -7.58977 -2.16616
vt -7.60181 -2.93703
vt -7.60181 -2.93703
vt -7.58977 -2.16616
vt -7.38978 -2.85358
vt -7.38978 -2.85358
vt -7.58977 -2.16616
vt -7.27134 -2.71668
vt -7.27134 -2.71668
vt -7.58977 -2.16616
vt -7.30189 -2.59038
vt -7.32347 -2.56750
vt -7.58977 -2.01615
vt -7.35209 -2.46317
vt -7.35209 -2.46317
vt -7.58977 -2.01615
vt -7.49194 -2.41786
vt -7.49194 -2.41786
vt -7.58977 -2.01615
vt -7.67756 -2.45279
vt -7.67756 -2.45279
vt -7.58977 -2.01615
vt -7.82210 -2.55161
vt -7.82210 -2.55161
vt -7.58977 -2.01615
vt -7.85794 -2.66807
vt -7.85794 -2.66807
vt -7.58977 -2.01615
vt -7.76830 -2.74770
vt -7.76830 -2.74770
vt -7.58977 -2.01615
vt -7.59512 -2.75322
vt -7.59512 -2.75322
vt -7.58977 -2.01615
vt -7.41945 -2.68205
vt -7.41945 -2.68205
vt -7.58977 -2.01615
vt -7.32347 -2.56750
vt -7.40636 -2.33291
vt -7.58977 -1.86613
vt -7.52398 -2.30201
vt -7.52398 -2.30201
vt -7.58977 -1.86613
vt -7.67238 -2.33535
vt -7.67238 -2.33535
vt -7.58977 -1.86613
vt -7.78213 -2.41735
vt -7.78213 -2.41735
vt -7.58977 -1.86613
vt -7.80187 -2.50962
vt -7.80187 -2.50962
vt -7.58977 -1.86613
vt -7.72238 -2.56900
vt -7.72238 -2.56900
vt -7.58977 -1.86613
vt -7.58083 -2.56770
vt -7.58083 -2.56770
vt -7.58977 -1.86613
vt -7.44348 -2.50632
vt -7.44348 -2.50632
vt -7.58977 -1.86613
vt -7.37457 -2.41360
vt -7.37457 -2.41360
vt -7.58977 -1.86613
vt -7.40636 -2.33291
vt -7.43432 -2.22910
vt -7.58977 -1.71612
vt -7.50188 -2.18947
vt -7.50188 -2.18947
vt -7.58977 -1.71612
vt -7.61056 -2.19655
vt -7.61056 -2.19655
vt -7.58977 -1.71612
vt -7.70952 -2.24703
vt -7.70952 -2.24703
vt -7.58977 -1.71612
vt -7.75245 -2.31729
vt -7.75245 -2.31729
vt -7.58977 -1.71612
vt -7.71926 -2.37446
vt -7.71926 -2.37446
vt -7.58977 -1.71612
vt -7.62548 -2.39178
vt -7.62548 -2.39178
vt -7.58977 -1.71612
vt -7.51500 -2.36115
vt -7.51500 -2.36115
vt -7.58977 -1.71612
vt -7.43950 -2.29690
vt -7.43950 -2.29690
vt -7.58977 -1.71612
vt -7.43432 -2.22910
vt -7.48456 -2.10219
vt -7.58977 -1.56611
vt -7.52637 -2.07373
vt -7.52637 -2.07373
vt -7.58977 -1.56611
vt -7.59785 -2.07595
vt -7.59785 -2.07595
vt -7.58977 -1.56611
vt -7.66555 -2.10780
vt -7.66555 -2.10780
vt -7.58977 -1.56611
vt -7.69780 -2.15439
vt -7.69780 -2.15439
vt -7.58977 -1.56611
vt -7.67949 -2.19391
vt -7.67949 -2.19391
vt -7.58977 -1.56611
vt -7.61921 -2.20788
vt -7.61921 -2.20788
vt -7.58977 -1.56611
vt -7.54515 -2.18975
vt -7.54515 -2.18975
vt -7.58977 -1.56611
vt -7.49198 -2.14801
vt -7.49198 -2.14801
vt -7.58977 -1.56611
vt -7.48456 -2.10219
vt -7.54126 -1.96497
vt -7.58977 -1.41609
vt -7.56826 -1.95507
vt -7.56826 -1.95507
vt -7.58977 -1.41609
vt -7.60533 -1.96118
vt -7.60533 -1.96118
vt -7.58977 -1.41609
vt -7.63512 -1.98044
vt -7.63512 -1.98044
vt -7.58977 -1.41609
vt -7.64369 -2.00383
vt -7.64369 -2.00383
vt -7.58977 -1.41609
vt -7.62704 -2.02041
vt -7.62704 -2.02041
vt -7.58977 -1.41609
vt -7.59295 -2.02243
vt -7.59295 -2.02243
vt -7.58977 -1.41609
vt -7.55737 -2.00893
vt -7.55737 -2.00893
vt -7.58977 -1.41609
vt -7.53696 -1.98624
vt -7.53696 -1.98624
vt -7.58977 -1.41609
vt -7.54126 -1.96497
vt -5.87239 -2.15870
vt -6.19472 -1.71431
vt -5.88133 -2.02166
vt -5.88133 -2.02166
vt -6.19472 -1.71431
vt -6.03690 -1.94987
vt -6.03690 -1.94987
vt -6.19472 -1.71431
vt -6.26632 -1.97692
vt -6.26632 -1.97692
vt -6.19472 -1.71431
vt -6.46224 -2.09016
vt -6.46224 -2.09016
vt -6.19472 -1.71431
vt -6.53299 -2.23660
vt -6.53299 -2.23660
vt -6.19472 -1.71431
vt -6.44546 -2.34772
vt -6.44546 -2.34772
vt -6.19472 -1.71431
vt -6.24061 -2.37153
vt -6.24061 -2.37153
vt -6.19472 -1.71431
vt -6.01429 -2.29688
vt -6.01429 -2.29688
vt -6.19472 -1.71431
vt -5.87239 -2.15870
vt -5.92463 -1.91720
vt -6.19472 -1.59737
vt -6.06598 -1.85837
vt -6.06598 -1.85837
vt -6.19472 -1.59737
vt -6.26757 -1.88648
vt -6.26757 -1.88648
vt -6.19472 -1.59737
vt -6.43508 -1.98838
vt -6.43508 -1.98838
vt -6.19472 -1.59737
vt -6.49012 -2.11639
vt -6.49012 -2.11639
vt -6.19472 -1.59737
vt -6.40694 -2.21060
vt -6.40694 -2.21060
vt -6.19472 -1.59737
vt -6.22446 -2.22695
vt -6.22446 -2.22695
vt -6.19472 -1.59737
vt -6.02807 -2.15777
vt -6.02807 -2.15777
vt -6.19472 -1.59737
vt -5.90966 -2.03544
vt -5.90966 -2.03544
vt -6.19472 -1.59737
vt -5.92463 -1.91720
vt -5.94351 -1.89903
vt -6.19472 -1.48043
vt -5.97868 -1.80402
vt -5.97868 -1.80402
vt -6.19472 -1.48043
vt -6.11494 -1.76667
vt -6.11494 -1.76667
vt -6.19472 -1.48043
vt -6.28853 -1.80445
vt -6.28853 -1.80445
vt -6.19472 -1.48043
vt -6.41823 -1.89968
vt -6.41823 -1.89968
vt -6.19472 -1.48043
vt -6.44335 -2.00781
vt -6.44335 -2.00781
vt -6.19472 -1.48043
vt -6.35213 -2.07824
vt -6.35213 -2.07824
vt -6.19472 -1.48043
vt -6.18726 -2.07801
vt -6.18726 -2.07801
vt -6.19472 -1.48043
vt -6.02589 -2.00724
vt -6.02589 -2.00724
vt -6.19472 -1.48043
vt -5.94351 -1.89903
vt -5.98362 -1.75962
vt -6.19472 -1.36349
vt -6.04207 -1.69187
vt -6.04207 -1.69187
vt -6.19472 -1.36349
vt -6.17195 -1.67954
vt -6.17195 -1.67954
vt -6.19472 -1.36349
vt -6.31248 -1.72839
vt -6.31248 -1.72839
vt -6.19472 -1.36349
vt -6.39792 -1.81556
vt -6.39792 -1.81556
vt -6.19472 -1.36349
vt -6.38828 -1.90028
vt -6.38828 -1.90028
vt -6.19472 -1.36349
vt -6.28807 -1.94289
vt -6.28807 -1.94289
vt -6.19472 -1.36349
vt -6.14419 -1.92346
vt -6.14419 -1.92346
vt -6.19472 -1.36349
vt -6.02395 -1.85108
vt -6.02395 -1.85108
vt -6.19472 -1.36349
vt -5.98362 -1.75962
vt -6.03481 -1.62811
vt -6.19472 -1.24655
vt -6.10787 -1.58883
vt -6.10787 -1.58883
vt -6.19472 -1.24655
vt -6.22157 -1.59846
vt -6.22157 -1.59846
vt -6.19472 -1.24655
vt -6.32271 -1.65250
vt -6.32271 -1.65250
vt -6.19472 -1.24655
vt -6.36396 -1.72566
vt -6.36396 -1.72566
vt -6.19472 -1.24655
vt -6.32603 -1.78370
vt -6.32603 -1.78370
vt -6.19472 -1.24655
vt -6.22666 -1.79948
vt -6.22666 -1.79948
vt -6.19472 -1.24655
vt -6.11234 -1.76560
vt -6.11234 -1.76560
vt -6.19472 -1.24655
vt -6.03658 -1.69792
vt -6.03658 -1.69792
vt -6.19472 -1.24655
vt -6.03481 -1.62811
vt -6.06801 -1.55566
vt -6.19472 -1.12961
vt -6.09275 -1.51067
vt -6.09275 -1.51067
vt -6.19472 -1.12961
vt -6.16520 -1.49644
vt -6.16520 -1.49644
vt -6.19472 -1.12961
vt -6.25147 -1.51964
vt -6.25147 -1.51964
vt -6.19472 -1.12961
vt -6.31118 -1.56941
vt -6.31118 -1.56941
vt -6.19472 -1.12961
vt -6.31641 -1.62246
vt -6.31641 -1.62246
vt -6.19472 -1.12961
vt -6.26469 -1.65397
vt -6.26469 -1.65397
vt -6.19472 -1.12961
vt -6.18024 -1.64919
vt -6.18024 -1.64919
vt -6.19472 -1.12961
vt -6.10256 -1.61037
vt -6.10256 -1.61037
vt -6.19472 -1.12961
vt -6.06801 -1.55566
vt -6.11226 -1.43159
vt -6.19472 -1.01268
vt -6.14376 -1.40875
vt -6.14376 -1.40875
vt -6.19472 -1.01268
vt -6.19911 -1.40965
vt -6.19911 -1.40965
vt -6.19472 -1.01268
vt -6.25241 -1.43387
vt -6.25241 -1.43387
vt -6.19472 -1.01268
vt -6.27872 -1.47007
vt -6.27872 -1.47007
vt -6.19472 -1.01268
vt -6.26572 -1.50132
vt -6.26572 -1.50132
vt -6.19472 -1.01268
vt -6.21950 -1.51299
vt -6.21950 -1.51299
vt -6.19472 -1.01268
vt -6.16169 -1.49963
vt -6.16169 -1.49963
vt -6.19472 -1.01268
vt -6.11934 -1.46748
vt -6.11934 -1.46748
vt -6.19472 -1.01268
vt -6.11226 -1.43159
vt -6.15308 -1.33873
vt -6.19472 -0.89574
vt -6.15799 -1.32260
vt -6.15799 -1.32260
vt -6.19472 -0.89574
vt -6.18009 -1.31580
vt -6.18009 -1.31580
vt -6.19472 -0.89574
vt -6.20903 -1.32151
vt -6.20903 -1.32151
vt -6.19472 -0.89574
vt -6.23128 -1.33707
vt -6.23128 -1.33707
vt -6.19472 -0.89574
vt -6.23643 -1.35519
vt -6.23643 -1.35519
vt -6.19472 -0.89574
vt -6.22206 -1.36739
vt -6.22206 -1.36739
vt -6.19472 -0.89574
vt -6.19490 -1.36797
vt -6.19490 -1.36797
vt -6.19472 -0.89574
vt -6.16766 -1.35665
vt -6.16766 -1.35665
vt -6.19472 -0.89574
vt -6.15308 -1.33873
vt 11.07716 6.46279
vt 10.69714 6.83371
vt 10.87095 6.54249
vt 10.87095 6.54249
vt 10.69714 6.83371
vt 10.58342 6.49811
vt 10.58342 6.49811
vt 10.69714 6.83371
vt 10.34910 6.35041
vt 10.34910 6.35041
vt 10.69714 6.83371
vt 10.27763 6.16849
vt 10.27763 6.16849
vt 10.69714 6.83371
vt 10.40246 6.03749
vt 10.40246 6.03749
vt 10.69714 6.83371
vt 10.66517 6.01870
vt 10.66517 6.01870
vt 10.69714 6.83371
vt 10.94284 6.12090
vt 10.94284 6.12090
vt 10.69714 6.83371
vt 11.10555 6.29629
vt 11.10555 6.29629
vt 10.69714 6.83371
vt 11.07716 6.46279
vt 11.05908 6.53800
vt 10.69714 6.97934
vt 10.92867 6.64152
vt 10.92867 6.64152
vt 10.69714 6.97934
vt 10.68993 6.64275
vt 10.68993 6.64275
vt 10.69714 6.97934
vt 10.45456 6.54113
vt 10.45456 6.54113
vt 10.69714 6.97934
vt 10.33270 6.38419
vt 10.33270 6.38419
vt 10.69714 6.97934
vt 10.38137 6.24538
vt 10.38137 6.24538
vt 10.69714 6.97934
vt 10.57779 6.18964
vt 10.57779 6.18964
vt 10.69714 6.97934
vt 10.83005 6.24305
vt 10.83005 6.24305
vt 10.69714 6.97934
vt 11.02013 6.38063
vt 11.02013 6.38063
vt 10.69714 6.97934
vt 11.05908 6.53800
vt 11.01172 6.65045
vt 10.69714 7.12496
vt 10.91778 6.74855
vt 10.91778 6.74855
vt 10.69714 7.12496
vt 10.72059 6.76241
vt 10.72059 6.76241
vt 10.69714 7.12496
vt 10.51244 6.68557
vt 10.51244 6.68557
vt 10.69714 7.12496
vt 10.39071 6.55397
vt 10.39071 6.55397
vt 10.69714 7.12496
vt 10.41236 6.42919
vt 10.41236 6.42919
vt 10.69714 7.12496
vt 10.56727 6.36961
vt 10.56727 6.36961
vt 10.69714 7.12496
vt 10.78294 6.40312
vt 10.78294 6.40312
vt 10.69714 7.12496
vt 10.95847 6.51404
vt 10.95847 6.51404
vt 10.69714 7.12496
vt 11.01172 6.65045
vt 10.96031 6.75919
vt 10.69714 7.27059
vt 10.90690 6.85178
vt 10.90690 6.85178
vt 10.69714 7.27059
vt 10.75534 6.87999
vt 10.75534 6.87999
vt 10.69714 7.27059
vt 10.57655 6.83061
vt 10.57655 6.83061
vt 10.69714 7.27059
vt 10.45419 6.72674
vt 10.45419 6.72674
vt 10.69714 7.27059
vt 10.44550 6.61700
vt 10.44550 6.61700
vt 10.69714 7.27059
vt 10.55456 6.55272
vt 10.55456 6.55272
vt 10.69714 7.27059
vt 10.73034 6.56399
vt 10.73034 6.56399
vt 10.69714 7.27059
vt 10.89058 6.64553
vt 10.89058 6.64553
vt 10.69714 7.27059
vt 10.96031 6.75919
vt 10.89857 6.93732
vt 10.69714 7.41621
vt 10.81155 6.98889
vt 10.81155 6.98889
vt 10.69714 7.41621
vt 10.67099 6.98005
vt 10.67099 6.98005
vt 10.69714 7.41621
vt 10.54267 6.91495
vt 10.54267 6.91495
vt 10.69714 7.41621
vt 10.48663 6.82403
vt 10.48663 6.82403
vt 10.69714 7.41621
vt 10.52909 6.74985
vt 10.52909 6.74985
vt 10.69714 7.41621
vt 10.65018 6.72711
vt 10.65018 6.72711
vt 10.69714 7.41621
vt 10.79325 6.76646
vt 10.79325 6.76646
vt 10.69714 7.41621
vt 10.89135 6.84948
vt 10.89135 6.84948
vt 10.69714 7.41621
vt 10.89857 6.93732
vt 10.85511 7.04065
vt 10.69714 7.56184
vt 10.81425 7.09255
vt 10.81425 7.09255
vt 10.69714 7.56184
vt 10.71860 7.10368
vt 10.71860 7.10368
vt 10.69714 7.56184
vt 10.61291 7.06884
vt 10.61291 7.06884
vt 10.69714 7.56184
vt 10.54663 7.00431
vt 10.54663 7.00431
vt 10.69714 7.56184
vt 10.55077 6.94031
vt 10.55077 6.94031
vt 10.69714 7.56184
vt 10.62341 6.90677
vt 10.62341 6.90677
vt 10.69714 7.56184
vt 10.73054 6.91939
vt 10.73054 6.91939
vt 10.69714 7.56184
vt 10.82205 6.97226
vt 10.82205 6.97226
vt 10.69714 7.56184
vt 10.85511 7.04065
vt 10.80250 7.17068
vt 10.69714 7.70746
vt 10.77939 7.20703
vt 10.77939 7.20703
vt 10.69714 7.70746
vt 10.71780 7.21718
vt 10.71780 7.21718
vt 10.69714 7.70746
vt 10.64654 7.19639
vt 10.64654 7.19639
vt 10.69714 7.70746
vt 10.59895 7.15438
vt 10.59895 7.15438
vt 10.69714 7.70746
vt 10.59731 7.11081
vt 10.59731 7.11081
vt 10.69714 7.70746
vt 10.64239 7.08606
vt 10.64239 7.08606
vt 10.69714 7.70746
vt 10.71308 7.09172
vt 10.71308 7.09172
vt 10.69714 7.70746
vt 10.77631 7.12514
vt 10.77631 7.12514
vt 10.69714 7.70746
vt 10.80250 7.17068
vt 10.74771 7.29789
vt 10.69714 7.85308
vt 10.74540 7.31901
vt 10.74540 7.31901
vt 10.69714 7.85308
vt 10.72051 7.32968
vt 10.72051 7.32968
vt 10.69714 7.85308
vt 10.68469 7.32490
vt 10.68469 7.32490
vt 10.69714 7.85308
vt 10.65469 7.30691
vt 10.65469 7.30691
vt 10.69714 7.85308
vt 10.64455 7.28413
vt 10.64455 7.28413
vt 10.69714 7.85308
vt 10.65903 7.26721
vt 10.65903 7.26721
vt 10.69714 7.85308
vt 10.69133 7.26408
vt 10.69133 7.26408
vt 10.69714 7.85308
vt 10.72636 7.27620
vt 10.72636 7.27620
vt 10.69714 7.85308
vt 10.74771 7.29789
vt 10.11401 6.65482
vt 9.62382 7.24866
vt 10.04128 6.83849
vt 10.04128 6.83849
vt 9.62382 7.24866
vt 9.77322 6.90867
vt 9.77322 6.90867
vt 9.62382 7.24866
vt 9.43525 6.83252
vt 9.43525 6.83252
vt 9.62382 7.24866
vt 9.18552 6.64568
vt 9.18552 6.64568
vt 9.62382 7.24866
vt 9.14087 6.43556
vt 9.14087 6.43556
vt 9.62382 7.24866
vt 9.32221 6.30049
vt 9.32221 6.30049
vt 9.62382 7.24866
vt 9.64467 6.30367
vt 9.64467 6.30367
vt 9.62382 7.24866
vt 9.95738 6.44361
vt 9.95738 6.44361
vt 9.62382 7.24866
vt 10.11401 6.65482
vt 10.04793 6.80011
vt 9.62382 7.41949
vt 10.00386 6.96691
vt 10.00386 6.96691
vt 9.62382 7.41949
vt 9.78197 7.04006
vt 9.78197 7.04006
vt 9.62382 7.41949
vt 9.48608 6.98534
vt 9.48608 6.98534
vt 9.62382 7.41949
vt 9.25464 6.82835
vt 9.25464 6.82835
vt 9.62382 7.41949
vt 9.19595 6.64254
vt 9.19595 6.64254
vt 9.62382 7.41949
vt 9.33746 6.51487
vt 9.33746 6.51487
vt 9.62382 7.41949
vt 9.61297 6.50506
vt 9.61297 6.50506
vt 9.62382 7.41949
vt 9.89356 6.61772
vt 9.89356 6.61772
vt 9.62382 7.41949
vt 10.04793 6.80011
vt 9.94142 7.11605
vt 9.62382 7.59031
vt 9.74399 7.17216
vt 9.74399 7.17216
vt 9.62382 7.59031
vt 9.49033 7.11852
vt 9.49033 7.11852
vt 9.62382 7.59031
vt 9.29914 6.98023
vt 9.29914 6.98023
vt 9.62382 7.59031
vt 9.25987 6.82199
vt 9.25987 6.82199
vt 9.62382 7.59031
vt 9.39090 6.71784
vt 9.39090 6.71784
vt 9.62382 7.59031
vt 9.63091 6.71653
vt 9.63091 6.71653
vt 9.62382 7.59031
vt 9.86761 6.81866
vt 9.86761 6.81866
vt 9.62382 7.59031
vt 9.99024 6.97644
vt 9.99024 6.97644
vt 9.62382 7.59031
vt 9.94142 7.11605
vt 9.92718 7.13359
vt 9.62382 7.76114
vt 9.89425 7.25231
vt 9.89425 7.25231
vt 9.62382 7.76114
vt 9.73478 7.30370
vt 9.73478 7.30370
vt 9.62382 7.76114
vt 9.52340 7.26373
vt 9.52340 7.26373
vt 9.62382 7.76114
vt 9.35901 7.15109
vt 9.35901 7.15109
vt 9.62382 7.76114
vt 9.31852 7.01849
vt 9.31852 7.01849
vt 9.62382 7.76114
vt 9.42089 6.92797
vt 9.42089 6.92797
vt 9.62382 7.76114
vt 9.61822 6.92189
vt 9.61822 6.92189
vt 9.62382 7.76114
vt 9.81816 7.00310
vt 9.81816 7.00310
vt 9.62382 7.76114
vt 9.92718 7.13359
vt 9.86644 7.29919
vt 9.62382 7.93197
vt 9.84032 7.39422
vt 9.84032 7.39422
vt 9.62382 7.93197
vt 9.71289 7.43546
vt 9.71289 7.43546
vt 9.62382 7.93197
vt 9.54378 7.40361
vt 9.54378 7.40361
vt 9.62382 7.93197
vt 9.41213 7.31358
vt 9.41213 7.31358
vt 9.62382 7.93197
vt 9.37953 7.20748
vt 9.37953 7.20748
vt 9.62382 7.93197
vt 9.46124 7.13497
vt 9.46124 7.13497
vt 9.62382 7.93197
vt 9.61902 7.12997
vt 9.61902 7.12997
vt 9.62382 7.93197
vt 9.77905 7.19482
vt 9.77905 7.19482
vt 9.62382 7.93197
vt 9.86644 7.29919
vt 9.79484 7.52731
vt 9.62382 8.10280
vt 9.70874 7.56598
vt 9.70874 7.56598
vt 9.62382 8.10280
vt 9.58290 7.55042
vt 9.58290 7.55042
vt 9.62382 8.10280
vt 9.47621 7.48791
vt 9.47621 7.48791
vt 9.62382 8.10280
vt 9.43859 7.40770
vt 9.43859 7.40770
vt 9.62382 8.10280
vt 9.48764 7.34732
vt 9.48764 7.34732
vt 9.62382 8.10280
vt 9.60041 7.33503
vt 9.60041 7.33503
vt 9.62382 8.10280
vt 9.72414 7.37656
vt 9.72414 7.37656
vt 9.62382 8.10280
vt 9.80092 7.45250
vt 9.80092 7.45250
vt 9.62382 8.10280
vt 9.79484 7.52731
vt 9.74413 7.66206
vt 9.62382 8.27362
vt 9.69768 7.69517
vt 9.69768 7.69517
vt 9.62382 8.27362
vt 9.61667 7.69353
vt 9.61667 7.69353
vt 9.62382 8.27362
vt 9.53901 7.65792
vt 9.53901 7.65792
vt 9.62382 8.27362
vt 9.50103 7.60498
vt 9.50103 7.60498
vt 9.62382 8.27362
vt 9.52051 7.55950
vt 9.52051 7.55950
vt 9.62382 8.27362
vt 9.58833 7.54276
vt 9.58833 7.54276
vt 9.62382 8.27362
vt 9.67276 7.56258
vt 9.67276 7.56258
vt 9.62382 8.27362
vt 9.73429 7.60969
vt 9.73429 7.60969
vt 9.62382 8.27362
vt 9.74413 7.66206
vt 9.68564 7.80392
vt 9.62382 8.44445
vt 9.67137 7.82495
vt 9.67137 7.82495
vt 9.62382 8.44445
vt 9.63486 7.83044
vt 9.63486 7.83044
vt 9.62382 8.44445
vt 9.59318 7.81782
vt 9.59318 7.81782
vt 9.62382 8.44445
vt 9.56584 7.79300
vt 9.56584 7.79300
vt 9.62382 8.44445
vt 9.56563 7.76759
vt 9.56563 7.76759
vt 9.62382 8.44445
vt 9.59265 7.75348
vt 9.59265 7.75348
vt 9.62382 8.44445
vt 9.63426 7.75727
vt 9.63426 7.75727
vt 9.62382 8.44445
vt 9.67098 7.77719
vt 9.67098 7.77719
vt 9.62382 8.44445
vt 9.68564 7.80392
vt 11.14880 10.61924
vt 10.76008 11.00700
vt 10.87357 10.67386
vt 10.87357 10.67386
vt 10.76008 11.00700
vt 10.54525 10.58607
vt 10.54525 10.58607
vt 10.76008 11.00700
vt 10.31745 10.39693
vt 10.31745 10.39693
vt 10.76008 11.00700
vt 10.29676 10.19494
vt 10.29676 10.19494
vt 10.76008 11.00700
vt 10.49287 10.07463
vt 10.49287 10.07463
vt 10.76008 11.00700
vt 10.81401 10.09227
vt 10.81401 10.09227
vt 10.76008 11.00700
vt 11.10992 10.23963
vt 11.10992 10.23963
vt 10.76008 11.00700
vt 11.24214 10.44774
vt 11.24214 10.44774
vt 10.76008 11.00700
vt 11.14880 10.61924
vt 11.09456 10.75823
vt 10.76008 11.17385
vt 10.85025 10.80210
vt 10.85025 10.80210
vt 10.76008 11.17385
vt 10.56375 10.72161
vt 10.56375 10.72161
vt 10.76008 11.17385
vt 10.36912 10.55443
vt 10.36912 10.55443
vt 10.76008 11.17385
vt 10.35742 10.37878
vt 10.35742 10.37878
vt 10.76008 11.17385
vt 10.53414 10.27684
vt 10.53414 10.27684
vt 10.76008 11.17385
vt 10.81658 10.29633
vt 10.81658 10.29633
vt 10.76008 11.17385
vt 11.07258 10.42811
vt 11.07258 10.42811
vt 10.76008 11.17385
vt 11.18236 10.61053
vt 11.18236 10.61053
vt 10.76008 11.17385
vt 11.09456 10.75823
vt 11.05739 10.88682
vt 10.76008 11.34070
vt 10.85480 10.93191
vt 10.85480 10.93191
vt 10.76008 11.34070
vt 10.60789 10.86998
vt 10.60789 10.86998
vt 10.76008 11.34070
vt 10.43220 10.73000
vt 10.43220 10.73000
vt 10.76008 11.34070
vt 10.40992 10.57747
vt 10.40992 10.57747
vt 10.76008 11.34070
vt 10.55149 10.48376
vt 10.55149 10.48376
vt 10.76008 11.34070
vt 10.79066 10.49272
vt 10.79066 10.49272
vt 10.76008 11.34070
vt 11.01553 10.60015
vt 11.01553 10.60015
vt 10.76008 11.34070
vt 11.12087 10.75580
vt 11.12087 10.75580
vt 10.76008 11.34070
vt 11.05739 10.88682
vt 11.05568 10.96591
vt 10.76008 11.50755
vt 10.94713 11.04960
vt 10.94713 11.04960
vt 10.76008 11.50755
vt 10.75107 11.04927
vt 10.75107 11.04927
vt 10.76008 11.50755
vt 10.55922 10.96507
vt 10.55922 10.96507
vt 10.76008 11.50755
vt 10.46136 10.83640
vt 10.46136 10.83640
vt 10.76008 11.50755
vt 10.50328 10.72346
vt 10.50328 10.72346
vt 10.76008 11.50755
vt 10.66535 10.67911
vt 10.66535 10.67911
vt 10.76008 11.50755
vt 10.87176 10.72409
vt 10.87176 10.72409
vt 10.76008 11.50755
vt 11.02591 10.83735
vt 11.02591 10.83735
vt 10.76008 11.50755
vt 11.05568 10.96591
vt 10.96475 11.15473
vt 10.76008 11.67440
vt 10.83446 11.18961
vt 10.83446 11.18961
vt 10.76008 11.67440
vt 10.66937 11.15303
vt 10.66937 11.15303
vt 10.76008 11.67440
vt 10.54673 11.06210
vt 10.54673 11.06210
vt 10.76008 11.67440
vt 10.52392 10.95936
vt 10.52392 10.95936
vt 10.76008 11.67440
vt 10.61161 10.89290
vt 10.61161 10.89290
vt 10.76008 11.67440
vt 10.76877 10.89381
vt 10.76877 10.89381
vt 10.76008 11.67440
vt 10.92187 10.96166
vt 10.92187 10.96166
vt 10.76008 11.67440
vt 10.99927 11.06471
vt 10.99927 11.06471
vt 10.76008 11.67440
vt 10.96475 11.15473
vt 10.94103 11.24480
vt 10.76008 11.84125
vt 10.89346 11.30393
vt 10.89346 11.30393
vt 10.76008 11.84125
vt 10.78349 11.31617
vt 10.78349 11.31617
vt 10.76008 11.84125
vt 10.66256 11.27580
vt 10.66256 11.27580
vt 10.76008 11.84125
vt 10.58727 11.20171
vt 10.58727 11.20171
vt 10.76008 11.84125
vt 10.59284 11.12856
vt 10.59284 11.12856
vt 10.76008 11.84125
vt 10.67666 11.09058
vt 10.67666 11.09058
vt 10.76008 11.84125
vt 10.79952 11.10555
vt 10.79952 11.10555
vt 10.76008 11.84125
vt 10.90392 11.16645
vt 10.90392 11.16645
vt 10.76008 11.84125
vt 10.94103 11.24480
vt 10.85492 11.43439
vt 10.76008 12.00810
vt 10.78469 11.44643
vt 10.78469 11.44643
vt 10.76008 12.00810
vt 10.70295 11.42298
vt 10.70295 11.42298
vt 10.76008 12.00810
vt 10.64794 11.37501
vt 10.64794 11.37501
vt 10.76008 12.00810
vt 10.64540 11.32497
vt 10.64540 11.32497
vt 10.76008 12.00810
vt 10.69652 11.29627
vt 10.69652 11.29627
vt 10.76008 12.00810
vt 10.77739 11.30234
vt 10.77739 11.30234
vt 10.76008 12.00810
vt 10.85016 11.34034
vt 10.85016 11.34034
vt 10.76008 12.00810
vt 10.88078 11.39249
vt 10.88078 11.39249
vt 10.76008 12.00810
vt 10.85492 11.43439
vt 10.81828 11.53943
vt 10.76008 12.17495
vt 10.81499 11.56347
vt 10.81499 11.56347
vt 10.76008 12.17495
vt 10.78601 11.57533
vt 10.78601 11.57533
vt 10.76008 12.17495
vt 10.74489 11.56945
vt 10.74489 11.56945
vt 10.76008 12.17495
vt 10.71089 11.54859
vt 10.71089 11.54859
vt 10.76008 12.17495
vt 10.69990 11.52251
vt 10.69990 11.52251
vt 10.76008 12.17495
vt 10.71707 11.50340
vt 10.71707 11.50340
vt 10.76008 12.17495
vt 10.75437 11.50022
vt 10.75437 11.50022
vt 10.76008 12.17495
vt 10.79434 11.51445
vt 10.79434 11.51445
vt 10.76008 12.17495
vt 10.81828 11.53943
vt 6.67623 10.80265
vt 6.32055 11.29185
vt 6.66563 10.95356
vt 6.66563 10.95356
vt 6.32055 11.29185
vt 6.49356 11.03228
vt 6.49356 11.03228
vt 6.32055 11.29185
vt 6.24054 11.00199
vt 6.24054 11.00199
vt 6.32055 11.29185
vt 6.02496 10.87684
vt 6.02496 10.87684
vt 6.32055 11.29185
vt 5.94769 10.71541
vt 5.94769 10.71541
vt 6.32055 11.29185
vt 6.04489 10.59322
vt 6.04489 10.59322
vt 6.32055 11.29185
vt 6.27108 10.56745
vt 6.27108 10.56745
vt 6.32055 11.29185
vt 6.52041 10.65016
vt 6.52041 10.65016
vt 6.32055 11.29185
vt 6.67623 10.80265
vt 6.63835 10.94673
vt 6.32055 11.42077
vt 6.61224 11.07461
vt 6.61224 11.07461
vt 6.32055 11.42077
vt 6.44964 11.13398
vt 6.44964 11.13398
vt 6.32055 11.42077
vt 6.22665 11.09706
vt 6.22665 11.09706
vt 6.32055 11.42077
vt 6.04759 10.98113
vt 6.04759 10.98113
vt 6.32055 11.42077
vt 5.99626 10.84043
vt 5.99626 10.84043
vt 6.32055 11.42077
vt 6.09667 10.74080
vt 6.09667 10.74080
vt 6.32055 11.42077
vt 6.30184 10.72886
vt 6.30184 10.72886
vt 6.32055 11.42077
vt 6.51576 10.81018
vt 6.51576 10.81018
vt 6.32055 11.42077
vt 6.63835 10.94673
vt 6.59929 11.12807
vt 6.32055 11.54968
vt 6.51778 11.21572
vt 6.51778 11.21572
vt 6.32055 11.54968
vt 6.34399 11.22914
vt 6.34399 11.22914
vt 6.32055 11.54968
vt 6.15923 11.16208
vt 6.15923 11.16208
vt 6.32055 11.54968
vt 6.04995 11.04590
vt 6.04995 11.04590
vt 6.32055 11.54968
vt 6.06730 10.93497
vt 6.06730 10.93497
vt 6.32055 11.54968
vt 6.20314 10.88119
vt 6.20314 10.88119
vt 6.32055 11.54968
vt 6.39393 10.90973
vt 6.39393 10.90973
vt 6.32055 11.54968
vt 6.55038 11.00723
vt 6.55038 11.00723
vt 6.32055 11.54968
vt 6.59929 11.12807
vt 6.55218 11.21590
vt 6.32055 11.67860
vt 6.51562 11.30177
vt 6.51562 11.30177
vt 6.32055 11.67860
vt 6.38778 11.33348
vt 6.38778 11.33348
vt 6.32055 11.67860
vt 6.22849 11.29620
vt 6.22849 11.29620
vt 6.32055 11.67860
vt 6.11228 11.20737
vt 6.11228 11.20737
vt 6.32055 11.67860
vt 6.09352 11.10855
vt 6.09352 11.10855
vt 6.32055 11.67860
vt 6.18099 11.04599
vt 6.18099 11.04599
vt 6.32055 11.67860
vt 6.33377 11.04895
vt 6.33377 11.04895
vt 6.32055 11.67860
vt 6.48036 11.11605
vt 6.48036 11.11605
vt 6.32055 11.67860
vt 6.55218 11.21590
vt 6.50621 11.34090
vt 6.32055 11.80751
vt 6.47475 11.40882
vt 6.47475 11.40882
vt 6.32055 11.80751
vt 6.37114 11.43282
vt 6.37114 11.43282
vt 6.32055 11.80751
vt 6.24386 11.40167
vt 6.24386 11.40167
vt 6.32055 11.80751
vt 6.15246 11.32993
vt 6.15246 11.32993
vt 6.32055 11.80751
vt 6.13972 11.25118
vt 6.13972 11.25118
vt 6.32055 11.80751
vt 6.21159 11.20227
vt 6.21159 11.20227
vt 6.32055 11.80751
vt 6.33445 11.20608
vt 6.33445 11.20608
vt 6.32055 11.80751
vt 6.45080 11.26083
vt 6.45080 11.26083
vt 6.32055 11.80751
vt 6.50621 11.34090
vt 6.44318 11.50885
vt 6.32055 11.93643
vt 6.37114 11.53226
vt 6.37114 11.53226
vt 6.32055 11.93643
vt 6.27543 11.51432
vt 6.27543 11.51432
vt 6.32055 11.93643
vt 6.20084 11.46340
vt 6.20084 11.46340
vt 6.32055 11.93643
vt 6.18226 11.40334
vt 6.18226 11.40334
vt 6.32055 11.93643
vt 6.22839 11.36224
vt 6.22839 11.36224
vt 6.32055 11.93643
vt 6.31765 11.35933
vt 6.31765 11.35933
vt 6.32055 11.93643
vt 6.40826 11.39597
vt 6.40826 11.39597
vt 6.32055 11.93643
vt 6.45784 11.45502
vt 6.45784 11.45502
vt 6.32055 11.93643
vt 6.44318 11.50885
vt 6.40147 11.61683
vt 6.32055 12.06534
vt 6.35268 11.63175
vt 6.35268 11.63175
vt 6.32055 12.06534
vt 6.28886 11.61908
vt 6.28886 11.61908
vt 6.32055 12.06534
vt 6.23987 11.58474
vt 6.23987 11.58474
vt 6.32055 12.06534
vt 6.22864 11.54480
vt 6.22864 11.54480
vt 6.32055 12.06534
vt 6.26041 11.51795
vt 6.26041 11.51795
vt 6.32055 12.06534
vt 6.32032 11.51675
vt 6.32032 11.51675
vt 6.32055 12.06534
vt 6.38035 11.54176
vt 6.38035 11.54176
vt 6.32055 12.06534
vt 6.41239 11.58129
vt 6.41239 11.58129
vt 6.32055 12.06534
vt 6.40147 11.61683
vt 6.36640 11.71603
vt 6.32055 12.19426
vt 6.35014 11.72925
vt 6.35014 11.72925
vt 6.32055 12.19426
vt 6.32003 11.72957
vt 6.32003 11.72957
vt 6.32055 12.19426
vt 6.29017 11.71685
vt 6.29017 11.71685
vt 6.32055 12.19426
vt 6.27453 11.69703
vt 6.27453 11.69703
vt 6.32055 12.19426
vt 6.28042 11.67940
vt 6.28042 11.67940
vt 6.32055 12.19426
vt 6.30509 11.67219
vt 6.30509 11.67219
vt 6.32055 12.19426
vt 6.33700 11.67878
vt 6.33700 11.67878
vt 6.32055 12.19426
vt 6.36121 11.69610
vt 6.36121 11.69610
vt 6.32055 12.19426
vt 6.36640 11.71603
vn 0.24605 0.55970 0.79132
vn -0.32017 0.55970 0.76435
vn -0.73657 0.55970 0.37972
vn -0.80833 0.55970 -0.18258
vn -0.50186 0.55970 -0.65945
vn 0.03944 0.55970 -0.82775
vn 0.56228 0.55970 -0.60875
vn 0.82203 0.55970 -0.10490
vn 0.69714 0.55970 0.44803
vn 0.67159 0.50877 0.53862
vn 0.16825 0.50877 0.84430
vn -0.41381 0.50877 0.75492
vn -0.80225 0.50877 0.31231
vn -0.81531 0.50877 -0.27644
vn -0.44687 0.50877 -0.73583
vn 0.13066 0.50877 -0.85093
vn 0.64706 0.50877 -0.56786
vn 0.86069 0.50877 -0.01909
vn 0.55165 0.45188 0.70106
vn -0.02804 0.45188 0.89164
vn -0.59461 0.45188 0.66501
vn -0.88296 0.45188 0.12722
vn -0.75816 0.45188 -0.47010
vn -0.27861 0.45188 -0.84745
vn 0.33131 0.45188 -0.82827
vn 0.78620 0.45188 -0.42153
vn 0.87322 0.45188 0.18245
vn 0.59204 0.38890 0.70586
vn -0.00019 0.38890 0.92128
vn -0.59233 0.38890 0.70562
vn -0.90732 0.38890 0.15979
vn -0.79776 0.38890 -0.46080
vn -0.31492 0.38890 -0.86579
vn 0.31527 0.38890 -0.86566
vn 0.79795 0.38890 -0.46048
vn 0.90725 0.38890 0.16016
vn 0.55985 0.31995 0.76433
vn -0.06244 0.31995 0.94537
vn -0.65550 0.31995 0.68407
vn -0.94185 0.31995 0.10268
vn -0.78750 0.31995 -0.52676
vn -0.26467 0.31995 -0.90972
vn 0.38201 0.31995 -0.86701
vn 0.84994 0.31995 -0.41862
vn 0.92017 0.31995 0.22565
vn 0.33817 0.24552 0.90849
vn -0.32491 0.24552 0.91332
vn -0.83597 0.24552 0.49079
vn -0.95586 0.24552 -0.16138
vn -0.62850 0.24552 -0.73804
vn -0.00706 0.24552 -0.96936
vn 0.61769 0.24552 -0.74711
vn 0.95341 0.24552 -0.17528
vn 0.84302 0.24552 0.47857
vn 0.70191 0.16649 0.69254
vn 0.09254 0.16649 0.98169
vn -0.56013 0.16649 0.81150
vn -0.95071 0.16649 0.26160
vn -0.89644 0.16649 -0.41070
vn -0.42272 0.16649 -0.89084
vn 0.24880 0.16649 -0.95414
vn 0.80390 0.16649 -0.57099
vn 0.98285 0.16649 0.07934
vn 0.86751 0.08413 0.49025
vn 0.34943 0.08413 0.93318
vn -0.33216 0.08413 0.93947
vn -0.85832 0.08413 0.50617
vn -0.98287 0.08413 -0.16397
vn -0.64752 0.08413 -0.75739
vn -0.00919 0.08413 -0.99641
vn 0.63344 0.08413 -0.76920
vn 0.97968 0.08413 -0.18208
vn 0.39369 0.55970 0.72920
vn -0.16714 0.55970 0.81166
vn -0.64976 0.55970 0.51434
vn -0.82836 0.55970 -0.02365
vn -0.61935 0.55970 -0.55058
vn -0.12055 0.55970 -0.81988
vn 0.43466 0.55970 -0.70555
vn 0.78649 0.55970 -0.26109
vn 0.77031 0.55970 0.30554
vn 0.39911 0.50877 0.76280
vn -0.18458 0.50877 0.84088
vn -0.68191 0.50877 0.52550
vn -0.86016 0.50877 -0.03576
vn -0.63593 0.50877 -0.58029
vn -0.11415 0.50877 -0.85330
vn 0.46105 0.50877 -0.72704
vn 0.82051 0.50877 -0.26059
vn 0.79605 0.50877 0.32780
vn 0.57950 0.45188 0.67822
vn 0.00797 0.45188 0.89204
vn -0.56729 0.45188 0.68846
vn -0.87711 0.45188 0.16275
vn -0.77651 0.45188 -0.43912
vn -0.31258 0.45188 -0.83552
vn 0.29761 0.45188 -0.84097
vn 0.76855 0.45188 -0.45292
vn 0.87987 0.45188 0.14705
vn 0.23810 0.38890 0.88998
vn -0.38967 0.38890 0.83481
vn -0.83511 0.38890 0.38903
vn -0.88980 0.38890 -0.23879
vn -0.52813 0.38890 -0.75487
vn 0.08065 0.38890 -0.91774
vn 0.65170 0.38890 -0.65119
vn 0.91781 0.38890 -0.07994
vn 0.75446 0.38890 0.52872
vn 0.79978 0.31995 0.50792
vn 0.28618 0.31995 0.90318
vn -0.36132 0.31995 0.87583
vn -0.83976 0.31995 0.43867
vn -0.92527 0.31995 -0.20375
vn -0.57783 0.31995 -0.75083
vn 0.03998 0.31995 -0.94659
vn 0.63908 0.31995 -0.69943
vn 0.93915 0.31995 -0.12500
vn 0.90207 0.24552 0.35495
vn 0.46287 0.24552 0.85175
vn -0.19291 0.24552 0.95000
vn -0.75843 0.24552 0.60374
vn -0.96907 0.24552 -0.02502
vn -0.72627 0.24552 -0.64207
vn -0.14364 0.24552 -0.95869
vn 0.50620 0.24552 -0.82673
vn 0.91918 0.24552 -0.30793
vn 0.69438 0.16649 0.70008
vn 0.08193 0.16649 0.98263
vn -0.56886 0.16649 0.80540
vn -0.95348 0.16649 0.25132
vn -0.89195 0.16649 -0.42036
vn -0.41307 0.16649 -0.89535
vn 0.25909 0.16649 -0.95139
vn 0.81002 0.16649 -0.56227
vn 0.98193 0.16649 0.08995
vn 0.27772 0.08413 0.95697
vn -0.40238 0.08413 0.91160
vn -0.89421 0.08413 0.43968
vn -0.96762 0.08413 -0.23797
vn -0.58828 0.08413 -0.80427
vn 0.06633 0.08413 -0.99425
vn 0.68990 0.08413 -0.71900
vn 0.99066 0.08413 -0.10733
vn 0.82788 0.08413 0.55456
vn 0.37103 0.55970 0.74099
vn -0.19208 0.55970 0.80613
vn -0.66531 0.55970 0.49406
vn -0.82723 0.55970 -0.04918
vn -0.60209 0.55970 -0.56941
vn -0.09522 0.55970 -0.82321
vn 0.45621 0.55970 -0.69182
vn 0.79416 0.55970 -0.23672
vn 0.76052 0.55970 0.32914
vn 0.80152 0.50877 0.31419
vn 0.41204 0.50877 0.75589
vn -0.17023 0.50877 0.84390
vn -0.67286 0.50877 0.53704
vn -0.86064 0.50877 -0.02110
vn -0.64572 0.50877 -0.56938
vn -0.12867 0.50877 -0.85123
vn 0.44860 0.50877 -0.73479
vn 0.81596 0.50877 -0.27453
vn 0.66776 0.45188 0.59153
vn 0.13131 0.45188 0.88236
vn -0.46658 0.45188 0.76033
vn -0.84615 0.45188 0.28253
vn -0.82980 0.45188 -0.32747
vn -0.42517 0.45188 -0.78424
vn 0.17840 0.45188 -0.87406
vn 0.69849 0.45188 -0.55489
vn 0.89176 0.45188 0.02391
vn 0.65381 0.38890 0.64906
vn 0.08364 0.38890 0.91748
vn -0.52567 0.38890 0.75659
vn -0.88901 0.38890 0.24169
vn -0.83638 0.38890 -0.38630
vn -0.39239 0.38890 -0.83354
vn 0.23520 0.38890 -0.89075
vn 0.75274 0.38890 -0.53117
vn 0.91806 0.38890 0.07695
vn 0.88525 0.31995 0.33759
vn 0.46114 0.31995 0.82763
vn -0.17874 0.31995 0.93042
vn -0.73498 0.31995 0.59786
vn -0.94732 0.31995 -0.01445
vn -0.71640 0.31995 -0.62000
vn -0.15027 0.31995 -0.93544
vn 0.48618 0.31995 -0.81318
vn 0.89514 0.31995 -0.31042
vn 0.89456 0.24552 0.37348
vn 0.44520 0.24552 0.86111
vn -0.21247 0.24552 0.94582
vn -0.77072 0.24552 0.58797
vn -0.96835 0.24552 -0.04500
vn -0.71287 0.24552 -0.65691
vn -0.12383 0.24552 -0.96145
vn 0.52314 0.24552 -0.81611
vn 0.92534 0.24552 -0.28891
vn 0.78671 0.16649 0.59445
vn 0.22055 0.16649 0.96106
vn -0.44881 0.16649 0.87798
vn -0.90816 0.16649 0.38409
vn -0.94258 0.16649 -0.28953
vn -0.53595 0.16649 -0.82767
vn 0.12145 0.16649 -0.97853
vn 0.72203 0.16649 -0.67153
vn 0.98476 0.16649 -0.05031
vn 0.84467 0.08413 0.52863
vn 0.30726 0.08413 0.94790
vn -0.37392 0.08413 0.92364
vn -0.88014 0.08413 0.46720
vn -0.97454 0.08413 -0.20785
vn -0.61293 0.08413 -0.78564
vn 0.03547 0.08413 -0.99582
vn 0.66727 0.08413 -0.74005
vn 0.98685 0.08413 -0.13799
vn 0.62712 0.55970 0.54171
vn 0.13219 0.55970 0.81808
vn -0.42459 0.55970 0.71166
vn -0.78270 0.55970 0.27224
vn -0.77458 0.55970 -0.29456
vn -0.40402 0.55970 -0.72353
vn 0.15558 0.55970 -0.81396
vn 0.64238 0.55970 -0.52352
vn 0.82861 0.55970 0.01187
vn 0.71641 0.50877 0.47740
vn 0.24193 0.50877 0.82621
vn -0.34574 0.50877 0.78842
vn -0.77164 0.50877 0.38173
vn -0.83648 0.50877 -0.20358
vn -0.50992 0.50877 -0.69363
vn 0.05524 0.50877 -0.85913
vn 0.59455 0.50877 -0.62262
vn 0.85567 0.50877 -0.09479
vn 0.71364 0.45188 0.53528
vn 0.20261 0.45188 0.86876
vn -0.40322 0.45188 0.79575
vn -0.82038 0.45188 0.35039
vn -0.85368 0.45188 -0.25892
vn -0.48752 0.45188 -0.74707
vn 0.10674 0.45188 -0.88567
vn 0.65107 0.45188 -0.60985
vn 0.89075 0.45188 -0.04867
vn 0.86572 0.38890 0.31511
vn 0.46063 0.38890 0.79786
vn -0.15999 0.38890 0.90728
vn -0.70575 0.38890 0.59218
vn -0.92128 0.38890 -0.00002
vn -0.70573 0.38890 -0.59220
vn -0.15996 0.38890 -0.90729
vn 0.46065 0.38890 -0.79784
vn 0.86573 0.38890 -0.31508
vn 0.84795 0.31995 0.42262
vn 0.37792 0.31995 0.86880
vn -0.26895 0.31995 0.90846
vn -0.78997 0.31995 0.52304
vn -0.94136 0.31995 -0.10711
vn -0.65227 0.31995 -0.68715
vn -0.05798 0.31995 -0.94566
vn 0.56344 0.31995 -0.76169
vn 0.92122 0.31995 -0.22131
vn 0.35747 0.24552 0.90107
vn -0.30536 0.24552 0.92004
vn -0.82531 0.24552 0.50851
vn -0.95909 0.24552 -0.14096
vn -0.64410 0.24552 -0.72447
vn -0.02773 0.24552 -0.96899
vn 0.60162 0.24552 -0.76011
vn 0.94946 0.24552 -0.19557
vn 0.85304 0.24552 0.46049
vn 0.70156 0.16649 0.69288
vn 0.09205 0.16649 0.98174
vn -0.56053 0.16649 0.81122
vn -0.95084 0.16649 0.26113
vn -0.89623 0.16649 -0.41115
vn -0.42227 0.16649 -0.89105
vn 0.24927 0.16649 -0.95401
vn 0.80418 0.16649 -0.57059
vn 0.98281 0.16649 0.07982
vn 0.73243 0.08413 0.67562
vn 0.12679 0.08413 0.98836
vn -0.53817 0.08413 0.83862
vn -0.95132 0.08413 0.29649
vn -0.91934 0.08413 -0.38437
vn -0.45718 0.08413 -0.88538
vn 0.21889 0.08413 -0.97212
vn 0.79254 0.08413 -0.60398
vn 0.99536 0.08413 0.04676
vn 0.51523 0.55970 0.64905
vn -0.02251 0.55970 0.82839
vn -0.54972 0.55970 0.62011
vn -0.81971 0.55970 0.12168
vn -0.70615 0.55970 -0.43369
vn -0.26217 0.55970 -0.78613
vn 0.30448 0.55970 -0.77073
vn 0.72866 0.55970 -0.39470
vn 0.81189 0.55970 0.16602
vn 0.65237 0.50877 0.56175
vn 0.13865 0.50877 0.84966
vn -0.43994 0.50877 0.74000
vn -0.81268 0.50877 0.28409
vn -0.80516 0.50877 -0.30475
vn -0.42089 0.50877 -0.75100
vn 0.16031 0.50877 -0.84584
vn 0.66650 0.50877 -0.54491
vn 0.86083 0.50877 0.01099
vn 0.33397 0.45188 0.82720
vn -0.27588 0.45188 0.84834
vn -0.75664 0.45188 0.47253
vn -0.88336 0.45188 -0.12438
vn -0.59675 0.45188 -0.66309
vn -0.03090 0.45188 -0.89154
vn 0.54940 0.45188 -0.70283
vn 0.87263 0.45188 -0.18525
vn 0.78755 0.45188 0.41901
vn 0.85990 0.38890 0.33064
vn 0.44619 0.38890 0.80602
vn -0.17630 0.38890 0.90425
vn -0.71630 0.38890 0.57938
vn -0.92113 0.38890 -0.01660
vn -0.69496 0.38890 -0.60481
vn -0.14361 0.38890 -0.91002
vn 0.47494 0.38890 -0.78942
vn 0.87126 0.38890 -0.29945
vn 0.37087 0.31995 0.87183
vn -0.27630 0.31995 0.90625
vn -0.79419 0.31995 0.51662
vn -0.94046 0.31995 -0.11474
vn -0.64668 0.31995 -0.69241
vn -0.05032 0.31995 -0.94610
vn 0.56959 0.31995 -0.75710
vn 0.92299 0.31995 -0.21384
vn 0.84450 0.31995 0.42947
vn 0.32760 0.24552 0.91236
vn -0.33550 0.24552 0.90948
vn -0.84161 0.24552 0.48105
vn -0.95392 0.24552 -0.17247
vn -0.61989 0.24552 -0.74529
vn 0.00420 0.24552 -0.96938
vn 0.62633 0.24552 -0.73989
vn 0.95538 0.24552 -0.16419
vn 0.83741 0.24552 0.48833
vn 0.91774 0.16649 0.36060
vn 0.47124 0.16649 0.86615
vn -0.19576 0.16649 0.96641
vn -0.77116 0.16649 0.61448
vn -0.98573 0.16649 -0.02497
vn -0.73906 0.16649 -0.65274
vn -0.14658 0.16649 -0.97509
vn 0.51449 0.16649 -0.84118
vn 0.93482 0.16649 -0.31367
vn 0.48176 0.08413 0.87226
vn -0.19163 0.08413 0.97786
vn -0.77535 0.08413 0.62590
vn -0.99628 0.08413 -0.01892
vn -0.75103 0.08413 -0.65488
vn -0.15437 0.08413 -0.98442
vn 0.51452 0.08413 -0.85334
vn 0.94266 0.08413 -0.32297
vn 0.92972 0.08413 0.35852
vn 0.59915 0.55970 0.57249
vn 0.09099 0.55970 0.82368
vn -0.45975 0.55970 0.68946
vn -0.79537 0.55970 0.23263
vn -0.75882 0.55970 -0.33305
vn -0.36721 0.55970 -0.74289
vn 0.19622 0.55970 -0.80513
vn 0.66784 0.55970 -0.49064
vn 0.82697 0.55970 0.05343
vn 0.58150 0.50877 0.63482
vn 0.03740 0.50877 0.86009
vn -0.52420 0.50877 0.68291
vn -0.84053 0.50877 0.18619
vn -0.76356 0.50877 -0.39765
vn -0.32931 0.50877 -0.79543
vn 0.25902 0.50877 -0.82101
vn 0.72616 0.50877 -0.46243
vn 0.85352 0.50877 0.11252
vn 0.35956 0.45188 0.81641
vn -0.24934 0.45188 0.85652
vn -0.74157 0.45188 0.49586
vn -0.88681 0.45188 -0.09682
vn -0.61710 0.45188 -0.64420
vn -0.05864 0.45188 -0.89015
vn 0.52725 0.45188 -0.71959
vn 0.86644 0.45188 -0.21233
vn 0.80021 0.45188 0.39429
vn 0.74701 0.38890 0.53919
vn 0.22566 0.38890 0.89322
vn -0.40129 0.38890 0.82929
vn -0.84046 0.38890 0.37733
vn -0.88638 0.38890 -0.25118
vn -0.51755 0.38890 -0.76217
vn 0.09345 0.38890 -0.91653
vn 0.66072 0.38890 -0.64203
vn 0.91883 0.38890 -0.06712
vn 0.54265 0.31995 0.77663
vn -0.08352 0.31995 0.94375
vn -0.67060 0.31995 0.66927
vn -0.94391 0.31995 0.08163
vn -0.77555 0.31995 -0.54420
vn -0.24430 0.31995 -0.91540
vn 0.40126 0.31995 -0.85827
vn 0.85907 0.31995 -0.39955
vn 0.91491 0.31995 0.24613
vn 0.67832 0.24552 0.69253
vn 0.07447 0.24552 0.96653
vn -0.56422 0.24552 0.78827
vn -0.93891 0.24552 0.24118
vn -0.87427 0.24552 -0.41877
vn -0.40055 0.24552 -0.88277
vn 0.26059 0.24552 -0.93371
vn 0.79980 0.24552 -0.54776
vn 0.96477 0.24552 0.09449
vn 0.46777 0.16649 0.86803
vn -0.19962 0.16649 0.96562
vn -0.77361 0.16649 0.61140
vn -0.98562 0.16649 -0.02891
vn -0.73645 0.16649 -0.65569
vn -0.14268 0.16649 -0.97566
vn 0.51785 0.16649 -0.83912
vn 0.93607 0.16649 -0.30994
vn 0.91629 0.16649 0.36427
vn 0.40276 0.08413 0.91143
vn -0.27733 0.08413 0.95708
vn -0.82765 0.08413 0.55491
vn -0.99070 0.08413 -0.10692
vn -0.69020 0.08413 -0.71872
vn -0.06674 0.08413 -0.99422
vn 0.58795 0.08413 -0.80451
vn 0.96752 0.08413 -0.23837
vn 0.89439 0.08413 0.43931
vn 0.62366 0.55970 0.54569
vn 0.12698 0.55970 0.81891
vn -0.42911 0.55970 0.70894
vn -0.78441 0.55970 0.26726
vn -0.77269 0.55970 -0.29948
vn -0.39941 0.55970 -0.72609
vn 0.16076 0.55970 -0.81295
vn 0.64570 0.55970 -0.51943
vn 0.82852 0.55970 0.01715
vn 0.63437 0.50877 0.58200
vn 0.11186 0.50877 0.85360
vn -0.46300 0.50877 0.72580
vn -0.82121 0.50877 0.25838
vn -0.79517 0.50877 -0.32993
vn -0.39706 0.50877 -0.76387
vn 0.18684 0.50877 -0.84038
vn 0.68331 0.50877 -0.52367
vn 0.86006 0.50877 0.03807
vn 0.55945 0.45188 0.69485
vn -0.01808 0.45188 0.89189
vn -0.58715 0.45188 0.67161
vn -0.88148 0.45188 0.13707
vn -0.76336 0.45188 -0.46160
vn -0.28806 0.45188 -0.84429
vn 0.32203 0.45188 -0.83192
vn 0.78144 0.45188 -0.43029
vn 0.87520 0.45188 0.17268
vn 0.59899 0.38890 0.69998
vn 0.00892 0.38890 0.92124
vn -0.58533 0.38890 0.71144
vn -0.90569 0.38890 0.16875
vn -0.80227 0.38890 -0.45290
vn -0.32346 0.38890 -0.86263
vn 0.30670 0.38890 -0.86873
vn 0.79336 0.38890 -0.46834
vn 0.90879 0.38890 0.15119
vn 0.68588 0.31995 0.65361
vn 0.10528 0.31995 0.94157
vn -0.52457 0.31995 0.78896
vn -0.90898 0.31995 0.26719
vn -0.86806 0.31995 -0.37960
vn -0.42097 0.31995 -0.84877
vn 0.22310 0.31995 -0.92079
vn 0.76278 0.31995 -0.56196
vn 0.94554 0.31995 0.05982
vn 0.59193 0.24552 0.76769
vn -0.04002 0.24552 0.96856
vn -0.65324 0.24552 0.71624
vn -0.96080 0.24552 0.12878
vn -0.81879 0.24552 -0.51894
vn -0.29366 0.24552 -0.92384
vn 0.36887 0.24552 -0.89647
vn 0.85881 0.24552 -0.44963
vn 0.94690 0.24552 0.20760
vn 0.81479 0.16649 0.55534
vn 0.26720 0.16649 0.94915
vn -0.40542 0.16649 0.89884
vn -0.88833 0.16649 0.42796
vn -0.95559 0.16649 -0.24317
vn -0.57571 0.16649 -0.80052
vn 0.07354 0.16649 -0.98330
vn 0.68839 0.16649 -0.70597
vn 0.98113 0.16649 -0.09832
vn 0.91460 0.08413 0.39552
vn 0.44639 0.08413 0.89088
vn -0.23069 0.08413 0.96938
vn -0.79983 0.08413 0.59430
vn -0.99472 0.08413 -0.05886
vn -0.72416 0.08413 -0.68448
vn -0.11477 0.08413 -0.98982
vn 0.54833 0.08413 -0.83202
vn 0.95486 0.08413 -0.28491
vn 0.68002 0.55970 0.47361
vn 0.21650 0.55970 0.79991
vn -0.34833 0.55970 0.75193
vn -0.75017 0.55970 0.35211
vn -0.80099 0.55970 -0.21247
vn -0.47703 0.55970 -0.67763
vn 0.07015 0.55970 -0.82572
vn 0.58450 0.55970 -0.58745
vn 0.82536 0.55970 -0.07430
vn 0.49529 0.50877 0.70416
vn -0.07321 0.50877 0.85778
vn -0.60746 0.50877 0.61004
vn -0.85746 0.50877 0.07685
vn -0.70625 0.50877 -0.49230
vn -0.22458 0.50877 -0.83109
vn 0.36218 0.50877 -0.78101
vn 0.77947 0.50877 -0.36549
vn 0.83204 0.50877 0.22105
vn 0.35832 0.45188 0.81695
vn -0.25064 0.45188 0.85614
vn -0.74232 0.45188 0.49474
vn -0.88666 0.45188 -0.09816
vn -0.61612 0.45188 -0.64513
vn -0.05730 0.45188 -0.89023
vn 0.52834 0.45188 -0.71879
vn 0.86676 0.45188 -0.21102
vn 0.79961 0.45188 0.39550
vn 0.81863 0.38890 0.42262
vn 0.35545 0.38890 0.84995
vn -0.27405 0.38890 0.87958
vn -0.77531 0.38890 0.49764
vn -0.91380 0.38890 -0.11715
vn -0.62471 0.38890 -0.67712
vn -0.04331 0.38890 -0.92026
vn 0.55835 0.38890 -0.73280
vn 0.89876 0.38890 -0.20246
vn 0.31166 0.31995 0.89471
vn -0.33636 0.31995 0.88572
vn -0.82699 0.31995 0.46229
vn -0.93067 0.31995 -0.17745
vn -0.59887 0.31995 -0.73415
vn 0.01314 0.31995 -0.94734
vn 0.61901 0.31995 -0.71726
vn 0.93523 0.31995 -0.15156
vn 0.81385 0.31995 0.48505
vn 0.54531 0.24552 0.80147
vn -0.09744 0.24552 0.96448
vn -0.69460 0.24552 0.67620
vn -0.96675 0.24552 0.07152
vn -0.78654 0.24552 -0.56663
vn -0.23831 0.24552 -0.93964
vn 0.42144 0.24552 -0.87299
vn 0.88399 0.24552 -0.39785
vn 0.93291 0.24552 0.26344
vn 0.59750 0.16649 0.78439
vn -0.04649 0.16649 0.98495
vn -0.66872 0.16649 0.72463
vn -0.97806 0.16649 0.12525
vn -0.82974 0.16649 -0.53273
vn -0.29319 0.16649 -0.94145
vn 0.38056 0.16649 -0.90965
vn 0.87623 0.16649 -0.45221
vn 0.96191 0.16649 0.21682
vn 0.41982 0.08413 0.90370
vn -0.25929 0.08413 0.96213
vn -0.81707 0.08413 0.57036
vn -0.99254 0.08413 -0.08828
vn -0.70358 0.08413 -0.70562
vn -0.08541 0.08413 -0.99279
vn 0.57272 0.08413 -0.81542
vn 0.96287 0.08413 -0.25651
vn 0.90249 0.08413 0.42242
vn 0.77548 0.55970 0.29218
vn 0.40624 0.55970 0.72229
vn -0.15308 0.55970 0.81443
vn -0.64077 0.55970 0.52549
vn -0.82864 0.55970 -0.00933
vn -0.62878 0.55970 -0.53979
vn -0.13470 0.55970 -0.81767
vn 0.42240 0.55970 -0.71296
vn 0.78186 0.55970 -0.27464
vn 0.39522 0.50877 0.76482
vn -0.18886 0.50877 0.83993
vn -0.68457 0.50877 0.52202
vn -0.85996 0.50877 -0.04014
vn -0.63297 0.50877 -0.58352
vn -0.10980 0.50877 -0.85387
vn 0.46475 0.50877 -0.72468
vn 0.82183 0.50877 -0.25640
vn 0.79437 0.50877 0.33185
vn 0.77164 0.45188 0.44764
vn 0.30337 0.45188 0.83891
vn -0.30684 0.45188 0.83764
vn -0.77348 0.45188 0.44444
vn -0.87820 0.45188 -0.15673
vn -0.57200 0.45188 -0.68456
vn 0.00185 0.45188 -0.89207
vn 0.57483 0.45188 -0.68218
vn 0.87884 0.45188 -0.15309
vn 0.68190 0.38890 0.61949
vn 0.12416 0.38890 0.91288
vn -0.49167 0.38890 0.77911
vn -0.87745 0.38890 0.28080
vn -0.85266 0.38890 -0.34891
vn -0.42890 0.38890 -0.81536
vn 0.19555 0.38890 -0.90029
vn 0.72849 0.38890 -0.56397
vn 0.92057 0.38890 0.03624
vn 0.50823 0.31995 0.79959
vn -0.12464 0.31995 0.93920
vn -0.69919 0.31995 0.63935
vn -0.94657 0.31995 0.04034
vn -0.75105 0.31995 -0.57754
vn -0.20410 0.31995 -0.92519
vn 0.43835 0.31995 -0.83993
vn 0.87569 0.31995 -0.36166
vn 0.90329 0.31995 0.28584
vn 0.79421 0.24552 0.55584
vn 0.25111 0.24552 0.93630
vn -0.40948 0.24552 0.87866
vn -0.87847 0.24552 0.40988
vn -0.93642 0.24552 -0.25068
vn -0.55620 0.24552 -0.79395
vn 0.08427 0.24552 -0.96572
vn 0.68531 0.24552 -0.68562
vn 0.96568 0.24552 -0.08471
vn 0.61506 0.16649 0.77071
vn -0.02424 0.16649 0.98574
vn -0.65219 0.16649 0.73954
vn -0.97498 0.16649 0.14730
vn -0.84156 0.16649 -0.51387
vn -0.31437 0.16649 -0.93459
vn 0.35992 0.16649 -0.91801
vn 0.86580 0.16649 -0.47188
vn 0.96656 0.16649 0.19504
vn 0.87821 0.08413 0.47081
vn 0.37012 0.08413 0.92517
vn -0.31116 0.08413 0.94663
vn -0.84684 0.08413 0.52515
vn -0.98628 0.08413 -0.14205
vn -0.66422 0.08413 -0.74278
vn -0.03137 0.08413 -0.99596
vn 0.61616 0.08413 -0.78312
vn 0.97538 0.08413 -0.20384
vn 0.36217 0.55970 0.74536
vn -0.20167 0.55970 0.80378
vn -0.67115 0.55970 0.48610
vn -0.82659 0.55970 -0.05903
vn -0.59526 0.55970 -0.57654
vn -0.08540 0.55970 -0.82428
vn 0.46442 0.55970 -0.68633
vn 0.79693 0.55970 -0.22724
vn 0.75655 0.55970 0.33818
vn 0.55847 0.50877 0.65518
vn 0.00668 0.50877 0.86087
vn -0.54824 0.50877 0.66376
vn -0.84664 0.50877 0.15607
vn -0.74888 0.50877 -0.42465
vn -0.30071 0.50877 -0.80667
vn 0.28816 0.50877 -0.81124
vn 0.74220 0.50877 -0.43622
vn 0.84896 0.50877 0.14291
vn 0.63974 0.45188 0.62171
vn 0.09044 0.45188 0.88748
vn -0.50118 0.45188 0.73798
vn -0.85829 0.45188 0.24318
vn -0.81380 0.45188 -0.36541
vn -0.38852 0.45188 -0.80302
vn 0.21855 0.45188 -0.86489
vn 0.72336 0.45188 -0.52207
vn 0.88970 0.45188 0.06504
vn 0.74841 0.38890 0.53725
vn 0.22798 0.38890 0.89263
vn -0.39913 0.38890 0.83033
vn -0.83948 0.38890 0.37952
vn -0.88703 0.38890 -0.24888
vn -0.51953 0.38890 -0.76082
vn 0.09107 0.38890 -0.91677
vn 0.65905 0.38890 -0.64375
vn 0.91865 0.38890 -0.06951
vn 0.53579 0.31995 0.78138
vn -0.09182 0.31995 0.94297
vn -0.67647 0.31995 0.66334
vn -0.94459 0.31995 0.07332
vn -0.77073 0.31995 -0.55101
vn -0.23623 0.31995 -0.91751
vn 0.40880 0.31995 -0.85470
vn 0.86255 0.31995 -0.39197
vn 0.91270 0.31995 0.25417
vn 0.73567 0.24552 0.63128
vn 0.15778 0.24552 0.95646
vn -0.49394 0.24552 0.83411
vn -0.91454 0.24552 0.32147
vn -0.90721 0.24552 -0.34160
vn -0.47539 0.24552 -0.84482
vn 0.17887 0.24552 -0.95275
vn 0.74944 0.24552 -0.61487
vn 0.96933 0.24552 0.01071
vn 0.78612 0.16649 0.59523
vn 0.21959 0.16649 0.96128
vn -0.44968 0.16649 0.87753
vn -0.90854 0.16649 0.38318
vn -0.94229 0.16649 -0.29047
vn -0.53513 0.16649 -0.82820
vn 0.12243 0.16649 -0.97841
vn 0.72270 0.16649 -0.67081
vn 0.98481 0.16649 -0.04933
vn 0.92321 0.08413 0.37499
vn 0.46618 0.08413 0.88068
vn -0.20898 0.08413 0.97430
vn -0.78635 0.08413 0.61203
vn -0.99578 0.08413 -0.03662
vn -0.73928 0.08413 -0.66813
vn -0.13685 0.08413 -0.98701
vn 0.52960 0.08413 -0.84406
vn 0.94825 0.08413 -0.30617
vn 0.71144 0.55970 0.42496
vn 0.27183 0.55970 0.78284
vn -0.29496 0.55970 0.77442
vn -0.72374 0.55970 0.40364
vn -0.81388 0.55970 -0.15601
vn -0.52319 0.55970 -0.64266
vn 0.01231 0.55970 -0.82860
vn 0.54204 0.55970 -0.62683
vn 0.81815 0.55970 -0.13176
vn 0.76708 0.50877 0.39081
vn 0.33641 0.50877 0.79245
vn -0.25167 0.50877 0.82329
vn -0.72199 0.50877 0.46891
vn -0.85449 0.50877 -0.10488
vn -0.58716 0.50877 -0.62960
vn -0.04509 0.50877 -0.85972
vn 0.51808 0.50877 -0.68757
vn 0.83883 0.50877 -0.19369
vn 0.31197 0.45188 0.83575
vn -0.29823 0.45188 0.84075
vn -0.76888 0.45188 0.45236
vn -0.87976 0.45188 -0.14770
vn -0.57900 0.45188 -0.67865
vn -0.00731 0.45188 -0.89205
vn 0.56779 0.45188 -0.68805
vn 0.87722 0.45188 -0.16210
vn 0.77619 0.45188 0.43969
vn 0.81796 0.38890 0.42391
vn 0.35411 0.38890 0.85051
vn -0.27543 0.38890 0.87915
vn -0.77609 0.38890 0.49642
vn -0.91362 0.38890 -0.11858
vn -0.62365 0.38890 -0.67810
vn -0.04187 0.38890 -0.92033
vn 0.55950 0.38890 -0.73192
vn 0.89908 0.38890 -0.20105
vn 0.84174 0.31995 0.43486
vn 0.36528 0.31995 0.87418
vn -0.28209 0.31995 0.90446
vn -0.79747 0.31995 0.51154
vn -0.93971 0.31995 -0.12075
vn -0.64224 0.31995 -0.69653
vn -0.04427 0.31995 -0.94640
vn 0.57442 0.31995 -0.75344
vn 0.92433 0.31995 -0.20793
vn 0.46727 0.24552 0.84934
vn -0.18800 0.24552 0.95099
vn -0.75530 0.24552 0.60765
vn -0.96918 0.24552 -0.02001
vn -0.72958 0.24552 -0.63830
vn -0.14860 0.24552 -0.95793
vn 0.50192 0.24552 -0.82934
vn 0.91758 0.24552 -0.31268
vn 0.90389 0.24552 0.35028
vn 0.61042 0.16649 0.77438
vn -0.03016 0.16649 0.98558
vn -0.65662 0.16649 0.73561
vn -0.97584 0.16649 0.14145
vn -0.83846 0.16649 -0.51891
vn -0.30875 0.16649 -0.93646
vn 0.36543 0.16649 -0.91583
vn 0.86862 0.16649 -0.46667
vn 0.96537 0.16649 0.20084
vn 0.78359 0.08413 0.61555
vn 0.20460 0.08413 0.97522
vn -0.47013 0.08413 0.87858
vn -0.92488 0.08413 0.37084
vn -0.94687 0.08413 -0.31043
vn -0.52581 0.08413 -0.84643
vn 0.14129 0.08413 -0.98639
vn 0.74227 0.08413 -0.66480
vn 0.99594 0.08413 -0.03214
vn 0.21665 0.55970 0.79987
vn -0.34819 0.55970 0.75200
vn -0.75010 0.55970 0.35225
vn -0.80103 0.55970 -0.21232
vn -0.47715 0.55970 -0.67754
vn 0.06999 0.55970 -0.82573
vn 0.58439 0.55970 -0.58756
vn 0.82534 0.55970 -0.07446
vn 0.68011 0.55970 0.47348
vn 0.20657 0.50877 0.83575
vn -0.37897 0.50877 0.77300
vn -0.78718 0.50877 0.34856
vn -0.82707 0.50877 -0.23898
vn -0.47996 0.50877 -0.71470
vn 0.09173 0.50877 -0.85600
vn 0.62050 0.50877 -0.59677
vn 0.85892 0.50877 -0.05831
vn 0.69545 0.50877 0.50744
vn 0.25669 0.45188 0.85435
vn -0.35253 0.45188 0.81947
vn -0.79680 0.45188 0.40114
vn -0.86823 0.45188 -0.20488
vn -0.53341 0.45188 -0.71503
vn 0.05100 0.45188 -0.89062
vn 0.61154 0.45188 -0.64947
vn 0.88594 0.45188 -0.10443
vn 0.74580 0.45188 0.48947
vn 0.59039 0.38890 0.70725
vn -0.00235 0.38890 0.92128
vn -0.59399 0.38890 0.70423
vn -0.90769 0.38890 0.15766
vn -0.79668 0.38890 -0.46267
vn -0.31289 0.38890 -0.86652
vn 0.31730 0.38890 -0.86491
vn 0.79902 0.38890 -0.45860
vn 0.90687 0.38890 0.16229
vn 0.31631 0.31995 0.89307
vn -0.33175 0.31995 0.88745
vn -0.82458 0.31995 0.46658
vn -0.93158 0.31995 -0.17261
vn -0.60268 0.31995 -0.73103
vn 0.00822 0.31995 -0.94740
vn 0.61527 0.31995 -0.72047
vn 0.93443 0.31995 -0.15642
vn 0.81636 0.31995 0.48082
vn 0.73150 0.24552 0.63611
vn 0.15148 0.24552 0.95748
vn -0.49942 0.24552 0.83084
vn -0.91663 0.24552 0.31544
vn -0.90494 0.24552 -0.34756
vn -0.46982 0.24552 -0.84793
vn 0.18514 0.24552 -0.95155
vn 0.75347 0.24552 -0.60992
vn 0.96924 0.24552 0.01709
vn 0.22726 0.16649 0.95950
vn -0.44266 0.16649 0.88110
vn -0.90546 0.16649 0.39042
vn -0.94458 0.16649 -0.28293
vn -0.54172 0.16649 -0.82390
vn 0.11461 0.16649 -0.97936
vn 0.71732 0.16649 -0.67656
vn 0.98438 0.16649 -0.05719
vn 0.79084 0.16649 0.58894
vn 0.91720 0.08413 0.38945
vn 0.45228 0.08413 0.88790
vn -0.22426 0.08413 0.97089
vn -0.79587 0.08413 0.59960
vn -0.99508 0.08413 -0.05226
vn -0.72869 0.08413 -0.67966
vn -0.12133 0.08413 -0.98904
vn 0.54280 0.08413 -0.83564
vn 0.95295 0.08413 -0.29123
vn 0.77460 0.55970 0.29449
vn 0.40408 0.55970 0.72350
vn -0.15551 0.55970 0.81397
vn -0.64234 0.55970 0.52358
vn -0.82861 0.55970 -0.01180
vn -0.62717 0.55970 -0.54166
vn -0.13226 0.55970 -0.81807
vn 0.42453 0.55970 -0.71170
vn 0.78267 0.55970 -0.27231
vn 0.77929 0.50877 0.36586
vn 0.36181 0.50877 0.78118
vn -0.22497 0.50877 0.83098
vn -0.70649 0.50877 0.49196
vn -0.85743 0.50877 -0.07726
vn -0.60717 0.50877 -0.61033
vn -0.07281 0.50877 -0.85782
vn 0.49562 0.50877 -0.70392
vn 0.83214 0.50877 -0.22066
vn 0.64567 0.45188 0.61556
vn 0.09894 0.45188 0.88657
vn -0.49409 0.45188 0.74275
vn -0.85592 0.45188 0.25138
vn -0.81726 0.45188 -0.35761
vn -0.39620 0.45188 -0.79927
vn 0.21026 0.45188 -0.86694
vn 0.71833 0.45188 -0.52897
vn 0.89028 0.45188 0.05652
vn 0.78398 0.38890 0.48387
vn 0.28954 0.38890 0.87460
vn -0.34038 0.38890 0.85610
vn -0.81103 0.38890 0.43701
vn -0.90220 0.38890 -0.18655
vn -0.57121 0.38890 -0.72283
vn 0.02705 0.38890 -0.92088
vn 0.61266 0.38890 -0.68805
vn 0.91159 0.38890 -0.13327
vn 0.79724 0.31995 0.51190
vn 0.28167 0.31995 0.90459
vn -0.36569 0.31995 0.87402
vn -0.84194 0.31995 0.43448
vn -0.92424 0.31995 -0.20836
vn -0.57408 0.31995 -0.75370
vn 0.04470 0.31995 -0.94638
vn 0.64257 0.31995 -0.69623
vn 0.93976 0.31995 -0.12031
vn 0.37497 0.24552 0.89393
vn -0.28737 0.24552 0.92582
vn -0.81524 0.24552 0.52450
vn -0.96165 0.24552 -0.12223
vn -0.65810 0.24552 -0.71178
vn -0.04661 0.24552 -0.96827
vn 0.58668 0.24552 -0.77170
vn 0.94546 0.24552 -0.21404
vn 0.86185 0.24552 0.44377
vn 0.36468 0.16649 0.91613
vn -0.30951 0.16649 0.93621
vn -0.83888 0.16649 0.51822
vn -0.97573 0.16649 -0.14224
vn -0.65602 0.16649 -0.73615
vn -0.02935 0.16649 -0.98561
vn 0.61105 0.16649 -0.77389
vn 0.96553 0.16649 -0.20006
vn 0.86824 0.16649 0.46738
vn 0.65273 0.08413 0.75290
vn 0.01607 0.08413 0.99633
vn -0.62812 0.08413 0.77356
vn -0.97840 0.08413 0.18883
vn -0.87088 0.08413 -0.48425
vn -0.35586 0.08413 -0.93074
vn 0.32566 0.08413 -0.94174
vn 0.85481 0.08413 -0.51208
vn 0.98398 0.08413 0.15719
f 1/1/1 2/2/1 3/3/1
f 4/4/2 5/5/2 6/6/2
f 7/7/3 8/8/3 9/9/3
f 10/10/4 11/11/4 12/12/4
f 13/13/5 14/14/5 15/15/5
f 16/16/6 17/17/6 18/18/6
f 19/19/7 20/20/7 21/21/7
f 22/22/8 23/23/8 24/24/8
f 25/25/9 26/26/9 27/27/9
f 28/28/10 29/29/10 30/30/10
f 31/31/11 32/32/11 33/33/11
f 34/34/12 35/35/12 36/36/12
f 37/37/13 38/38/13 39/39/13
f 40/40/14 41/41/14 42/42/14
f 43/43/15 44/44/15 45/45/15
f 46/46/16 47/47/16 48/48/16
f 49/49/17 50/50/17 51/51/17
f 52/52/18 53/53/18 54/54/18
f 55/55/19 56/56/19 57/57/19
f 58/58/20 59/59/20 60/60/20
f 61/61/21 62/62/21 63/63/21
f 64/64/22 65/65/22 66/66/22
f 67/67/23 68/68/23 69/69/23
f 70/70/24 71/71/24 72/72/24
f 73/73/25 74/74/25 75/75/25
f 76/76/26 77/77/26 78/78/26
f 79/79/27 80/80/27 81/81/27
f 82/82/28 83/83/28 84/84/28
f 85/85/29 86/86/29 87/87/29
f 88/88/30 89/89/30 90/90/30
f 91/91/31 92/92/31 93/93/31
f 94/94/32 95/95/32 96/96/32
f 97/97/33 98/98/33 99/99/33
f 100/100/34 101/101/34 102/102/34
f 103/103/35 104/104/35 105/105/35
f 106/106/36 107/107/36 108/108/36
f 109/109/37 110/110/37 111/111/37
f 112/112/38 113/113/38 114/114/38
f 115/115/39 116/116/39 117/117/39
f 118/118/40 119/119/40 120/120/40
f 121/121/41 122/122/41 123/123/41
f 124/124/42 125/125/42 126/126/42
f 127/127/43 128/128/43 129/129/43
f 130/130/44 131/131/44 132/132/44
f 133/133/45 134/134/45 135/135/45
f 136/136/46 137/137/46 138/138/46
f 139/139/47 140/140/47 141/141/47
f 142/142/48 143/143/48 144/144/48
f 145/145/49 146/146/49 147/147/49
f 148/148/50 149/149/50 150/150/50
f 151/151/51 152/152/51 153/153/51
f 154/154/52 155/155/52 156/156/52
f 157/157/53 158/158/53 159/159/53
f 160/160/54 161/161/54 162/162/54
f 163/163/55 164/164/55 165/165/55
f 166/166/56 167/167/56 168/168/56
f 169/169/57 170/170/57 171/171/57
f 172/172/58 173/173/58 174/174/58
f 175/175/59 176/176/59 177/177/59
f 178/178/60 179/179/60 180/180/60
f 181/181/61 182/182/61 183/183/61
f 184/184/62 185/185/62 186/186/62
f 187/187/63 188/188/63 189/189/63
f 190/190/64 191/191/64 192/192/64
f 193/193/65 194/194/65 195/195/65
f 196/196/66 197/197/66 198/198/66
f 199/199/67 200/200/67 201/201/67
f 202/202/68 203/203/68 204/204/68
f 205/205/69 206/206/69 207/207/69
f 208/208/70 209/209/70 210/210/70
f 211/211/71 212/212/71 213/213/71
f 214/214/72 215/215/72 216/216/72
f 217/217/73 218/218/73 219/219/73
f 220/220/74 221/221/74 222/222/74
f 223/223/75 224/224/75 225/225/75
f 226/226/76 227/227/76 228/228/76
f 229/229/77 230/230/77 231/231/77
f 232/232/78 233/233/78 234/234/78
f 235/235/79 236/236/79 237/237/79
f 238/238/80 239/239/80 240/240/80
f 241/241/81 242/242/81 243/243/81
f 244/244/82 245/245/82 246/246/82
f 247/247/83 248/248/83 249/249/83
f 250/250/84 251/251/84 252/252/84
f 253/253/85 254/254/85 255/255/85
f 256/256/86 257/257/86 258/258/86
f 259/259/87 260/260/87 261/261/87
f 262/262/88 263/263/88 264/264/88
f 265/265/89 266/266/89 267/267/89
f 268/268/90 269/269/90 270/270/90
f 271/271/91 272/272/91 273/273/91
f 274/274/92 275/275/92 276/276/92
f 277/277/93 278/278/93 279/279/93
f 280/280/94 281/281/94 282/282/94
f 283/283/95 284/284/95 285/285/95
f 286/286/96 287/287/96 288/288/96
f 289/289/97 290/290/97 291/291/97
f 292/292/98 293/293/98 294/294/98
f 295/295/99 296/296/99 297/297/99
f 298/298/100 299/299/100 300/300/100
f 301/301/101 302/302/101 303/303/101
f 304/304/102 305/305/102 306/306/102
f 307/307/103 308/308/103 309/309/103
f 310/310/104 311/311/104 312/312/104
f 313/313/105 314/314/105 315/315/105
f 316/316/106 317/317/106 318/318/106
f 319/319/107 320/320/107 321/321/107
f 322/322/108 323/323/108 324/324/108
f 325/325/109 326/326/109 327/327/109
f 328/328/110 329/329/110 330/330/110
f 331/331/111 332/332/111 333/333/111
f 334/334/112 335/335/112 336/336/112
f 337/337/113 338/338/113 339/339/113
f 340/340/114 341/341/114 342/342/114
f 343/343/115 344/344/115 345/345/115
f 346/346/116 347/347/116 348/348/116
f 349/349/117 350/350/117 351/351/117
f 352/352/118 353/353/118 354/354/118
f 355/355/119 356/356/119 357/357/119
f 358/358/120 359/359/120 360/360/120
f 361/361/121 362/362/121 363/363/121
f 364/364/122 365/365/122 366/366/122
f 367/367/123 368/368/123 369/369/123
f 370/370/124 371/371/124 372/372/124
f 373/373/125 374/374/125 375/375/125
f 376/376/126 377/377/126 378/378/126
f 379/379/127 380/380/127 381/381/127
f 382/382/128 383/383/128 384/384/128
f 385/385/129 386/386/129 387/387/129
f 388/388/130 389/389/130 390/390/130
f 391/391/131 392/392/131 393/393/131
f 394/394/132 395/395/132 396/396/132
f 397/397/133 398/398/133 399/399/133
f 400/400/134 401/401/134 402/402/134
f 403/403/135 404/404/135 405/405/135
f 406/406/136 407/407/136 408/408/136
f 409/409/137 410/410/137 411/411/137
f 412/412/138 413/413/138 414/414/138
f 415/415/139 416/416/139 417/417/139
f 418/418/140 419/419/140 420/420/140
f 421/421/141 422/422/141 423/423/141
f 424/424/142 425/425/142 426/426/142
f 427/427/143 428/428/143 429/429/143
f 430/430/144 431/431/144 432/432/144
f 433/433/145 434/434/145 435/435/145
f 436/436/146 437/437/146 438/438/146
f 439/439/147 440/440/147 441/441/147
f 442/442/148 443/443/148 444/444/148
f 445/445/149 446/446/149 447/447/149
f 448/448/150 449/449/150 450/450/150
f 451/451/151 452/452/151 453/453/151
f 454/454/152 455/455/152 456/456/152
f 457/457/153 458/458/153 459/459/153
f 460/460/154 461/461/154 462/462/154
f 463/463/155 464/464/155 465/465/155
f 466/466/156 467/467/156 468/468/156
f 469/469/157 470/470/157 471/471/157
f 472/472/158 473/473/158 474/474/158
f 475/475/159 476/476/159 477/477/159
f 478/478/160 479/479/160 480/480/160
f 481/481/161 482/482/161 483/483/161
f 484/484/162 485/485/162 486/486/162
f 487/487/163 488/488/163 489/489/163
f 490/490/164 491/491/164 492/492/164
f 493/493/165 494/494/165 495/495/165
f 496/496/166 497/497/166 498/498/166
f 499/499/167 500/500/167 501/501/167
f 502/502/168 503/503/168 504/504/168
f 505/505/169 506/506/169 507/507/169
f 508/508/170 509/509/170 510/510/170
f 511/511/171 512/512/171 513/513/171
f 514/514/172 515/515/172 516/516/172
f 517/517/173 518/518/173 519/519/173
f 520/520/174 521/521/174 522/522/174
f 523/523/175 524/524/175 525/525/175
f 526/526/176 527/527/176 528/528/176
f 529/529/177 530/530/177 531/531/177
f 532/532/178 533/533/178 534/534/178
f 535/535/179 536/536/179 537/537/179
f 538/538/180 539/539/180 540/540/180
f 541/541/181 542/542/181 543/543/181
f 544/544/182 545/545/182 546/546/182
f 547/547/183 548/548/183 549/549/183
f 550/550/184 551/551/184 552/552/184
f 553/553/185 554/554/185 555/555/185
f 556/556/186 557/557/186 558/558/186
f 559/559/187 560/560/187 561/561/187
f 562/562/188 563/563/188 564/564/188
f 565/565/189 566/566/189 567/567/189
f 568/568/190 569/569/190 570/570/190
f 571/571/191 572/572/191 573/573/191
f 574/574/192 575/575/192 576/576/192
f 577/577/193 578/578/193 579/579/193
f 580/580/194 581/581/194 582/582/194
f 583/583/195 584/584/195 585/585/195
f 586/586/196 587/587/196 588/588/196
f 589/589/197 590/590/197 591/591/197
f 592/592/198 593/593/198 594/594/198
f 595/595/199 596/596/199 597/597/199
f 598/598/200 599/599/200 600/600/200
f 601/601/201 602/602/201 603/603/201
f 604/604/202 605/605/202 606/606/202
f 607/607/203 608/608/203 609/609/203
f 610/610/204 611/611/204 612/612/204
f 613/613/205 614/614/205 615/615/205
f 616/616/206 617/617/206 618/618/206
f 619/619/207 620/620/207 621/621/207
f 622/622/208 623/623/208 624/624/208
f 625/625/209 626/626/209 627/627/209
f 628/628/210 629/629/210 630/630/210
f 631/631/211 632/632/211 633/633/211
f 634/634/212 635/635/212 636/636/212
f 637/637/213 638/638/213 639/639/213
f 640/640/214 641/641/214 642/642/214
f 643/643/215 644/644/215 645/645/215
f 646/646/216 647/647/216 648/648/216
f 649/649/217 650/650/217 651/651/217
f 652/652/218 653/653/218 654/654/218
f 655/655/219 656/656/219 657/657/219
f 658/658/220 659/659/220 660/660/220
f 661/661/221 662/662/221 663/663/221
f 664/664/222 665/665/222 666/666/222
f 667/667/223 668/668/223 669/669/223
f 670/670/224 671/671/224 672/672/224
f 673/673/225 674/674/225 675/675/225
f 676/676/226 677/677/226 678/678/226
f 679/679/227 680/680/227 681/681/227
f 682/682/228 683/683/228 684/684/228
f 685/685/229 686/686/229 687/687/229
f 688/688/230 689/689/230 690/690/230
f 691/691/231 692/692/231 693/693/231
f 694/694/232 695/695/232 696/696/232
f 697/697/233 698/698/233 699/699/233
f 700/700/234 701/701/234 702/702/234
f 703/703/235 704/704/235 705/705/235
f 706/706/236 707/707/236 708/708/236
f 709/709/237 710/710/237 711/711/237
f 712/712/238 713/713/238 714/714/238
f 715/715/239 716/716/239 717/717/239
f 718/718/240 719/719/240 720/720/240
f 721/721/241 722/722/241 723/723/241
f 724/724/242 725/725/242 726/726/242
f 727/727/243 728/728/243 729/729/243
f 730/730/244 731/731/244 732/732/244
f 733/733/245 734/734/245 735/735/245
f 736/736/246 737/737/246 738/738/246
f 739/739/247 740/740/247 741/741/247
f 742/742/248 743/743/248 744/744/248
f 745/745/249 746/746/249 747/747/249
f 748/748/250 749/749/250 750/750/250
f 751/751/251 752/752/251 753/753/251
f 754/754/252 755/755/252 756/756/252
f 757/757/253 758/758/253 759/759/253
f 760/760/254 761/761/254 762/762/254
f 763/763/255 764/764/255 765/765/255
f 766/766/256 767/767/256 768/768/256
f 769/769/257 770/770/257 771/771/257
f 772/772/258 773/773/258 774/774/258
f 775/775/259 776/776/259 777/777/259
f 778/778/260 779/779/260 780/780/260
f 781/781/261 782/782/261 783/783/261
f 784/784/262 785/785/262 786/786/262
f 787/787/263 788/788/263 789/789/263
f 790/790/264 791/791/264 792/792/264
f 793/793/265 794/794/265 795/795/265
f 796/796/266 797/797/266 798/798/266
f 799/799/267 800/800/267 801/801/267
f 802/802/268 803/803/268 804/804/268
f 805/805/269 806/806/269 807/807/269
f 808/808/270 809/809/270 810/810/270
f 811/811/271 812/812/271 813/813/271
f 814/814/272 815/815/272 816/816/272
f 817/817/273 818/818/273 819/819/273
f 820/820/274 821/821/274 822/822/274
f 823/823/275 824/824/275 825/825/275
f 826/826/276 827/827/276 828/828/276
f 829/829/277 830/830/277 831/831/277
f 832/832/278 833/833/278 834/834/278
f 835/835/279 836/836/279 837/837/279
f 838/838/280 839/839/280 840/840/280
f 841/841/281 842/842/281 843/843/281
f 844/844/282 845/845/282 846/846/282
f 847/847/283 848/848/283 849/849/283
f 850/850/284 851/851/284 852/852/284
f 853/853/285 854/854/285 855/855/285
f 856/856/286 857/857/286 858/858/286
f 859/859/287 860/860/287 861/861/287
f 862/862/288 863/863/288 864/864/288
f 865/865/289 866/866/289 867/867/289
f 868/868/290 869/869/290 870/870/290
f 871/871/291 872/872/291 873/873/291
f 874/874/292 875/875/292 876/876/292
f 877/877/293 878/878/293 879/879/293
f 880/880/294 881/881/294 882/882/294
f 883/883/295 884/884/295 885/885/295
f 886/886/296 887/887/296 888/888/296
f 889/889/297 890/890/297 891/891/297
f 892/892/298 893/893/298 894/894/298
f 895/895/299 896/896/299 897/897/299
f 898/898/300 899/899/300 900/900/300
f 901/901/301 902/902/301 903/903/301
f 904/904/302 905/905/302 906/906/302
f 907/907/303 908/908/303 909/909/303
f 910/910/304 911/911/304 912/912/304
f 913/913/305 914/914/305 915/915/305
f 916/916/306 917/917/306 918/918/306
f 919/919/307 920/920/307 921/921/307
f 922/922/308 923/923/308 924/924/308
f 925/925/309 926/926/309 927/927/309
f 928/928/310 929/929/310 930/930/310
f 931/931/311 932/932/311 933/933/311
f 934/934/312 935/935/312 936/936/312
f 937/937/313 938/938/313 939/939/313
f 940/940/314 941/941/314 942/942/314
f 943/943/315 944/944/315 945/945/315
f 946/946/316 947/947/316 948/948/316
f 949/949/317 950/950/317 951/951/317
f 952/952/318 953/953/318 954/954/318
f 955/955/319 956/956/319 957/957/319
f 958/958/320 959/959/320 960/960/320
f 961/961/321 962/962/321 963/963/321
f 964/964/322 965/965/322 966/966/322
f 967/967/323 968/968/323 969/969/323
f 970/970/324 971/971/324 972/972/324
f 973/973/325 974/974/325 975/975/325
f 976/976/326 977/977/326 978/978/326
f 979/979/327 980/980/327 981/981/327
f 982/982/328 983/983/328 984/984/328
f 985/985/329 986/986/329 987/987/329
f 988/988/330 989/989/330 990/990/330
f 991/991/331 992/992/331 993/993/331
f 994/994/332 995/995/332 996/996/332
f 997/997/333 998/998/333 999/999/333
f 1000/1000/334 1001/1001/334 1002/1002/334
f 1003/1003/335 1004/1004/335 1005/1005/335
f 1006/1006/336 1007/1007/336 1008/1008/336
f 1009/1009/337 1010/1010/337 1011/1011/337
f 1012/1012/338 1013/1013/338 1014/1014/338
f 1015/1015/339 1016/1016/339 1017/1017/339
f 1018/1018/340 1019/1019/340 1020/1020/340
f 1021/1021/341 1022/1022/341 1023/1023/341
f 1024/1024/342 1025/1025/342 1026/1026/342
f 1027/1027/343 1028/1028/343 1029/1029/343
f 1030/1030/344 1031/1031/344 1032/1032/344
f 1033/1033/345 1034/1034/345 1035/1035/345
f 1036/1036/346 1037/1037/346 1038/1038/346
f 1039/1039/347 1040/1040/347 1041/1041/347
f 1042/1042/348 1043/1043/348 1044/1044/348
f 1045/1045/349 1046/1046/349 1047/1047/349
f 1048/1048/350 1049/1049/350 1050/1050/350
f 1051/1051/351 1052/1052/351 1053/1053/351
f 1054/1054/352 1055/1055/352 1056/1056/352
f 1057/1057/353 1058/1058/353 1059/1059/353
f 1060/1060/354 1061/1061/354 1062/1062/354
f 1063/1063/355 1064/1064/355 1065/1065/355
f 1066/1066/356 1067/1067/356 1068/1068/356
f 1069/1069/357 1070/1070/357 1071/1071/357
f 1072/1072/358 1073/1073/358 1074/1074/358
f 1075/1075/359 1076/1076/359 1077/1077/359
f 1078/1078/360 1079/1079/360 1080/1080/360
f 1081/1081/361 1082/1082/361 1083/1083/361
f 1084/1084/362 1085/1085/362 1086/1086/362
f 1087/1087/363 1088/1088/363 1089/1089/363
f 1090/1090/364 1091/1091/364 1092/1092/364
f 1093/1093/365 1094/1094/365 1095/1095/365
f 1096/1096/366 1097/1097/366 1098/1098/366
f 1099/1099/367 1100/1100/367 1101/1101/367
f 1102/1102/368 1103/1103/368 1104/1104/368
f 1105/1105/369 1106/1106/369 1107/1107/369
f 1108/1108/370 1109/1109/370 1110/1110/370
f 1111/1111/371 1112/1112/371 1113/1113/371
f 1114/1114/372 1115/1115/372 1116/1116/372
f 1117/1117/373 1118/1118/373 1119/1119/373
f 1120/1120/374 1121/1121/374 1122/1122/374
f 1123/1123/375 1124/1124/375 1125/1125/375
f 1126/1126/376 1127/1127/376 1128/1128/376
f 1129/1129/377 1130/1130/377 1131/1131/377
f 1132/1132/378 1133/1133/378 1134/1134/378
f 1135/1135/379 1136/1136/379 1137/1137/379
f 1138/1138/380 1139/1139/380 1140/1140/380
f 1141/1141/381 1142/1142/381 1143/1143/381
f 1144/1144/382 1145/1145/382 1146/1146/382
f 1147/1147/383 1148/1148/383 1149/1149/383
f 1150/1150/384 1151/1151/384 1152/1152/384
f 1153/1153/385 1154/1154/385 1155/1155/385
f 1156/1156/386 1157/1157/386 1158/1158/386
f 1159/1159/387 1160/1160/387 1161/1161/387
f 1162/1162/388 1163/1163/388 1164/1164/388
f 1165/1165/389 1166/1166/389 1167/1167/389
f 1168/1168/390 1169/1169/390 1170/1170/390
f 1171/1171/391 1172/1172/391 1173/1173/391
f 1174/1174/392 1175/1175/392 1176/1176/392
f 1177/1177/393 1178/1178/393 1179/1179/393
f 1180/1180/394 1181/1181/394 1182/1182/394
f 1183/1183/395 1184/1184/395 1185/1185/395
f 1186/1186/396 1187/1187/396 1188/1188/396
f 1189/1189/397 1190/1190/397 1191/1191/397
f 1192/1192/398 1193/1193/398 1194/1194/398
f 1195/1195/399 1196/1196/399 1197/1197/399
f 1198/1198/400 1199/1199/400 1200/1200/400
f 1201/1201/401 1202/1202/401 1203/1203/401
f 1204/1204/402 1205/1205/402 1206/1206/402
f 1207/1207/403 1208/1208/403 1209/1209/403
f 1210/1210/404 1211/1211/404 1212/1212/404
f 1213/1213/405 1214/1214/405 1215/1215/405
f 1216/1216/406 1217/1217/406 1218/1218/406
f 1219/1219/407 1220/1220/407 1221/1221/407
f 1222/1222/408 1223/1223/408 1224/1224/408
f 1225/1225/409 1226/1226/409 1227/1227/409
f 1228/1228/410 1229/1229/410 1230/1230/410
f 1231/1231/411 1232/1232/411 1233/1233/411
f 1234/1234/412 1235/1235/412 1236/1236/412
f 1237/1237/413 1238/1238/413 1239/1239/413
f 1240/1240/414 1241/1241/414 1242/1242/414
f 1243/1243/415 1244/1244/415 1245/1245/415
f 1246/1246/416 1247/1247/416 1248/1248/416
f 1249/1249/417 1250/1250/417 1251/1251/417
f 1252/1252/418 1253/1253/418 1254/1254/418
f 1255/1255/419 1256/1256/419 1257/1257/419
f 1258/1258/420 1259/1259/420 1260/1260/420
f 1261/1261/421 1262/1262/421 1263/1263/421
f 1264/1264/422 1265/1265/422 1266/1266/422
f 1267/1267/423 1268/1268/423 1269/1269/423
f 1270/1270/424 1271/1271/424 1272/1272/424
f 1273/1273/425 1274/1274/425 1275/1275/425
f 1276/1276/426 1277/1277/426 1278/1278/426
f 1279/1279/427 1280/1280/427 1281/1281/427
f 1282/1282/428 1283/1283/428 1284/1284/428
f 1285/1285/429 1286/1286/429 1287/1287/429
f 1288/1288/430 1289/1289/430 1290/1290/430
f 1291/1291/431 1292/1292/431 1293/1293/431
f 1294/1294/432 1295/1295/432 1296/1296/432
f 1297/1297/433 1298/1298/433 1299/1299/433
f 1300/1300/434 1301/1301/434 1302/1302/434
f 1303/1303/435 1304/1304/435 1305/1305/435
f 1306/1306/436 1307/1307/436 1308/1308/436
f 1309/1309/437 1310/1310/437 1311/1311/437
f 1312/1312/438 1313/1313/438 1314/1314/438
f 1315/1315/439 1316/1316/439 1317/1317/439
f 1318/1318/440 1319/1319/440 1320/1320/440
f 1321/1321/441 1322/1322/441 1323/1323/441
f 1324/1324/442 1325/1325/442 1326/1326/442
f 1327/1327/443 1328/1328/443 1329/1329/443
f 1330/1330/444 1331/1331/444 1332/1332/444
f 1333/1333/445 1334/1334/445 1335/1335/445
f 1336/1336/446 1337/1337/446 1338/1338/446
f 1339/1339/447 1340/1340/447 1341/1341/447
f 1342/1342/448 1343/1343/448 1344/1344/448
f 1345/1345/449 1346/1346/449 1347/1347/449
f 1348/1348/450 1349/1349/450 1350/1350/450
f 1351/1351/451 1352/1352/451 1353/1353/451
f 1354/1354/452 1355/1355/452 1356/1356/452
f 1357/1357/453 1358/1358/453 1359/1359/453
f 1360/1360/454 1361/1361/454 1362/1362/454
f 1363/1363/455 1364/1364/455 1365/1365/455
f 1366/1366/456 1367/1367/456 1368/1368/456
f 1369/1369/457 1370/1370/457 1371/1371/457
f 1372/1372/458 1373/1373/458 1374/1374/458
f 1375/1375/459 1376/1376/459 1377/1377/459
f 1378/1378/460 1379/1379/460 1380/1380/460
f 1381/1381/461 1382/1382/461 1383/1383/461
f 1384/1384/462 1385/1385/462 1386/1386/462
f 1387/1387/463 1388/1388/463 1389/1389/463
f 1390/1390/464 1391/1391/464 1392/1392/464
f 1393/1393/465 1394/1394/465 1395/1395/465
f 1396/1396/466 1397/1397/466 1398/1398/466
f 1399/1399/467 1400/1400/467 1401/1401/467
f 1402/1402/468 1403/1403/468 1404/1404/468
f 1405/1405/469 1406/1406/469 1407/1407/469
f 1408/1408/470 1409/1409/470 1410/1410/470
f 1411/1411/471 1412/1412/471 1413/1413/471
f 1414/1414/472 1415/1415/472 1416/1416/472
f 1417/1417/473 1418/1418/473 1419/1419/473
f 1420/1420/474 1421/1421/474 1422/1422/474
f 1423/1423/475 1424/1424/475 1425/1425/475
f 1426/1426/476 1427/1427/476 1428/1428/476
f 1429/1429/477 1430/1430/477 1431/1431/477
f 1432/1432/478 1433/1433/478 1434/1434/478
f 1435/1435/479 1436/1436/479 1437/1437/479
f 1438/1438/480 1439/1439/480 1440/1440/480
f 1441/1441/481 1442/1442/481 1443/1443/481
f 1444/1444/482 1445/1445/482 1446/1446/482
f 1447/1447/483 1448/1448/483 1449/1449/483
f 1450/1450/484 1451/1451/484 1452/1452/484
f 1453/1453/485 1454/1454/485 1455/1455/485
f 1456/1456/486 1457/1457/486 1458/1458/486
f 1459/1459/487 1460/1460/487 1461/1461/487
f 1462/1462/488 1463/1463/488 1464/1464/488
f 1465/1465/489 1466/1466/489 1467/1467/489
f 1468/1468/490 1469/1469/490 1470/1470/490
f 1471/1471/491 1472/1472/491 1473/1473/491
f 1474/1474/492 1475/1475/492 1476/1476/492
f 1477/1477/493 1478/1478/493 1479/1479/493
f 1480/1480/494 1481/1481/494 1482/1482/494
f 1483/1483/495 1484/1484/495 1485/1485/495
f 1486/1486/496 1487/1487/496 1488/1488/496
f 1489/1489/497 1490/1490/497 1491/1491/497
f 1492/1492/498 1493/1493/498 1494/1494/498
f 1495/1495/499 1496/1496/499 1497/1497/499
f 1498/1498/500 1499/1499/500 1500/1500/500
f 1501/1501/501 1502/1502/501 1503/1503/501
f 1504/1504/502 1505/1505/502 1506/1506/502
f 1507/1507/503 1508/1508/503 1509/1509/503
f 1510/1510/504 1511/1511/504 1512/1512/504
f 1513/1513/505 1514/1514/505 1515/1515/505
f 1516/1516/506 1517/1517/506 1518/1518/506
f 1519/1519/507 1520/1520/507 1521/1521/507
f 1522/1522/508 1523/1523/508 1524/1524/508
f 1525/1525/509 1526/1526/509 1527/1527/509
f 1528/1528/510 1529/1529/510 1530/1530/510
f 1531/1531/511 1532/1532/511 1533/1533/511
f 1534/1534/512 1535/1535/512 1536/1536/512
f 1537/1537/513 1538/1538/513 1539/1539/513
f 1540/1540/514 1541/1541/514 1542/1542/514
f 1543/1543/515 1544/1544/515 1545/1545/515
f 1546/1546/516 1547/1547/516 1548/1548/516
f 1549/1549/517 1550/1550/517 1551/1551/517
f 1552/1552/518 1553/1553/518 1554/1554/518
f 1555/1555/519 1556/1556/519 1557/1557/519
f 1558/1558/520 1559/1559/520 1560/1560/520
f 1561/1561/521 1562/1562/521 1563/1563/521
f 1564/1564/522 1565/1565/522 1566/1566/522
f 1567/1567/523 1568/1568/523 1569/1569/523
f 1570/1570/524 1571/1571/524 1572/1572/524
f 1573/1573/525 1574/1574/525 1575/1575/525
f 1576/1576/526 1577/1577/526 1578/1578/526
f 1579/1579/527 1580/1580/527 1581/1581/527
f 1582/1582/528 1583/1583/528 1584/1584/528
f 1585/1585/529 1586/1586/529 1587/1587/529
f 1588/1588/530 1589/1589/530 1590/1590/530
f 1591/1591/531 1592/1592/531 1593/1593/531
f 1594/1594/532 1595/1595/532 1596/1596/532
f 1597/1597/533 1598/1598/533 1599/1599/533
f 1600/1600/534 1601/1601/534 1602/1602/534
f 1603/1603/535 1604/1604/535 1605/1605/535
f 1606/1606/536 1607/1607/536 1608/1608/536
f 1609/1609/537 1610/1610/537 1611/1611/537
f 1612/1612/538 1613/1613/538 1614/1614/538
f 1615/1615/539 1616/1616/539 1617/1617/539
f 1618/1618/540 1619/1619/540 1620/1620/540
f 1621/1621/541 1622/1622/541 1623/1623/541
f 1624/1624/542 1625/1625/542 1626/1626/542
f 1627/1627/543 1628/1628/543 1629/1629/543
f 1630/1630/544 1631/1631/544 1632/1632/544
f 1633/1633/545 1634/1634/545 1635/1635/545
f 1636/1636/546 1637/1637/546 1638/1638/546
f 1639/1639/547 1640/1640/547 1641/1641/547
f 1642/1642/548 1643/1643/548 1644/1644/548
f 1645/1645/549 1646/1646/549 1647/1647/549
f 1648/1648/550 1649/1649/550 1650/1650/550
f 1651/1651/551 1652/1652/551 1653/1653/551
f 1654/1654/552 1655/1655/552 1656/1656/552
f 1657/1657/553 1658/1658/553 1659/1659/553
f 1660/1660/554 1661/1661/554 1662/1662/554
f 1663/1663/555 1664/1664/555 1665/1665/555
f 1666/1666/556 1667/1667/556 1668/1668/556
f 1669/1669/557 1670/1670/557 1671/1671/557
f 1672/1672/558 1673/1673/558 1674/1674/558
f 1675/1675/559 1676/1676/559 1677/1677/559
f 1678/1678/560 1679/1679/560 1680/1680/560
f 1681/1681/561 1682/1682/561 1683/1683/561
f 1684/1684/562 1685/1685/562 1686/1686/562
f 1687/1687/563 1688/1688/563 1689/1689/563
f 1690/1690/564 1691/1691/564 1692/1692/564
f 1693/1693/565 1694/1694/565 1695/1695/565
f 1696/1696/566 1697/1697/566 1698/1698/566
f 1699/1699/567 1700/1700/567 1701/1701/567
f 1702/1702/568 1703/1703/568 1704/1704/568
f 1705/1705/569 1706/1706/569 1707/1707/569
f 1708/1708/570 1709/1709/570 1710/1710/570
f 1711/1711/571 1712/1712/571 1713/1713/571
f 1714/1714/572 1715/1715/572 1716/1716/572
f 1717/1717/573 1718/1718/573 1719/1719/573
f 1720/1720/574 1721/1721/574 1722/1722/574
f 1723/1723/575 1724/1724/575 1725/1725/575
f 1726/1726/576 1727/1727/576 1728/1728/576
f 1729/1729/577 1730/1730/577 1731/1731/577
f 1732/1732/578 1733/1733/578 1734/1734/578
f 1735/1735/579 1736/1736/579 1737/1737/579
f 1738/1738/580 1739/1739/580 1740/1740/580
f 1741/1741/581 1742/1742/581 1743/1743/581
f 1744/1744/582 1745/1745/582 1746/1746/582
f 1747/1747/583 1748/1748/583 1749/1749/583
f 1750/1750/584 1751/1751/584 1752/1752/584
f 1753/1753/585 1754/1754/585 1755/1755/585
f 1756/1756/586 1757/1757/586 1758/1758/586
f 1759/1759/587 1760/1760/587 1761/1761/587
f 1762/1762/588 1763/1763/588 1764/1764/588
f 1765/1765/589 1766/1766/589 1767/1767/589
f 1768/1768/590 1769/1769/590 1770/1770/590
f 1771/1771/591 1772/1772/591 1773/1773/591
f 1774/1774/592 1775/1775/592 1776/1776/592
f 1777/1777/593 1778/1778/593 1779/1779/593
f 1780/1780/594 1781/1781/594 1782/1782/594
f 1783/1783/595 1784/1784/595 1785/1785/595
f 1786/1786/596 1787/1787/596 1788/1788/596
f 1789/1789/597 1790/1790/597 1791/1791/597
f 1792/1792/598 1793/1793/598 1794/1794/598
f 1795/1795/599 1796/1796/599 1797/1797/599
f 1798/1798/600 1799/1799/600 1800/1800/600
f 1801/1801/601 1802/1802/601 1803/1803/601
f 1804/1804/602 1805/1805/602 1806/1806/602
f 1807/1807/603 1808/1808/603 1809/1809/603
f 1810/1810/604 1811/1811/604 1812/1812/604
f 1813/1813/605 1814/1814/605 1815/1815/605
f 1816/1816/606 1817/1817/606 1818/1818/606
f 1819/1819/607 1820/1820/607 1821/1821/607
f 1822/1822/608 1823/1823/608 1824/1824/608
f 1825/1825/609 1826/1826/609 1827/1827/609
f 1828/1828/610 1829/1829/610 1830/1830/610
f 1831/1831/611 1832/1832/611 1833/1833/611
f 1834/1834/612 1835/1835/612 1836/1836/612
f 1837/1837/613 1838/1838/613 1839/1839/613
f 1840/1840/614 1841/1841/614 1842/1842/614
f 1843/1843/615 1844/1844/615 1845/1845/615
f 1846/1846/616 1847/1847/616 1848/1848/616
f 1849/1849/617 1850/1850/617 1851/1851/617
f 1852/1852/618 1853/1853/618 1854/1854/618
f 1855/1855/619 1856/1856/619 1857/1857/619
f 1858/1858/620 1859/1859/620 1860/1860/620
f 1861/1861/621 1862/1862/621 1863/1863/621
f 1864/1864/622 1865/1865/622 1866/1866/622
f 1867/1867/623 1868/1868/623 1869/1869/623
f 1870/1870/624 1871/1871/624 1872/1872/624
f 1873/1873/625 1874/1874/625 1875/1875/625
f 1876/1876/626 1877/1877/626 1878/1878/626
f 1879/1879/627 1880/1880/627 1881/1881/627
f 1882/1882/628 1883/1883/628 1884/1884/628
f 1885/1885/629 1886/1886/629 1887/1887/629
f 1888/1888/630 1889/1889/630 1890/1890/630
f 1891/1891/631 1892/1892/631 1893/1893/631
f 1894/1894/632 1895/1895/632 1896/1896/632
f 1897/1897/633 1898/1898/633 1899/1899/633
f 1900/1900/634 1901/1901/634 1902/1902/634
f 1903/1903/635 1904/1904/635 1905/1905/635
f 1906/1906/636 1907/1907/636 1908/1908/636
f 1909/1909/637 1910/1910/637 1911/1911/637
f 1912/1912/638 1913/1913/638 1914/1914/638
f 1915/1915/639 1916/1916/639 1917/1917/639
f 1918/1918/640 1919/1919/640 1920/1920/640
f 1921/1921/641 1922/1922/641 1923/1923/641
f 1924/1924/642 1925/1925/642 1926/1926/642
f 1927/1927/643 1928/1928/643 1929/1929/643
f 1930/1930/644 1931/1931/644 1932/1932/644
f 1933/1933/645 1934/1934/645 1935/1935/645
f 1936/1936/646 1937/1937/646 1938/1938/646
f 1939/1939/647 1940/1940/647 1941/1941/647
f 1942/1942/648 1943/1943/648 1944/1944/648
f 1945/1945/649 1946/1946/649 1947/1947/649
f 1948/1948/650 1949/1949/650 1950/1950/650
f 1951/1951/651 1952/1952/651 1953/1953/651
f 1954/1954/652 1955/1955/652 1956/1956/652
f 1957/1957/653 1958/1958/653 1959/1959/653
f 1960/1960/654 1961/1961/654 1962/1962/654
f 1963/1963/655 1964/1964/655 1965/1965/655
f 1966/1966/656 1967/1967/656 1968/1968/656
f 1969/1969/657 1970/1970/657 1971/1971/657
f 1972/1972/658 1973/1973/658 1974/1974/658
f 1975/1975/659 1976/1976/659 1977/1977/659
f 1978/1978/660 1979/1979/660 1980/1980/660
f 1981/1981/661 1982/1982/661 1983/1983/661
f 1984/1984/662 1985/1985/662 1986/1986/662
f 1987/1987/663 1988/1988/663 1989/1989/663
f 1990/1990/664 1991/1991/664 1992/1992/664
f 1993/1993/665 1994/1994/665 1995/1995/665
f 1996/1996/666 1997/1997/666 1998/1998/666
f 1999/1999/667 2000/2000/667 2001/2001/667
f 2002/2002/668 2003/2003/668 2004/2004/668
f 2005/2005/669 2006/2006/669 2007/2007/669
f 2008/2008/670 2009/2009/670 2010/2010/670
f 2011/2011/671 2012/2012/671 2013/2013/671
f 2014/2014/672 2015/2015/672 2016/2016/672
f 2017/2017/673 2018/2018/673 2019/2019/673
f 2020/2020/674 2021/2021/674 2022/2022/674
f 2023/2023/675 2024/2024/675 2025/2025/675
f 2026/2026/676 2027/2027/676 2028/2028/676
f 2029/2029/677 2030/2030/677 2031/2031/677
f 2032/2032/678 2033/2033/678 2034/2034/678
f 2035/2035/679 2036/2036/679 2037/2037/679
f 2038/2038/680 2039/2039/680 2040/2040/680
f 2041/2041/681 2042/2042/681 2043/2043/681
f 2044/2044/682 2045/2045/682 2046/2046/682
f 2047/2047/683 2048/2048/683 2049/2049/683
f 2050/2050/684 2051/2051/684 2052/2052/684
f 2053/2053/685 2054/2054/685 2055/2055/685
f 2056/2056/686 2057/2057/686 2058/2058/686
f 2059/2059/687 2060/2060/687 2061/2061/687
f 2062/2062/688 2063/2063/688 2064/2064/688
f 2065/2065/689 2066/2066/689 2067/2067/689
f 2068/2068/690 2069/2069/690 2070/2070/690
f 2071/2071/691 2072/2072/691 2073/2073/691
f 2074/2074/692 2075/2075/692 2076/2076/692
f 2077/2077/693 2078/2078/693 2079/2079/693
f 2080/2080/694 2081/2081/694 2082/2082/694
f 2083/2083/695 2084/2084/695 2085/2085/695
f 2086/2086/696 2087/2087/696 2088/2088/696
f 2089/2089/697 2090/2090/697 2091/2091/697
f 2092/2092/698 2093/2093/698 2094/2094/698
f 2095/2095/699 2096/2096/699 2097/2097/699
f 2098/2098/700 2099/2099/700 2100/2100/700
f 2101/2101/701 2102/2102/701 2103/2103/701
f 2104/2104/702 2105/2105/702 2106/2106/702
f 2107/2107/703 2108/2108/703 2109/2109/703
f 2110/2110/704 2111/2111/704 2112/2112/704
f 2113/2113/705 2114/2114/705 2115/2115/705
f 2116/2116/706 2117/2117/706 2118/2118/706
f 2119/2119/707 2120/2120/707 2121/2121/707
f 2122/2122/708 2123/2123/708 2124/2124/708
f 2125/2125/709 2126/2126/709 2127/2127/709
f 2128/2128/710 2129/2129/710 2130/2130/710
f 2131/2131/711 2132/2132/711 2133/2133/711
f 2134/2134/712 2135/2135/712 2136/2136/712
f 2137/2137/713 2138/2138/713 2139/2139/713
f 2140/2140/714 2141/2141/714 2142/2142/714
f 2143/2143/715 2144/2144/715 2145/2145/715
f 2146/2146/716 2147/2147/716 2148/2148/716
f 2149/2149/717 2150/2150/717 2151/2151/717
f 2152/2152/718 2153/2153/718 2154/2154/718
f 2155/2155/719 2156/2156/719 2157/2157/719
f 2158/2158/720 2159/2159/720 2160/2160/720
f 2161/2161/721 2162/2162/721 2163/2163/721
f 2164/2164/722 2165/2165/722 2166/2166/722
f 2167/2167/723 2168/2168/723 2169/2169/723
f 2170/2170/724 2171/2171/724 2172/2172/724
f 2173/2173/725 2174/2174/725 2175/2175/725
f 2176/2176/726 2177/2177/726 2178/2178/726
f 2179/2179/727 2180/2180/727 2181/2181/727
f 2182/2182/728 2183/2183/728 2184/2184/728
f 2185/2185/729 2186/2186/729 2187/2187/729
f 2188/2188/730 2189/2189/730 2190/2190/730
f 2191/2191/731 2192/2192/731 2193/2193/731
f 2194/2194/732 2195/2195/732 2196/2196/732
f 2197/2197/733 2198/2198/733 2199/2199/733
f 2200/2200/734 2201/2201/734 2202/2202/734
f 2203/2203/735 2204/2204/735 2205/2205/735
f 2206/2206/736 2207/2207/736 2208/2208/736
f 2209/2209/737 2210/2210/737 2211/2211/737
f 2212/2212/738 2213/2213/738 2214/2214/738
f 2215/2215/739 2216/2216/739 2217/2217/739
f 2218/2218/740 2219/2219/740 2220/2220/740
f 2221/2221/741 2222/2222/741 2223/2223/741
f 2224/2224/742 2225/2225/742 2226/2226/742
f 2227/2227/743 2228/2228/743 2229/2229/743
f 2230/2230/744 2231/2231/744 2232/2232/744
f 2233/2233/745 2234/2234/745 2235/2235/745
f 2236/2236/746 2237/2237/746 2238/2238/746
f 2239/2239/747 2240/2240/747 2241/2241/747
f 2242/2242/748 2243/2243/748 2244/2244/748
f 2245/2245/749 2246/2246/749 2247/2247/749
f 2248/2248/750 2249/2249/750 2250/2250/750
f 2251/2251/751 2252/2252/751 2253/2253/751
f 2254/2254/752 2255/2255/752 2256/2256/752
f 2257/2257/753 2258/2258/753 2259/2259/753
f 2260/2260/754 2261/2261/754 2262/2262/754
f 2263/2263/755 2264/2264/755 2265/2265/755
f 2266/2266/756 2267/2267/756 2268/2268/756
f 2269/2269/757 2270/2270/757 2271/2271/757
f 2272/2272/758 2273/2273/758 2274/2274/758
f 2275/2275/759 2276/2276/759 2277/2277/759
f 2278/2278/760 2279/2279/760 2280/2280/760
f 2281/2281/761 2282/2282/761 2283/2283/761
f 2284/2284/762 2285/2285/762 2286/2286/762
f 2287/2287/763 2288/2288/763 2289/2289/763
f 2290/2290/764 2291/2291/764 2292/2292/764
f 2293/2293/765 2294/2294/765 2295/2295/765
f 2296/2296/766 2297/2297/766 2298/2298/766
f 2299/2299/767 2300/2300/767 2301/2301/767
f 2302/2302/768 2303/2303/768 2304/2304/768
f 2305/2305/769 2306/2306/769 2307/2307/769
f 2308/2308/770 2309/2309/770 2310/2310/770
f 2311/2311/771 2312/2312/771 2313/2313/771
f 2314/2314/772 2315/2315/772 2316/2316/772
f 2317/2317/773 2318/2318/773 2319/2319/773
f 2320/2320/774 2321/2321/774 2322/2322/774
f 2323/2323/775 2324/2324/775 2325/2325/775
f 2326/2326/776 2327/2327/776 2328/2328/776
f 2329/2329/777 2330/2330/777 2331/2331/777
f 2332/2332/778 2333/2333/778 2334/2334/778
f 2335/2335/779 2336/2336/779 2337/2337/779
f 2338/2338/780 2339/2339/780 2340/2340/780
f 2341/2341/781 2342/2342/781 2343/2343/781
f 2344/2344/782 2345/2345/782 2346/2346/782
f 2347/2347/783 2348/2348/783 2349/2349/783
f 2350/2350/784 2351/2351/784 2352/2352/784
f 2353/2353/785 2354/2354/785 2355/2355/785
f 2356/2356/786 2357/2357/786 2358/2358/786
f 2359/2359/787 2360/2360/787 2361/2361/787
f 2362/2362/788 2363/2363/788 2364/2364/788
f 2365/2365/789 2366/2366/789 2367/2367/789
f 2368/2368/790 2369/2369/790 2370/2370/790
f 2371/2371/791 2372/2372/791 2373/2373/791
f 2374/2374/792 2375/2375/792 2376/2376/792
f 2377/2377/793 2378/2378/793 2379/2379/793
f 2380/2380/794 2381/2381/794 2382/2382/794
f 2383/2383/795 2384/2384/795 2385/2385/795
f 2386/2386/796 2387/2387/796 2388/2388/796
f 2389/2389/797 2390/2390/797 2391/2391/797
f 2392/2392/798 2393/2393/798 2394/2394/798
f 2395/2395/799 2396/2396/799 2397/2397/799
f 2398/2398/800 2399/2399/800 2400/2400/800
f 2401/2401/801 2402/2402/801 2403/2403/801
f 2404/2404/802 2405/2405/802 2406/2406/802
f 2407/2407/803 2408/2408/803 2409/2409/803
f 2410/2410/804 2411/2411/804 2412/2412/804
f 2413/2413/805 2414/2414/805 2415/2415/805
f 2416/2416/806 2417/2417/806 2418/2418/806
f 2419/2419/807 2420/2420/807 2421/2421/807
f 2422/2422/808 2423/2423/808 2424/2424/808
f 2425/2425/809 2426/2426/809 2427/2427/809
f 2428/2428/810 2429/2429/810 2430/2430/810
f 2431/2431/811 2432/2432/811 2433/2433/811
f 2434/2434/812 2435/2435/812 2436/2436/812
f 2437/2437/813 2438/2438/813 2439/2439/813
f 2440/2440/814 2441/2441/814 2442/2442/814
f 2443/2443/815 2444/2444/815 2445/2445/815
f 2446/2446/816 2447/2447/816 2448/2448/816
f 2449/2449/817 2450/2450/817 2451/2451/817
f 2452/2452/818 2453/2453/818 2454/2454/818
f 2455/2455/819 2456/2456/819 2457/2457/819
f 2458/2458/820 2459/2459/820 2460/2460/820
f 2461/2461/821 2462/2462/821 2463/2463/821
f 2464/2464/822 2465/2465/822 2466/2466/822
f 2467/2467/823 2468/2468/823 2469/2469/823
f 2470/2470/824 2471/2471/824 2472/2472/824
f 2473/2473/825 2474/2474/825 2475/2475/825
f 2476/2476/826 2477/2477/826 2478/2478/826
f 2479/2479/827 2480/2480/827 2481/2481/827
f 2482/2482/828 2483/2483/828 2484/2484/828
f 2485/2485/829 2486/2486/829 2487/2487/829
f 2488/2488/830 2489/2489/830 2490/2490/830
f 2491/2491/831 2492/2492/831 2493/2493/831
f 2494/2494/832 2495/2495/832 2496/2496/832
f 2497/2497/833 2498/2498/833 2499/2499/833
f 2500/2500/834 2501/2501/834 2502/2502/834
f 2503/2503/835 2504/2504/835 2505/2505/835
f 2506/2506/836 2507/2507/836 2508/2508/836
f 2509/2509/837 2510/2510/837 2511/2511/837
f 2512/2512/838 2513/2513/838 2514/2514/838
f 2515/2515/839 2516/2516/839 2517/2517/839
f 2518/2518/840 2519/2519/840 2520/2520/840
f 2521/2521/841 2522/2522/841 2523/2523/841
f 2524/2524/842 2525/2525/842 2526/2526/842
f 2527/2527/843 2528/2528/843 2529/2529/843
f 2530/2530/844 2531/2531/844 2532/2532/844
f 2533/2533/845 2534/2534/845 2535/2535/845
f 2536/2536/846 2537/2537/846 2538/2538/846
f 2539/2539/847 2540/2540/847 2541/2541/847
f 2542/2542/848 2543/2543/848 2544/2544/848
f 2545/2545/849 2546/2546/849 2547/2547/849
f 2548/2548/850 2549/2549/850 2550/2550/850
f 2551/2551/851 2552/2552/851 2553/2553/851
f 2554/2554/852 2555/2555/852 2556/2556/852
f 2557/2557/853 2558/2558/853 2559/2559/853
f 2560/2560/854 2561/2561/854 2562/2562/854
f 2563/2563/855 2564/2564/855 2565/2565/855
f 2566/2566/856 2567/2567/856 2568/2568/856
f 2569/2569/857 2570/2570/857 2571/2571/857
f 2572/2572/858 2573/2573/858 2574/2574/858
f 2575/2575/859 2576/2576/859 2577/2577/859
f 2578/2578/860 2579/2579/860 2580/2580/860
f 2581/2581/861 2582/2582/861 2583/2583/861
f 2584/2584/862 2585/2585/862 2586/2586/862
f 2587/2587/863 2588/2588/863 2589/2589/863
f 2590/2590/864 2591/2591/864 2592/2592/864
f 2593/2593/865 2594/2594/865 2595/2595/865
f 2596/2596/866 2597/2597/866 2598/2598/866
f 2599/2599/867 2600/2600/867 2601/2601/867
f 2602/2602/868 2603/2603/868 2604/2604/868
f 2605/2605/869 2606/2606/869 2607/2607/869
f 2608/2608/870 2609/2609/870 2610/2610/870
f 2611/2611/871 2612/2612/871 2613/2613/871
f 2614/2614/872 2615/2615/872 2616/2616/872
f 2617/2617/873 2618/2618/873 2619/2619/873
f 2620/2620/874 2621/2621/874 2622/2622/874
f 2623/2623/875 2624/2624/875 2625/2625/875
f 2626/2626/876 2627/2627/876 2628/2628/876
f 2629/2629/877 2630/2630/877 2631/2631/877
f 2632/2632/878 2633/2633/878 2634/2634/878
f 2635/2635/879 2636/2636/879 2637/2637/879
f 2638/2638/880 2639/2639/880 2640/2640/880
f 2641/2641/881 2642/2642/881 2643/2643/881
f 2644/2644/882 2645/2645/882 2646/2646/882
f 2647/2647/883 2648/2648/883 2649/2649/883
f 2650/2650/884 2651/2651/884 2652/2652/884
f 2653/2653/885 2654/2654/885 2655/2655/885
f 2656/2656/886 2657/2657/886 2658/2658/886
f 2659/2659/887 2660/2660/887 2661/2661/887
f 2662/2662/888 2663/2663/888 2664/2664/888
f 2665/2665/889 2666/2666/889 2667/2667/889
f 2668/2668/890 2669/2669/890 2670/2670/890
f 2671/2671/891 2672/2672/891 2673/2673/891
f 2674/2674/892 2675/2675/892 2676/2676/892
f 2677/2677/893 2678/2678/893 2679/2679/893
f 2680/2680/894 2681/2681/894 2682/2682/894
f 2683/2683/895 2684/2684/895 2685/2685/895
f 2686/2686/896 2687/2687/896 2688/2688/896
f 2689/2689/897 2690/2690/897 2691/2691/897
f 2692/2692/898 2693/2693/898 2694/2694/898
f 2695/2695/899 2696/2696/899 2697/2697/899
f 2698/2698/900 2699/2699/900 2700/2700/900
f 2701/2701/901 2702/2702/901 2703/2703/901
f 2704/2704/902 2705/2705/902 2706/2706/902
f 2707/2707/903 2708/2708/903 2709/2709/903
f 2710/2710/904 2711/2711/904 2712/2712/904
f 2713/2713/905 2714/2714/905 2715/2715/905
f 2716/2716/906 2717/2717/906 2718/2718/906
f 2719/2719/907 2720/2720/907 2721/2721/907
f 2722/2722/908 2723/2723/908 2724/2724/908
f 2725/2725/909 2726/2726/909 2727/2727/909
f 2728/2728/910 2729/2729/910 2730/2730/910
f 2731/2731/911 2732/2732/911 2733/2733/911
f 2734/2734/912 2735/2735/912 2736/2736/912
f 2737/2737/913 2738/2738/913 2739/2739/913
f 2740/2740/914 2741/2741/914 2742/2742/914
f 2743/2743/915 2744/2744/915 2745/2745/915
f 2746/2746/916 2747/2747/916 2748/2748/916
f 2749/2749/917 2750/2750/917 2751/2751/917
f 2752/2752/918 2753/2753/918 2754/2754/918
f 2755/2755/919 2756/2756/919 2757/2757/919
f 2758/2758/920 2759/2759/920 2760/2760/920
f 2761/2761/921 2762/2762/921 2763/2763/921
f 2764/2764/922 2765/2765/922 2766/2766/922
f 2767/2767/923 2768/2768/923 2769/2769/923
f 2770/2770/924 2771/2771/924 2772/2772/924
f 2773/2773/925 2774/2774/925 2775/2775/925
f 2776/2776/926 2777/2777/926 2778/2778/926
f 2779/2779/927 2780/2780/927 2781/2781/927
f 2782/2782/928 2783/2783/928 2784/2784/928
f 2785/2785/929 2786/2786/929 2787/2787/929
f 2788/2788/930 2789/2789/930 2790/2790/930
f 2791/2791/931 2792/2792/931 2793/2793/931
f 2794/2794/932 2795/2795/932 2796/2796/932
f 2797/2797/933 2798/2798/933 2799/2799/933
f 2800/2800/934 2801/2801/934 2802/2802/934
f 2803/2803/935 2804/2804/935 2805/2805/935
f 2806/2806/936 2807/2807/936 2808/2808/936