v -27.35086 14.91793 9.64560
v -28.11943 16.86236 8.47834
v -28.28097 14.91793 9.86654
v -28.28097 14.91793 9.86654
v -28.11943 16.86236 8.47834
v -29.13549 14.91793 9.43793
v -29.13549 14.91793 9.43793
v -28.11943 16.86236 8.47834
v -29.51458 14.91793 8.56031
v -29.51458 14.91793 8.56031
v -28.11943 16.86236 8.47834
v -29.24087 14.91793 7.64435
v -29.24087 14.91793 7.64435
v -28.11943 16.86236 8.47834
v -28.44242 14.91793 7.11862
v -28.44242 14.91793 7.11862
v -28.11943 16.86236 8.47834
v -27.49284 14.91793 7.22912
v -27.49284 14.91793 7.22912
v -28.11943 16.86236 8.47834
v -26.83645 14.91793 7.92415
v -26.83645 14.91793 7.92415
v -28.11943 16.86236 8.47834
v -26.78037 14.91793 8.87849
v -26.78037 14.91793 8.87849
v -28.11943 16.86236 8.47834
v -27.35086 14.91793 9.64560
v -27.36573 15.42682 9.44133
v -28.11943 17.37126 8.47834
v -28.16105 15.42682 9.70050
v -28.16105 15.42682 9.70050
v -28.11943 17.37126 8.47834
v -28.93690 15.42682 9.38781
v -28.93690 15.42682 9.38781
v -28.11943 17.37126 8.47834
v -29.33025 15.42682 8.64958
v -29.33025 15.42682 8.64958
v -28.11943 17.37126 8.47834
v -29.15703 15.42682 7.83122
v -29.15703 15.42682 7.83122
v -28.11943 17.37126 8.47834
v -28.49831 15.42682 7.31565
v -28.49831 15.42682 7.31565
v -28.11943 17.37126 8.47834
v -27.66231 15.42682 7.34413
v -27.66231 15.42682 7.34413
v -28.11943 17.37126 8.47834
v -27.04020 15.42682 7.90331
v -27.04020 15.42682 7.90331
v -28.11943 17.37126 8.47834
v -26.92307 15.42682 8.73156
v -26.92307 15.42682 8.73156
v -28.11943 17.37126 8.47834
v -27.36573 15.42682 9.44133
v -27.07395 15.93572 8.55350
v -28.11943 17.88015 8.47834
v -27.36686 15.93572 9.20793
v -27.36686 15.93572 9.20793
v -28.11943 17.88015 8.47834
v -28.01189 15.93572 9.52098
v -28.01189 15.93572 9.52098
v -28.11943 17.88015 8.47834
v -28.70725 15.93572 9.34617
v -28.70725 15.93572 9.34617
v -28.11943 17.88015 8.47834
v -29.12756 15.93572 8.76530
v -29.12756 15.93572 8.76530
v -28.11943 17.88015 8.47834
v -29.07615 15.93572 8.05015
v -29.07615 15.93572 8.05015
v -28.11943 17.88015 8.47834
v -28.57708 15.93572 7.53536
v -28.57708 15.93572 7.53536
v -28.11943 17.88015 8.47834
v -27.86387 15.93572 7.46180
v -27.86387 15.93572 7.46180
v -28.11943 17.88015 8.47834
v -27.27024 15.93572 7.86390
v -27.27024 15.93572 7.86390
v -28.11943 17.88015 8.47834
v -27.07395 15.93572 8.55350
v -27.24859 16.44461 8.54618
v -28.11943 18.38905 8.47834
v -27.49593 16.44461 9.09008
v -27.49593 16.44461 9.09008
v -28.11943 18.38905 8.47834
v -28.03502 16.44461 9.34773
v -28.03502 16.44461 9.34773
v -28.11943 18.38905 8.47834
v -28.61360 16.44461 9.19859
v -28.61360 16.44461 9.19859
v -28.11943 18.38905 8.47834
v -28.96095 16.44461 8.71244
v -28.96095 16.44461 8.71244
v -28.11943 18.38905 8.47834
v -28.91454 16.44461 8.11675
v -28.91454 16.44461 8.11675
v -28.11943 18.38905 8.47834
v -28.49609 16.44461 7.69026
v -28.49609 16.44461 7.69026
v -28.11943 18.38905 8.47834
v -27.90140 16.44461 7.63252
v -27.90140 16.44461 7.63252
v -28.11943 18.38905 8.47834
v -27.40872 16.44461 7.97055
v -27.40872 16.44461 7.97055
v -28.11943 18.38905 8.47834
v -27.24859 16.44461 8.54618
v -27.44540 16.95351 8.66267
v -28.11943 18.89794 8.47834
v -27.72157 16.95351 9.05280
v -27.72157 16.95351 9.05280
v -28.11943 18.89794 8.47834
v -28.18391 16.95351 9.17414
v -28.18391 16.95351 9.17414
v -28.11943 18.89794 8.47834
v -28.61607 16.95351 8.96991
v -28.61607 16.95351 8.96991
v -28.11943 18.89794 8.47834
v -28.81585 16.95351 8.53567
v -28.81585 16.95351 8.53567
v -28.11943 18.89794 8.47834
v -28.68977 16.95351 8.07460
v -28.68977 16.95351 8.07460
v -28.11943 18.89794 8.47834
v -28.29682 16.95351 7.80245
v -28.29682 16.95351 7.80245
v -28.11943 18.89794 8.47834
v -27.82086 16.95351 7.84656
v -27.82086 16.95351 7.84656
v -28.11943 18.89794 8.47834
v -27.48461 16.95351 8.18628
v -27.48461 16.95351 8.18628
v -28.11943 18.89794 8.47834
v -27.44540 16.95351 8.66267
v -27.81794 17.46240 8.90703
v -28.11943 19.40683 8.47834
v -28.16403 17.46240 9.00053
v -28.16403 17.46240 9.00053
v -28.11943 19.40683 8.47834
v -28.48925 17.46240 8.84969
v -28.48925 17.46240 8.84969
v -28.11943 19.40683 8.47834
v -28.64142 17.46240 8.52510
v -28.64142 17.46240 8.52510
v -28.11943 19.40683 8.47834
v -28.54935 17.46240 8.17862
v -28.54935 17.46240 8.17862
v -28.11943 19.40683 8.47834
v -28.25611 17.46240 7.97240
v -28.25611 17.46240 7.97240
v -28.11943 19.40683 8.47834
v -27.89892 17.46240 8.00291
v -27.89892 17.46240 8.00291
v -28.11943 19.40683 8.47834
v -27.64490 17.46240 8.25588
v -27.64490 17.46240 8.25588
v -28.11943 19.40683 8.47834
v -27.61292 17.46240 8.61295
v -27.61292 17.46240 8.61295
v -28.11943 19.40683 8.47834
v -27.81794 17.46240 8.90703
v -27.84824 17.97130 8.69864
v -28.11943 19.91573 8.47834
v -28.05328 17.97130 8.82142
v -28.05328 17.97130 8.82142
v -28.11943 19.91573 8.47834
v -28.28928 17.97130 8.78367
v -28.28928 17.97130 8.78367
v -28.11943 19.91573 8.47834
v -28.44580 17.97130 8.60306
v -28.44580 17.97130 8.60306
v -28.11943 19.91573 8.47834
v -28.44961 17.97130 8.36409
v -28.44961 17.97130 8.36409
v -28.11943 19.91573 8.47834
v -28.29892 17.97130 8.17858
v -28.29892 17.97130 8.17858
v -28.11943 19.91573 8.47834
v -28.06424 17.97130 8.13334
v -28.06424 17.97130 8.13334
v -28.11943 19.91573 8.47834
v -27.85539 17.97130 8.24953
v -27.85539 17.97130 8.24953
v -28.11943 19.91573 8.47834
v -27.77008 17.97130 8.47278
v -27.77008 17.97130 8.47278
v -28.11943 19.91573 8.47834
v -27.84824 17.97130 8.69864
v -28.02385 18.48019 8.62457
v -28.11943 20.42462 8.47834
v -28.14020 18.48019 8.65180
v -28.14020 18.48019 8.65180
v -28.11943 20.42462 8.47834
v -28.24684 18.48019 8.59787
v -28.24684 18.48019 8.59787
v -28.11943 20.42462 8.47834
v -28.29386 18.48019 8.48801
v -28.29386 18.48019 8.48801
v -28.11943 20.42462 8.47834
v -28.25926 18.48019 8.37362
v -28.25926 18.48019 8.37362
v -28.11943 20.42462 8.47834
v -28.15923 18.48019 8.30824
v -28.15923 18.48019 8.30824
v -28.11943 20.42462 8.47834
v -28.04058 18.48019 8.32245
v -28.04058 18.48019 8.32245
v -28.11943 20.42462 8.47834
v -27.95882 18.48019 8.40961
v -27.95882 18.48019 8.40961
v -28.11943 20.42462 8.47834
v -27.95221 18.48019 8.52892
v -27.95221 18.48019 8.52892
v -28.11943 20.42462 8.47834
v -28.02385 18.48019 8.62457
v 17.05335 22.25433 32.98655
v 15.90849 24.89163 31.47578
v 15.81440 22.25433 33.36900
v 15.81440 22.25433 33.36900
v 15.90849 24.89163 31.47578
v 14.61948 22.25433 32.86559
v 14.61948 22.25433 32.86559
v 15.90849 24.89163 31.47578
v 14.02770 22.25433 31.71187
v 14.02770 22.25433 31.71187
v 15.90849 24.89163 31.47578
v 14.31596 22.25433 30.44768
v 14.31596 22.25433 30.44768
v 15.90849 24.89163 31.47578
v 15.34939 22.25433 29.66456
v 15.34939 22.25433 29.66456
v 15.90849 24.89163 31.47578
v 16.64443 22.25433 29.72892
v 16.64443 22.25433 29.72892
v 15.90849 24.89163 31.47578
v 17.59511 22.25433 30.61065
v 17.59511 22.25433 30.61065
v 15.90849 24.89163 31.47578
v 17.75661 22.25433 31.89719
v 17.75661 22.25433 31.89719
v 15.90849 24.89163 31.47578
v 17.05335 22.25433 32.98655
v 17.56067 22.94456 31.62164
v 15.90849 25.58186 31.47578
v 17.08038 22.94456 32.64952
v 17.08038 22.94456 32.64952
v 15.90849 25.58186 31.47578
v 16.05174 22.94456 33.12819
v 16.05174 22.94456 33.12819
v 15.90849 25.58186 31.47578
v 14.95608 22.94456 32.83368
v 14.95608 22.94456 32.83368
v 15.90849 25.58186 31.47578
v 14.30606 22.94456 31.90379
v 14.30606 22.94456 31.90379
v 15.90849 25.58186 31.47578
v 14.40584 22.94456 30.77363
v 14.40584 22.94456 30.77363
v 15.90849 25.58186 31.47578
v 15.20872 22.94456 29.97201
v 15.20872 22.94456 29.97201
v 15.90849 25.58186 31.47578
v 16.33904 22.94456 29.87402
v 16.33904 22.94456 29.87402
v 15.90849 25.58186 31.47578
v 17.26790 22.94456 30.52552
v 17.26790 22.94456 30.52552
v 15.90849 25.58186 31.47578
v 17.56067 22.94456 31.62164
v 16.91976 23.63479 32.47501
v 15.90849 26.27208 31.47578
v 16.04088 23.63479 32.89127
v 16.04088 23.63479 32.89127
v 15.90849 26.27208 31.47578
v 15.10005 23.63479 32.64520
v 15.10005 23.63479 32.64520
v 15.90849 26.27208 31.47578
v 14.53750 23.63479 31.85195
v 14.53750 23.63479 31.85195
v 15.90849 26.27208 31.47578
v 14.61645 23.63479 30.88269
v 14.61645 23.63479 30.88269
v 15.90849 26.27208 31.47578
v 15.29996 23.63479 30.19093
v 15.29996 23.63479 30.19093
v 15.90849 26.27208 31.47578
v 16.26821 23.63479 30.10038
v 16.26821 23.63479 30.10038
v 15.90849 26.27208 31.47578
v 17.06815 23.63479 30.65338
v 17.06815 23.63479 30.65338
v 15.90849 26.27208 31.47578
v 17.32546 23.63479 31.59120
v 17.32546 23.63479 31.59120
v 15.90849 26.27208 31.47578
v 16.91976 23.63479 32.47501
v 16.69847 24.32502 32.35867
v 15.90849 26.96231 31.47578
v 15.94614 24.32502 32.65990
v 15.94614 24.32502 32.65990
v 15.90849 26.96231 31.47578
v 15.17620 24.32502 32.40707
v 15.17620 24.32502 32.40707
v 15.90849 26.96231 31.47578
v 14.74890 24.32502 31.71848
v 14.74890 24.32502 31.71848
v 15.90849 26.96231 31.47578
v 14.86419 24.32502 30.91633
v 14.86419 24.32502 30.91633
v 15.90849 26.96231 31.47578
v 15.46812 24.32502 30.37594
v 15.46812 24.32502 30.37594
v 15.90849 26.96231 31.47578
v 16.27810 24.32502 30.35019
v 16.27810 24.32502 30.35019
v 15.90849 26.96231 31.47578
v 16.91515 24.32502 30.85111
v 16.91515 24.32502 30.85111
v 15.90849 26.96231 31.47578
v 17.08116 24.32502 31.64432
v 17.08116 24.32502 31.64432
v 15.90849 26.96231 31.47578
v 16.69847 24.32502 32.35867
v 16.49184 25.01525 32.22276
v 15.90849 27.65254 31.47578
v 15.87521 25.01525 32.42297
v 15.87521 25.01525 32.42297
v 15.90849 27.65254 31.47578
v 15.27415 25.01525 32.17998
v 15.27415 25.01525 32.17998
v 15.90849 27.65254 31.47578
v 14.96991 25.01525 31.60748
v 14.96991 25.01525 31.60748
v 15.90849 27.65254 31.47578
v 15.10484 25.01525 30.97336
v 15.10484 25.01525 30.97336
v 15.90849 27.65254 31.47578
v 15.61581 25.01525 30.57433
v 15.61581 25.01525 30.57433
v 15.90849 27.65254 31.47578
v 16.26373 25.01525 30.59709
v 16.26373 25.01525 30.59709
v 15.90849 27.65254 31.47578
v 16.74543 25.01525 31.03101
v 16.74543 25.01525 31.03101
v 15.90849 27.65254 31.47578
v 16.83551 25.01525 31.67303
v 16.83551 25.01525 31.67303
v 15.90849 27.65254 31.47578
v 16.49184 25.01525 32.22276
v 16.37434 25.70548 32.01268
v 15.90849 28.34277 31.47578
v 15.92024 25.70548 32.18651
v 15.92024 25.70548 32.18651
v 15.90849 28.34277 31.47578
v 15.46064 25.70548 32.02778
v 15.46064 25.70548 32.02778
v 15.90849 28.34277 31.47578
v 15.21059 25.70548 31.61077
v 15.21059 25.70548 31.61077
v 15.90849 28.34277 31.47578
v 15.28710 25.70548 31.13058
v 15.28710 25.70548 31.13058
v 15.90849 28.34277 31.47578
v 15.65437 25.70548 30.81192
v 15.65437 25.70548 30.81192
v 15.90849 28.34277 31.47578
v 16.14054 25.70548 30.80389
v 16.14054 25.70548 30.80389
v 15.90849 28.34277 31.47578
v 16.51813 25.70548 31.11024
v 16.51813 25.70548 31.11024
v 15.90849 28.34277 31.47578
v 16.61047 25.70548 31.58763
v 16.61047 25.70548 31.58763
v 15.90849 28.34277 31.47578
v 16.37434 25.70548 32.01268
v 16.38221 26.39571 31.48839
v 15.90849 29.03300 31.47578
v 16.26328 26.39571 31.78994
v 16.26328 26.39571 31.78994
v 15.90849 29.03300 31.47578
v 15.97833 26.39571 31.94449
v 15.97833 26.39571 31.94449
v 15.90849 29.03300 31.47578
v 15.66071 26.39571 31.87973
v 15.66071 26.39571 31.87973
v 15.90849 29.03300 31.47578
v 15.45903 26.39571 31.62595
v 15.45903 26.39571 31.62595
v 15.90849 29.03300 31.47578
v 15.46765 26.39571 31.30191
v 15.46765 26.39571 31.30191
v 15.90849 29.03300 31.47578
v 15.68255 26.39571 31.05922
v 15.68255 26.39571 31.05922
v 15.90849 29.03300 31.47578
v 16.00317 26.39571 31.01144
v 16.00317 26.39571 31.01144
v 15.90849 29.03300 31.47578
v 16.27949 26.39571 31.18094
v 16.27949 26.39571 31.18094
v 15.90849 29.03300 31.47578
v 16.38221 26.39571 31.48839
v 16.14355 27.08594 31.50562
v 15.90849 29.72323 31.47578
v 16.06938 27.08594 31.64973
v 16.06938 27.08594 31.64973
v 15.90849 29.72323 31.47578
v 15.91992 27.08594 31.71245
v 15.91992 27.08594 31.71245
v 15.90849 29.72323 31.47578
v 15.76512 27.08594 31.66443
v 15.76512 27.08594 31.66443
v 15.90849 29.72323 31.47578
v 15.67740 27.08594 31.52813
v 15.67740 27.08594 31.52813
v 15.90849 29.72323 31.47578
v 15.69781 27.08594 31.36735
v 15.69781 27.08594 31.36735
v 15.90849 29.72323 31.47578
v 15.81680 27.08594 31.25729
v 15.81680 27.08594 31.25729
v 15.90849 29.72323 31.47578
v 15.97869 27.08594 31.24947
v 15.97869 27.08594 31.24947
v 15.90849 29.72323 31.47578
v 16.10774 27.08594 31.34754
v 16.10774 27.08594 31.34754
v 15.90849 29.72323 31.47578
v 16.14355 27.08594 31.50562
v 31.11311 25.34139 31.64731
v 29.70102 27.50464 30.99653
v 30.36443 25.34139 32.40273
v 30.36443 25.34139 32.40273
v 29.70102 27.50464 30.99653
v 29.30533 25.34139 32.50017
v 29.30533 25.34139 32.50017
v 29.70102 27.50464 30.99653
v 28.43138 25.34139 31.89404
v 28.43138 25.34139 31.89404
v 29.70102 27.50464 30.99653
v 28.15151 25.34139 30.86796
v 28.15151 25.34139 30.86796
v 29.70102 27.50464 30.99653
v 28.59667 25.34139 29.90203
v 28.59667 25.34139 29.90203
v 29.70102 27.50464 30.99653
v 29.55857 25.34139 29.44823
v 29.55857 25.34139 29.44823
v 29.70102 27.50464 30.99653
v 30.58712 25.34139 29.71890
v 30.58712 25.34139 29.71890
v 29.70102 27.50464 30.99653
v 31.20106 25.34139 30.58738
v 31.20106 25.34139 30.58738
v 29.70102 27.50464 30.99653
v 31.11311 25.34139 31.64731
v 30.48652 25.90755 32.10734
v 29.70102 28.07080 30.99653
v 29.58873 25.90755 32.35236
v 29.58873 25.90755 32.35236
v 29.70102 28.07080 30.99653
v 28.74349 25.90755 31.96298
v 28.74349 25.90755 31.96298
v 29.70102 28.07080 30.99653
v 28.34628 25.90755 31.12138
v 28.34628 25.90755 31.12138
v 29.70102 28.07080 30.99653
v 28.58298 25.90755 30.22136
v 28.58298 25.90755 30.22136
v 29.70102 28.07080 30.99653
v 29.34281 25.90755 29.68405
v 29.34281 25.90755 29.68405
v 29.70102 28.07080 30.99653
v 30.27026 25.90755 29.76086
v 30.27026 25.90755 29.76086
v 29.70102 28.07080 30.99653
v 30.93136 25.90755 30.41585
v 30.93136 25.90755 30.41585
v 29.70102 28.07080 30.99653
v 31.01676 25.90755 31.34255
v 31.01676 25.90755 31.34255
v 29.70102 28.07080 30.99653
v 30.48652 25.90755 32.10734
v 30.53066 26.47372 31.81601
v 29.70102 28.63697 30.99653
v 29.80981 26.47372 32.15757
v 29.80981 26.47372 32.15757
v 29.70102 28.63697 30.99653
v 29.03805 26.47372 31.95586
v 29.03805 26.47372 31.95586
v 29.70102 28.63697 30.99653
v 28.57651 26.47372 31.30527
v 28.57651 26.47372 31.30527
v 29.70102 28.63697 30.99653
v 28.64114 26.47372 30.51022
v 28.64114 26.47372 30.51022
v 29.70102 28.63697 30.99653
v 29.20170 26.47372 29.94271
v 29.20170 26.47372 29.94271
v 29.70102 28.63697 30.99653
v 29.99590 26.47372 29.86830
v 29.99590 26.47372 29.86830
v 29.70102 28.63697 30.99653
v 30.65212 26.47372 30.32179
v 30.65212 26.47372 30.32179
v 29.70102 28.63697 30.99653
v 30.86331 26.47372 31.09100
v 30.86331 26.47372 31.09100
v 29.70102 28.63697 30.99653
v 30.53066 26.47372 31.81601
v 30.62334 27.03988 31.30257
v 29.70102 29.20313 30.99653
v 30.21084 27.03988 31.82383
v 30.21084 27.03988 31.82383
v 29.70102 29.20313 30.99653
v 29.55978 27.03988 31.95798
v 29.55978 27.03988 31.95798
v 29.70102 29.20313 30.99653
v 28.97481 27.03988 31.64225
v 28.97481 27.03988 31.64225
v 29.70102 29.20313 30.99653
v 28.72965 27.03988 31.02439
v 28.72965 27.03988 31.02439
v 29.70102 29.20313 30.99653
v 28.93900 27.03988 30.39348
v 28.93900 27.03988 30.39348
v 29.70102 29.20313 30.99653
v 29.50491 27.03988 30.04475
v 29.50491 27.03988 30.04475
v 29.70102 29.20313 30.99653
v 30.16258 27.03988 30.14136
v 30.16258 27.03988 30.14136
v 29.70102 29.20313 30.99653
v 30.60428 27.03988 30.63812
v 30.60428 27.03988 30.63812
v 29.70102 29.20313 30.99653
v 30.62334 27.03988 31.30257
v 30.45355 27.60604 31.19165
v 29.70102 29.76929 30.99653
v 30.15207 27.60604 31.62972
v 30.15207 27.60604 31.62972
v 29.70102 29.76929 30.99653
v 29.63953 27.60604 31.77151
v 29.63953 27.60604 31.77151
v 29.70102 29.76929 30.99653
v 29.15577 27.60604 31.55067
v 29.15577 27.60604 31.55067
v 29.70102 29.76929 30.99653
v 28.92714 27.60604 31.07055
v 28.92714 27.60604 31.07055
v 29.70102 29.76929 30.99653
v 29.06061 27.60604 30.55579
v 29.06061 27.60604 30.55579
v 29.70102 29.76929 30.99653
v 29.49374 27.60604 30.24725
v 29.49374 27.60604 30.24725
v 29.70102 29.76929 30.99653
v 30.02386 27.60604 30.28931
v 30.02386 27.60604 30.28931
v 29.70102 29.76929 30.99653
v 30.40292 27.60604 30.66228
v 30.40292 27.60604 30.66228
v 29.70102 29.76929 30.99653
v 30.45355 27.60604 31.19165
v 30.02417 28.17220 31.48185
v 29.70102 30.33545 30.99653
v 29.63661 28.17220 31.57602
v 29.63661 28.17220 31.57602
v 29.70102 30.33545 30.99653
v 29.27919 28.17220 31.39904
v 29.27919 28.17220 31.39904
v 29.70102 30.33545 30.99653
v 29.11915 28.17220 31.03372
v 29.11915 28.17220 31.03372
v 29.70102 30.33545 30.99653
v 29.23137 28.17220 30.65099
v 29.23137 28.17220 30.65099
v 29.70102 30.33545 30.99653
v 29.56335 28.17220 30.42995
v 29.56335 28.17220 30.42995
v 29.70102 30.33545 30.99653
v 29.95975 28.17220 30.47401
v 29.95975 28.17220 30.47401
v 29.70102 30.33545 30.99653
v 30.23509 28.17220 30.76256
v 30.23509 28.17220 30.76256
v 29.70102 30.33545 30.99653
v 30.26053 28.17220 31.16059
v 30.26053 28.17220 31.16059
v 29.70102 30.33545 30.99653
v 30.02417 28.17220 31.48185
v 30.05279 28.73837 31.16191
v 29.70102 30.90162 30.99653
v 29.86419 28.73837 31.34933
v 29.86419 28.73837 31.34933
v 29.70102 30.90162 30.99653
v 29.59924 28.73837 31.37167
v 29.59924 28.73837 31.37167
v 29.70102 30.90162 30.99653
v 29.38191 28.73837 31.21848
v 29.38191 28.73837 31.21848
v 29.70102 30.90162 30.99653
v 29.31390 28.73837 30.96143
v 29.31390 28.73837 30.96143
v 29.70102 30.90162 30.99653
v 29.42703 28.73837 30.72081
v 29.42703 28.73837 30.72081
v 29.70102 30.90162 30.99653
v 29.66836 28.73837 30.60919
v 29.66836 28.73837 30.60919
v 29.70102 30.90162 30.99653
v 29.92497 28.73837 30.67882
v 29.92497 28.73837 30.67882
v 29.70102 30.90162 30.99653
v 30.07680 28.73837 30.89710
v 30.07680 28.73837 30.89710
v 29.70102 30.90162 30.99653
v 30.05279 28.73837 31.16191
v 29.89486 29.30453 31.01063
v 29.70102 31.46778 30.99653
v 29.84045 29.30453 31.13193
v 29.84045 29.30453 31.13193
v 29.70102 31.46778 30.99653
v 29.72079 29.30453 31.18987
v 29.72079 29.30453 31.18987
v 29.70102 31.46778 30.99653
v 29.59189 29.30453 31.15735
v 29.59189 29.30453 31.15735
v 29.70102 31.46778 30.99653
v 29.51405 29.30453 31.04957
v 29.51405 29.30453 31.04957
v 29.70102 31.46778 30.99653
v 29.52369 29.30453 30.91698
v 29.52369 29.30453 30.91698
v 29.70102 31.46778 30.99653
v 29.61631 29.30453 30.82160
v 29.61631 29.30453 30.82160
v 29.70102 31.46778 30.99653
v 29.74857 29.30453 30.80808
v 29.74857 29.30453 30.80808
v 29.70102 31.46778 30.99653
v 29.85858 29.30453 30.88273
v 29.85858 29.30453 30.88273
v 29.70102 31.46778 30.99653
v 29.89486 29.30453 31.01063
v 18.88112 20.20296 24.79885
v 17.42081 22.68610 23.77276
v 17.87992 20.20296 25.49746
v 17.87992 20.20296 25.49746
v 17.42081 22.68610 23.77276
v 16.66389 20.20296 25.38906
v 16.66389 20.20296 25.38906
v 17.42081 22.68610 23.77276
v 15.80204 20.20296 24.52438
v 15.80204 20.20296 24.52438
v 17.42081 22.68610 23.77276
v 15.69763 20.20296 23.30801
v 15.69763 20.20296 23.30801
v 17.42081 22.68610 23.77276
v 16.39952 20.20296 22.30910
v 16.39952 20.20296 22.30910
v 17.42081 22.68610 23.77276
v 17.57928 20.20296 21.99505
v 17.57928 20.20296 21.99505
v 17.42081 22.68610 23.77276
v 18.68489 20.20296 22.51282
v 18.68489 20.20296 22.51282
v 17.42081 22.68610 23.77276
v 19.19903 20.20296 23.62012
v 19.19903 20.20296 23.62012
v 17.42081 22.68610 23.77276
v 18.88112 20.20296 24.79885
v 18.71846 20.85285 24.64162
v 17.42081 23.33599 23.77276
v 17.85638 20.85285 25.27245
v 17.85638 20.85285 25.27245
v 17.42081 23.33599 23.77276
v 16.79049 20.85285 25.20156
v 16.79049 20.85285 25.20156
v 17.42081 23.33599 23.77276
v 16.01954 20.85285 24.46212
v 16.01954 20.85285 24.46212
v 17.42081 23.33599 23.77276
v 15.90426 20.85285 23.40012
v 15.90426 20.85285 23.40012
v 17.42081 23.33599 23.77276
v 16.49859 20.85285 22.51248
v 16.49859 20.85285 22.51248
v 17.42081 23.33599 23.77276
v 17.52444 20.85285 22.21454
v 17.52444 20.85285 22.21454
v 17.42081 23.33599 23.77276
v 18.50180 20.85285 22.64571
v 18.50180 20.85285 22.64571
v 17.42081 23.33599 23.77276
v 18.97336 20.85285 23.60423
v 18.97336 20.85285 23.60423
v 17.42081 23.33599 23.77276
v 18.71846 20.85285 24.64162
v 18.55729 21.50273 24.48000
v 17.42081 23.98587 23.77276
v 17.83680 21.50273 25.04505
v 17.83680 21.50273 25.04505
v 17.42081 23.98587 23.77276
v 16.92167 21.50273 25.01478
v 16.92167 21.50273 25.01478
v 17.42081 23.98587 23.77276
v 16.24009 21.50273 24.40336
v 16.24009 21.50273 24.40336
v 17.42081 23.98587 23.77276
v 16.11099 21.50273 23.49687
v 16.11099 21.50273 23.49687
v 17.42081 23.98587 23.77276
v 16.59476 21.50273 22.71948
v 16.59476 21.50273 22.71948
v 17.42081 23.98587 23.77276
v 17.46506 21.50273 22.43492
v 17.46506 21.50273 22.43492
v 17.42081 23.98587 23.77276
v 18.31465 21.50273 22.77636
v 18.31465 21.50273 22.77636
v 17.42081 23.98587 23.77276
v 18.74601 21.50273 23.58402
v 18.74601 21.50273 23.58402
v 17.42081 23.98587 23.77276
v 18.55729 21.50273 24.48000
v 18.50925 22.15261 24.01685
v 17.42081 24.63575 23.77276
v 18.09771 22.15261 24.65938
v 18.09771 22.15261 24.65938
v 17.42081 24.63575 23.77276
v 17.36944 22.15261 24.88705
v 17.36944 22.15261 24.88705
v 17.42081 24.63575 23.77276
v 16.66521 22.15261 24.59333
v 16.66521 22.15261 24.59333
v 17.42081 24.63575 23.77276
v 16.31453 22.15261 23.91566
v 16.31453 22.15261 23.91566
v 17.42081 24.63575 23.77276
v 16.48150 22.15261 23.17112
v 16.48150 22.15261 23.17112
v 17.42081 24.63575 23.77276
v 17.08798 22.15261 22.70810
v 17.08798 22.15261 22.70810
v 17.42081 24.63575 23.77276
v 17.85020 22.15261 22.74324
v 17.85020 22.15261 22.74324
v 17.42081 24.63575 23.77276
v 18.41150 22.15261 23.26011
v 18.41150 22.15261 23.26011
v 17.42081 24.63575 23.77276
v 18.50925 22.15261 24.01685
v 18.15548 22.80250 24.27932
v 17.42081 25.28564 23.77276
v 17.65799 22.80250 24.63304
v 17.65799 22.80250 24.63304
v 17.42081 25.28564 23.77276
v 17.04952 22.80250 24.58423
v 17.04952 22.80250 24.58423
v 17.42081 25.28564 23.77276
v 16.61479 22.80250 24.15572
v 16.61479 22.80250 24.15572
v 17.42081 25.28564 23.77276
v 16.55720 22.80250 23.54802
v 16.55720 22.80250 23.54802
v 17.42081 25.28564 23.77276
v 16.90371 22.80250 23.04548
v 16.90371 22.80250 23.04548
v 17.42081 25.28564 23.77276
v 17.49217 22.80250 22.88324
v 17.49217 22.80250 22.88324
v 17.42081 25.28564 23.77276
v 18.04725 22.80250 23.13722
v 18.04725 22.80250 23.13722
v 17.42081 25.28564 23.77276
v 18.30921 22.80250 23.68857
v 18.30921 22.80250 23.68857
v 17.42081 25.28564 23.77276
v 18.15548 22.80250 24.27932
v 18.01439 23.45238 24.08196
v 17.42081 25.93552 23.77276
v 17.67677 23.45238 24.39117
v 17.67677 23.45238 24.39117
v 17.42081 25.93552 23.77276
v 17.21938 23.45238 24.41101
v 17.21938 23.45238 24.41101
v 17.42081 25.93552 23.77276
v 16.85625 23.45238 24.13221
v 16.85625 23.45238 24.13221
v 17.42081 25.93552 23.77276
v 16.75728 23.45238 23.68522
v 16.75728 23.45238 23.68522
v 17.42081 25.93552 23.77276
v 16.96879 23.45238 23.27919
v 16.96879 23.45238 23.27919
v 17.42081 25.93552 23.77276
v 17.39180 23.45238 23.10411
v 17.39180 23.45238 23.10411
v 17.42081 25.93552 23.77276
v 17.82839 23.45238 23.24189
v 17.82839 23.45238 23.24189
v 17.42081 25.93552 23.77276
v 18.07427 23.45238 23.62808
v 18.07427 23.45238 23.62808
v 17.42081 25.93552 23.77276
v 18.01439 23.45238 24.08196
v 17.85012 24.10227 23.89433
v 17.42081 26.58541 23.77276
v 17.67154 24.10227 24.14184
v 17.67154 24.10227 24.14184
v 17.42081 26.58541 23.77276
v 17.37564 24.10227 24.21666
v 17.37564 24.10227 24.21666
v 17.42081 26.58541 23.77276
v 17.10088 24.10227 24.08377
v 17.10088 24.10227 24.08377
v 17.42081 26.58541 23.77276
v 16.97582 24.10227 23.80535
v 16.97582 24.10227 23.80535
v 17.42081 26.58541 23.77276
v 17.05898 24.10227 23.51169
v 17.05898 24.10227 23.51169
v 17.42081 26.58541 23.77276
v 17.31144 24.10227 23.34018
v 17.31144 24.10227 23.34018
v 17.42081 26.58541 23.77276
v 17.61509 24.10227 23.37109
v 17.61509 24.10227 23.37109
v 17.42081 26.58541 23.77276
v 17.82783 24.10227 23.58994
v 17.82783 24.10227 23.58994
v 17.42081 26.58541 23.77276
v 17.85012 24.10227 23.89433
v 17.63311 24.75215 23.84131
v 17.42081 27.23529 23.77276
v 17.53938 24.75215 23.96174
v 17.53938 24.75215 23.96174
v 17.42081 27.23529 23.77276
v 17.39017 24.75215 23.99374
v 17.39017 24.75215 23.99374
v 17.42081 27.23529 23.77276
v 17.25529 24.75215 23.92234
v 17.25529 24.75215 23.92234
v 17.42081 27.23529 23.77276
v 17.19787 24.75215 23.78095
v 17.19787 24.75215 23.78095
v 17.42081 27.23529 23.77276
v 17.24476 24.75215 23.63573
v 17.24476 24.75215 23.63573
v 17.42081 27.23529 23.77276
v 17.37403 24.75215 23.55463
v 17.37403 24.75215 23.55463
v 17.42081 27.23529 23.77276
v 17.52519 24.75215 23.57559
v 17.52519 24.75215 23.57559
v 17.42081 27.23529 23.77276
v 17.62751 24.75215 23.68881
v 17.62751 24.75215 23.68881
v 17.42081 27.23529 23.77276
v 17.63311 24.75215 23.84131
v -32.24476 1.91652 -11.39410
v -33.39821 3.52792 -11.49888
v -32.58197 1.91652 -10.67719
v -32.58197 1.91652 -10.67719
v -33.39821 3.52792 -11.49888
v -33.30111 1.91652 -10.34477
v -33.30111 1.91652 -10.34477
v -33.39821 3.52792 -11.49888
v -34.06568 1.91652 -10.55237
v -34.06568 1.91652 -10.55237
v -33.39821 3.52792 -11.49888
v -34.51793 1.91652 -11.20285
v -34.51793 1.91652 -11.20285
v -33.39821 3.52792 -11.49888
v -34.44625 1.91652 -11.99185
v -34.44625 1.91652 -11.99185
v -33.39821 3.52792 -11.49888
v -33.88418 1.91652 -12.55019
v -33.88418 1.91652 -12.55019
v -33.39821 3.52792 -11.49888
v -33.09472 1.91652 -12.61661
v -33.09472 1.91652 -12.61661
v -33.39821 3.52792 -11.49888
v -32.44726 1.91652 -12.16003
v -32.44726 1.91652 -12.16003
v -33.39821 3.52792 -11.49888
v -32.24476 1.91652 -11.39410
v -32.46905 2.33826 -11.09431
v -33.39821 3.94965 -11.49888
v -32.94648 2.33826 -10.59171
v -32.94648 2.33826 -10.59171
v -33.39821 3.94965 -11.49888
v -33.63529 2.33826 -10.51359
v -33.63529 2.33826 -10.51359
v -33.39821 3.94965 -11.49888
v -34.21316 2.33826 -10.89650
v -34.21316 2.33826 -10.89650
v -33.39821 3.94965 -11.49888
v -34.40970 2.33826 -11.56127
v -34.40970 2.33826 -11.56127
v -33.39821 3.94965 -11.49888
v -34.13296 2.33826 -12.19685
v -34.13296 2.33826 -12.19685
v -33.39821 3.94965 -11.49888
v -33.51241 2.33826 -12.50585
v -33.51241 2.33826 -12.50585
v -33.39821 3.94965 -11.49888
v -32.83843 2.33826 -12.34367
v -32.83843 2.33826 -12.34367
v -33.39821 3.94965 -11.49888
v -32.42637 2.33826 -11.78621
v -32.42637 2.33826 -11.78621
v -33.39821 3.94965 -11.49888
v -32.46905 2.33826 -11.09431
v -32.86803 2.75999 -10.81080
v -33.39821 4.37139 -11.49888
v -33.43436 2.75999 -10.63099
v -33.43436 2.75999 -10.63099
v -33.39821 4.37139 -11.49888
v -33.98377 2.75999 -10.85728
v -33.98377 2.75999 -10.85728
v -33.39821 4.37139 -11.49888
v -34.25919 2.75999 -11.38378
v -34.25919 2.75999 -11.38378
v -33.39821 4.37139 -11.49888
v -34.13175 2.75999 -11.96414
v -34.13175 2.75999 -11.96414
v -33.39821 4.37139 -11.49888
v -33.66107 2.75999 -12.32680
v -33.66107 2.75999 -12.32680
v -33.39821 4.37139 -11.49888
v -33.06740 2.75999 -12.30207
v -33.06740 2.75999 -12.30207
v -33.39821 4.37139 -11.49888
v -32.62851 2.75999 -11.90152
v -32.62851 2.75999 -11.90152
v -33.39821 4.37139 -11.49888
v -32.54978 2.75999 -11.31257
v -32.54978 2.75999 -11.31257
v -33.39821 4.37139 -11.49888
v -32.86803 2.75999 -10.81080
v -32.83032 3.18172 -11.05001
v -33.39821 4.79312 -11.49888
v -33.25171 3.18172 -10.78999
v -33.25171 3.18172 -10.78999
v -33.39821 4.79312 -11.49888
v -33.74165 3.18172 -10.86168
v -33.74165 3.18172 -10.86168
v -33.39821 4.79312 -11.49888
v -34.07089 3.18172 -11.23152
v -34.07089 3.18172 -11.23152
v -33.39821 4.79312 -11.49888
v -34.08537 3.18172 -11.72646
v -34.08537 3.18172 -11.72646
v -33.39821 4.79312 -11.49888
v -33.77832 3.18172 -12.11492
v -33.77832 3.18172 -12.11492
v -33.39821 4.79312 -11.49888
v -33.29341 3.18172 -12.21513
v -33.29341 3.18172 -12.21513
v -33.39821 4.79312 -11.49888
v -32.85753 3.18172 -11.98020
v -32.85753 3.18172 -11.98020
v -33.39821 4.79312 -11.49888
v -32.67465 3.18172 -11.52006
v -32.67465 3.18172 -11.52006
v -33.39821 4.79312 -11.49888
v -32.83032 3.18172 -11.05001
v -32.85615 3.60346 -11.29510
v -33.39821 5.21485 -11.49888
v -33.11396 3.60346 -10.99435
v -33.11396 3.60346 -10.99435
v -33.39821 5.21485 -11.49888
v -33.50477 3.60346 -10.92968
v -33.50477 3.60346 -10.92968
v -33.39821 5.21485 -11.49888
v -33.84572 3.60346 -11.13134
v -33.84572 3.60346 -11.13134
v -33.39821 5.21485 -11.49888
v -33.97727 3.60346 -11.50499
v -33.97727 3.60346 -11.50499
v -33.39821 5.21485 -11.49888
v -33.83787 3.60346 -11.87577
v -33.83787 3.60346 -11.87577
v -33.39821 5.21485 -11.49888
v -33.49275 3.60346 -12.07021
v -33.49275 3.60346 -12.07021
v -33.39821 5.21485 -11.49888
v -33.10339 3.60346 -11.99732
v -33.10339 3.60346 -11.99732
v -33.39821 5.21485 -11.49888
v -32.85198 3.60346 -11.69120
v -32.85198 3.60346 -11.69120
v -33.39821 5.21485 -11.49888
v -32.85615 3.60346 -11.29510
v -32.96487 4.02519 -11.46963
v -33.39821 5.63659 -11.49888
v -33.08506 4.02519 -11.19793
v -33.08506 4.02519 -11.19793
v -33.39821 5.63659 -11.49888
v -33.35177 4.02519 -11.06705
v -33.35177 4.02519 -11.06705
v -33.39821 5.63659 -11.49888
v -33.64021 4.02519 -11.13823
v -33.64021 4.02519 -11.13823
v -33.39821 5.63659 -11.49888
v -33.81542 4.02519 -11.37817
v -33.81542 4.02519 -11.37817
v -33.39821 5.63659 -11.49888
v -33.79540 4.02519 -11.67459
v -33.79540 4.02519 -11.67459
v -33.39821 5.63659 -11.49888
v -33.58954 4.02519 -11.88879
v -33.58954 4.02519 -11.88879
v -33.39821 5.63659 -11.49888
v -33.29414 4.02519 -11.92056
v -33.29414 4.02519 -11.92056
v -33.39821 5.63659 -11.49888
v -33.04744 4.02519 -11.75501
v -33.04744 4.02519 -11.75501
v -33.39821 5.63659 -11.49888
v -32.96487 4.02519 -11.46963
v -33.17346 4.44692 -11.31633
v -33.39821 6.05832 -11.49888
v -33.34338 4.44692 -11.21457
v -33.34338 4.44692 -11.21457
v -33.39821 6.05832 -11.49888
v -33.53896 4.44692 -11.24585
v -33.53896 4.44692 -11.24585
v -33.39821 6.05832 -11.49888
v -33.66868 4.44692 -11.39552
v -33.66868 4.44692 -11.39552
v -33.39821 6.05832 -11.49888
v -33.67184 4.44692 -11.59356
v -33.67184 4.44692 -11.59356
v -33.39821 6.05832 -11.49888
v -33.54696 4.44692 -11.74730
v -33.54696 4.44692 -11.74730
v -33.39821 6.05832 -11.49888
v -33.35248 4.44692 -11.78480
v -33.35248 4.44692 -11.78480
v -33.39821 6.05832 -11.49888
v -33.17940 4.44692 -11.68852
v -33.17940 4.44692 -11.68852
v -33.39821 6.05832 -11.49888
v -33.10869 4.44692 -11.50351
v -33.10869 4.44692 -11.50351
v -33.39821 6.05832 -11.49888
v -33.17346 4.44692 -11.31633
v -33.26585 4.86866 -11.44022
v -33.39821 6.48005 -11.49888
v -33.33453 4.86866 -11.36887
v -33.33453 4.86866 -11.36887
v -33.39821 6.48005 -11.49888
v -33.43300 4.86866 -11.35835
v -33.43300 4.86866 -11.35835
v -33.39821 6.48005 -11.49888
v -33.51519 4.86866 -11.41360
v -33.51519 4.86866 -11.41360
v -33.39821 6.48005 -11.49888
v -33.54264 4.86866 -11.50875
v -33.54264 4.86866 -11.50875
v -33.39821 6.48005 -11.49888
v -33.50251 4.86866 -11.59928
v -33.50251 4.86866 -11.59928
v -33.39821 6.48005 -11.49888
v -33.41358 4.86866 -11.64284
v -33.41358 4.86866 -11.64284
v -33.39821 6.48005 -11.49888
v -33.31745 4.86866 -11.61904
v -33.31745 4.86866 -11.61904
v -33.39821 6.48005 -11.49888
v -33.25911 4.86866 -11.53902
v -33.25911 4.86866 -11.53902
v -33.39821 6.48005 -11.49888
v -33.26585 4.86866 -11.44022
v 15.78246 14.05613 13.45175
v 14.78443 15.66025 12.87446
v 15.17789 14.05613 13.95821
v 15.17789 14.05613 13.95821
v 14.78443 15.66025 12.87446
v 14.38921 14.05613 13.95757
v 14.38921 14.05613 13.95757
v 14.78443 15.66025 12.87446
v 13.78547 14.05613 13.45013
v 13.78547 14.05613 13.45013
v 14.78443 15.66025 12.87446
v 13.64915 14.05613 12.67333
v 13.64915 14.05613 12.67333
v 14.78443 15.66025 12.87446
v 14.04404 14.05613 11.99064
v 14.04404 14.05613 11.99064
v 14.78443 15.66025 12.87446
v 14.78537 14.05613 11.72150
v 14.78537 14.05613 11.72150
v 14.78443 15.66025 12.87446
v 15.52626 14.05613 11.99184
v 15.52626 14.05613 11.99184
v 14.78443 15.66025 12.87446
v 15.92004 14.05613 12.67517
v 15.92004 14.05613 12.67517
v 14.78443 15.66025 12.87446
v 15.78246 14.05613 13.45175
v 15.76347 14.47596 13.11786
v 14.78443 16.08008 12.87446
v 15.37796 14.47596 13.69023
v 15.37796 14.47596 13.69023
v 14.78443 16.08008 12.87446
v 14.71473 14.47596 13.88089
v 14.71473 14.47596 13.88089
v 14.78443 16.08008 12.87446
v 14.08412 14.47596 13.60063
v 14.08412 14.47596 13.60063
v 14.78443 16.08008 12.87446
v 13.78119 14.47596 12.98058
v 13.78119 14.47596 12.98058
v 14.78443 16.08008 12.87446
v 13.94769 14.47596 12.31088
v 13.94769 14.47596 12.31088
v 14.78443 16.08008 12.87446
v 14.50571 14.47596 11.90488
v 14.50571 14.47596 11.90488
v 14.78443 16.08008 12.87446
v 15.19415 14.47596 11.95256
v 15.19415 14.47596 11.95256
v 14.78443 16.08008 12.87446
v 15.69088 14.47596 12.43161
v 15.69088 14.47596 12.43161
v 14.78443 16.08008 12.87446
v 15.76347 14.47596 13.11786
v 15.43162 14.89578 13.44795
v 14.78443 16.49991 12.87446
v 14.91158 14.89578 13.72978
v 14.91158 14.89578 13.72978
v 14.78443 16.49991 12.87446
v 14.33204 14.89578 13.61140
v 14.33204 14.89578 13.61140
v 14.78443 16.49991 12.87446
v 13.96418 14.89578 13.14820
v 13.96418 14.89578 13.14820
v 14.78443 16.49991 12.87446
v 13.98013 14.89578 12.55691
v 13.98013 14.89578 12.55691
v 14.78443 16.49991 12.87446
v 14.37242 14.89578 12.11420
v 14.37242 14.89578 12.11420
v 14.78443 16.49991 12.87446
v 14.95749 14.89578 12.02723
v 14.95749 14.89578 12.02723
v 14.78443 16.49991 12.87446
v 15.46159 14.89578 12.33669
v 15.46159 14.89578 12.33669
v 14.78443 16.49991 12.87446
v 15.64884 14.89578 12.89777
v 15.64884 14.89578 12.89777
v 14.78443 16.49991 12.87446
v 15.43162 14.89578 13.44795
v 15.48993 15.31561 13.02119
v 14.78443 16.91973 12.87446
v 15.23056 15.31561 13.44035
v 15.23056 15.31561 13.44035
v 14.78443 16.91973 12.87446
v 14.76244 15.31561 13.59472
v 14.76244 15.31561 13.59472
v 14.78443 16.91973 12.87446
v 14.30460 15.31561 13.41208
v 14.30460 15.31561 13.41208
v 14.78443 16.91973 12.87446
v 14.07129 15.31561 12.97787
v 14.07129 15.31561 12.97787
v 14.78443 16.91973 12.87446
v 14.17166 15.31561 12.49528
v 14.17166 15.31561 12.49528
v 14.78443 16.91973 12.87446
v 14.55875 15.31561 12.19011
v 14.55875 15.31561 12.19011
v 14.78443 16.91973 12.87446
v 15.05144 15.31561 12.20515
v 15.05144 15.31561 12.20515
v 14.78443 16.91973 12.87446
v 15.41920 15.31561 12.53337
v 15.41920 15.31561 12.53337
v 14.78443 16.91973 12.87446
v 15.48993 15.31561 13.02119
v 15.35145 15.73544 12.97847
v 14.78443 17.33956 12.87446
v 15.15193 15.73544 13.31861
v 15.15193 15.73544 13.31861
v 14.78443 17.33956 12.87446
v 14.78046 15.73544 13.45093
v 14.78046 15.73544 13.45093
v 14.78443 17.33956 12.87446
v 14.41084 15.73544 13.31350
v 14.41084 15.73544 13.31350
v 14.78443 17.33956 12.87446
v 14.21603 15.73544 12.97065
v 14.21603 15.73544 12.97065
v 14.78443 17.33956 12.87446
v 14.28718 15.73544 12.58278
v 14.28718 15.73544 12.58278
v 14.78443 17.33956 12.87446
v 14.59100 15.73544 12.33140
v 14.59100 15.73544 12.33140
v 14.78443 17.33956 12.87446
v 14.98533 15.73544 12.33412
v 14.98533 15.73544 12.33412
v 14.78443 17.33956 12.87446
v 15.28565 15.73544 12.58967
v 15.28565 15.73544 12.58967
v 14.78443 17.33956 12.87446
v 15.35145 15.73544 12.97847
v 15.12217 16.15527 13.14440
v 14.78443 17.75939 12.87446
v 14.86964 16.15527 13.29834
v 14.86964 16.15527 13.29834
v 14.78443 17.75939 12.87446
v 14.57724 16.15527 13.25394
v 14.57724 16.15527 13.25394
v 14.78443 17.75939 12.87446
v 14.38178 16.15527 13.03198
v 14.38178 16.15527 13.03198
v 14.78443 17.75939 12.87446
v 14.37474 16.15527 12.73631
v 14.37474 16.15527 12.73631
v 14.78443 17.75939 12.87446
v 14.55939 16.15527 12.50528
v 14.55939 16.15527 12.50528
v 14.78443 17.75939 12.87446
v 14.84934 16.15527 12.44700
v 14.84934 16.15527 12.44700
v 14.78443 17.75939 12.87446
v 15.10892 16.15527 12.58873
v 15.10892 16.15527 12.58873
v 14.78443 17.75939 12.87446
v 15.21667 16.15527 12.86415
v 15.21667 16.15527 12.86415
v 14.78443 17.75939 12.87446
v 15.12217 16.15527 13.14440
v 15.06288 16.57510 12.94895
v 14.78443 18.17922 12.87446
v 14.94985 16.57510 13.11050
v 14.94985 16.57510 13.11050
v 14.78443 18.17922 12.87446
v 14.75943 16.57510 13.16161
v 14.75943 16.57510 13.16161
v 14.78443 18.17922 12.87446
v 14.58070 16.57510 13.07836
v 14.58070 16.57510 13.07836
v 14.78443 18.17922 12.87446
v 14.49730 16.57510 12.89970
v 14.49730 16.57510 12.89970
v 14.78443 18.17922 12.87446
v 14.54825 16.57510 12.70923
v 14.54825 16.57510 12.70923
v 14.78443 18.17922 12.87446
v 14.70972 16.57510 12.59607
v 14.70972 16.57510 12.59607
v 14.78443 18.17922 12.87446
v 14.90614 16.57510 12.61317
v 14.90614 16.57510 12.61317
v 14.78443 18.17922 12.87446
v 15.04562 16.57510 12.75254
v 15.04562 16.57510 12.75254
v 14.78443 18.17922 12.87446
v 15.06288 16.57510 12.94895
v 14.92260 16.99493 12.91543
v 14.78443 18.59905 12.87446
v 14.86394 16.99493 12.99466
v 14.86394 16.99493 12.99466
v 14.78443 18.59905 12.87446
v 14.76807 16.99493 13.01765
v 14.76807 16.99493 13.01765
v 14.78443 18.59905 12.87446
v 14.67986 16.99493 12.97363
v 14.67986 16.99493 12.97363
v 14.78443 18.59905 12.87446
v 14.64058 16.99493 12.88321
v 14.64058 16.99493 12.88321
v 14.78443 18.59905 12.87446
v 14.66861 16.99493 12.78870
v 14.66861 16.99493 12.78870
v 14.78443 18.59905 12.87446
v 14.75083 16.99493 12.73431
v 14.75083 16.99493 12.73431
v 14.78443 18.59905 12.87446
v 14.84878 16.99493 12.74550
v 14.84878 16.99493 12.74550
v 14.78443 18.59905 12.87446
v 14.91662 16.99493 12.81703
v 14.91662 16.99493 12.81703
v 14.78443 18.59905 12.87446
v 14.92260 16.99493 12.91543
v -25.13974 2.09011 -16.27642
v -26.42029 4.19768 -17.08565
v -25.95950 2.09011 -15.64262
v -25.95950 2.09011 -15.64262
v -26.42029 4.19768 -17.08565
v -26.99487 2.09011 -15.68403
v -26.99487 2.09011 -15.68403
v -26.42029 4.19768 -17.08565
v -27.76138 2.09011 -16.38128
v -27.76138 2.09011 -16.38128
v -26.42029 4.19768 -17.08565
v -27.90039 2.09011 -17.40812
v -27.90039 2.09011 -17.40812
v -26.42029 4.19768 -17.08565
v -27.34684 2.09011 -18.28406
v -27.34684 2.09011 -18.28406
v -26.42029 4.19768 -17.08565
v -26.35974 2.09011 -18.59926
v -26.35974 2.09011 -18.59926
v -26.42029 4.19768 -17.08565
v -25.40098 2.09011 -18.20623
v -25.40098 2.09011 -18.20623
v -26.42029 4.19768 -17.08565
v -24.91916 2.09011 -17.28886
v -24.91916 2.09011 -17.28886
v -26.42029 4.19768 -17.08565
v -25.13974 2.09011 -16.27642
v -25.09747 2.64170 -17.00193
v -26.42029 4.74927 -17.08565
v -25.46076 2.64170 -16.17123
v -25.46076 2.64170 -16.17123
v -26.42029 4.74927 -17.08565
v -26.27303 2.64170 -15.76839
v -26.27303 2.64170 -15.76839
v -26.42029 4.74927 -17.08565
v -27.15420 2.64170 -15.98192
v -27.15420 2.64170 -15.98192
v -26.42029 4.74927 -17.08565
v -27.69197 2.64170 -16.71190
v -27.69197 2.64170 -16.71190
v -26.42029 4.74927 -17.08565
v -27.63470 2.64170 -17.61676
v -27.63470 2.64170 -17.61676
v -26.42029 4.74927 -17.08565
v -27.00919 2.64170 -18.27311
v -27.00919 2.64170 -18.27311
v -26.42029 4.74927 -17.08565
v -26.10813 2.64170 -18.37384
v -26.10813 2.64170 -18.37384
v -26.42029 4.74927 -17.08565
v -25.35313 2.64170 -17.87181
v -25.35313 2.64170 -17.87181
v -26.42029 4.74927 -17.08565
v -25.09747 2.64170 -17.00193
v -25.47079 3.19329 -16.46178
v -26.42029 5.30087 -17.08565
v -26.09395 3.19329 -15.99742
v -26.09395 3.19329 -15.99742
v -26.42029 5.30087 -17.08565
v -26.86981 3.19329 -16.04225
v -26.86981 3.19329 -16.04225
v -26.42029 5.30087 -17.08565
v -27.43532 3.19329 -16.57531
v -27.43532 3.19329 -16.57531
v -26.42029 5.30087 -17.08565
v -27.52590 3.19329 -17.34716
v -27.52590 3.19329 -17.34716
v -26.42029 5.30087 -17.08565
v -27.09914 3.19329 -17.99665
v -27.09914 3.19329 -17.99665
v -26.42029 5.30087 -17.08565
v -26.35474 3.19329 -18.21988
v -26.35474 3.19329 -18.21988
v -26.42029 5.30087 -17.08565
v -25.64101 3.19329 -17.91239
v -25.64101 3.19329 -17.91239
v -26.42029 5.30087 -17.08565
v -25.29192 3.19329 -17.21806
v -25.29192 3.19329 -17.21806
v -26.42029 5.30087 -17.08565
v -25.47079 3.19329 -16.46178
v -25.54745 3.74488 -16.71889
v -26.42029 5.85246 -17.08565
v -25.98741 3.74488 -16.24365
v -25.98741 3.74488 -16.24365
v -26.42029 5.85246 -17.08565
v -26.62991 3.74488 -16.16239
v -26.62991 3.74488 -16.16239
v -26.42029 5.85246 -17.08565
v -27.17433 3.74488 -16.51314
v -27.17433 3.74488 -16.51314
v -26.42029 5.85246 -17.08565
v -27.36593 3.74488 -17.13177
v -27.36593 3.74488 -17.13177
v -26.42029 5.85246 -17.08565
v -27.11505 3.74488 -17.72883
v -27.11505 3.74488 -17.72883
v -26.42029 5.85246 -17.08565
v -26.53908 3.74488 -18.02493
v -26.53908 3.74488 -18.02493
v -26.42029 5.85246 -17.08565
v -25.90753 3.74488 -17.88154
v -25.90753 3.74488 -17.88154
v -26.42029 5.85246 -17.08565
v -25.51591 3.74488 -17.36575
v -25.51591 3.74488 -17.36575
v -26.42029 5.85246 -17.08565
v -25.54745 3.74488 -16.71889
v -25.66394 4.29647 -17.04565
v -26.42029 6.40405 -17.08565
v -25.86661 4.29647 -16.56883
v -25.86661 4.29647 -16.56883
v -26.42029 6.40405 -17.08565
v -26.32835 4.29647 -16.33385
v -26.32835 4.29647 -16.33385
v -26.42029 6.40405 -17.08565
v -26.83311 4.29647 -16.45064
v -26.83311 4.29647 -16.45064
v -26.42029 6.40405 -17.08565
v -27.14471 4.29647 -16.86456
v -27.14471 4.29647 -16.86456
v -26.42029 6.40405 -17.08565
v -27.11734 4.29647 -17.38194
v -27.11734 4.29647 -17.38194
v -26.42029 6.40405 -17.08565
v -26.76382 4.29647 -17.76068
v -26.76382 4.29647 -17.76068
v -26.42029 6.40405 -17.08565
v -26.24955 4.29647 -17.82357
v -26.24955 4.29647 -17.82357
v -26.42029 6.40405 -17.08565
v -25.81517 4.29647 -17.54118
v -25.81517 4.29647 -17.54118
v -26.42029 6.40405 -17.08565
v -25.66394 4.29647 -17.04565
v -26.06944 4.84807 -16.63889
v -26.42029 6.95564 -17.08565
v -26.43869 4.84807 -16.51790
v -26.43869 4.84807 -16.51790
v -26.42029 6.95564 -17.08565
v -26.79934 4.84807 -16.66256
v -26.79934 4.84807 -16.66256
v -26.42029 6.95564 -17.08565
v -26.98262 4.84807 -17.00519
v -26.98262 4.84807 -17.00519
v -26.42029 6.95564 -17.08565
v -26.90278 4.84807 -17.38547
v -26.90278 4.84807 -17.38547
v -26.42029 6.95564 -17.08565
v -26.59718 4.84807 -17.62547
v -26.59718 4.84807 -17.62547
v -26.42029 6.95564 -17.08565
v -26.20881 4.84807 -17.61288
v -26.20881 4.84807 -17.61288
v -26.42029 6.95564 -17.08565
v -25.91939 4.84807 -17.35359
v -25.91939 4.84807 -17.35359
v -26.42029 6.95564 -17.08565
v -25.86435 4.84807 -16.96894
v -25.86435 4.84807 -16.96894
v -26.42029 6.95564 -17.08565
v -26.06944 4.84807 -16.63889
v -26.15306 5.39966 -16.81731
v -26.42029 7.50723 -17.08565
v -26.38806 5.39966 -16.70832
v -26.38806 5.39966 -16.70832
v -26.42029 7.50723 -17.08565
v -26.63815 5.39966 -16.77589
v -26.63815 5.39966 -16.77589
v -26.42029 7.50723 -17.08565
v -26.78629 5.39966 -16.98840
v -26.78629 5.39966 -16.98840
v -26.42029 7.50723 -17.08565
v -26.76318 5.39966 -17.24641
v -26.76318 5.39966 -17.24641
v -26.42029 7.50723 -17.08565
v -26.57962 5.39966 -17.42921
v -26.57962 5.39966 -17.42921
v -26.42029 7.50723 -17.08565
v -26.32151 5.39966 -17.45125
v -26.32151 5.39966 -17.45125
v -26.42029 7.50723 -17.08565
v -26.10962 5.39966 -17.30223
v -26.10962 5.39966 -17.30223
v -26.42029 7.50723 -17.08565
v -26.04309 5.39966 -17.05187
v -26.04309 5.39966 -17.05187
v -26.42029 7.50723 -17.08565
v -26.15306 5.39966 -16.81731
v -26.31667 5.95125 -16.92717
v -26.42029 8.05882 -17.08565
v -26.44279 5.95125 -16.89764
v -26.44279 5.95125 -16.89764
v -26.42029 8.05882 -17.08565
v -26.55838 5.95125 -16.95609
v -26.55838 5.95125 -16.95609
v -26.42029 8.05882 -17.08565
v -26.60935 5.95125 -17.07517
v -26.60935 5.95125 -17.07517
v -26.42029 8.05882 -17.08565
v -26.57186 5.95125 -17.19915
v -26.57186 5.95125 -17.19915
v -26.42029 8.05882 -17.08565
v -26.46345 5.95125 -17.27002
v -26.46345 5.95125 -17.27002
v -26.42029 8.05882 -17.08565
v -26.33484 5.95125 -17.25463
v -26.33484 5.95125 -17.25463
v -26.42029 8.05882 -17.08565
v -26.24622 5.95125 -17.16017
v -26.24622 5.95125 -17.16017
v -26.42029 8.05882 -17.08565
v -26.23904 5.95125 -17.03085
v -26.23904 5.95125 -17.03085
v -26.42029 8.05882 -17.08565
v -26.31667 5.95125 -16.92717
v 29.86604 26.92193 33.26238
v 28.01445 29.54297 32.91512
v 29.20964 26.92193 34.37131
v 29.20964 26.92193 34.37131
v 28.01445 29.54297 32.91512
v 27.99400 26.92193 34.79888
v 27.99400 26.92193 34.79888
v 28.01445 29.54297 32.91512
v 26.78792 26.92193 34.34501
v 26.78792 26.92193 34.34501
v 28.01445 29.54297 32.91512
v 26.15576 26.92193 33.22208
v 26.15576 26.92193 33.22208
v 28.01445 29.54297 32.91512
v 26.39329 26.92193 31.95552
v 26.39329 26.92193 31.95552
v 28.01445 29.54297 32.91512
v 27.38939 26.92193 31.13796
v 27.38939 26.92193 31.13796
v 28.01445 29.54297 32.91512
v 28.67796 26.92193 31.15196
v 28.67796 26.92193 31.15196
v 28.01445 29.54297 32.91512
v 29.65606 26.92193 31.99095
v 29.65606 26.92193 31.99095
v 28.01445 29.54297 32.91512
v 29.86604 26.92193 33.26238
v 29.24569 27.60791 34.01113
v 28.01445 30.22895 32.91512
v 28.25314 27.60791 34.54613
v 28.25314 27.60791 34.54613
v 28.01445 30.22895 32.91512
v 27.14890 27.60791 34.31797
v 27.14890 27.60791 34.31797
v 28.01445 30.22895 32.91512
v 26.44966 27.60791 33.43340
v 26.44966 27.60791 33.43340
v 28.01445 30.22895 32.91512
v 26.48261 27.60791 32.30632
v 26.48261 27.60791 32.30632
v 28.01445 30.22895 32.91512
v 27.23232 27.60791 31.46410
v 27.23232 27.60791 31.46410
v 28.01445 30.22895 32.91512
v 28.34800 27.60791 31.30083
v 28.34800 27.60791 31.30083
v 28.01445 30.22895 32.91512
v 29.30761 27.60791 31.89290
v 29.30761 27.60791 31.89290
v 28.01445 30.22895 32.91512
v 29.66214 27.60791 32.96328
v 29.66214 27.60791 32.96328
v 28.01445 30.22895 32.91512
v 29.24569 27.60791 34.01113
v 28.97356 28.29388 33.95262
v 28.01445 30.91492 32.91512
v 28.08227 28.29388 34.32639
v 28.08227 28.29388 34.32639
v 28.01445 30.91492 32.91512
v 27.15926 28.29388 34.03981
v 27.15926 28.29388 34.03981
v 28.01445 30.91492 32.91512
v 26.63639 28.29388 33.22698
v 26.63639 28.29388 33.22698
v 28.01445 30.91492 32.91512
v 26.75834 28.29388 32.26822
v 26.75834 28.29388 32.26822
v 28.01445 30.91492 32.91512
v 27.46803 28.29388 31.61215
v 27.46803 28.29388 31.61215
v 28.01445 30.91492 32.91512
v 28.43340 28.29388 31.56576
v 28.43340 28.29388 31.56576
v 28.01445 30.91492 32.91512
v 29.20274 28.29388 32.15074
v 29.20274 28.29388 32.15074
v 28.01445 30.91492 32.91512
v 29.41606 28.29388 33.09339
v 29.41606 28.29388 33.09339
v 28.01445 30.91492 32.91512
v 28.97356 28.29388 33.95262
v 29.13974 28.97986 33.26159
v 28.01445 31.60090 32.91512
v 28.65377 28.97986 33.90385
v 28.65377 28.97986 33.90385
v 28.01445 31.60090 32.91512
v 27.86865 28.97986 34.08348
v 27.86865 28.97986 34.08348
v 28.01445 31.60090 32.91512
v 27.15175 28.97986 33.71641
v 27.15175 28.97986 33.71641
v 28.01445 31.60090 32.91512
v 26.83853 28.97986 32.97441
v 26.83853 28.97986 32.97441
v 28.01445 31.60090 32.91512
v 27.07553 28.97986 32.20467
v 27.07553 28.97986 32.20467
v 28.01445 31.60090 32.91512
v 27.75186 28.97986 31.76735
v 27.75186 28.97986 31.76735
v 28.01445 31.60090 32.91512
v 28.55106 28.97986 31.86709
v 28.55106 28.97986 31.86709
v 28.01445 31.60090 32.91512
v 29.09918 28.97986 32.45721
v 29.09918 28.97986 32.45721
v 28.01445 31.60090 32.91512
v 29.13974 28.97986 33.26159
v 28.78174 29.66583 33.46148
v 28.01445 32.28687 32.91512
v 28.25103 29.66583 33.82686
v 28.25103 29.66583 33.82686
v 28.01445 32.28687 32.91512
v 27.60962 29.66583 33.76562
v 27.60962 29.66583 33.76562
v 28.01445 32.28687 32.91512
v 27.15764 29.66583 33.30642
v 27.15764 29.66583 33.30642
v 28.01445 32.28687 32.91512
v 27.10657 29.66583 32.66413
v 27.10657 29.66583 32.66413
v 28.01445 32.28687 32.91512
v 27.48031 29.66583 32.13927
v 27.48031 29.66583 32.13927
v 28.01445 32.28687 32.91512
v 28.10398 29.66583 31.97745
v 28.10398 29.66583 31.97745
v 28.01445 32.28687 32.91512
v 28.68575 29.66583 32.25436
v 28.68575 29.66583 32.25436
v 28.01445 32.28687 32.91512
v 28.95342 29.66583 32.84046
v 28.95342 29.66583 32.84046
v 28.01445 32.28687 32.91512
v 28.78174 29.66583 33.46148
v 28.72085 30.35181 32.92344
v 28.01445 32.97285 32.91512
v 28.55024 30.35181 33.37556
v 28.55024 30.35181 33.37556
v 28.01445 32.97285 32.91512
v 28.12892 30.35181 33.61223
v 28.12892 30.35181 33.61223
v 28.01445 32.97285 32.91512
v 27.65404 30.35181 33.52272
v 27.65404 30.35181 33.52272
v 28.01445 32.97285 32.91512
v 27.34780 30.35181 33.14890
v 27.34780 30.35181 33.14890
v 28.01445 32.97285 32.91512
v 27.35350 30.35181 32.66569
v 27.35350 30.35181 32.66569
v 28.01445 32.97285 32.91512
v 27.66846 30.35181 32.29919
v 27.66846 30.35181 32.29919
v 28.01445 32.97285 32.91512
v 28.14531 30.35181 32.22089
v 28.14531 30.35181 32.22089
v 28.01445 32.97285 32.91512
v 28.56094 30.35181 32.46742
v 28.56094 30.35181 32.46742
v 28.01445 32.97285 32.91512
v 28.72085 30.35181 32.92344
v 28.46710 31.03778 33.04520
v 28.01445 33.65882 32.91512
v 28.27758 31.03778 33.30572
v 28.27758 31.03778 33.30572
v 28.01445 33.65882 32.91512
v 27.96495 31.03778 33.38348
v 27.96495 31.03778 33.38348
v 28.01445 33.65882 32.91512
v 27.67547 31.03778 33.24208
v 27.67547 31.03778 33.24208
v 28.01445 33.65882 32.91512
v 27.54461 31.03778 32.94770
v 27.54461 31.03778 32.94770
v 28.01445 33.65882 32.91512
v 27.63359 31.03778 32.63807
v 27.63359 31.03778 32.63807
v 28.01445 33.65882 32.91512
v 27.90078 31.03778 32.45807
v 27.90078 31.03778 32.45807
v 28.01445 33.65882 32.91512
v 28.22116 31.03778 32.49194
v 28.22116 31.03778 32.49194
v 28.01445 33.65882 32.91512
v 28.44481 31.03778 32.72381
v 28.44481 31.03778 32.72381
v 28.01445 33.65882 32.91512
v 28.46710 31.03778 33.04520
v 28.24957 31.72376 32.92824
v 28.01445 34.34480 32.91512
v 28.18613 31.72376 33.07630
v 28.18613 31.72376 33.07630
v 28.01445 34.34480 32.91512
v 28.04235 31.72376 33.14894
v 28.04235 31.72376 33.14894
v 28.01445 34.34480 32.91512
v 27.88553 31.72376 33.11217
v 27.88553 31.72376 33.11217
v 28.01445 34.34480 32.91512
v 27.78902 31.72376 32.98320
v 27.78902 31.72376 32.98320
v 28.01445 34.34480 32.91512
v 27.79800 31.72376 32.82237
v 27.79800 31.72376 32.82237
v 28.01445 34.34480 32.91512
v 27.90826 31.72376 32.70494
v 27.90826 31.72376 32.70494
v 28.01445 34.34480 32.91512
v 28.06821 31.72376 32.68585
v 28.06821 31.72376 32.68585
v 28.01445 34.34480 32.91512
v 28.20300 31.72376 32.77404
v 28.20300 31.72376 32.77404
v 28.01445 34.34480 32.91512
v 28.24957 31.72376 32.92824
v -13.23802 1.98274 -8.65228
v -14.66670 3.99797 -8.89076
v -13.72556 1.98274 -7.78973
v -13.72556 1.98274 -7.78973
v -14.66670 3.99797 -8.89076
v -14.65348 1.98274 -7.44237
v -14.65348 1.98274 -7.44237
v -14.66670 3.99797 -8.89076
v -15.58758 1.98274 -7.77273
v -15.58758 1.98274 -7.77273
v -14.66670 3.99797 -8.89076
v -16.09079 1.98274 -8.62622
v -16.09079 1.98274 -8.62622
v -14.66670 3.99797 -8.89076
v -15.92766 1.98274 -9.60350
v -15.92766 1.98274 -9.60350
v -14.66670 3.99797 -8.89076
v -15.17451 1.98274 -10.24728
v -15.17451 1.98274 -10.24728
v -14.66670 3.99797 -8.89076
v -14.18376 1.98274 -10.25632
v -14.18376 1.98274 -10.25632
v -14.66670 3.99797 -8.89076
v -13.41898 1.98274 -9.62641
v -13.41898 1.98274 -9.62641
v -14.66670 3.99797 -8.89076
v -13.23802 1.98274 -8.65228
v -13.58793 2.51016 -8.22553
v -14.66670 4.52540 -8.89076
v -14.26792 2.51016 -7.68774
v -14.26792 2.51016 -7.68774
v -14.66670 4.52540 -8.89076
v -15.13450 2.51016 -7.71286
v -15.13450 2.51016 -7.71286
v -14.66670 4.52540 -8.89076
v -15.78220 2.51016 -8.28913
v -15.78220 2.51016 -8.28913
v -14.66670 4.52540 -8.89076
v -15.90794 2.51016 -9.14691
v -15.90794 2.51016 -9.14691
v -14.66670 4.52540 -8.89076
v -15.45290 2.51016 -9.88484
v -15.45290 2.51016 -9.88484
v -14.66670 4.52540 -8.89076
v -14.62998 2.51016 -10.15762
v -14.62998 2.51016 -10.15762
v -14.66670 4.52540 -8.89076
v -13.82425 2.51016 -9.83763
v -13.82425 2.51016 -9.83763
v -14.66670 4.52540 -8.89076
v -13.41271 2.51016 -9.07458
v -13.41271 2.51016 -9.07458
v -14.66670 4.52540 -8.89076
v -13.58793 2.51016 -8.22553
v -13.70685 3.03759 -8.38202
v -14.66670 5.05282 -8.89076
v -14.25842 3.03759 -7.88406
v -14.25842 3.03759 -7.88406
v -14.66670 5.05282 -8.89076
v -15.00104 3.03759 -7.85715
v -15.00104 3.03759 -7.85715
v -14.66670 5.05282 -8.89076
v -15.58721 3.03759 -8.31387
v -15.58721 3.03759 -8.31387
v -14.66670 5.05282 -8.89076
v -15.74267 3.03759 -9.04053
v -15.74267 3.03759 -9.04053
v -14.66670 5.05282 -8.89076
v -15.39467 3.03759 -9.69710
v -15.39467 3.03759 -9.69710
v -14.66670 5.05282 -8.89076
v -14.70605 3.03759 -9.97638
v -14.70605 3.03759 -9.97638
v -14.66670 5.05282 -8.89076
v -13.99902 3.03759 -9.74769
v -13.99902 3.03759 -9.74769
v -14.66670 5.05282 -8.89076
v -13.60441 3.03759 -9.11803
v -13.60441 3.03759 -9.11803
v -14.66670 5.05282 -8.89076
v -13.70685 3.03759 -8.38202
v -13.79898 3.56501 -8.63270
v -14.66670 5.58025 -8.89076
v -14.16787 3.56501 -8.13531
v -14.16787 3.56501 -8.13531
v -14.66670 5.58025 -8.89076
v -14.77017 3.56501 -7.99141
v -14.77017 3.56501 -7.99141
v -14.66670 5.58025 -8.89076
v -15.32405 3.56501 -8.26832
v -15.32405 3.56501 -8.26832
v -14.66670 5.58025 -8.89076
v -15.57036 3.56501 -8.83648
v -15.57036 3.56501 -8.83648
v -14.66670 5.58025 -8.89076
v -15.39383 3.56501 -9.43004
v -15.39383 3.56501 -9.43004
v -14.66670 5.58025 -8.89076
v -14.87708 3.56501 -9.77126
v -14.87708 3.56501 -9.77126
v -14.66670 5.58025 -8.89076
v -14.26188 3.56501 -9.70048
v -14.26188 3.56501 -9.70048
v -14.66670 5.58025 -8.89076
v -13.83611 3.56501 -9.25083
v -13.83611 3.56501 -9.25083
v -14.66670 5.58025 -8.89076
v -13.79898 3.56501 -8.63270
v -14.11330 4.09244 -8.42360
v -14.66670 6.10767 -8.89076
v -14.54306 4.09244 -8.17717
v -14.54306 4.09244 -8.17717
v -14.66670 6.10767 -8.89076
v -15.03067 4.09244 -8.26464
v -15.03067 4.09244 -8.26464
v -14.66670 6.10767 -8.89076
v -15.34798 4.09244 -8.64508
v -15.34798 4.09244 -8.64508
v -14.66670 6.10767 -8.89076
v -15.34652 4.09244 -9.14047
v -15.34652 4.09244 -9.14047
v -14.66670 6.10767 -8.89076
v -15.02696 4.09244 -9.51903
v -15.02696 4.09244 -9.51903
v -14.66670 6.10767 -8.89076
v -14.53883 4.09244 -9.60361
v -14.53883 4.09244 -9.60361
v -14.66670 6.10767 -8.89076
v -14.11054 4.09244 -9.35464
v -14.11054 4.09244 -9.35464
v -14.66670 6.10767 -8.89076
v -13.94248 4.09244 -8.88862
v -13.94248 4.09244 -8.88862
v -14.66670 6.10767 -8.89076
v -14.11330 4.09244 -8.42360
v -14.12354 4.61986 -8.88791
v -14.66670 6.63510 -8.89076
v -14.25245 4.61986 -8.53944
v -14.25245 4.61986 -8.53944
v -14.66670 6.63510 -8.89076
v -14.57519 4.61986 -8.35536
v -14.57519 4.61986 -8.35536
v -14.66670 6.63510 -8.89076
v -14.94075 4.61986 -8.42179
v -14.94075 4.61986 -8.42179
v -14.66670 6.63510 -8.89076
v -15.17808 4.61986 -8.70766
v -15.17808 4.61986 -8.70766
v -14.66670 6.63510 -8.89076
v -15.17614 4.61986 -9.07920
v -15.17614 4.61986 -9.07920
v -14.66670 6.63510 -8.89076
v -14.93582 4.61986 -9.36257
v -14.93582 4.61986 -9.36257
v -14.66670 6.63510 -8.89076
v -14.56958 4.61986 -9.42517
v -14.56958 4.61986 -9.42517
v -14.66670 6.63510 -8.89076
v -14.24879 4.61986 -9.23772
v -14.24879 4.61986 -9.23772
v -14.66670 6.63510 -8.89076
v -14.12354 4.61986 -8.88791
v -14.45360 5.14729 -8.59799
v -14.66670 7.16252 -8.89076
v -14.69165 5.14729 -8.52951
v -14.69165 5.14729 -8.52951
v -14.66670 7.16252 -8.89076
v -14.91802 5.14729 -8.63006
v -14.91802 5.14729 -8.63006
v -14.66670 7.16252 -8.89076
v -15.02680 5.14729 -8.85259
v -15.02680 5.14729 -8.85259
v -14.66670 7.16252 -8.89076
v -14.96709 5.14729 -9.09299
v -14.96709 5.14729 -9.09299
v -14.66670 7.16252 -8.89076
v -14.76682 5.14729 -9.23876
v -14.76682 5.14729 -9.23876
v -14.66670 7.16252 -8.89076
v -14.51971 5.14729 -9.22170
v -14.51971 5.14729 -9.22170
v -14.66670 7.16252 -8.89076
v -14.34138 5.14729 -9.04979
v -14.34138 5.14729 -9.04979
v -14.66670 7.16252 -8.89076
v -14.31527 5.14729 -8.80347
v -14.31527 5.14729 -8.80347
v -14.66670 7.16252 -8.89076
v -14.45360 5.14729 -8.59799
v -14.52593 5.67471 -8.77689
v -14.66670 7.68995 -8.89076
v -14.63206 5.67471 -8.71305
v -14.63206 5.67471 -8.71305
v -14.66670 7.68995 -8.89076
v -14.75440 5.67471 -8.73236
v -14.75440 5.67471 -8.73236
v -14.66670 7.68995 -8.89076
v -14.83570 5.67471 -8.82578
v -14.83570 5.67471 -8.82578
v -14.66670 7.68995 -8.89076
v -14.83793 5.67471 -8.94961
v -14.83793 5.67471 -8.94961
v -14.66670 7.68995 -8.89076
v -14.76004 5.67471 -9.04590
v -14.76004 5.67471 -9.04590
v -14.66670 7.68995 -8.89076
v -14.63848 5.67471 -9.06960
v -14.63848 5.67471 -9.06960
v -14.66670 7.68995 -8.89076
v -14.53013 5.67471 -9.00962
v -14.53013 5.67471 -9.00962
v -14.66670 7.68995 -8.89076
v -14.48568 5.67471 -8.89402
v -14.48568 5.67471 -8.89402
v -14.66670 7.68995 -8.89076
v -14.52593 5.67471 -8.77689
v 15.16731 20.76663 31.60650
v 14.11292 22.23612 31.54463
v 14.88086 20.76663 32.26977
v 14.88086 20.76663 32.26977
v 14.11292 22.23612 31.54463
v 14.23509 20.76663 32.59374
v 14.23509 20.76663 32.59374
v 14.11292 22.23612 31.54463
v 13.53215 20.76663 32.42683
v 13.53215 20.76663 32.42683
v 14.11292 22.23612 31.54463
v 13.10097 20.76663 31.84712
v 13.10097 20.76663 31.84712
v 14.11292 22.23612 31.54463
v 13.14328 20.76663 31.12588
v 13.14328 20.76663 31.12588
v 14.11292 22.23612 31.54463
v 13.63931 20.76663 30.60058
v 13.63931 20.76663 30.60058
v 14.11292 22.23612 31.54463
v 14.35694 20.76663 30.51701
v 14.35694 20.76663 30.51701
v 14.11292 22.23612 31.54463
v 14.96040 20.76663 30.91428
v 14.96040 20.76663 30.91428
v 14.11292 22.23612 31.54463
v 15.16731 20.76663 31.60650
v 14.95170 21.15122 31.93265
v 14.11292 22.62071 31.54463
v 14.50605 21.15122 32.38102
v 14.50605 21.15122 32.38102
v 14.11292 22.62071 31.54463
v 13.87645 21.15122 32.43804
v 13.87645 21.15122 32.43804
v 14.11292 22.62071 31.54463
v 13.35751 21.15122 32.07703
v 13.35751 21.15122 32.07703
v 14.11292 22.62071 31.54463
v 13.19202 21.15122 31.46690
v 13.19202 21.15122 31.46690
v 14.11292 22.62071 31.54463
v 13.45744 21.15122 30.89314
v 13.45744 21.15122 30.89314
v 14.11292 22.62071 31.54463
v 14.02957 21.15122 30.62423
v 14.02957 21.15122 30.62423
v 14.11292 22.62071 31.54463
v 14.64070 21.15122 30.78598
v 14.64070 21.15122 30.78598
v 14.11292 22.62071 31.54463
v 15.00487 21.15122 31.30272
v 15.00487 21.15122 31.30272
v 14.11292 22.62071 31.54463
v 14.95170 21.15122 31.93265
v 14.61766 21.53581 32.15516
v 14.11292 23.00531 31.54463
v 14.10713 21.53581 32.33676
v 14.10713 21.53581 32.33676
v 14.11292 23.00531 31.54463
v 13.59932 21.53581 32.14772
v 13.59932 21.53581 32.14772
v 14.11292 23.00531 31.54463
v 13.33182 21.53581 31.67649
v 13.33182 21.53581 31.67649
v 14.11292 23.00531 31.54463
v 13.42981 21.53581 31.14356
v 13.42981 21.53581 31.14356
v 14.11292 23.00531 31.54463
v 13.84744 21.53581 30.79830
v 13.84744 21.53581 30.79830
v 14.11292 23.00531 31.54463
v 14.38929 21.53581 30.80226
v 14.38929 21.53581 30.80226
v 14.11292 23.00531 31.54463
v 14.80182 21.53581 31.15358
v 14.80182 21.53581 31.15358
v 14.11292 23.00531 31.54463
v 14.89201 21.53581 31.68789
v 14.89201 21.53581 31.68789
v 14.11292 23.00531 31.54463
v 14.61766 21.53581 32.15516
v 14.67604 21.92041 31.88911
v 14.11292 23.38990 31.54463
v 14.32288 21.92041 32.17048
v 14.32288 21.92041 32.17048
v 14.11292 23.38990 31.54463
v 13.87147 21.92041 32.15902
v 13.87147 21.92041 32.15902
v 14.11292 23.38990 31.54463
v 13.53304 21.92041 31.86007
v 13.53304 21.92041 31.86007
v 14.11292 23.38990 31.54463
v 13.46595 21.92041 31.41354
v 13.46595 21.92041 31.41354
v 14.11292 23.38990 31.54463
v 13.70158 21.92041 31.02834
v 13.70158 21.92041 31.02834
v 14.11292 23.38990 31.54463
v 14.12968 21.92041 30.88472
v 14.12968 21.92041 30.88472
v 14.11292 23.38990 31.54463
v 14.54995 21.92041 31.04989
v 14.54995 21.92041 31.04989
v 14.11292 23.38990 31.54463
v 14.76572 21.92041 31.44655
v 14.76572 21.92041 31.44655
v 14.11292 23.38990 31.54463
v 14.67604 21.92041 31.88911
v 14.43333 22.30500 31.96443
v 14.11292 23.77450 31.54463
v 14.08853 22.30500 32.07217
v 14.08853 22.30500 32.07217
v 14.11292 23.77450 31.54463
v 13.75515 22.30500 31.93307
v 13.75515 22.30500 31.93307
v 14.11292 23.77450 31.54463
v 13.58917 22.30500 31.61222
v 13.58917 22.30500 31.61222
v 14.11292 23.77450 31.54463
v 13.66826 22.30500 31.25974
v 13.66826 22.30500 31.25974
v 14.11292 23.77450 31.54463
v 13.95542 22.30500 31.04057
v 13.95542 22.30500 31.04057
v 14.11292 23.77450 31.54463
v 14.31627 22.30500 31.05725
v 14.31627 22.30500 31.05725
v 14.11292 23.77450 31.54463
v 14.58198 22.30500 31.30199
v 14.58198 22.30500 31.30199
v 14.11292 23.77450 31.54463
v 14.62821 22.30500 31.66026
v 14.62821 22.30500 31.66026
v 14.11292 23.77450 31.54463
v 14.43333 22.30500 31.96443
v 14.47363 22.68960 31.70823
v 14.11292 24.15909 31.54463
v 14.28409 22.68960 31.90181
v 14.28409 22.68960 31.90181
v 14.11292 24.15909 31.54463
v 14.01445 22.68960 31.92827
v 14.01445 22.68960 31.92827
v 14.11292 24.15909 31.54463
v 13.79089 22.68960 31.77522
v 13.79089 22.68960 31.77522
v 14.11292 24.15909 31.54463
v 13.71801 22.68960 31.51428
v 13.71801 22.68960 31.51428
v 14.11292 24.15909 31.54463
v 13.82992 22.68960 31.26754
v 13.82992 22.68960 31.26754
v 14.11292 24.15909 31.54463
v 14.07424 22.68960 31.15045
v 14.07424 22.68960 31.15045
v 14.11292 24.15909 31.54463
v 14.33667 22.68960 31.21781
v 14.33667 22.68960 31.21781
v 14.11292 24.15909 31.54463
v 14.49440 22.68960 31.43809
v 14.49440 22.68960 31.43809
v 14.11292 24.15909 31.54463
v 14.47363 22.68960 31.70823
v 14.29290 23.07419 31.73784
v 14.11292 24.54368 31.54463
v 14.12660 23.07419 31.80833
v 14.12660 23.07419 31.80833
v 14.11292 24.54368 31.54463
v 13.95390 23.07419 31.75543
v 13.95390 23.07419 31.75543
v 14.11292 24.54368 31.54463
v 13.85561 23.07419 31.60390
v 13.85561 23.07419 31.60390
v 14.11292 24.54368 31.54463
v 13.87772 23.07419 31.42463
v 13.87772 23.07419 31.42463
v 14.11292 24.54368 31.54463
v 14.00988 23.07419 31.30152
v 14.00988 23.07419 31.30152
v 14.11292 24.54368 31.54463
v 14.19026 23.07419 31.29216
v 14.19026 23.07419 31.29216
v 14.11292 24.54368 31.54463
v 14.33445 23.07419 31.40094
v 14.33445 23.07419 31.40094
v 14.11292 24.54368 31.54463
v 14.37499 23.07419 31.57695
v 14.37499 23.07419 31.57695
v 14.11292 24.54368 31.54463
v 14.29290 23.07419 31.73784
v 14.23205 23.45878 31.60156
v 14.11292 24.92828 31.54463
v 14.16758 23.45878 31.66481
v 14.16758 23.45878 31.66481
v 14.11292 24.92828 31.54463
v 14.07755 23.45878 31.67183
v 14.07755 23.45878 31.67183
v 14.11292 24.92828 31.54463
v 14.00406 23.45878 31.61933
v 14.00406 23.45878 31.61933
v 14.11292 24.92828 31.54463
v 13.98152 23.45878 31.53188
v 13.98152 23.45878 31.53188
v 14.11292 24.92828 31.54463
v 14.02045 23.45878 31.45040
v 14.02045 23.45878 31.45040
v 14.11292 24.92828 31.54463
v 14.10266 23.45878 31.41301
v 14.10266 23.45878 31.41301
v 14.11292 24.92828 31.54463
v 14.18967 23.45878 31.43721
v 14.18967 23.45878 31.43721
v 14.11292 24.92828 31.54463
v 14.24077 23.45878 31.51167
v 14.24077 23.45878 31.51167
v 14.11292 24.92828 31.54463
v 14.23205 23.45878 31.60156
vt -7.24070 6.40450
vt -7.58799 6.75438
vt -7.49764 6.44869
vt -7.49764 6.44869
vt -7.58799 6.75438
vt -7.79685 6.36296
vt -7.79685 6.36296
vt -7.58799 6.75438
vt -7.99834 6.18744
vt -7.99834 6.18744
vt -7.58799 6.75438
vt -8.00783 6.00425
vt -8.00783 6.00425
vt -7.58799 6.75438
vt -7.82086 5.89910
vt -7.82086 5.89910
vt -7.58799 6.75438
vt -7.52494 5.92120
vt -7.52494 5.92120
vt -7.58799 6.75438
vt -7.25852 6.06021
vt -7.25852 6.06021
vt -7.58799 6.75438
vt -7.14626 6.25108
vt -7.14626 6.25108
vt -7.58799 6.75438
vt -7.24070 6.40450
vt -7.26559 6.51631
vt -7.58799 6.90705
vt -7.47827 6.56815
vt -7.47827 6.56815
vt -7.58799 6.90705
vt -7.74229 6.50561
vt -7.74229 6.50561
vt -7.58799 6.90705
vt -7.93412 6.35796
vt -7.93412 6.35796
vt -7.58799 6.90705
vt -7.96399 6.19429
vt -7.96399 6.19429
vt -7.58799 6.90705
vt -7.81793 6.09118
vt -7.81793 6.09118
vt -7.58799 6.90705
vt -7.56428 6.09687
vt -7.56428 6.09687
vt -7.58799 6.90705
vt -7.32173 6.20871
vt -7.32173 6.20871
vt -7.58799 6.90705
vt -7.20376 6.37436
vt -7.20376 6.37436
vt -7.58799 6.90705
vt -7.26559 6.51631
vt -7.26684 6.49141
vt -7.58799 7.05971
vt -7.28926 6.62230
vt -7.28926 6.62230
vt -7.58799 7.05971
vt -7.45147 6.68491
vt -7.45147 6.68491
vt -7.58799 7.05971
vt -7.67756 6.64995
vt -7.67756 6.64995
vt -7.58799 7.05971
vt -7.86174 6.53377
vt -7.86174 6.53377
vt -7.58799 7.05971
vt -7.91783 6.39075
vt -7.91783 6.39075
vt -7.58799 7.05971
vt -7.81959 6.28779
vt -7.81959 6.28779
vt -7.58799 7.05971
vt -7.61298 6.27308
vt -7.61298 6.27308
vt -7.58799 7.05971
vt -7.39468 6.35349
vt -7.39468 6.35349
vt -7.58799 7.05971
vt -7.26684 6.49141
vt -7.31996 6.64262
vt -7.58799 7.21238
vt -7.33977 6.75140
vt -7.33977 6.75140
vt -7.58799 7.21238
vt -7.47573 6.80293
vt -7.47573 6.80293
vt -7.58799 7.21238
vt -7.66422 6.77310
vt -7.66422 6.77310
vt -7.58799 7.21238
vt -7.81704 6.67587
vt -7.81704 6.67587
vt -7.58799 7.21238
vt -7.86269 6.55673
vt -7.86269 6.55673
vt -7.58799 7.21238
vt -7.77980 6.47143
vt -7.77980 6.47143
vt -7.58799 7.21238
vt -7.60717 6.45989
vt -7.60717 6.45989
vt -7.58799 7.21238
vt -7.42556 6.52749
vt -7.42556 6.52749
vt -7.58799 7.21238
vt -7.31996 6.64262
vt -7.36735 6.81859
vt -7.58799 7.36505
vt -7.41119 6.89661
vt -7.41119 6.89661
vt -7.58799 7.36505
vt -7.53776 6.92088
vt -7.53776 6.92088
vt -7.58799 7.36505
vt -7.68783 6.88003
vt -7.68783 6.88003
vt -7.58799 7.36505
vt -7.79119 6.79319
vt -7.79119 6.79319
vt -7.58799 7.36505
vt -7.79947 6.70097
vt -7.79947 6.70097
vt -7.58799 7.36505
vt -7.70880 6.64654
vt -7.70880 6.64654
vt -7.58799 7.36505
vt -7.56160 6.65536
vt -7.56160 6.65536
vt -7.58799 7.36505
vt -7.42675 6.72331
vt -7.42675 6.72331
vt -7.58799 7.36505
vt -7.36735 6.81859
vt -7.45468 7.02013
vt -7.58799 7.51772
vt -7.54916 7.03883
vt -7.54916 7.03883
vt -7.58799 7.51772
vt -7.66181 7.00866
vt -7.66181 7.00866
vt -7.58799 7.51772
vt -7.73992 6.94374
vt -7.73992 6.94374
vt -7.58799 7.51772
vt -7.74694 6.87445
vt -7.74694 6.87445
vt -7.58799 7.51772
vt -7.67959 6.83320
vt -7.67959 6.83320
vt -7.58799 7.51772
vt -7.56938 6.83930
vt -7.56938 6.83930
vt -7.58799 7.51772
vt -7.46788 6.88990
vt -7.46788 6.88990
vt -7.58799 7.51772
vt -7.42258 6.96131
vt -7.42258 6.96131
vt -7.58799 7.51772
vt -7.45468 7.02013
vt -7.48461 7.13112
vt -7.58799 7.67039
vt -7.53384 7.15567
vt -7.53384 7.15567
vt -7.58799 7.67039
vt -7.60842 7.14812
vt -7.60842 7.14812
vt -7.58799 7.67039
vt -7.67344 7.11200
vt -7.67344 7.11200
vt -7.58799 7.67039
vt -7.69847 7.06421
vt -7.69847 7.06421
vt -7.58799 7.67039
vt -7.67182 7.02711
vt -7.67182 7.02711
vt -7.58799 7.67039
vt -7.60594 7.01806
vt -7.60594 7.01806
vt -7.58799 7.67039
vt -7.53166 7.04129
vt -7.53166 7.04129
vt -7.58799 7.67039
vt -7.48375 7.08594
vt -7.48375 7.08594
vt -7.58799 7.67039
vt -7.48461 7.13112
vt -7.54470 7.26897
vt -7.58799 7.82306
vt -7.57688 7.27442
vt -7.57688 7.27442
vt -7.58799 7.82306
vt -7.61426 7.26363
vt -7.61426 7.26363
vt -7.58799 7.82306
vt -7.63936 7.24166
vt -7.63936 7.24166
vt -7.58799 7.82306
vt -7.64041 7.21878
vt -7.64041 7.21878
vt -7.58799 7.82306
vt -7.61694 7.20571
vt -7.61694 7.20571
vt -7.58799 7.82306
vt -7.57993 7.20855
vt -7.57993 7.20855
vt -7.58799 7.82306
vt -7.54669 7.22598
vt -7.54669 7.22598
vt -7.58799 7.82306
vt -7.53277 7.24984
vt -7.53277 7.24984
vt -7.58799 7.82306
vt -7.54470 7.26897
vt 8.41466 13.27361
vt 7.92013 13.76264
vt 8.08122 13.35010
vt 8.08122 13.35010
vt 7.92013 13.76264
vt 7.67240 13.24942
vt 7.67240 13.24942
vt 7.92013 13.76264
vt 7.37950 13.01867
vt 7.37950 13.01867
vt 7.92013 13.76264
vt 7.33956 12.76584
vt 7.33956 12.76584
vt 7.92013 13.76264
vt 7.57127 12.60921
vt 7.57127 12.60921
vt 7.92013 13.76264
vt 7.96622 12.62208
vt 7.96622 12.62208
vt 7.92013 13.76264
vt 8.33960 12.79843
vt 8.33960 12.79843
vt 7.92013 13.76264
vt 8.51670 13.05574
vt 8.51670 13.05574
vt 7.92013 13.76264
vt 8.41466 13.27361
vt 8.43037 13.20770
vt 7.92013 13.96971
vt 8.38907 13.41327
vt 8.38907 13.41327
vt 7.92013 13.96971
vt 8.12834 13.50901
vt 8.12834 13.50901
vt 7.92013 13.96971
vt 7.77019 13.45010
vt 7.77019 13.45010
vt 7.92013 13.96971
vt 7.48220 13.26413
vt 7.48220 13.26413
vt 7.92013 13.96971
vt 7.39911 13.03809
vt 7.39911 13.03809
vt 7.92013 13.96971
vt 7.55982 12.87777
vt 7.55982 12.87777
vt 7.92013 13.96971
vt 7.88911 12.85817
vt 7.88911 12.85817
vt 7.92013 13.96971
vt 8.23292 12.98847
vt 8.23292 12.98847
vt 7.92013 13.96971
vt 8.43037 13.20770
vt 8.32343 13.58544
vt 7.92013 14.17678
vt 8.10139 13.66869
vt 8.10139 13.66869
vt 7.92013 14.17678
vt 7.79453 13.61948
vt 7.79453 13.61948
vt 7.92013 14.17678
vt 7.54644 13.46083
vt 7.54644 13.46083
vt 7.92013 14.17678
vt 7.47320 13.26697
vt 7.47320 13.26697
vt 7.92013 14.17678
vt 7.60908 13.12862
vt 7.60908 13.12862
vt 7.92013 14.17678
vt 7.89050 13.11051
vt 7.89050 13.11051
vt 7.92013 14.17678
vt 8.18578 13.22111
vt 8.18578 13.22111
vt 7.92013 14.17678
vt 8.35676 13.40868
vt 8.35676 13.40868
vt 7.92013 14.17678
vt 8.32343 13.58544
vt 8.24541 13.76924
vt 7.92013 14.38385
vt 8.04983 13.82949
vt 8.04983 13.82949
vt 7.92013 14.38385
vt 7.79357 13.77892
vt 7.79357 13.77892
vt 7.92013 14.38385
vt 7.59652 13.64120
vt 7.59652 13.64120
vt 7.92013 14.38385
vt 7.55089 13.48077
vt 7.55089 13.48077
vt 7.92013 14.38385
vt 7.67803 13.37270
vt 7.67803 13.37270
vt 7.92013 14.38385
vt 7.91845 13.36754
vt 7.91845 13.36754
vt 7.92013 14.38385
vt 8.15965 13.46773
vt 8.15965 13.46773
vt 7.92013 14.38385
vt 8.28878 13.62637
vt 8.28878 13.62637
vt 7.92013 14.38385
vt 8.24541 13.76924
vt 8.16983 13.94913
vt 7.92013 14.59092
vt 8.00486 13.98917
vt 8.00486 13.98917
vt 7.92013 14.59092
vt 7.80024 13.94057
vt 7.80024 13.94057
vt 7.92013 14.59092
vt 7.65172 13.82607
vt 7.65172 13.82607
vt 7.92013 14.59092
vt 7.62879 13.69925
vt 7.62879 13.69925
vt 7.92013 14.59092
vt 7.74217 13.61944
vt 7.74217 13.61944
vt 7.92013 14.59092
vt 7.93883 13.62399
vt 7.93883 13.62399
vt 7.92013 14.59092
vt 8.12673 13.71078
vt 8.12673 13.71078
vt 7.92013 14.59092
vt 8.21796 13.83918
vt 8.21796 13.83918
vt 7.92013 14.59092
vt 8.16983 13.94913
vt 8.11357 14.11418
vt 7.92013 14.79799
vt 7.99472 14.14895
vt 7.99472 14.14895
vt 7.92013 14.79799
vt 7.84097 14.11720
vt 7.84097 14.11720
vt 7.92013 14.79799
vt 7.72425 14.03380
vt 7.72425 14.03380
vt 7.92013 14.79799
vt 7.69919 13.93776
vt 7.69919 13.93776
vt 7.92013 14.79799
vt 7.77750 13.87403
vt 7.77750 13.87403
vt 7.92013 14.79799
vt 7.92255 13.87242
vt 7.92255 13.87242
vt 7.92013 14.79799
vt 8.06646 13.93369
vt 8.06646 13.93369
vt 7.92013 14.79799
vt 8.14190 14.02917
vt 8.14190 14.02917
vt 7.92013 14.79799
vt 8.11357 14.11418
vt 8.06350 14.21639
vt 7.92013 15.00506
vt 8.05798 14.27670
vt 8.05798 14.27670
vt 7.92013 15.00506
vt 7.98795 14.30761
vt 7.98795 14.30761
vt 7.92013 15.00506
vt 7.88619 14.29466
vt 7.88619 14.29466
vt 7.92013 15.00506
vt 7.80030 14.24390
vt 7.80030 14.24390
vt 7.92013 15.00506
vt 7.77049 14.17909
vt 7.77049 14.17909
vt 7.92013 15.00506
vt 7.81069 14.13056
vt 7.81069 14.13056
vt 7.92013 15.00506
vt 7.90210 14.12100
vt 7.90210 14.12100
vt 7.92013 15.00506
vt 8.00194 14.15490
vt 8.00194 14.15490
vt 7.92013 15.00506
vt 8.06350 14.21639
vt 7.99363 14.42690
vt 7.92013 15.21212
vt 7.98579 14.45573
vt 7.98579 14.45573
vt 7.92013 15.21212
vt 7.94722 14.46827
vt 7.94722 14.46827
vt 7.92013 15.21212
vt 7.89598 14.45867
vt 7.89598 14.45867
vt 7.92013 15.21212
vt 7.85603 14.43141
vt 7.85603 14.43141
vt 7.92013 15.21212
vt 7.84608 14.39925
vt 7.84608 14.39925
vt 7.92013 15.21212
vt 7.87077 14.37724
vt 7.87077 14.37724
vt 7.92013 15.21212
vt 7.91856 14.37568
vt 7.91856 14.37568
vt 7.92013 15.21212
vt 7.96708 14.39529
vt 7.96708 14.39529
vt 7.92013 15.21212
vt 7.99363 14.42690
vt 12.49866 13.93188
vt 12.00996 14.45070
vt 12.34960 14.08296
vt 12.34960 14.08296
vt 12.00996 14.45070
vt 12.04162 14.10245
vt 12.04162 14.10245
vt 12.00996 14.45070
vt 11.71882 13.98123
vt 11.71882 13.98123
vt 12.00996 14.45070
vt 11.53225 13.77601
vt 11.53225 13.77601
vt 12.00996 14.45070
vt 11.56920 13.58282
vt 11.56920 13.58282
vt 12.00996 14.45070
vt 11.81239 13.49206
vt 11.81239 13.49206
vt 12.00996 14.45070
vt 12.14803 13.54620
vt 12.14803 13.54620
vt 12.00996 14.45070
vt 12.41906 13.71989
vt 12.41906 13.71989
vt 12.00996 14.45070
vt 12.49866 13.93188
vt 12.35669 14.19373
vt 12.00996 14.62055
vt 12.11186 14.24274
vt 12.11186 14.24274
vt 12.00996 14.62055
vt 11.81934 14.16486
vt 11.81934 14.16486
vt 12.00996 14.62055
vt 11.61602 13.99654
vt 11.61602 13.99654
vt 12.00996 14.62055
vt 11.59703 13.81654
vt 11.59703 13.81654
vt 12.00996 14.62055
vt 11.77125 13.70908
vt 11.77125 13.70908
vt 12.00996 14.62055
vt 12.05717 13.72444
vt 12.05717 13.72444
vt 12.00996 14.62055
vt 12.32099 13.85544
vt 12.32099 13.85544
vt 12.00996 14.62055
vt 12.43928 14.04078
vt 12.43928 14.04078
vt 12.00996 14.62055
vt 12.35669 14.19373
vt 12.34080 14.30532
vt 12.00996 14.79039
vt 12.15870 14.37363
vt 12.15870 14.37363
vt 12.00996 14.79039
vt 11.90700 14.33329
vt 11.90700 14.33329
vt 12.00996 14.79039
vt 11.70348 14.20317
vt 11.70348 14.20317
vt 12.00996 14.79039
vt 11.64336 14.04416
vt 11.64336 14.04416
vt 12.00996 14.79039
vt 11.75478 13.93066
vt 11.75478 13.93066
vt 12.00996 14.79039
vt 11.98560 13.91577
vt 11.98560 13.91577
vt 12.00996 14.79039
vt 12.22782 14.00647
vt 12.22782 14.00647
vt 12.00996 14.79039
vt 12.36809 14.16032
vt 12.36809 14.16032
vt 12.00996 14.79039
vt 12.34080 14.30532
vt 12.31726 14.37248
vt 12.00996 14.96024
vt 12.24563 14.47673
vt 12.24563 14.47673
vt 12.00996 14.96024
vt 12.06373 14.50356
vt 12.06373 14.50356
vt 12.00996 14.96024
vt 11.85667 14.44041
vt 11.85667 14.44041
vt 12.00996 14.96024
vt 11.72133 14.31684
vt 11.72133 14.31684
vt 12.00996 14.96024
vt 11.72105 14.19066
vt 11.72105 14.19066
vt 12.00996 14.96024
vt 11.85595 14.12091
vt 11.85595 14.12091
vt 12.00996 14.96024
vt 12.06291 14.14024
vt 12.06291 14.14024
vt 12.00996 14.96024
vt 12.24510 14.23959
vt 12.24510 14.23959
vt 12.00996 14.96024
vt 12.31726 14.37248
vt 12.25523 14.52014
vt 12.00996 15.13009
vt 12.20859 14.60776
vt 12.20859 14.60776
vt 12.00996 15.13009
vt 12.06901 14.63611
vt 12.06901 14.63611
vt 12.00996 15.13009
vt 11.90180 14.59195
vt 11.90180 14.59195
vt 12.00996 15.13009
vt 11.78520 14.49592
vt 11.78520 14.49592
vt 12.00996 15.13009
vt 11.77376 14.39297
vt 11.77376 14.39297
vt 12.00996 15.13009
vt 11.87285 14.33126
vt 11.87285 14.33126
vt 12.00996 15.13009
vt 12.03609 14.33967
vt 12.03609 14.33967
vt 12.00996 15.13009
vt 12.18710 14.41427
vt 12.18710 14.41427
vt 12.00996 15.13009
vt 12.25523 14.52014
vt 12.15544 14.74803
vt 12.00996 15.29994
vt 12.04858 14.76687
vt 12.04858 14.76687
vt 12.00996 15.29994
vt 11.92366 14.73147
vt 11.92366 14.73147
vt 12.00996 15.29994
vt 11.83912 14.65840
vt 11.83912 14.65840
vt 12.00996 15.29994
vt 11.83451 14.58186
vt 11.83451 14.58186
vt 12.00996 15.29994
vt 11.91200 14.53765
vt 11.91200 14.53765
vt 12.00996 15.29994
vt 12.03533 14.54646
vt 12.03533 14.54646
vt 12.00996 15.29994
vt 12.14678 14.60417
vt 12.14678 14.60417
vt 12.00996 15.29994
vt 12.19422 14.68378
vt 12.19422 14.68378
vt 12.00996 15.29994
vt 12.15544 14.74803
vt 12.13203 14.85389
vt 12.00996 15.46979
vt 12.09419 14.89138
vt 12.09419 14.89138
vt 12.00996 15.46979
vt 12.01694 14.89584
vt 12.01694 14.89584
vt 12.00996 15.46979
vt 11.93642 14.86521
vt 11.93642 14.86521
vt 12.00996 15.46979
vt 11.89031 14.81380
vt 11.89031 14.81380
vt 12.00996 15.46979
vt 11.90019 14.76567
vt 11.90019 14.76567
vt 12.00996 15.46979
vt 11.96143 14.74335
vt 11.96143 14.74335
vt 12.00996 15.46979
vt 12.04537 14.75727
vt 12.04537 14.75727
vt 12.00996 15.46979
vt 12.11275 14.80093
vt 12.11275 14.80093
vt 12.00996 15.46979
vt 12.13203 14.85389
vt 12.06952 14.99348
vt 12.00996 15.63964
vt 12.06533 15.01774
vt 12.06533 15.01774
vt 12.00996 15.63964
vt 12.03523 15.02933
vt 12.03523 15.02933
vt 12.00996 15.63964
vt 11.99330 15.02283
vt 11.99330 15.02283
vt 12.00996 15.63964
vt 11.95917 15.00127
vt 11.95917 15.00127
vt 12.00996 15.63964
vt 11.94881 14.97475
vt 11.94881 14.97475
vt 12.00996 15.63964
vt 11.96705 14.95568
vt 11.96705 14.95568
vt 12.00996 15.63964
vt 12.00538 14.95297
vt 12.00538 14.95297
vt 12.00996 15.63964
vt 12.04585 14.96791
vt 12.04585 14.96791
vt 12.00996 15.63964
vt 12.06952 14.99348
vt 8.14422 11.02066
vt 7.60352 11.56038
vt 7.91372 11.16038
vt 7.91372 11.16038
vt 7.60352 11.56038
vt 7.53807 11.13870
vt 7.53807 11.13870
vt 7.60352 11.56038
vt 7.19305 10.96576
vt 7.19305 10.96576
vt 7.60352 11.56038
vt 7.04009 10.72249
vt 7.04009 10.72249
vt 7.60352 11.56038
vt 7.15076 10.52271
vt 7.15076 10.52271
vt 7.60352 11.56038
vt 7.47329 10.45990
vt 7.47329 10.45990
vt 7.60352 11.56038
vt 7.85675 10.56345
vt 7.85675 10.56345
vt 7.60352 11.56038
vt 8.12172 10.78491
vt 8.12172 10.78491
vt 7.60352 11.56038
vt 8.14422 11.02066
vt 8.07970 11.18418
vt 7.60352 11.75535
vt 7.88416 11.31034
vt 7.88416 11.31034
vt 7.60352 11.75535
vt 7.55730 11.29617
vt 7.55730 11.29617
vt 7.60352 11.75535
vt 7.25207 11.14828
vt 7.25207 11.14828
vt 7.60352 11.75535
vt 7.11129 10.93588
vt 7.11129 10.93588
vt 7.60352 11.75535
vt 7.20083 10.75835
vt 7.20083 10.75835
vt 7.60352 11.75535
vt 7.47879 10.69876
vt 7.47879 10.69876
vt 7.60352 11.75535
vt 7.81511 10.78500
vt 7.81511 10.78500
vt 7.60352 11.75535
vt 8.05243 10.97670
vt 8.05243 10.97670
vt 7.60352 11.75535
vt 8.07970 11.18418
vt 8.01519 11.34682
vt 7.60352 11.95031
vt 7.85555 11.45983
vt 7.85555 11.45983
vt 7.60352 11.95031
vt 7.57798 11.45378
vt 7.57798 11.45378
vt 7.60352 11.95031
vt 7.31236 11.33149
vt 7.31236 11.33149
vt 7.60352 11.95031
vt 7.18298 11.15019
vt 7.18298 11.15019
vt 7.60352 11.95031
vt 7.25038 10.99471
vt 7.25038 10.99471
vt 7.60352 11.95031
vt 7.48301 10.93780
vt 7.48301 10.93780
vt 7.60352 11.95031
vt 7.77203 11.00609
vt 7.77203 11.00609
vt 7.60352 11.95031
vt 7.98220 11.16762
vt 7.98220 11.16762
vt 7.60352 11.95031
vt 8.01519 11.34682
vt 7.95446 11.44915
vt 7.60352 12.14528
vt 7.89525 11.57766
vt 7.89525 11.57766
vt 7.60352 12.14528
vt 7.69954 11.62319
vt 7.69954 11.62319
vt 7.60352 12.14528
vt 7.45890 11.56445
vt 7.45890 11.56445
vt 7.60352 12.14528
vt 7.28593 11.42892
vt 7.28593 11.42892
vt 7.60352 12.14528
vt 7.26156 11.28001
vt 7.26156 11.28001
vt 7.60352 12.14528
vt 7.39720 11.18740
vt 7.39720 11.18740
vt 7.60352 12.14528
vt 7.62938 11.19443
vt 7.62938 11.19443
vt 7.60352 12.14528
vt 7.84946 11.29781
vt 7.84946 11.29781
vt 7.60352 12.14528
vt 7.95446 11.44915
vt 7.87458 11.69661
vt 7.60352 12.34024
vt 7.76070 11.76736
vt 7.76070 11.76736
vt 7.60352 12.34024
vt 7.57328 11.75760
vt 7.57328 11.75760
vt 7.60352 12.34024
vt 7.40001 11.67189
vt 7.40001 11.67189
vt 7.60352 12.34024
vt 7.32196 11.55035
vt 7.32196 11.55035
vt 7.60352 12.34024
vt 7.37566 11.44985
vt 7.37566 11.44985
vt 7.60352 12.34024
vt 7.53598 11.41740
vt 7.53598 11.41740
vt 7.60352 12.34024
vt 7.72790 11.46819
vt 7.72790 11.46819
vt 7.60352 12.34024
vt 7.86162 11.57846
vt 7.86162 11.57846
vt 7.60352 12.34024
vt 7.87458 11.69661
vt 7.81251 11.85211
vt 7.60352 12.53521
vt 7.74215 11.91395
vt 7.74215 11.91395
vt 7.60352 12.53521
vt 7.60692 11.91792
vt 7.60692 11.91792
vt 7.60352 12.53521
vt 7.47010 11.86216
vt 7.47010 11.86216
vt 7.60352 12.53521
vt 7.39571 11.77276
vt 7.39571 11.77276
vt 7.60352 12.53521
vt 7.41856 11.69155
vt 7.41856 11.69155
vt 7.60352 12.53521
vt 7.52795 11.65654
vt 7.52795 11.65654
vt 7.60352 12.53521
vt 7.67271 11.68409
vt 7.67271 11.68409
vt 7.60352 12.53521
vt 7.78509 11.76133
vt 7.78509 11.76133
vt 7.60352 12.53521
vt 7.81251 11.85211
vt 7.74447 12.00955
vt 7.60352 12.73017
vt 7.71565 12.05905
vt 7.71565 12.05905
vt 7.60352 12.73017
vt 7.63436 12.07401
vt 7.63436 12.07401
vt 7.60352 12.73017
vt 7.53864 12.04743
vt 7.53864 12.04743
vt 7.60352 12.73017
vt 7.47328 11.99175
vt 7.47328 11.99175
vt 7.60352 12.73017
vt 7.46886 11.93302
vt 7.46886 11.93302
vt 7.60352 12.73017
vt 7.52745 11.89872
vt 7.52745 11.89872
vt 7.60352 12.73017
vt 7.62163 11.90490
vt 7.62163 11.90490
vt 7.60352 12.73017
vt 7.70734 11.94867
vt 7.70734 11.94867
vt 7.60352 12.73017
vt 7.74447 12.00955
vt 7.67407 12.19391
vt 7.60352 12.92514
vt 7.65799 12.21799
vt 7.65799 12.21799
vt 7.60352 12.92514
vt 7.61642 12.22439
vt 7.61642 12.22439
vt 7.60352 12.92514
vt 7.56882 12.21011
vt 7.56882 12.21011
vt 7.60352 12.92514
vt 7.53746 12.18184
vt 7.53746 12.18184
vt 7.60352 12.92514
vt 7.53700 12.15279
vt 7.53700 12.15279
vt 7.60352 12.92514
vt 7.56767 12.13657
vt 7.56767 12.13657
vt 7.60352 12.92514
vt 7.61512 12.14076
vt 7.61512 12.14076
vt 7.60352 12.92514
vt 7.65713 12.16341
vt 7.65713 12.16341
vt 7.60352 12.92514
vt 7.67407 12.19391
vt -10.81284 -1.70386
vt -11.16935 -1.24140
vt -10.84231 -1.56048
vt -10.84231 -1.56048
vt -11.16935 -1.24140
vt -11.02481 -1.49400
vt -11.02481 -1.49400
vt -11.16935 -1.24140
vt -11.27494 -1.53552
vt -11.27494 -1.53552
vt -11.16935 -1.24140
vt -11.47566 -1.66561
vt -11.47566 -1.66561
vt -11.16935 -1.24140
vt -11.53306 -1.82341
vt -11.53306 -1.82341
vt -11.16935 -1.24140
vt -11.42027 -1.93508
vt -11.42027 -1.93508
vt -11.16935 -1.24140
vt -11.19008 -1.94836
vt -11.19008 -1.94836
vt -11.16935 -1.24140
vt -10.95018 -1.85705
vt -10.95018 -1.85705
vt -11.16935 -1.24140
vt -10.81284 -1.70386
vt -10.85014 -1.51739
vt -11.16935 -1.11488
vt -10.94312 -1.41687
vt -10.94312 -1.41687
vt -11.16935 -1.11488
vt -11.14194 -1.40124
vt -11.14194 -1.40124
vt -11.16935 -1.11488
vt -11.35360 -1.47782
vt -11.35360 -1.47782
vt -11.16935 -1.11488
vt -11.47904 -1.61078
vt -11.47904 -1.61078
vt -11.16935 -1.11488
vt -11.45957 -1.73789
vt -11.45957 -1.73789
vt -11.16935 -1.11488
vt -11.30431 -1.79969
vt -11.30431 -1.79969
vt -11.16935 -1.11488
vt -11.08590 -1.76726
vt -11.08590 -1.76726
vt -11.16935 -1.11488
vt -10.90653 -1.65577
vt -10.90653 -1.65577
vt -11.16935 -1.11488
vt -10.85014 -1.51739
vt -10.94149 -1.33416
vt -11.16935 -0.98836
vt -11.09341 -1.29820
vt -11.09341 -1.29820
vt -11.16935 -0.98836
vt -11.28086 -1.34346
vt -11.28086 -1.34346
vt -11.16935 -0.98836
vt -11.41613 -1.44876
vt -11.41613 -1.44876
vt -11.16935 -0.98836
vt -11.43594 -1.56483
vt -11.43594 -1.56483
vt -11.16935 -0.98836
vt -11.33100 -1.63736
vt -11.33100 -1.63736
vt -11.16935 -0.98836
vt -11.15043 -1.63242
vt -11.15043 -1.63242
vt -11.16935 -0.98836
vt -10.97871 -1.55231
vt -10.97871 -1.55231
vt -11.16935 -0.98836
vt -10.89619 -1.43452
vt -10.89619 -1.43452
vt -11.16935 -0.98836
vt -10.94149 -1.33416
vt -10.95410 -1.25548
vt -11.16935 -0.86184
vt -11.05451 -1.20348
vt -11.05451 -1.20348
vt -11.16935 -0.86184
vt -11.20866 -1.21782
vt -11.20866 -1.21782
vt -11.16935 -0.86184
vt -11.34442 -1.29179
vt -11.34442 -1.29179
vt -11.16935 -0.86184
vt -11.39826 -1.39078
vt -11.39826 -1.39078
vt -11.16935 -0.86184
vt -11.34499 -1.46847
vt -11.34499 -1.46847
vt -11.16935 -0.86184
vt -11.20954 -1.48851
vt -11.20954 -1.48851
vt -11.16935 -0.86184
vt -11.05528 -1.44152
vt -11.05528 -1.44152
vt -11.16935 -0.86184
vt -10.95440 -1.34949
vt -10.95440 -1.34949
vt -11.16935 -0.86184
vt -10.95410 -1.25548
vt -10.98635 -1.17798
vt -11.16935 -0.73532
vt -11.03362 -1.11783
vt -11.03362 -1.11783
vt -11.16935 -0.73532
vt -11.14440 -1.10490
vt -11.14440 -1.10490
vt -11.16935 -0.73532
vt -11.26685 -1.14523
vt -11.26685 -1.14523
vt -11.16935 -0.73532
vt -11.34368 -1.21996
vt -11.34368 -1.21996
vt -11.16935 -0.73532
vt -11.33894 -1.29412
vt -11.33894 -1.29412
vt -11.16935 -0.73532
vt -11.25485 -1.33301
vt -11.25485 -1.33301
vt -11.16935 -0.73532
vt -11.13075 -1.31843
vt -11.13075 -1.31843
vt -11.16935 -0.73532
vt -11.02471 -1.25720
vt -11.02471 -1.25720
vt -11.16935 -0.73532
vt -10.98635 -1.17798
vt -11.03642 -1.08637
vt -11.16935 -0.60880
vt -11.04531 -1.03203
vt -11.04531 -1.03203
vt -11.16935 -0.60880
vt -11.11224 -1.00585
vt -11.11224 -1.00585
vt -11.16935 -0.60880
vt -11.20589 -1.02009
vt -11.20589 -1.02009
vt -11.16935 -0.60880
vt -11.28244 -1.06808
vt -11.28244 -1.06808
vt -11.16935 -0.60880
vt -11.30608 -1.12736
vt -11.30608 -1.12736
vt -11.16935 -0.60880
vt -11.26574 -1.17020
vt -11.26574 -1.17020
vt -11.16935 -0.60880
vt -11.18030 -1.17655
vt -11.18030 -1.17655
vt -11.16935 -0.60880
vt -11.08973 -1.14345
vt -11.08973 -1.14345
vt -11.16935 -0.60880
vt -11.03642 -1.08637
vt -11.08367 -0.92919
vt -11.16935 -0.48228
vt -11.12447 -0.90884
vt -11.12447 -0.90884
vt -11.16935 -0.48228
vt -11.18627 -0.91509
vt -11.18627 -0.91509
vt -11.16935 -0.48228
vt -11.24016 -0.94503
vt -11.24016 -0.94503
vt -11.16935 -0.48228
vt -11.26091 -0.98464
vt -11.26091 -0.98464
vt -11.16935 -0.48228
vt -11.23882 -1.01538
vt -11.23882 -1.01538
vt -11.16935 -0.48228
vt -11.18423 -1.02288
vt -11.18423 -1.02288
vt -11.16935 -0.48228
vt -11.12267 -1.00363
vt -11.12267 -1.00363
vt -11.16935 -0.48228
vt -11.08296 -0.96662
vt -11.08296 -0.96662
vt -11.16935 -0.48228
vt -11.08367 -0.92919
vt -11.12378 -0.82745
vt -11.16935 -0.35576
vt -11.13724 -0.81318
vt -11.13724 -0.81318
vt -11.16935 -0.35576
vt -11.16573 -0.81107
vt -11.16573 -0.81107
vt -11.16935 -0.35576
vt -11.19592 -0.82212
vt -11.19592 -0.82212
vt -11.16935 -0.35576
vt -11.21367 -0.84115
vt -11.21367 -0.84115
vt -11.16935 -0.35576
vt -11.21068 -0.85926
vt -11.21068 -0.85926
vt -11.16935 -0.35576
vt -11.18836 -0.86797
vt -11.18836 -0.86797
vt -11.16935 -0.35576
vt -11.15714 -0.86321
vt -11.15714 -0.86321
vt -11.16935 -0.35576
vt -11.13163 -0.84721
vt -11.13163 -0.84721
vt -11.16935 -0.35576
vt -11.12378 -0.82745
vt 6.07991 6.90719
vt 5.72278 7.27297
vt 5.94919 7.00848
vt 5.94919 7.00848
vt 5.72278 7.27297
vt 5.71252 7.00835
vt 5.71252 7.00835
vt 5.72278 7.27297
vt 5.48065 6.90686
vt 5.48065 6.90686
vt 5.72278 7.27297
vt 5.36208 6.75150
vt 5.36208 6.75150
vt 5.72278 7.27297
vt 5.41228 6.61497
vt 5.41228 6.61497
vt 5.72278 7.27297
vt 5.60776 6.56114
vt 5.60776 6.56114
vt 5.72278 7.27297
vt 5.85706 6.61521
vt 5.85706 6.61521
vt 5.72278 7.27297
vt 6.04353 6.75187
vt 6.04353 6.75187
vt 5.72278 7.27297
vt 6.07991 6.90719
vt 6.04083 6.96636
vt 5.72278 7.39891
vt 5.98241 7.08083
vt 5.98241 7.08083
vt 5.72278 7.39891
vt 5.80251 7.11896
vt 5.80251 7.11896
vt 5.72278 7.39891
vt 5.58530 7.06291
vt 5.58530 7.06291
vt 5.72278 7.39891
vt 5.43241 6.93890
vt 5.43241 6.93890
vt 5.72278 7.39891
vt 5.41539 6.80496
vt 5.41539 6.80496
vt 5.72278 7.39891
vt 5.54220 6.72376
vt 5.54220 6.72376
vt 5.72278 7.39891
vt 5.75350 6.73330
vt 5.75350 6.73330
vt 5.72278 7.39891
vt 5.95042 6.82911
vt 5.95042 6.82911
vt 5.72278 7.39891
vt 6.04083 6.96636
vt 5.97428 7.15832
vt 5.72278 7.52486
vt 5.84645 7.21469
vt 5.84645 7.21469
vt 5.72278 7.52486
vt 5.66075 7.19102
vt 5.66075 7.19102
vt 5.72278 7.52486
vt 5.50407 7.09837
vt 5.50407 7.09837
vt 5.72278 7.52486
vt 5.44973 6.98012
vt 5.44973 6.98012
vt 5.72278 7.52486
vt 5.52315 6.89158
vt 5.52315 6.89158
vt 5.72278 7.52486
vt 5.68997 6.87418
vt 5.68997 6.87418
vt 5.72278 7.52486
vt 5.87215 6.93607
vt 5.87215 6.93607
vt 5.72278 7.52486
vt 5.98443 7.04829
vt 5.98443 7.04829
vt 5.72278 7.52486
vt 5.97428 7.15832
vt 5.94910 7.19892
vt 5.72278 7.65081
vt 5.91320 7.28275
vt 5.91320 7.28275
vt 5.72278 7.65081
vt 5.78820 7.31363
vt 5.78820 7.31363
vt 5.72278 7.65081
vt 5.63259 7.27710
vt 5.63259 7.27710
vt 5.72278 7.65081
vt 5.51917 7.19026
vt 5.51917 7.19026
vt 5.72278 7.65081
vt 5.50103 7.09374
vt 5.50103 7.09374
vt 5.72278 7.65081
vt 5.58664 7.03271
vt 5.58664 7.03271
vt 5.72278 7.65081
vt 5.73595 7.03571
vt 5.73595 7.03571
vt 5.72278 7.65081
vt 5.87910 7.10136
vt 5.87910 7.10136
vt 5.72278 7.65081
vt 5.94910 7.19892
vt 5.90328 7.31633
vt 5.72278 7.77676
vt 5.87744 7.38435
vt 5.87744 7.38435
vt 5.72278 7.77676
vt 5.77923 7.41082
vt 5.77923 7.41082
vt 5.72278 7.77676
vt 5.65460 7.38333
vt 5.65460 7.38333
vt 5.72278 7.77676
vt 5.56187 7.31476
vt 5.56187 7.31476
vt 5.72278 7.77676
vt 5.54443 7.23719
vt 5.54443 7.23719
vt 5.72278 7.77676
vt 5.61044 7.18691
vt 5.61044 7.18691
vt 5.72278 7.77676
vt 5.72901 7.18746
vt 5.72901 7.18746
vt 5.72278 7.77676
vt 5.84466 7.23857
vt 5.84466 7.23857
vt 5.72278 7.77676
vt 5.90328 7.31633
vt 5.85109 7.47546
vt 5.72278 7.90271
vt 5.79072 7.50625
vt 5.79072 7.50625
vt 5.72278 7.90271
vt 5.69856 7.49737
vt 5.69856 7.49737
vt 5.72278 7.90271
vt 5.61773 7.45298
vt 5.61773 7.45298
vt 5.72278 7.90271
vt 5.58605 7.39384
vt 5.58605 7.39384
vt 5.72278 7.90271
vt 5.61834 7.34764
vt 5.61834 7.34764
vt 5.72278 7.90271
vt 5.69950 7.33598
vt 5.69950 7.33598
vt 5.72278 7.90271
vt 5.79155 7.36433
vt 5.79155 7.36433
vt 5.72278 7.90271
vt 5.85142 7.41941
vt 5.85142 7.41941
vt 5.72278 7.90271
vt 5.85109 7.47546
vt 5.81376 7.56232
vt 5.72278 8.02866
vt 5.79601 7.59463
vt 5.79601 7.59463
vt 5.72278 8.02866
vt 5.74399 7.60485
vt 5.74399 7.60485
vt 5.72278 8.02866
vt 5.68204 7.58820
vt 5.68204 7.58820
vt 5.72278 8.02866
vt 5.63916 7.55247
vt 5.63916 7.55247
vt 5.72278 8.02866
vt 5.63540 7.51437
vt 5.63540 7.51437
vt 5.72278 8.02866
vt 5.67252 7.49174
vt 5.67252 7.49174
vt 5.72278 8.02866
vt 5.73316 7.49516
vt 5.73316 7.49516
vt 5.72278 8.02866
vt 5.78894 7.52304
vt 5.78894 7.52304
vt 5.72278 8.02866
vt 5.81376 7.56232
vt 5.76832 7.68156
vt 5.72278 8.15461
vt 5.75865 7.69741
vt 5.75865 7.69741
vt 5.72278 8.15461
vt 5.73219 7.70201
vt 5.73219 7.70201
vt 5.72278 8.15461
vt 5.70132 7.69320
vt 5.70132 7.69320
vt 5.72278 8.15461
vt 5.68049 7.67512
vt 5.68049 7.67512
vt 5.72278 8.15461
vt 5.67945 7.65622
vt 5.67945 7.65622
vt 5.72278 8.15461
vt 5.69868 7.64534
vt 5.69868 7.64534
vt 5.72278 8.15461
vt 5.72918 7.64758
vt 5.72918 7.64758
vt 5.72278 8.15461
vt 5.75669 7.66188
vt 5.75669 7.66188
vt 5.72278 8.15461
vt 5.76832 7.68156
vt -9.16956 -2.62825
vt -9.63465 -2.15783
vt -9.35211 -2.50149
vt -9.35211 -2.50149
vt -9.63465 -2.15783
vt -9.66686 -2.50978
vt -9.66686 -2.50978
vt -9.63465 -2.15783
vt -9.96654 -2.64922
vt -9.96654 -2.64922
vt -9.63465 -2.15783
vt -10.11093 -2.85459
vt -10.11093 -2.85459
vt -9.63465 -2.15783
vt -10.03246 -3.02978
vt -10.03246 -3.02978
vt -9.63465 -2.15783
vt -9.76785 -3.09282
vt -9.76785 -3.09282
vt -9.63465 -2.15783
vt -9.44092 -3.01421
vt -9.44092 -3.01421
vt -9.63465 -2.15783
vt -9.20463 -2.83074
vt -9.20463 -2.83074
vt -9.63465 -2.15783
vt -9.16956 -2.62825
vt -9.22943 -2.60788
vt -9.63465 -1.99235
vt -9.25535 -2.44174
vt -9.25535 -2.44174
vt -9.63465 -1.99235
vt -9.45875 -2.36117
vt -9.45875 -2.36117
vt -9.63465 -1.99235
vt -9.74445 -2.40387
vt -9.74445 -2.40387
vt -9.63465 -1.99235
vt -9.97878 -2.54987
vt -9.97878 -2.54987
vt -9.63465 -1.99235
vt -10.05209 -2.73084
vt -10.05209 -2.73084
vt -9.63465 -1.99235
vt -9.93007 -2.86211
vt -9.93007 -2.86211
vt -9.63465 -1.99235
vt -9.66982 -2.88226
vt -9.66982 -2.88226
vt -9.63465 -1.99235
vt -9.39312 -2.78185
vt -9.39312 -2.78185
vt -9.63465 -1.99235
vt -9.22943 -2.60788
vt -9.28742 -2.33437
vt -9.63465 -1.82687
vt -9.42793 -2.24150
vt -9.42793 -2.24150
vt -9.63465 -1.82687
vt -9.66517 -2.25046
vt -9.66517 -2.25046
vt -9.63465 -1.82687
vt -9.88813 -2.35707
vt -9.88813 -2.35707
vt -9.63465 -1.82687
vt -9.99248 -2.51144
vt -9.99248 -2.51144
vt -9.63465 -1.82687
vt -9.92941 -2.64134
vt -9.92941 -2.64134
vt -9.63465 -1.82687
vt -9.72841 -2.68599
vt -9.72841 -2.68599
vt -9.63465 -1.82687
vt -9.48354 -2.62449
vt -9.48354 -2.62449
vt -9.63465 -1.82687
vt -9.30938 -2.48563
vt -9.30938 -2.48563
vt -9.63465 -1.82687
vt -9.28742 -2.33437
vt -9.33612 -2.22031
vt -9.63465 -1.66139
vt -9.42059 -2.12527
vt -9.42059 -2.12527
vt -9.63465 -1.66139
vt -9.60521 -2.10901
vt -9.60521 -2.10901
vt -9.63465 -1.66139
vt -9.80361 -2.17916
vt -9.80361 -2.17916
vt -9.63465 -1.66139
vt -9.92296 -2.30289
vt -9.92296 -2.30289
vt -9.63465 -1.66139
vt -9.90740 -2.42230
vt -9.90740 -2.42230
vt -9.63465 -1.66139
vt -9.76422 -2.48152
vt -9.76422 -2.48152
vt -9.63465 -1.66139
vt -9.56041 -2.45284
vt -9.56041 -2.45284
vt -9.63465 -1.66139
vt -9.39135 -2.34968
vt -9.39135 -2.34968
vt -9.63465 -1.66139
vt -9.33612 -2.22031
vt -9.40375 -2.12019
vt -9.63465 -1.49592
vt -9.41686 -2.02482
vt -9.41686 -2.02482
vt -9.63465 -1.49592
vt -9.53189 -1.97783
vt -9.53189 -1.97783
vt -9.63465 -1.49592
vt -9.69500 -2.00119
vt -9.69500 -2.00119
vt -9.63465 -1.49592
vt -9.82987 -2.08397
vt -9.82987 -2.08397
vt -9.63465 -1.49592
vt -9.87340 -2.18745
vt -9.87340 -2.18745
vt -9.63465 -1.49592
vt -9.80521 -2.26319
vt -9.80521 -2.26319
vt -9.63465 -1.49592
vt -9.65722 -2.27577
vt -9.65722 -2.27577
vt -9.63465 -1.49592
vt -9.49867 -2.21929
vt -9.49867 -2.21929
vt -9.63465 -1.49592
vt -9.40375 -2.12019
vt -9.48472 -1.87336
vt -9.63465 -1.33044
vt -9.58340 -1.84916
vt -9.58340 -1.84916
vt -9.63465 -1.33044
vt -9.70606 -1.87809
vt -9.70606 -1.87809
vt -9.63465 -1.33044
vt -9.79530 -1.94662
vt -9.79530 -1.94662
vt -9.63465 -1.33044
vt -9.80938 -2.02267
vt -9.80938 -2.02267
vt -9.63465 -1.33044
vt -9.74170 -2.07067
vt -9.74170 -2.07067
vt -9.63465 -1.33044
vt -9.62393 -2.06816
vt -9.62393 -2.06816
vt -9.63465 -1.33044
vt -9.51118 -2.01630
vt -9.51118 -2.01630
vt -9.63465 -1.33044
vt -9.45620 -1.93937
vt -9.45620 -1.93937
vt -9.63465 -1.33044
vt -9.48472 -1.87336
vt -9.52765 -1.74357
vt -9.63465 -1.16496
vt -9.58725 -1.72177
vt -9.58725 -1.72177
vt -9.63465 -1.16496
vt -9.66903 -1.73528
vt -9.66903 -1.73528
vt -9.63465 -1.16496
vt -9.73473 -1.77778
vt -9.73473 -1.77778
vt -9.63465 -1.16496
vt -9.75359 -1.82939
vt -9.75359 -1.82939
vt -9.63465 -1.16496
vt -9.71681 -1.86594
vt -9.71681 -1.86594
vt -9.63465 -1.16496
vt -9.64158 -1.87035
vt -9.64158 -1.87035
vt -9.63465 -1.16496
vt -9.56311 -1.84055
vt -9.56311 -1.84055
vt -9.63465 -1.16496
vt -9.51811 -1.79048
vt -9.51811 -1.79048
vt -9.63465 -1.16496
vt -9.52765 -1.74357
vt -9.58772 -1.60006
vt -9.63465 -0.99948
vt -9.62260 -1.59415
vt -9.62260 -1.59415
vt -9.63465 -0.99948
vt -9.66312 -1.60584
vt -9.66312 -1.60584
vt -9.63465 -0.99948
vt -9.69032 -1.62966
vt -9.69032 -1.62966
vt -9.63465 -0.99948
vt -9.69147 -1.65445
vt -9.69147 -1.65445
vt -9.63465 -0.99948
vt -9.66604 -1.66863
vt -9.66604 -1.66863
vt -9.63465 -0.99948
vt -9.62592 -1.66555
vt -9.62592 -1.66555
vt -9.63465 -0.99948
vt -9.58988 -1.64666
vt -9.58988 -1.64666
vt -9.63465 -0.99948
vt -9.57480 -1.62079
vt -9.57480 -1.62079
vt -9.63465 -0.99948
vt -9.58772 -1.60006
vt 12.28605 14.72905
vt 11.69585 15.44592
vt 12.20002 14.95084
vt 12.20002 14.95084
vt 11.69585 15.44592
vt 11.87809 15.03636
vt 11.87809 15.03636
vt 11.69585 15.44592
vt 11.47088 14.94558
vt 11.47088 14.94558
vt 11.69585 15.44592
vt 11.16894 14.72100
vt 11.16894 14.72100
vt 11.69585 15.44592
vt 11.11354 14.46768
vt 11.11354 14.46768
vt 11.69585 15.44592
vt 11.33061 14.30417
vt 11.33061 14.30417
vt 11.69585 15.44592
vt 11.71858 14.30697
vt 11.71858 14.30697
vt 11.69585 15.44592
vt 12.09591 14.47477
vt 12.09591 14.47477
vt 11.69585 15.44592
vt 12.28605 14.72905
vt 12.17482 15.08460
vt 11.69585 15.65171
vt 11.93055 15.19160
vt 11.93055 15.19160
vt 11.69585 15.65171
vt 11.57647 15.14597
vt 11.57647 15.14597
vt 11.69585 15.65171
vt 11.27824 14.96905
vt 11.27824 14.96905
vt 11.69585 15.65171
vt 11.17541 14.74364
vt 11.17541 14.74364
vt 11.69585 15.65171
vt 11.31611 14.57519
vt 11.31611 14.57519
vt 11.69585 15.65171
vt 11.63448 14.54254
vt 11.63448 14.54254
vt 11.69585 15.65171
vt 11.98157 14.66095
vt 11.98157 14.66095
vt 11.69585 15.65171
vt 12.19497 14.87503
vt 12.19497 14.87503
vt 11.69585 15.65171
vt 12.17482 15.08460
vt 12.08733 15.27869
vt 11.69585 15.85750
vt 11.85732 15.35344
vt 11.85732 15.35344
vt 11.69585 15.85750
vt 11.55176 15.29613
vt 11.55176 15.29613
vt 11.69585 15.85750
vt 11.31362 15.13356
vt 11.31362 15.13356
vt 11.69585 15.85750
vt 11.25432 14.94181
vt 11.25432 14.94181
vt 11.69585 15.85750
vt 11.40163 14.81059
vt 11.40163 14.81059
vt 11.69585 15.85750
vt 11.68660 14.80132
vt 11.68660 14.80132
vt 11.69585 15.85750
vt 11.97590 14.91831
vt 11.97590 14.91831
vt 11.69585 15.85750
vt 12.13416 15.10684
vt 12.13416 15.10684
vt 11.69585 15.85750
vt 12.08733 15.27869
vt 12.06808 15.34628
vt 11.69585 16.06329
vt 11.98651 15.47473
vt 11.98651 15.47473
vt 11.69585 16.06329
vt 11.76894 15.51065
vt 11.76894 15.51065
vt 11.69585 16.06329
vt 11.51717 15.43724
vt 11.51717 15.43724
vt 11.69585 16.06329
vt 11.34900 15.28884
vt 11.34900 15.28884
vt 11.69585 16.06329
vt 11.34312 15.13489
vt 11.34312 15.13489
vt 11.69585 16.06329
vt 11.50229 15.04743
vt 11.50229 15.04743
vt 11.69585 16.06329
vt 11.75203 15.06738
vt 11.75203 15.06738
vt 11.69585 16.06329
vt 11.97547 15.18540
vt 11.97547 15.18540
vt 11.69585 16.06329
vt 12.06808 15.34628
vt 11.98067 15.59205
vt 11.69585 16.26909
vt 11.85799 15.66512
vt 11.85799 15.66512
vt 11.69585 16.26909
vt 11.65945 15.65287
vt 11.65945 15.65287
vt 11.69585 16.26909
vt 11.47793 15.56103
vt 11.47793 15.56103
vt 11.69585 16.26909
vt 11.39838 15.43258
vt 11.39838 15.43258
vt 11.69585 16.26909
vt 11.45802 15.32760
vt 11.45802 15.32760
vt 11.69585 16.26909
vt 11.62894 15.29524
vt 11.62894 15.29524
vt 11.69585 16.26909
vt 11.83116 15.35062
vt 11.83116 15.35062
vt 11.69585 16.26909
vt 11.97007 15.46784
vt 11.97007 15.46784
vt 11.69585 16.26909
vt 11.98067 15.59205
vt 11.90860 15.69023
vt 11.69585 16.47488
vt 11.90263 15.78065
vt 11.90263 15.78065
vt 11.69585 16.47488
vt 11.79990 15.82799
vt 11.79990 15.82799
vt 11.69585 16.47488
vt 11.64849 15.81009
vt 11.64849 15.81009
vt 11.69585 16.47488
vt 11.51923 15.73532
vt 11.51923 15.73532
vt 11.69585 16.47488
vt 11.47262 15.63868
vt 11.47262 15.63868
vt 11.69585 16.47488
vt 11.53046 15.56538
vt 11.53046 15.56538
vt 11.69585 16.47488
vt 11.66568 15.54972
vt 11.66568 15.54972
vt 11.69585 16.47488
vt 11.81502 15.59903
vt 11.81502 15.59903
vt 11.69585 16.47488
vt 11.90860 15.69023
vt 11.84465 15.92037
vt 11.69585 16.68067
vt 11.81385 15.97248
vt 11.81385 15.97248
vt 11.69585 16.68067
vt 11.72783 15.98803
vt 11.72783 15.98803
vt 11.69585 16.68067
vt 11.62685 15.95975
vt 11.62685 15.95975
vt 11.69585 16.68067
vt 11.55815 15.90087
vt 11.55815 15.90087
vt 11.69585 16.68067
vt 11.55388 15.83895
vt 11.55388 15.83895
vt 11.69585 16.68067
vt 11.61604 15.80295
vt 11.61604 15.80295
vt 11.69585 16.68067
vt 11.71554 15.80972
vt 11.71554 15.80972
vt 11.69585 16.68067
vt 11.80583 15.85610
vt 11.80583 15.85610
vt 11.69585 16.68067
vt 11.84465 15.92037
vt 11.76770 16.10278
vt 11.69585 16.88646
vt 11.76347 16.13239
vt 11.76347 16.13239
vt 11.69585 16.88646
vt 11.72760 16.14692
vt 11.72760 16.14692
vt 11.69585 16.88646
vt 11.67687 16.13956
vt 11.67687 16.13956
vt 11.69585 16.88646
vt 11.63503 16.11377
vt 11.63503 16.11377
vt 11.69585 16.88646
vt 11.62164 16.08160
vt 11.62164 16.08160
vt 11.69585 16.88646
vt 11.64297 16.05812
vt 11.64297 16.05812
vt 11.69585 16.88646
vt 11.68905 16.05430
vt 11.68905 16.05430
vt 11.69585 16.88646
vt 11.73830 16.07194
vt 11.73830 16.07194
vt 11.69585 16.88646
vt 11.76770 16.10278
vt -4.83663 -1.13563
vt -5.28909 -0.57876
vt -4.89664 -0.96312
vt -4.89664 -0.96312
vt -5.28909 -0.57876
vt -5.14028 -0.89365
vt -5.14028 -0.89365
vt -5.28909 -0.57876
vt -5.45355 -0.95972
vt -5.45355 -0.95972
vt -5.28909 -0.57876
vt -5.68986 -1.13042
vt -5.68986 -1.13042
vt -5.28909 -0.57876
vt -5.73865 -1.32588
vt -5.73865 -1.32588
vt -5.28909 -0.57876
vt -5.57708 -1.45463
vt -5.57708 -1.45463
vt -5.28909 -0.57876
vt -5.28076 -1.45644
vt -5.28076 -1.45644
vt -5.28909 -0.57876
vt -4.98833 -1.33046
vt -4.98833 -1.33046
vt -5.28909 -0.57876
vt -4.83663 -1.13563
vt -4.89893 -0.89206
vt -5.28909 -0.42053
vt -5.04915 -0.78450
vt -5.04915 -0.78450
vt -5.28909 -0.42053
vt -5.31164 -0.78952
vt -5.31164 -0.78952
vt -5.28909 -0.42053
vt -5.56357 -0.90478
vt -5.56357 -0.90478
vt -5.28909 -0.42053
vt -5.68707 -1.07633
vt -5.68707 -1.07633
vt -5.28909 -0.42053
vt -5.62435 -1.22392
vt -5.62435 -1.22392
vt -5.28909 -0.42053
vt -5.40476 -1.27848
vt -5.40476 -1.27848
vt -5.28909 -0.42053
vt -5.13104 -1.21448
vt -5.13104 -1.21448
vt -5.28909 -0.42053
vt -4.93127 -1.06187
vt -4.93127 -1.06187
vt -5.28909 -0.42053
vt -4.89893 -0.89206
vt -4.95026 -0.76513
vt -5.28909 -0.26230
vt -5.06593 -0.66554
vt -5.06593 -0.66554
vt -5.28909 -0.26230
vt -5.28603 -0.66015
vt -5.28603 -0.66015
vt -5.28909 -0.26230
vt -5.50755 -0.75150
vt -5.50755 -0.75150
vt -5.28909 -0.26230
vt -5.62685 -0.89683
vt -5.62685 -0.89683
vt -5.28909 -0.26230
vt -5.58811 -1.02814
vt -5.58811 -1.02814
vt -5.28909 -0.26230
vt -5.40945 -1.08400
vt -5.40945 -1.08400
vt -5.28909 -0.26230
vt -5.17447 -1.03826
vt -5.17447 -1.03826
vt -5.28909 -0.26230
vt -4.99312 -0.91233
vt -4.99312 -0.91233
vt -5.28909 -0.26230
vt -4.95026 -0.76513
vt -5.00297 -0.65704
vt -5.28909 -0.10408
vt -5.06389 -0.55756
vt -5.06389 -0.55756
vt -5.28909 -0.10408
vt -5.23019 -0.52878
vt -5.23019 -0.52878
vt -5.28909 -0.10408
vt -5.42405 -0.58416
vt -5.42405 -0.58416
vt -5.28909 -0.10408
vt -5.55476 -0.69779
vt -5.55476 -0.69779
vt -5.28909 -0.10408
vt -5.56115 -0.81650
vt -5.56115 -0.81650
vt -5.28909 -0.10408
vt -5.44025 -0.88475
vt -5.44025 -0.88475
vt -5.28909 -0.10408
vt -5.24861 -0.87059
vt -5.24861 -0.87059
vt -5.28909 -0.10408
vt -5.07592 -0.78066
vt -5.07592 -0.78066
vt -5.28909 -0.10408
vt -5.00297 -0.65704
vt -5.07635 -0.45699
vt -5.28909 0.05415
vt -5.18063 -0.40770
vt -5.18063 -0.40770
vt -5.28909 0.05415
vt -5.33567 -0.42520
vt -5.33567 -0.42520
vt -5.28909 0.05415
vt -5.46890 -0.50128
vt -5.46890 -0.50128
vt -5.28909 0.05415
vt -5.51800 -0.60036
vt -5.51800 -0.60036
vt -5.28909 0.05415
vt -5.45999 -0.67607
vt -5.45999 -0.67607
vt -5.28909 0.05415
vt -5.32201 -0.69299
vt -5.32201 -0.69299
vt -5.28909 0.05415
vt -5.16863 -0.64320
vt -5.16863 -0.64320
vt -5.28909 0.05415
vt -5.07161 -0.54999
vt -5.07161 -0.54999
vt -5.28909 0.05415
vt -5.07635 -0.45699
vt -5.12585 -0.39162
vt -5.28909 0.21238
vt -5.12968 -0.32193
vt -5.12968 -0.32193
vt -5.28909 0.21238
vt -5.20809 -0.28511
vt -5.20809 -0.28511
vt -5.28909 0.21238
vt -5.32440 -0.29840
vt -5.32440 -0.29840
vt -5.28909 0.21238
vt -5.42419 -0.35557
vt -5.42419 -0.35557
vt -5.28909 0.21238
vt -5.46076 -0.42988
vt -5.46076 -0.42988
vt -5.28909 0.21238
vt -5.41700 -0.48656
vt -5.41700 -0.48656
vt -5.28909 0.21238
vt -5.31339 -0.49908
vt -5.31339 -0.49908
vt -5.28909 0.21238
vt -5.19841 -0.46158
vt -5.19841 -0.46158
vt -5.28909 0.21238
vt -5.12585 -0.39162
vt -5.19588 -0.17541
vt -5.28909 0.37061
vt -5.26044 -0.16171
vt -5.26044 -0.16171
vt -5.28909 0.37061
vt -5.33841 -0.18182
vt -5.33841 -0.18182
vt -5.28909 0.37061
vt -5.39330 -0.22633
vt -5.39330 -0.22633
vt -5.28909 0.37061
vt -5.39942 -0.27441
vt -5.39942 -0.27441
vt -5.28909 0.37061
vt -5.35392 -0.30356
vt -5.35392 -0.30356
vt -5.28909 0.37061
vt -5.27808 -0.30015
vt -5.27808 -0.30015
vt -5.28909 0.37061
vt -5.20739 -0.26577
vt -5.20739 -0.26577
vt -5.28909 0.37061
vt -5.17493 -0.21651
vt -5.17493 -0.21651
vt -5.28909 0.37061
vt -5.19588 -0.17541
vt -5.23547 -0.05296
vt -5.28909 0.52883
vt -5.26092 -0.04020
vt -5.26092 -0.04020
vt -5.28909 0.52883
vt -5.29955 -0.04406
vt -5.29955 -0.04406
vt -5.28909 0.52883
vt -5.33329 -0.06274
vt -5.33329 -0.06274
vt -5.28909 0.52883
vt -5.34634 -0.08751
vt -5.34634 -0.08751
vt -5.28909 0.52883
vt -5.33260 -0.10677
vt -5.33260 -0.10677
vt -5.28909 0.52883
vt -5.29850 -0.11151
vt -5.29850 -0.11151
vt -5.28909 0.52883
vt -5.26000 -0.09951
vt -5.26000 -0.09951
vt -5.28909 0.52883
vt -5.23511 -0.07639
vt -5.23511 -0.07639
vt -5.28909 0.52883
vt -5.23547 -0.05296
vt 7.71084 12.55129
vt 7.38834 12.97976
vt 7.69124 12.68394
vt 7.69124 12.68394
vt 7.38834 12.97976
vt 7.52990 12.74874
vt 7.52990 12.74874
vt 7.38834 12.97976
vt 7.30233 12.71535
vt 7.30233 12.71535
vt 7.38834 12.97976
vt 7.11500 12.59941
vt 7.11500 12.59941
vt 7.38834 12.97976
vt 7.05557 12.45516
vt 7.05557 12.45516
vt 7.38834 12.97976
vt 7.15185 12.35010
vt 7.15185 12.35010
vt 7.38834 12.97976
vt 7.35878 12.33339
vt 7.35878 12.33339
vt 7.38834 12.97976
vt 7.57955 12.41284
vt 7.57955 12.41284
vt 7.38834 12.97976
vt 7.71084 12.55129
vt 7.67877 12.73190
vt 7.38834 13.09514
vt 7.58992 12.82157
vt 7.58992 12.82157
vt 7.38834 13.09514
vt 7.40674 12.83297
vt 7.40674 12.83297
vt 7.38834 13.09514
vt 7.21495 12.76077
vt 7.21495 12.76077
vt 7.38834 13.09514
vt 7.10430 12.63875
vt 7.10430 12.63875
vt 7.38834 13.09514
vt 7.12655 12.52399
vt 7.12655 12.52399
vt 7.38834 13.09514
vt 7.27129 12.47021
vt 7.27129 12.47021
vt 7.38834 13.09514
vt 7.47081 12.50256
vt 7.47081 12.50256
vt 7.38834 13.09514
vt 7.63173 12.60591
vt 7.63173 12.60591
vt 7.38834 13.09514
vt 7.67877 12.73190
vt 7.60081 12.89178
vt 7.38834 13.21052
vt 7.46582 12.92810
vt 7.46582 12.92810
vt 7.38834 13.21052
vt 7.29457 12.89029
vt 7.29457 12.89029
vt 7.38834 13.21052
vt 7.16720 12.79604
vt 7.16720 12.79604
vt 7.38834 13.21052
vt 7.14330 12.68946
vt 7.14330 12.68946
vt 7.38834 13.21052
vt 7.23406 12.62040
vt 7.23406 12.62040
vt 7.38834 13.21052
vt 7.39701 12.62120
vt 7.39701 12.62120
vt 7.38834 13.21052
vt 7.55590 12.69146
vt 7.55590 12.69146
vt 7.38834 13.21052
vt 7.63639 12.79832
vt 7.63639 12.79832
vt 7.38834 13.21052
vt 7.60081 12.89178
vt 7.59172 12.95394
vt 7.38834 13.32590
vt 7.51391 13.01022
vt 7.51391 13.01022
vt 7.38834 13.32590
vt 7.37734 13.00793
vt 7.37734 13.00793
vt 7.38834 13.32590
vt 7.24592 12.94814
vt 7.24592 12.94814
vt 7.38834 13.32590
vt 7.18114 12.85883
vt 7.18114 12.85883
vt 7.38834 13.32590
vt 7.21331 12.78179
vt 7.21331 12.78179
vt 7.38834 13.32590
vt 7.32738 12.75307
vt 7.32738 12.75307
vt 7.38834 13.32590
vt 7.46997 12.78610
vt 7.46997 12.78610
vt 7.38834 13.32590
vt 7.57437 12.86543
vt 7.57437 12.86543
vt 7.38834 13.32590
vt 7.59172 12.95394
vt 7.52644 13.08439
vt 7.38834 13.44128
vt 7.43378 13.10593
vt 7.43378 13.10593
vt 7.38834 13.44128
vt 7.31985 13.07811
vt 7.31985 13.07811
vt 7.38834 13.44128
vt 7.23797 13.01394
vt 7.23797 13.01394
vt 7.38834 13.44128
vt 7.22645 12.94345
vt 7.22645 12.94345
vt 7.38834 13.44128
vt 7.29068 12.89961
vt 7.29068 12.89961
vt 7.38834 13.44128
vt 7.40061 12.90295
vt 7.40061 12.90295
vt 7.38834 13.44128
vt 7.50479 12.95190
vt 7.50479 12.95190
vt 7.38834 13.44128
vt 7.55449 13.02355
vt 7.55449 13.02355
vt 7.38834 13.44128
vt 7.52644 13.08439
vt 7.51291 13.14852
vt 7.38834 13.55665
vt 7.47541 13.18724
vt 7.47541 13.18724
vt 7.38834 13.55665
vt 7.39716 13.19253
vt 7.39716 13.19253
vt 7.38834 13.55665
vt 7.31479 13.16192
vt 7.31479 13.16192
vt 7.38834 13.55665
vt 7.26683 13.10973
vt 7.26683 13.10973
vt 7.38834 13.55665
vt 7.27573 13.06039
vt 7.27573 13.06039
vt 7.38834 13.55665
vt 7.33732 13.03697
vt 7.33732 13.03697
vt 7.38834 13.55665
vt 7.42278 13.05044
vt 7.42278 13.05044
vt 7.38834 13.55665
vt 7.49213 13.09450
vt 7.49213 13.09450
vt 7.38834 13.55665
vt 7.51291 13.14852
vt 7.46166 13.26983
vt 7.38834 13.67203
vt 7.41881 13.28392
vt 7.41881 13.28392
vt 7.38834 13.67203
vt 7.36171 13.27334
vt 7.36171 13.27334
vt 7.38834 13.67203
vt 7.31707 13.24304
vt 7.31707 13.24304
vt 7.38834 13.67203
vt 7.30578 13.20718
vt 7.30578 13.20718
vt 7.38834 13.67203
vt 7.33312 13.18256
vt 7.33312 13.18256
vt 7.38834 13.67203
vt 7.38629 13.18069
vt 7.38629 13.18069
vt 7.38834 13.67203
vt 7.44043 13.20244
vt 7.44043 13.20244
vt 7.38834 13.67203
vt 7.47019 13.23765
vt 7.47019 13.23765
vt 7.38834 13.67203
vt 7.46166 13.26983
vt 7.42977 13.35795
vt 7.38834 13.78741
vt 7.41676 13.37060
vt 7.41676 13.37060
vt 7.38834 13.78741
vt 7.39045 13.37200
vt 7.39045 13.37200
vt 7.38834 13.78741
vt 7.36315 13.36150
vt 7.36315 13.36150
vt 7.38834 13.78741
vt 7.34764 13.34401
vt 7.34764 13.34401
vt 7.38834 13.78741
vt 7.35118 13.32772
vt 7.35118 13.32772
vt 7.38834 13.78741
vt 7.37210 13.32024
vt 7.37210 13.32024
vt 7.38834 13.78741
vt 7.40062 13.32508
vt 7.40062 13.32508
vt 7.38834 13.78741
vt 7.42340 13.33997
vt 7.42340 13.33997
vt 7.38834 13.78741
vt 7.42977 13.35795
vn 0.19152 0.55970 0.80626
vn -0.37154 0.55970 0.74074
vn -0.76075 0.55970 0.32862
vn -0.79400 0.55970 -0.23727
vn -0.45573 0.55970 -0.69213
vn 0.09579 0.55970 -0.82314
vn 0.60248 0.55970 -0.56899
vn 0.82727 0.55970 -0.04860
vn 0.66497 0.55970 0.49452
vn 0.26674 0.50877 0.81854
vn -0.32181 0.50877 0.79849
vn -0.75978 0.50877 0.40482
vn -0.84224 0.50877 -0.17827
vn -0.53061 0.50877 -0.67794
vn 0.02930 0.50877 -0.86040
vn 0.57550 0.50877 -0.64027
vn 0.85242 0.50877 -0.12055
vn 0.73048 0.50877 0.45558
vn 0.81424 0.45188 0.36443
vn 0.38950 0.45188 0.80255
vn -0.21750 0.45188 0.86516
vn -0.72273 0.45188 0.52294
vn -0.88978 0.45188 -0.06396
vn -0.64050 0.45188 -0.62094
vn -0.09152 0.45188 -0.88737
vn 0.50028 0.45188 -0.73859
vn 0.85800 0.45188 -0.24422
vn 0.83863 0.38890 0.38138
vn 0.39728 0.38890 0.83122
vn -0.22996 0.38890 0.89212
vn -0.74960 0.38890 0.53559
vn -0.91850 0.38890 -0.07155
vn -0.65762 0.38890 -0.64521
vn -0.08903 0.38890 -0.91697
vn 0.52122 0.38890 -0.75967
vn 0.88758 0.38890 -0.24691
vn 0.77329 0.31995 0.54741
vn 0.24051 0.31995 0.91640
vn -0.40481 0.31995 0.85660
vn -0.86071 0.31995 0.39599
vn -0.91388 0.31995 -0.24991
vn -0.53943 0.31995 -0.77887
vn 0.08742 0.31995 -0.94339
vn 0.67337 0.31995 -0.66649
vn 0.94424 0.31995 -0.07772
vn 0.25282 0.24552 0.93584
vn -0.40787 0.24552 0.87941
vn -0.87772 0.24552 0.41149
vn -0.93687 0.24552 -0.24897
vn -0.55765 0.24552 -0.79293
vn 0.08250 0.24552 -0.96587
vn 0.68405 0.24552 -0.68687
vn 0.96553 0.24552 -0.08647
vn 0.79522 0.24552 0.55439
vn 0.50656 0.16649 0.84598
vn -0.15574 0.16649 0.97367
vn -0.74516 0.16649 0.64576
vn -0.98592 0.16649 0.01570
vn -0.76535 0.16649 -0.62171
vn -0.18667 0.16649 -0.96821
vn 0.47936 0.16649 -0.86168
vn 0.92109 0.16649 -0.35196
vn 0.93183 0.16649 0.32245
vn 0.22704 0.08413 0.97025
vn -0.44974 0.08413 0.88919
vn -0.91608 0.08413 0.39207
vn -0.95378 0.08413 -0.28850
vn -0.54519 0.08413 -0.83408
vn 0.11850 0.08413 -0.98938
vn 0.72674 0.08413 -0.68174
vn 0.99493 0.08413 -0.05511
vn 0.79758 0.08413 0.59732
vn 0.24443 0.55970 0.79183
vn -0.32173 0.55970 0.76369
vn -0.73735 0.55970 0.37821
vn -0.80795 0.55970 -0.18423
vn -0.50051 0.55970 -0.66047
vn 0.04113 0.55970 -0.82767
vn 0.56353 0.55970 -0.60759
vn 0.82224 0.55970 -0.10321
vn 0.69622 0.55970 0.44946
vn 0.77995 0.50877 0.36445
vn 0.36321 0.50877 0.78053
vn -0.22348 0.50877 0.83139
vn -0.70560 0.50877 0.49323
vn -0.85756 0.50877 -0.07571
vn -0.60827 0.50877 -0.60923
vn -0.07435 0.50877 -0.85768
vn 0.49435 0.50877 -0.70482
vn 0.83174 0.50877 -0.22216
vn 0.38184 0.45188 0.80622
vn -0.22572 0.45188 0.86305
vn -0.72767 0.45188 0.51604
vn -0.88913 0.45188 -0.07243
vn -0.63456 0.45188 -0.62700
vn -0.08307 0.45188 -0.88820
vn 0.50729 0.45188 -0.73380
vn 0.86028 0.45188 -0.23604
vn 0.81074 0.45188 0.37216
vn 0.34245 0.38890 0.85527
vn -0.28742 0.38890 0.87530
vn -0.78281 0.38890 0.48577
vn -0.91191 0.38890 -0.13106
vn -0.61432 0.38890 -0.68656
vn -0.02928 0.38890 -0.92082
vn 0.56946 0.38890 -0.72421
vn 0.90174 0.38890 -0.18873
vn 0.81209 0.38890 0.43505
vn 0.29258 0.31995 0.90113
vn -0.35511 0.31995 0.87837
vn -0.83663 0.31995 0.44461
vn -0.92669 0.31995 -0.19718
vn -0.58314 0.31995 -0.74671
vn 0.03327 0.31995 -0.94685
vn 0.63411 0.31995 -0.70394
vn 0.93824 0.31995 -0.13165
vn 0.80336 0.31995 0.50224
vn 0.34656 0.24552 0.90533
vn -0.31645 0.24552 0.91628
vn -0.83139 0.24552 0.49850
vn -0.95731 0.24552 -0.15253
vn -0.63530 0.24552 -0.73220
vn -0.01602 0.24552 -0.96926
vn 0.61075 0.24552 -0.75279
vn 0.95175 0.24552 -0.18409
vn 0.84741 0.24552 0.47075
vn 0.91727 0.16649 0.36178
vn 0.47012 0.16649 0.86675
vn -0.19700 0.16649 0.96616
vn -0.77195 0.16649 0.61349
vn -0.98569 0.16649 -0.02624
vn -0.73822 0.16649 -0.65369
vn -0.14532 0.16649 -0.97527
vn 0.51557 0.16649 -0.84052
vn 0.93522 0.16649 -0.31247
vn 0.88599 0.08413 0.45601
vn 0.38559 0.08413 0.91883
vn -0.29523 0.08413 0.95172
vn -0.83791 0.08413 0.53929
vn -0.98852 0.08413 -0.12548
vn -0.67660 0.08413 -0.73153
vn -0.04808 0.08413 -0.99529
vn 0.60293 0.08413 -0.79335
vn 0.97182 0.08413 -0.22018
vn 0.58859 0.55970 0.58334
vn 0.07592 0.55970 0.82521
vn -0.47227 0.55970 0.68095
vn -0.79949 0.55970 0.21807
vn -0.75261 0.55970 -0.34685
vn -0.35358 0.55970 -0.74947
vn 0.21089 0.55970 -0.80141
vn 0.67669 0.55970 -0.47836
vn 0.82586 0.55970 0.06853
vn 0.22667 0.50877 0.83052
vn -0.36021 0.50877 0.78192
vn -0.77855 0.50877 0.36745
vn -0.83259 0.50877 -0.21896
vn -0.49706 0.50877 -0.70291
vn 0.07106 0.50877 -0.85796
vn 0.60592 0.50877 -0.61156
vn 0.85727 0.50877 -0.07901
vn 0.70749 0.50877 0.49052
vn 0.38198 0.45188 0.80616
vn -0.22558 0.45188 0.86309
vn -0.72758 0.45188 0.51616
vn -0.88914 0.45188 -0.07228
vn -0.63467 0.45188 -0.62690
vn -0.08322 0.45188 -0.88819
vn 0.50716 0.45188 -0.73388
vn 0.86024 0.45188 -0.23619
vn 0.81080 0.45188 0.37202
vn 0.72243 0.38890 0.57171
vn 0.18592 0.38890 0.90232
vn -0.43758 0.38890 0.81073
vn -0.85633 0.38890 0.33979
vn -0.87440 0.38890 -0.29015
vn -0.48333 0.38890 -0.78432
vn 0.13390 0.38890 -0.91150
vn 0.68847 0.38890 -0.61218
vn 0.92090 0.38890 -0.02641
vn 0.78047 0.31995 0.53713
vn 0.25261 0.31995 0.91314
vn -0.39344 0.31995 0.86188
vn -0.85540 0.31995 0.40734
vn -0.91711 0.31995 -0.23780
vn -0.54969 0.31995 -0.77167
vn 0.07493 0.31995 -0.94447
vn 0.66449 0.31995 -0.67534
vn 0.94313 0.31995 -0.09021
vn 0.22889 0.24552 0.94198
vn -0.43016 0.24552 0.86873
vn -0.88792 0.24552 0.38898
vn -0.93022 0.24552 -0.27277
vn -0.53726 0.24552 -0.80689
vn 0.10709 0.24552 -0.96346
vn 0.70134 0.24552 -0.66921
vn 0.96742 0.24552 -0.06184
vn 0.78083 0.24552 0.57447
vn 0.69505 0.16649 0.69942
vn 0.08286 0.16649 0.98256
vn -0.56810 0.16649 0.80594
vn -0.95324 0.16649 0.25222
vn -0.89235 0.16649 -0.41952
vn -0.41391 0.16649 -0.89496
vn 0.25819 0.16649 -0.95164
vn 0.80949 0.16649 -0.56303
vn 0.98202 0.16649 0.08902
vn 0.90916 0.08413 0.40785
vn 0.43430 0.08413 0.89683
vn -0.24378 0.08413 0.96617
vn -0.80779 0.08413 0.58343
vn -0.99383 0.08413 -0.07230
vn -0.71484 0.08413 -0.69421
vn -0.10137 0.08413 -0.99129
vn 0.55953 0.08413 -0.82453
vn 0.95862 0.08413 -0.27197
vn 0.47421 0.55970 0.67960
vn -0.07358 0.55970 0.82542
vn -0.58693 0.55970 0.58501
vn -0.82566 0.55970 0.07087
vn -0.67805 0.55970 -0.47643
vn -0.21317 0.55970 -0.80081
vn 0.35145 0.55970 -0.75048
vn 0.75162 0.55970 -0.34899
vn 0.80010 0.55970 0.21579
vn 0.50839 0.50877 0.69476
vn -0.05713 0.50877 0.85900
vn -0.59592 0.50877 0.62131
vn -0.85587 0.50877 0.09290
vn -0.71535 0.50877 -0.47898
vn -0.24011 0.50877 -0.82674
vn 0.34748 0.50877 -0.78766
vn 0.77248 0.50877 -0.38003
vn 0.83603 0.50877 0.20542
vn 0.55051 0.45188 0.70195
vn -0.02949 0.45188 0.89159
vn -0.59569 0.45188 0.66404
vn -0.88316 0.45188 0.12578
vn -0.75739 0.45188 -0.47133
vn -0.27723 0.45188 -0.84791
vn 0.33265 0.45188 -0.82773
vn 0.78688 0.45188 -0.42026
vn 0.87292 0.45188 0.18386
vn 0.77579 0.38890 0.49690
vn 0.27489 0.38890 0.87931
vn -0.35463 0.38890 0.85029
vn -0.81822 0.38890 0.42341
vn -0.89895 0.38890 -0.20159
vn -0.55906 0.38890 -0.73227
vn 0.04243 0.38890 -0.92030
vn 0.62406 0.38890 -0.67772
vn 0.91369 0.38890 -0.11802
vn 0.54901 0.31995 0.77215
vn -0.07576 0.31995 0.94440
vn -0.66509 0.31995 0.67475
vn -0.94321 0.31995 0.08938
vn -0.77999 0.31995 -0.53781
vn -0.25181 0.31995 -0.91336
vn 0.39420 0.31995 -0.86153
vn 0.85576 0.31995 -0.40659
vn 0.91690 0.31995 0.23861
vn 0.65472 0.24552 0.71489
vn 0.04202 0.24552 0.96848
vn -0.59034 0.24552 0.76891
vn -0.94647 0.24552 0.20956
vn -0.85974 0.24552 -0.44785
vn -0.37073 0.24552 -0.89570
vn 0.29175 0.24552 -0.92444
vn 0.81772 0.24552 -0.52063
vn 0.96106 0.24552 0.12679
vn 0.79963 0.16649 0.57695
vn 0.24170 0.16649 0.95596
vn -0.42933 0.16649 0.88767
vn -0.89947 0.16649 0.40403
vn -0.94874 0.16649 -0.26866
vn -0.55408 0.16649 -0.81564
vn 0.09984 0.16649 -0.98098
vn 0.70704 0.16649 -0.68730
vn 0.98341 0.16649 -0.07203
vn 0.78633 0.08413 0.61205
vn 0.20895 0.08413 0.97430
vn -0.46620 0.08413 0.88067
vn -0.92322 0.08413 0.37496
vn -0.94824 0.08413 -0.30620
vn -0.52958 0.08413 -0.84408
vn 0.13688 0.08413 -0.98701
vn 0.73930 0.08413 -0.66811
vn 0.99578 0.08413 -0.03659
vn 0.74988 0.55970 0.35272
vn 0.34772 0.55970 0.75221
vn -0.21715 0.55970 0.79974
vn -0.68041 0.55970 0.47305
vn -0.82529 0.55970 -0.07498
vn -0.58402 0.55970 -0.58792
vn -0.06947 0.55970 -0.82578
vn 0.47758 0.55970 -0.67724
vn 0.80117 0.55970 -0.21181
vn 0.62417 0.50877 0.59292
vn 0.09702 0.50877 0.85542
vn -0.47553 0.50877 0.71765
vn -0.82557 0.50877 0.24409
vn -0.78932 0.50877 -0.34369
vn -0.38374 0.50877 -0.77065
vn 0.20140 0.50877 -0.83701
vn 0.69230 0.50877 -0.51173
vn 0.85927 0.50877 0.05300
vn 0.26996 0.45188 0.85025
vn -0.33973 0.45188 0.82485
vn -0.79045 0.45188 0.41350
vn -0.87132 0.45188 -0.19134
vn -0.54448 0.45188 -0.70664
vn 0.03713 0.45188 -0.89130
vn 0.60136 0.45188 -0.65891
vn 0.88421 0.45188 -0.11821
vn 0.75333 0.45188 0.47780
vn 0.48378 0.38890 0.78404
vn -0.13338 0.38890 0.91158
vn -0.68812 0.38890 0.61258
vn -0.92089 0.38890 0.02694
vn -0.72276 0.38890 -0.57129
vn -0.18645 0.38890 -0.90222
vn 0.43711 0.38890 -0.81098
vn 0.85613 0.38890 -0.34028
vn 0.87457 0.38890 0.28964
vn 0.71932 0.31995 0.61661
vn 0.15468 0.31995 0.93472
vn -0.48234 0.31995 0.81546
vn -0.89366 0.31995 0.31464
vn -0.88683 0.31995 -0.33341
vn -0.46504 0.31995 -0.82545
vn 0.17434 0.31995 -0.93126
vn 0.73215 0.31995 -0.60132
vn 0.94738 0.31995 0.00998
vn 0.88653 0.24552 0.39216
vn 0.42704 0.24552 0.87026
vn -0.23226 0.24552 0.94116
vn -0.78288 0.24552 0.57167
vn -0.96719 0.24552 -0.06530
vn -0.69893 0.24552 -0.67172
vn -0.10364 0.24552 -0.96383
vn 0.54015 0.24552 -0.80496
vn 0.93119 0.24552 -0.26943
vn 0.50659 0.16649 0.84596
vn -0.15570 0.16649 0.97367
vn -0.74514 0.16649 0.64579
vn -0.98592 0.16649 0.01574
vn -0.76537 0.16649 -0.62168
vn -0.18670 0.16649 -0.96821
vn 0.47933 0.16649 -0.86170
vn 0.92108 0.16649 -0.35199
vn 0.93184 0.16649 0.32242
vn 0.71793 0.08413 0.69102
vn 0.10579 0.08413 0.99082
vn -0.55585 0.08413 0.82701
vn -0.95740 0.08413 0.27623
vn -0.91097 0.08413 -0.40380
vn -0.43829 0.08413 -0.89489
vn 0.23947 0.08413 -0.96725
vn 0.80518 0.08413 -0.58703
vn 0.99414 0.08413 0.06787
vn 0.53216 0.55970 0.63525
vn -0.00067 0.55970 0.82869
vn -0.53319 0.55970 0.63438
vn -0.81622 0.55970 0.14324
vn -0.71733 0.55970 -0.41493
vn -0.28280 0.55970 -0.77895
vn 0.28406 0.55970 -0.77849
vn 0.71801 0.55970 -0.41376
vn 0.81599 0.55970 0.14456
vn 0.71404 0.50877 0.48093
vn 0.23785 0.50877 0.82739
vn -0.34963 0.50877 0.78671
vn -0.77352 0.50877 0.37791
vn -0.83547 0.50877 -0.20771
vn -0.50649 0.50877 -0.69614
vn 0.05948 0.50877 -0.85884
vn 0.59762 0.50877 -0.61968
vn 0.85612 0.50877 -0.09056
vn 0.42505 0.45188 0.78430
vn -0.17853 0.45188 0.87403
vn -0.69858 0.45188 0.55478
vn -0.89175 0.45188 -0.02405
vn -0.66766 0.45188 -0.59163
vn -0.13117 0.45188 -0.88238
vn 0.46670 0.45188 -0.76026
vn 0.84620 0.45188 -0.28240
vn 0.82975 0.45188 0.32760
vn 0.78342 0.38890 0.48478
vn 0.28853 0.38890 0.87493
vn -0.34137 0.38890 0.85570
vn -0.81154 0.38890 0.43607
vn -0.90198 0.38890 -0.18760
vn -0.57037 0.38890 -0.72349
vn 0.02812 0.38890 -0.92085
vn 0.61345 0.38890 -0.68734
vn 0.91174 0.38890 -0.13221
vn 0.81722 0.31995 0.47936
vn 0.31790 0.31995 0.89251
vn -0.33017 0.31995 0.88804
vn -0.82375 0.31995 0.46805
vn -0.93188 0.31995 -0.17095
vn -0.60398 0.31995 -0.72996
vn 0.00653 0.31995 -0.94741
vn 0.61399 0.31995 -0.72156
vn 0.93415 0.31995 -0.15808
vn 0.50457 0.24552 0.82773
vn -0.14553 0.24552 0.95840
vn -0.72753 0.24552 0.64063
vn -0.96912 0.24552 0.02310
vn -0.75724 0.24552 -0.60524
vn -0.19104 0.24552 -0.95038
vn 0.46455 0.24552 -0.85083
vn 0.90277 0.24552 -0.35317
vn 0.91857 0.24552 0.30975
vn 0.80795 0.16649 0.56524
vn 0.25559 0.16649 0.95234
vn -0.41636 0.16649 0.89383
vn -0.89349 0.16649 0.41708
vn -0.95255 0.16649 -0.25482
vn -0.56590 0.16649 -0.80749
vn 0.08554 0.16649 -0.98233
vn 0.69695 0.16649 -0.69752
vn 0.98226 0.16649 -0.08634
vn 0.80082 0.08413 0.59296
vn 0.23231 0.08413 0.96900
vn -0.44490 0.08413 0.89162
vn -0.91393 0.08413 0.39705
vn -0.95533 0.08413 -0.28331
vn -0.54972 0.08413 -0.83110
vn 0.11311 0.08413 -0.99001
vn 0.72302 0.08413 -0.68569
vn 0.99462 0.08413 -0.06052
vn 0.50688 0.55970 0.65560
vn -0.03312 0.55970 0.82803
vn -0.55762 0.55970 0.61302
vn -0.82120 0.55970 0.11117
vn -0.70054 0.55970 -0.44270
vn -0.25208 0.55970 -0.78942
vn 0.31433 0.55970 -0.76677
vn 0.73366 0.55970 -0.38533
vn 0.80970 0.55970 0.17640
vn 0.78877 0.50877 0.34496
vn 0.38250 0.50877 0.77126
vn -0.20275 0.50877 0.83669
vn -0.69312 0.50877 0.51061
vn -0.85918 0.50877 -0.05438
vn -0.62322 0.50877 -0.59393
vn -0.09564 0.50877 -0.85557
vn 0.47668 0.50877 -0.71688
vn 0.82596 0.50877 -0.24276
vn 0.53304 0.45188 0.71531
vn -0.05146 0.45188 0.89059
vn -0.61188 0.45188 0.64915
vn -0.88600 0.45188 0.10397
vn -0.74554 0.45188 -0.48987
vn -0.25624 0.45188 -0.85448
vn 0.35296 0.45188 -0.81928
vn 0.79701 0.45188 -0.40073
vn 0.86812 0.45188 0.20533
vn 0.67606 0.38890 0.62586
vn 0.11559 0.38890 0.91400
vn -0.49896 0.38890 0.77447
vn -0.88004 0.38890 0.27255
vn -0.84934 0.38890 -0.35689
vn -0.42123 0.38890 -0.81934
vn 0.20398 0.38890 -0.89841
vn 0.73375 0.38890 -0.55711
vn 0.92019 0.38890 0.04488
vn 0.87194 0.31995 0.37062
vn 0.42971 0.31995 0.84438
vn -0.21358 0.31995 0.92305
vn -0.75693 0.31995 0.56981
vn -0.94611 0.31995 -0.05005
vn -0.69259 0.31995 -0.64649
vn -0.11500 0.31995 -0.94043
vn 0.51640 0.31995 -0.79433
vn 0.90617 0.31995 -0.27656
vn 0.30186 0.24552 0.92119
vn -0.36089 0.24552 0.89971
vn -0.85478 0.24552 0.45724
vn -0.94871 0.24552 -0.19918
vn -0.59872 0.24552 -0.76240
vn 0.03141 0.24552 -0.96888
vn 0.64685 0.24552 -0.72202
vn 0.95962 0.24552 -0.13731
vn 0.82337 0.24552 0.51164
vn 0.41487 0.16649 0.89452
vn -0.25718 0.16649 0.95191
vn -0.80889 0.16649 0.56389
vn -0.98211 0.16649 -0.08798
vn -0.69579 0.16649 -0.69868
vn -0.08390 0.16649 -0.98247
vn 0.56724 0.16649 -0.80654
vn 0.95297 0.16649 -0.25323
vn 0.89279 0.16649 0.41857
vn 0.22713 0.08413 0.97022
vn -0.44966 0.08413 0.88923
vn -0.91605 0.08413 0.39215
vn -0.95380 0.08413 -0.28842
vn -0.54527 0.08413 -0.83403
vn 0.11841 0.08413 -0.98939
vn 0.72668 0.08413 -0.68181
vn 0.99493 0.08413 -0.05520
vn 0.79764 0.08413 0.59724
vn 0.71313 0.55970 0.42212
vn 0.27496 0.55970 0.78175
vn -0.29187 0.55970 0.77559
vn -0.72213 0.55970 0.40653
vn -0.81449 0.55970 -0.15275
vn -0.52575 0.55970 -0.64056
vn 0.00900 0.55970 -0.82864
vn 0.53954 0.55970 -0.62899
vn 0.81762 0.55970 -0.13503
vn 0.40848 0.50877 0.75782
vn -0.17420 0.50877 0.84309
vn -0.67538 0.50877 0.53387
vn -0.86053 0.50877 -0.02516
vn -0.64304 0.50877 -0.57241
vn -0.12466 0.50877 -0.85183
vn 0.45205 0.50877 -0.73267
vn 0.81724 0.50877 -0.27068
vn 0.80003 0.50877 0.31796
vn 0.34500 0.45188 0.82267
vn -0.26452 0.45188 0.85196
vn -0.75026 0.45188 0.48261
vn -0.88495 0.45188 -0.11256
vn -0.60556 0.45188 -0.65506
vn -0.04282 0.45188 -0.89105
vn 0.53995 0.45188 -0.71011
vn 0.87008 0.45188 -0.19690
vn 0.79308 0.45188 0.40844
vn 0.73467 0.38890 0.55590
vn 0.20547 0.38890 0.89808
vn -0.41988 0.38890 0.82004
vn -0.84875 0.38890 0.35829
vn -0.88049 0.38890 -0.27110
vn -0.50024 0.38890 -0.77364
vn 0.11408 0.38890 -0.91419
vn 0.67502 0.38890 -0.62698
vn 0.92011 0.38890 -0.04640
vn 0.53726 0.31995 0.78037
vn -0.09005 0.31995 0.94315
vn -0.67522 0.31995 0.66461
vn -0.94445 0.31995 0.07510
vn -0.77176 0.31995 -0.54956
vn -0.23796 0.31995 -0.91706
vn 0.40719 0.31995 -0.85547
vn 0.86181 0.31995 -0.39359
vn 0.91318 0.31995 0.25245
vn 0.90696 0.24552 0.34226
vn 0.47477 0.24552 0.84517
vn -0.17957 0.24552 0.95261
vn -0.74988 0.24552 0.61432
vn -0.96932 0.24552 -0.01142
vn -0.73521 0.24552 -0.63182
vn -0.15708 0.24552 -0.95658
vn 0.49455 0.24552 -0.83375
vn 0.91477 0.24552 -0.32080
vn 0.79739 0.16649 0.58005
vn 0.23799 0.16649 0.95689
vn -0.43277 0.16649 0.88600
vn -0.90103 0.16649 0.40053
vn -0.94769 0.16649 -0.27234
vn -0.55091 0.16649 -0.81779
vn 0.10364 0.16649 -0.98058
vn 0.70970 0.16649 -0.68455
vn 0.98368 0.16649 -0.06821
vn 0.91591 0.08413 0.39247
vn 0.44935 0.08413 0.88938
vn -0.22746 0.08413 0.97015
vn -0.79784 0.08413 0.59697
vn -0.99491 0.08413 -0.05554
vn -0.72644 0.08413 -0.68206
vn -0.11807 0.08413 -0.98944
vn 0.54555 0.08413 -0.83384
vn 0.95390 0.08413 -0.28809
vn 0.72142 0.55970 0.40778
vn 0.29053 0.55970 0.77610
vn -0.27631 0.55970 0.78127
vn -0.71386 0.55970 0.42088
vn -0.81738 0.55970 -0.13644
vn -0.53845 0.55970 -0.62993
vn -0.00757 0.55970 -0.82866
vn 0.52685 0.55970 -0.63965
vn 0.81476 0.55970 -0.15135
vn 0.53404 0.50877 0.67524
vn -0.02494 0.50877 0.86054
vn -0.57225 0.50877 0.64318
vn -0.85180 0.50877 0.12487
vn -0.73278 0.50877 -0.45187
vn -0.27088 0.50877 -0.81717
vn 0.31776 0.50877 -0.80011
vn 0.75772 0.50877 -0.40867
vn 0.84313 0.50877 0.17400
vn 0.59779 0.45188 0.66215
vn 0.03231 0.45188 0.89149
vn -0.54829 0.45188 0.70369
vn -0.87234 0.45188 0.18663
vn -0.78821 0.45188 -0.41776
vn -0.33527 0.45188 -0.82668
vn 0.27455 0.45188 -0.84878
vn 0.75590 0.45188 -0.47373
vn 0.88356 0.45188 0.12299
vn 0.73998 0.38890 0.54881
vn 0.21409 0.38890 0.89606
vn -0.41198 0.38890 0.82404
vn -0.84527 0.38890 0.36644
vn -0.88306 0.38890 -0.26262
vn -0.50765 0.38890 -0.76880
vn 0.10529 0.38890 -0.91524
vn 0.66897 0.38890 -0.63344
vn 0.91962 0.38890 -0.05524
vn 0.47129 0.31995 0.82190
vn -0.16728 0.31995 0.93255
vn -0.72758 0.31995 0.60685
vn -0.94743 0.31995 -0.00280
vn -0.72397 0.31995 -0.61115
vn -0.16176 0.31995 -0.93352
vn 0.47614 0.31995 -0.81910
vn 0.89125 0.31995 -0.32140
vn 0.88933 0.31995 0.32668
vn 0.90918 0.24552 0.33632
vn 0.48029 0.24552 0.84204
vn -0.17333 0.24552 0.95377
vn -0.74585 0.24552 0.61921
vn -0.96938 0.24552 -0.00508
vn -0.73932 0.24552 -0.62699
vn -0.16333 0.24552 -0.95553
vn 0.48909 0.24552 -0.83697
vn 0.91265 0.24552 -0.32678
vn 0.27263 0.16649 0.94760
vn -0.40027 0.16649 0.90115
vn -0.88587 0.16649 0.43303
vn -0.95696 0.16649 -0.23770
vn -0.58028 0.16649 -0.79721
vn 0.06792 0.16649 -0.98370
vn 0.68434 0.16649 -0.70990
vn 0.98055 0.16649 -0.10393
vn 0.81795 0.16649 0.55067
vn 0.51368 0.08413 0.85385
vn -0.15534 0.08413 0.98427
vn -0.75167 0.08413 0.65415
vn -0.99629 0.08413 0.01794
vn -0.77474 0.08413 -0.62666
vn -0.19067 0.08413 -0.97804
vn 0.48261 0.08413 -0.87179
vn 0.93007 0.08413 -0.35761
vn 0.94235 0.08413 0.32390
vn 0.76078 0.55970 0.32856
vn 0.37160 0.55970 0.74071
vn -0.19146 0.55970 0.80627
vn -0.66493 0.55970 0.49457
vn -0.82727 0.55970 -0.04854
vn -0.60252 0.55970 -0.56894
vn -0.09585 0.55970 -0.82313
vn 0.45567 0.55970 -0.69217
vn 0.79398 0.55970 -0.23733
vn 0.61060 0.50877 0.60689
vn 0.07765 0.50877 0.85739
vn -0.49164 0.50877 0.70671
vn -0.83088 0.50877 0.22535
vn -0.78135 0.50877 -0.36145
vn -0.36621 0.50877 -0.77913
vn 0.22028 0.50877 -0.83224
vn 0.70370 0.50877 -0.49594
vn 0.85785 0.50877 0.07242
vn 0.29897 0.45188 0.84048
vn -0.31123 0.45188 0.83603
vn -0.77580 0.45188 0.44038
vn -0.87737 0.45188 -0.16132
vn -0.56841 0.45188 -0.68754
vn 0.00652 0.45188 -0.89205
vn 0.57839 0.45188 -0.67916
vn 0.87963 0.45188 -0.14848
vn 0.76928 0.45188 0.45167
vn 0.57408 0.38890 0.72055
vn -0.02339 0.38890 0.92098
vn -0.60992 0.38890 0.69048
vn -0.91105 0.38890 0.13689
vn -0.78590 0.38890 -0.48075
vn -0.29301 0.38890 -0.87344
vn 0.33698 0.38890 -0.85744
vn 0.80929 0.38890 -0.44023
vn 0.90293 0.38890 0.18296
vn 0.28258 0.31995 0.90431
vn -0.36482 0.31995 0.87438
vn -0.84151 0.31995 0.43532
vn -0.92445 0.31995 -0.20744
vn -0.57483 0.31995 -0.75313
vn 0.04376 0.31995 -0.94642
vn 0.64187 0.31995 -0.69687
vn 0.93964 0.31995 -0.12125
vn 0.79775 0.31995 0.51111
vn 0.69265 0.24552 0.67819
vn 0.09467 0.24552 0.96476
vn -0.54761 0.24552 0.79990
vn -0.93366 0.24552 0.26076
vn -0.88284 0.24552 -0.40039
vn -0.41893 0.24552 -0.87420
vn 0.24101 0.24552 -0.93895
vn 0.78817 0.24552 -0.56436
vn 0.96654 0.24552 0.07430
vn 0.38480 0.16649 0.90786
vn -0.28879 0.16649 0.94281
vn -0.82725 0.16649 0.53660
vn -0.97863 0.16649 -0.12068
vn -0.67210 0.16649 -0.72150
vn -0.05109 0.16649 -0.98472
vn 0.59383 0.16649 -0.78718
vn 0.96089 0.16649 -0.22131
vn 0.87834 0.16649 0.44811
vn 0.69790 0.08413 0.71123
vn 0.07745 0.08413 0.99344
vn -0.57924 0.08413 0.81081
vn -0.96490 0.08413 0.24879
vn -0.89907 0.08413 -0.42964
vn -0.41256 0.08413 -0.90704
vn 0.26699 0.08413 -0.96002
vn 0.82162 0.08413 -0.56380
vn 0.99180 0.08413 0.09623
f 1/1/1 2/2/1 3/3/1
f 4/4/2 5/5/2 6/6/2
f 7/7/3 8/8/3 9/9/3
f 10/10/4 11/11/4 12/12/4
f 13/13/5 14/14/5 15/15/5
f 16/16/6 17/17/6 18/18/6
f 19/19/7 20/20/7 21/21/7
f 22/22/8 23/23/8 24/24/8
f 25/25/9 26/26/9 27/27/9
f 28/28/10 29/29/10 30/30/10
f 31/31/11 32/32/11 33/33/11
f 34/34/12 35/35/12 36/36/12
f 37/37/13 38/38/13 39/39/13
f 40/40/14 41/41/14 42/42/14
f 43/43/15 44/44/15 45/45/15
f 46/46/16 47/47/16 48/48/16
f 49/49/17 50/50/17 51/51/17
f 52/52/18 53/53/18 54/54/18
f 55/55/19 56/56/19 57/57/19
f 58/58/20 59/59/20 60/60/20
f 61/61/21 62/62/21 63/63/21
f 64/64/22 65/65/22 66/66/22
f 67/67/23 68/68/23 69/69/23
f 70/70/24 71/71/24 72/72/24
f 73/73/25 74/74/25 75/75/25
f 76/76/26 77/77/26 78/78/26
f 79/79/27 80/80/27 81/81/27
f 82/82/28 83/83/28 84/84/28
f 85/85/29 86/86/29 87/87/29
f 88/88/30 89/89/30 90/90/30
f 91/91/31 92/92/31 93/93/31
f 94/94/32 95/95/32 96/96/32
f 97/97/33 98/98/33 99/99/33
f 100/100/34 101/101/34 102/102/34
f 103/103/35 104/104/35 105/105/35
f 106/106/36 107/107/36 108/108/36
f 109/109/37 110/110/37 111/111/37
f 112/112/38 113/113/38 114/114/38
f 115/115/39 116/116/39 117/117/39
f 118/118/40 119/119/40 120/120/40
f 121/121/41 122/122/41 123/123/41
f 124/124/42 125/125/42 126/126/42
f 127/127/43 128/128/43 129/129/43
f 130/130/44 131/131/44 132/132/44
f 133/133/45 134/134/45 135/135/45
f 136/136/46 137/137/46 138/138/46
f 139/139/47 140/140/47 141/141/47
f 142/142/48 143/143/48 144/144/48
f 145/145/49 146/146/49 147/147/49
f 148/148/50 149/149/50 150/150/50
f 151/151/51 152/152/51 153/153/51
f 154/154/52 155/155/52 156/156/52
f 157/157/53 158/158/53 159/159/53
f 160/160/54 161/161/54 162/162/54
f 163/163/55 164/164/55 165/165/55
f 166/166/56 167/167/56 168/168/56
f 169/169/57 170/170/57 171/171/57
f 172/172/58 173/173/58 174/174/58
f 175/175/59 176/176/59 177/177/59
f 178/178/60 179/179/60 180/180/60
f 181/181/61 182/182/61 183/183/61
f 184/184/62 185/185/62 186/186/62
f 187/187/63 188/188/63 189/189/63
f 190/190/64 191/191/64 192/192/64
f 193/193/65 194/194/65 195/195/65
f 196/196/66 197/197/66 198/198/66
f 199/199/67 200/200/67 201/201/67
f 202/202/68 203/203/68 204/204/68
f 205/205/69 206/206/69 207/207/69
f 208/208/70 209/209/70 210/210/70
f 211/211/71 212/212/71 213/213/71
f 214/214/72 215/215/72 216/216/72
f 217/217/73 218/218/73 219/219/73
f 220/220/74 221/221/74 222/222/74
f 223/223/75 224/224/75 225/225/75
f 226/226/76 227/227/76 228/228/76
f 229/229/77 230/230/77 231/231/77
f 232/232/78 233/233/78 234/234/78
f 235/235/79 236/236/79 237/237/79
f 238/238/80 239/239/80 240/240/80
f 241/241/81 242/242/81 243/243/81
f 244/244/82 245/245/82 246/246/82
f 247/247/83 248/248/83 249/249/83
f 250/250/84 251/251/84 252/252/84
f 253/253/85 254/254/85 255/255/85
f 256/256/86 257/257/86 258/258/86
f 259/259/87 260/260/87 261/261/87
f 262/262/88 263/263/88 264/264/88
f 265/265/89 266/266/89 267/267/89
f 268/268/90 269/269/90 270/270/90
f 271/271/91 272/272/91 273/273/91
f 274/274/92 275/275/92 276/276/92
f 277/277/93 278/278/93 279/279/93
f 280/280/94 281/281/94 282/282/94
f 283/283/95 284/284/95 285/285/95
f 286/286/96 287/287/96 288/288/96
f 289/289/97 290/290/97 291/291/97
f 292/292/98 293/293/98 294/294/98
f 295/295/99 296/296/99 297/297/99
f 298/298/100 299/299/100 300/300/100
f 301/301/101 302/302/101 303/303/101
f 304/304/102 305/305/102 306/306/102
f 307/307/103 308/308/103 309/309/103
f 310/310/104 311/311/104 312/312/104
f 313/313/105 314/314/105 315/315/105
f 316/316/106 317/317/106 318/318/106
f 319/319/107 320/320/107 321/321/107
f 322/322/108 323/323/108 324/324/108
f 325/325/109 326/326/109 327/327/109
f 328/328/110 329/329/110 330/330/110
f 331/331/111 332/332/111 333/333/111
f 334/334/112 335/335/112 336/336/112
f 337/337/113 338/338/113 339/339/113
f 340/340/114 341/341/114 342/342/114
f 343/343/115 344/344/115 345/345/115
f 346/346/116 347/347/116 348/348/116
f 349/349/117 350/350/117 351/351/117
f 352/352/118 353/353/118 354/354/118
f 355/355/119 356/356/119 357/357/119
f 358/358/120 359/359/120 360/360/120
f 361/361/121 362/362/121 363/363/121
f 364/364/122 365/365/122 366/366/122
f 367/367/123 368/368/123 369/369/123
f 370/370/124 371/371/124 372/372/124
f 373/373/125 374/374/125 375/375/125
f 376/376/126 377/377/126 378/378/126
f 379/379/127 380/380/127 381/381/127
f 382/382/128 383/383/128 384/384/128
f 385/385/129 386/386/129 387/387/129
f 388/388/130 389/389/130 390/390/130
f 391/391/131 392/392/131 393/393/131
f 394/394/132 395/395/132 396/396/132
f 397/397/133 398/398/133 399/399/133
f 400/400/134 401/401/134 402/402/134
f 403/403/135 404/404/135 405/405/135
f 406/406/136 407/407/136 408/408/136
f 409/409/137 410/410/137 411/411/137
f 412/412/138 413/413/138 414/414/138
f 415/415/139 416/416/139 417/417/139
f 418/418/140 419/419/140 420/420/140
f 421/421/141 422/422/141 423/423/141
f 424/424/142 425/425/142 426/426/142
f 427/427/143 428/428/143 429/429/143
f 430/430/144 431/431/144 432/432/144
f 433/433/145 434/434/145 435/435/145
f 436/436/146 437/437/146 438/438/146
f 439/439/147 440/440/147 441/441/147
f 442/442/148 443/443/148 444/444/148
f 445/445/149 446/446/149 447/447/149
f 448/448/150 449/449/150 450/450/150
f 451/451/151 452/452/151 453/453/151
f 454/454/152 455/455/152 456/456/152
f 457/457/153 458/458/153 459/459/153
f 460/460/154 461/461/154 462/462/154
f 463/463/155 464/464/155 465/465/155
f 466/466/156 467/467/156 468/468/156
f 469/469/157 470/470/157 471/471/157
f 472/472/158 473/473/158 474/474/158
f 475/475/159 476/476/159 477/477/159
f 478/478/160 479/479/160 480/480/160
f 481/481/161 482/482/161 483/483/161
f 484/484/162 485/485/162 486/486/162
f 487/487/163 488/488/163 489/489/163
f 490/490/164 491/491/164 492/492/164
f 493/493/165 494/494/165 495/495/165
f 496/496/166 497/497/166 498/498/166
f 499/499/167 500/500/167 501/501/167
f 502/502/168 503/503/168 504/504/168
f 505/505/169 506/506/169 507/507/169
f 508/508/170 509/509/170 510/510/170
f 511/511/171 512/512/171 513/513/171
f 514/514/172 515/515/172 516/516/172
f 517/517/173 518/518/173 519/519/173
f 520/520/174 521/521/174 522/522/174
f 523/523/175 524/524/175 525/525/175
f 526/526/176 527/527/176 528/528/176
f 529/529/177 530/530/177 531/531/177
f 532/532/178 533/533/178 534/534/178
f 535/535/179 536/536/179 537/537/179
f 538/538/180 539/539/180 540/540/180
f 541/541/181 542/542/181 543/543/181
f 544/544/182 545/545/182 546/546/182
f 547/547/183 548/548/183 549/549/183
f 550/550/184 551/551/184 552/552/184
f 553/553/185 554/554/185 555/555/185
f 556/556/186 557/557/186 558/558/186
f 559/559/187 560/560/187 561/561/187
f 562/562/188 563/563/188 564/564/188
f 565/565/189 566/566/189 567/567/189
f 568/568/190 569/569/190 570/570/190
f 571/571/191 572/572/191 573/573/191
f 574/574/192 575/575/192 576/576/192
f 577/577/193 578/578/193 579/579/193
f 580/580/194 581/581/194 582/582/194
f 583/583/195 584/584/195 585/585/195
f 586/586/196 587/587/196 588/588/196
f 589/589/197 590/590/197 591/591/197
f 592/592/198 593/593/198 594/594/198
f 595/595/199 596/596/199 597/597/199
f 598/598/200 599/599/200 600/600/200
f 601/601/201 602/602/201 603/603/201
f 604/604/202 605/605/202 606/606/202
f 607/607/203 608/608/203 609/609/203
f 610/610/204 611/611/204 612/612/204
f 613/613/205 614/614/205 615/615/205
f 616/616/206 617/617/206 618/618/206
f 619/619/207 620/620/207 621/621/207
f 622/622/208 623/623/208 624/624/208
f 625/625/209 626/626/209 627/627/209
f 628/628/210 629/629/210 630/630/210
f 631/631/211 632/632/211 633/633/211
f 634/634/212 635/635/212 636/636/212
f 637/637/213 638/638/213 639/639/213
f 640/640/214 641/641/214 642/642/214
f 643/643/215 644/644/215 645/645/215
f 646/646/216 647/647/216 648/648/216
f 649/649/217 650/650/217 651/651/217
f 652/652/218 653/653/218 654/654/218
f 655/655/219 656/656/219 657/657/219
f 658/658/220 659/659/220 660/660/220
f 661/661/221 662/662/221 663/663/221
f 664/664/222 665/665/222 666/666/222
f 667/667/223 668/668/223 669/669/223
f 670/670/224 671/671/224 672/672/224
f 673/673/225 674/674/225 675/675/225
f 676/676/226 677/677/226 678/678/226
f 679/679/227 680/680/227 681/681/227
f 682/682/228 683/683/228 684/684/228
f 685/685/229 686/686/229 687/687/229
f 688/688/230 689/689/230 690/690/230
f 691/691/231 692/692/231 693/693/231
f 694/694/232 695/695/232 696/696/232
f 697/697/233 698/698/233 699/699/233
f 700/700/234 701/701/234 702/702/234
f 703/703/235 704/704/235 705/705/235
f 706/706/236 707/707/236 708/708/236
f 709/709/237 710/710/237 711/711/237
f 712/712/238 713/713/238 714/714/238
f 715/715/239 716/716/239 717/717/239
f 718/718/240 719/719/240 720/720/240
f 721/721/241 722/722/241 723/723/241
f 724/724/242 725/725/242 726/726/242
f 727/727/243 728/728/243 729/729/243
f 730/730/244 731/731/244 732/732/244
f 733/733/245 734/734/245 735/735/245
f 736/736/246 737/737/246 738/738/246
f 739/739/247 740/740/247 741/741/247
f 742/742/248 743/743/248 744/744/248
f 745/745/249 746/746/249 747/747/249
f 748/748/250 749/749/250 750/750/250
f 751/751/251 752/752/251 753/753/251
f 754/754/252 755/755/252 756/756/252
f 757/757/253 758/758/253 759/759/253
f 760/760/254 761/761/254 762/762/254
f 763/763/255 764/764/255 765/765/255
f 766/766/256 767/767/256 768/768/256
f 769/769/257 770/770/257 771/771/257
f 772/772/258 773/773/258 774/774/258
f 775/775/259 776/776/259 777/777/259
f 778/778/260 779/779/260 780/780/260
f 781/781/261 782/782/261 783/783/261
f 784/784/262 785/785/262 786/786/262
f 787/787/263 788/788/263 789/789/263
f 790/790/264 791/791/264 792/792/264
f 793/793/265 794/794/265 795/795/265
f 796/796/266 797/797/266 798/798/266
f 799/799/267 800/800/267 801/801/267
f 802/802/268 803/803/268 804/804/268
f 805/805/269 806/806/269 807/807/269
f 808/808/270 809/809/270 810/810/270
f 811/811/271 812/812/271 813/813/271
f 814/814/272 815/815/272 816/816/272
f 817/817/273 818/818/273 819/819/273
f 820/820/274 821/821/274 822/822/274
f 823/823/275 824/824/275 825/825/275
f 826/826/276 827/827/276 828/828/276
f 829/829/277 830/830/277 831/831/277
f 832/832/278 833/833/278 834/834/278
f 835/835/279 836/836/279 837/837/279
f 838/838/280 839/839/280 840/840/280
f 841/841/281 842/842/281 843/843/281
f 844/844/282 845/845/282 846/846/282
f 847/847/283 848/848/283 849/849/283
f 850/850/284 851/851/284 852/852/284
f 853/853/285 854/854/285 855/855/285
f 856/856/286 857/857/286 858/858/286
f 859/859/287 860/860/287 861/861/287
f 862/862/288 863/863/288 864/864/288
f 865/865/289 866/866/289 867/867/289
f 868/868/290 869/869/290 870/870/290
f 871/871/291 872/872/291 873/873/291
f 874/874/292 875/875/292 876/876/292
f 877/877/293 878/878/293 879/879/293
f 880/880/294 881/881/294 882/882/294
f 883/883/295 884/884/295 885/885/295
f 886/886/296 887/887/296 888/888/296
f 889/889/297 890/890/297 891/891/297
f 892/892/298 893/893/298 894/894/298
f 895/895/299 896/896/299 897/897/299
f 898/898/300 899/899/300 900/900/300
f 901/901/301 902/902/301 903/903/301
f 904/904/302 905/905/302 906/906/302
f 907/907/303 908/908/303 909/909/303
f 910/910/304 911/911/304 912/912/304
f 913/913/305 914/914/305 915/915/305
f 916/916/306 917/917/306 918/918/306
f 919/919/307 920/920/307 921/921/307
f 922/922/308 923/923/308 924/924/308
f 925/925/309 926/926/309 927/927/309
f 928/928/310 929/929/310 930/930/310
f 931/931/311 932/932/311 933/933/311
f 934/934/312 935/935/312 936/936/312
f 937/937/313 938/938/313 939/939/313
f 940/940/314 941/941/314 942/942/314
f 943/943/315 944/944/315 945/945/315
f 946/946/316 947/947/316 948/948/316
f 949/949/317 950/950/317 951/951/317
f 952/952/318 953/953/318 954/954/318
f 955/955/319 956/956/319 957/957/319
f 958/958/320 959/959/320 960/960/320
f 961/961/321 962/962/321 963/963/321
f 964/964/322 965/965/322 966/966/322
f 967/967/323 968/968/323 969/969/323
f 970/970/324 971/971/324 972/972/324
f 973/973/325 974/974/325 975/975/325
f 976/976/326 977/977/326 978/978/326
f 979/979/327 980/980/327 981/981/327
f 982/982/328 983/983/328 984/984/328
f 985/985/329 986/986/329 987/987/329
f 988/988/330 989/989/330 990/990/330
f 991/991/331 992/992/331 993/993/331
f 994/994/332 995/995/332 996/996/332
f 997/997/333 998/998/333 999/999/333
f 1000/1000/334 1001/1001/334 1002/1002/334
f 1003/1003/335 1004/1004/335 1005/1005/335
f 1006/1006/336 1007/1007/336 1008/1008/336
f 1009/1009/337 1010/1010/337 1011/1011/337
f 1012/1012/338 1013/1013/338 1014/1014/338
f 1015/1015/339 1016/1016/339 1017/1017/339
f 1018/1018/340 1019/1019/340 1020/1020/340
f 1021/1021/341 1022/1022/341 1023/1023/341
f 1024/1024/342 1025/1025/342 1026/1026/342
f 1027/1027/343 1028/1028/343 1029/1029/343
f 1030/1030/344 1031/1031/344 1032/1032/344
f 1033/1033/345 1034/1034/345 1035/1035/345
f 1036/1036/346 1037/1037/346 1038/1038/346
f 1039/1039/347 1040/1040/347 1041/1041/347
f 1042/1042/348 1043/1043/348 1044/1044/348
f 1045/1045/349 1046/1046/349 1047/1047/349
f 1048/1048/350 1049/1049/350 1050/1050/350
f 1051/1051/351 1052/1052/351 1053/1053/351
f 1054/1054/352 1055/1055/352 1056/1056/352
f 1057/1057/353 1058/1058/353 1059/1059/353
f 1060/1060/354 1061/1061/354 1062/1062/354
f 1063/1063/355 1064/1064/355 1065/1065/355
f 1066/1066/356 1067/1067/356 1068/1068/356
f 1069/1069/357 1070/1070/357 1071/1071/357
f 1072/1072/358 1073/1073/358 1074/1074/358
f 1075/1075/359 1076/1076/359 1077/1077/359
f 1078/1078/360 1079/1079/360 1080/1080/360
f 1081/1081/361 1082/1082/361 1083/1083/361
f 1084/1084/362 1085/1085/362 1086/1086/362
f 1087/1087/363 1088/1088/363 1089/1089/363
f 1090/1090/364 1091/1091/364 1092/1092/364
f 1093/1093/365 1094/1094/365 1095/1095/365
f 1096/1096/366 1097/1097/366 1098/1098/366
f 1099/1099/367 1100/1100/367 1101/1101/367
f 1102/1102/368 1103/1103/368 1104/1104/368
f 1105/1105/369 1106/1106/369 1107/1107/369
f 1108/1108/370 1109/1109/370 1110/1110/370
f 1111/1111/371 1112/1112/371 1113/1113/371
f 1114/1114/372 1115/1115/372 1116/1116/372
f 1117/1117/373 1118/1118/373 1119/1119/373
f 1120/1120/374 1121/1121/374 1122/1122/374
f 1123/1123/375 1124/1124/375 1125/1125/375
f 1126/1126/376 1127/1127/376 1128/1128/376
f 1129/1129/377 1130/1130/377 1131/1131/377
f 1132/1132/378 1133/1133/378 1134/1134/378
f 1135/1135/379 1136/1136/379 1137/1137/379
f 1138/1138/380 1139/1139/380 1140/1140/380
f 1141/1141/381 1142/1142/381 1143/1143/381
f 1144/1144/382 1145/1145/382 1146/1146/382
f 1147/1147/383 1148/1148/383 1149/1149/383
f 1150/1150/384 1151/1151/384 1152/1152/384
f 1153/1153/385 1154/1154/385 1155/1155/385
f 1156/1156/386 1157/1157/386 1158/1158/386
f 1159/1159/387 1160/1160/387 1161/1161/387
f 1162/1162/388 1163/1163/388 1164/1164/388
f 1165/1165/389 1166/1166/389 1167/1167/389
f 1168/1168/390 1169/1169/390 1170/1170/390
f 1171/1171/391 1172/1172/391 1173/1173/391
f 1174/1174/392 1175/1175/392 1176/1176/392
f 1177/1177/393 1178/1178/393 1179/1179/393
f 1180/1180/394 1181/1181/394 1182/1182/394
f 1183/1183/395 1184/1184/395 1185/1185/395
f 1186/1186/396 1187/1187/396 1188/1188/396
f 1189/1189/397 1190/1190/397 1191/1191/397
f 1192/1192/398 1193/1193/398 1194/1194/398
f 1195/1195/399 1196/1196/399 1197/1197/399
f 1198/1198/400 1199/1199/400 1200/1200/400
f 1201/1201/401 1202/1202/401 1203/1203/401
f 1204/1204/402 1205/1205/402 1206/1206/402
f 1207/1207/403 1208/1208/403 1209/1209/403
f 1210/1210/404 1211/1211/404 1212/1212/404
f 1213/1213/405 1214/1214/405 1215/1215/405
f 1216/1216/406 1217/1217/406 1218/1218/406
f 1219/1219/407 1220/1220/407 1221/1221/407
f 1222/1222/408 1223/1223/408 1224/1224/408
f 1225/1225/409 1226/1226/409 1227/1227/409
f 1228/1228/410 1229/1229/410 1230/1230/410
f 1231/1231/411 1232/1232/411 1233/1233/411
f 1234/1234/412 1235/1235/412 1236/1236/412
f 1237/1237/413 1238/1238/413 1239/1239/413
f 1240/1240/414 1241/1241/414 1242/1242/414
f 1243/1243/415 1244/1244/415 1245/1245/415
f 1246/1246/416 1247/1247/416 1248/1248/416
f 1249/1249/417 1250/1250/417 1251/1251/417
f 1252/1252/418 1253/1253/418 1254/1254/418
f 1255/1255/419 1256/1256/419 1257/1257/419
f 1258/1258/420 1259/1259/420 1260/1260/420
f 1261/1261/421 1262/1262/421 1263/1263/421
f 1264/1264/422 1265/1265/422 1266/1266/422
f 1267/1267/423 1268/1268/423 1269/1269/423
f 1270/1270/424 1271/1271/424 1272/1272/424
f 1273/1273/425 1274/1274/425 1275/1275/425
f 1276/1276/426 1277/1277/426 1278/1278/426
f 1279/1279/427 1280/1280/427 1281/1281/427
f 1282/1282/428 1283/1283/428 1284/1284/428
f 1285/1285/429 1286/1286/429 1287/1287/429
f 1288/1288/430 1289/1289/430 1290/1290/430
f 1291/1291/431 1292/1292/431 1293/1293/431
f 1294/1294/432 1295/1295/432 1296/1296/432
f 1297/1297/433 1298/1298/433 1299/1299/433
f 1300/1300/434 1301/1301/434 1302/1302/434
f 1303/1303/435 1304/1304/435 1305/1305/435
f 1306/1306/436 1307/1307/436 1308/1308/436
f 1309/1309/437 1310/1310/437 1311/1311/437
f 1312/1312/438 1313/1313/438 1314/1314/438
f 1315/1315/439 1316/1316/439 1317/1317/439
f 1318/1318/440 1319/1319/440 1320/1320/440
f 1321/1321/441 1322/1322/441 1323/1323/441
f 1324/1324/442 1325/1325/442 1326/1326/442
f 1327/1327/443 1328/1328/443 1329/1329/443
f 1330/1330/444 1331/1331/444 1332/1332/444
f 1333/1333/445 1334/1334/445 1335/1335/445
f 1336/1336/446 1337/1337/446 1338/1338/446
f 1339/1339/447 1340/1340/447 1341/1341/447
f 1342/1342/448 1343/1343/448 1344/1344/448
f 1345/1345/449 1346/1346/449 1347/1347/449
f 1348/1348/450 1349/1349/450 1350/1350/450
f 1351/1351/451 1352/1352/451 1353/1353/451
f 1354/1354/452 1355/1355/452 1356/1356/452
f 1357/1357/453 1358/1358/453 1359/1359/453
f 1360/1360/454 1361/1361/454 1362/1362/454
f 1363/1363/455 1364/1364/455 1365/1365/455
f 1366/1366/456 1367/1367/456 1368/1368/456
f 1369/1369/457 1370/1370/457 1371/1371/457
f 1372/1372/458 1373/1373/458 1374/1374/458
f 1375/1375/459 1376/1376/459 1377/1377/459
f 1378/1378/460 1379/1379/460 1380/1380/460
f 1381/1381/461 1382/1382/461 1383/1383/461
f 1384/1384/462 1385/1385/462 1386/1386/462
f 1387/1387/463 1388/1388/463 1389/1389/463
f 1390/1390/464 1391/1391/464 1392/1392/464
f 1393/1393/465 1394/1394/465 1395/1395/465
f 1396/1396/466 1397/1397/466 1398/1398/466
f 1399/1399/467 1400/1400/467 1401/1401/467
f 1402/1402/468 1403/1403/468 1404/1404/468
f 1405/1405/469 1406/1406/469 1407/1407/469
f 1408/1408/470 1409/1409/470 1410/1410/470
f 1411/1411/471 1412/1412/471 1413/1413/471
f 1414/1414/472 1415/1415/472 1416/1416/472
f 1417/1417/473 1418/1418/473 1419/1419/473
f 1420/1420/474 1421/1421/474 1422/1422/474
f 1423/1423/475 1424/1424/475 1425/1425/475
f 1426/1426/476 1427/1427/476 1428/1428/476
f 1429/1429/477 1430/1430/477 1431/1431/477
f 1432/1432/478 1433/1433/478 1434/1434/478
f 1435/1435/479 1436/1436/479 1437/1437/479
f 1438/1438/480 1439/1439/480 1440/1440/480
f 1441/1441/481 1442/1442/481 1443/1443/481
f 1444/1444/482 1445/1445/482 1446/1446/482
f 1447/1447/483 1448/1448/483 1449/1449/483
f 1450/1450/484 1451/1451/484 1452/1452/484
f 1453/1453/485 1454/1454/485 1455/1455/485
f 1456/1456/486 1457/1457/486 1458/1458/486
f 1459/1459/487 1460/1460/487 1461/1461/487
f 1462/1462/488 1463/1463/488 1464/1464/488
f 1465/1465/489 1466/1466/489 1467/1467/489
f 1468/1468/490 1469/1469/490 1470/1470/490
f 1471/1471/491 1472/1472/491 1473/1473/491
f 1474/1474/492 1475/1475/492 1476/1476/492
f 1477/1477/493 1478/1478/493 1479/1479/493
f 1480/1480/494 1481/1481/494 1482/1482/494
f 1483/1483/495 1484/1484/495 1485/1485/495
f 1486/1486/496 1487/1487/496 1488/1488/496
f 1489/1489/497 1490/1490/497 1491/1491/497
f 1492/1492/498 1493/1493/498 1494/1494/498
f 1495/1495/499 1496/1496/499 1497/1497/499
f 1498/1498/500 1499/1499/500 1500/1500/500
f 1501/1501/501 1502/1502/501 1503/1503/501
f 1504/1504/502 1505/1505/502 1506/1506/502
f 1507/1507/503 1508/1508/503 1509/1509/503
f 1510/1510/504 1511/1511/504 1512/1512/504
f 1513/1513/505 1514/1514/505 1515/1515/505
f 1516/1516/506 1517/1517/506 1518/1518/506
f 1519/1519/507 1520/1520/507 1521/1521/507
f 1522/1522/508 1523/1523/508 1524/1524/508
f 1525/1525/509 1526/1526/509 1527/1527/509
f 1528/1528/510 1529/1529/510 1530/1530/510
f 1531/1531/511 1532/1532/511 1533/1533/511
f 1534/1534/512 1535/1535/512 1536/1536/512
f 1537/1537/513 1538/1538/513 1539/1539/513
f 1540/1540/514 1541/1541/514 1542/1542/514
f 1543/1543/515 1544/1544/515 1545/1545/515
f 1546/1546/516 1547/1547/516 1548/1548/516
f 1549/1549/517 1550/1550/517 1551/1551/517
f 1552/1552/518 1553/1553/518 1554/1554/518
f 1555/1555/519 1556/1556/519 1557/1557/519
f 1558/1558/520 1559/1559/520 1560/1560/520
f 1561/1561/521 1562/1562/521 1563/1563/521
f 1564/1564/522 1565/1565/522 1566/1566/522
f 1567/1567/523 1568/1568/523 1569/1569/523
f 1570/1570/524 1571/1571/524 1572/1572/524
f 1573/1573/525 1574/1574/525 1575/1575/525
f 1576/1576/526 1577/1577/526 1578/1578/526
f 1579/1579/527 1580/1580/527 1581/1581/527
f 1582/1582/528 1583/1583/528 1584/1584/528
f 1585/1585/529 1586/1586/529 1587/1587/529
f 1588/1588/530 1589/1589/530 1590/1590/530
f 1591/1591/531 1592/1592/531 1593/1593/531
f 1594/1594/532 1595/1595/532 1596/1596/532
f 1597/1597/533 1598/1598/533 1599/1599/533
f 1600/1600/534 1601/1601/534 1602/1602/534
f 1603/1603/535 1604/1604/535 1605/1605/535
f 1606/1606/536 1607/1607/536 1608/1608/536
f 1609/1609/537 1610/1610/537 1611/1611/537
f 1612/1612/538 1613/1613/538 1614/1614/538
f 1615/1615/539 1616/1616/539 1617/1617/539
f 1618/1618/540 1619/1619/540 1620/1620/540
f 1621/1621/541 1622/1622/541 1623/1623/541
f 1624/1624/542 1625/1625/542 1626/1626/542
f 1627/1627/543 1628/1628/543 1629/1629/543
f 1630/1630/544 1631/1631/544 1632/1632/544
f 1633/1633/545 1634/1634/545 1635/1635/545
f 1636/1636/546 1637/1637/546 1638/1638/546
f 1639/1639/547 1640/1640/547 1641/1641/547
f 1642/1642/548 1643/1643/548 1644/1644/548
f 1645/1645/549 1646/1646/549 1647/1647/549
f 1648/1648/550 1649/1649/550 1650/1650/550
f 1651/1651/551 1652/1652/551 1653/1653/551
f 1654/1654/552 1655/1655/552 1656/1656/552
f 1657/1657/553 1658/1658/553 1659/1659/553
f 1660/1660/554 1661/1661/554 1662/1662/554
f 1663/1663/555 1664/1664/555 1665/1665/555
f 1666/1666/556 1667/1667/556 1668/1668/556
f 1669/1669/557 1670/1670/557 1671/1671/557
f 1672/1672/558 1673/1673/558 1674/1674/558
f 1675/1675/559 1676/1676/559 1677/1677/559
f 1678/1678/560 1679/1679/560 1680/1680/560
f 1681/1681/561 1682/1682/561 1683/1683/561
f 1684/1684/562 1685/1685/562 1686/1686/562
f 1687/1687/563 1688/1688/563 1689/1689/563
f 1690/1690/564 1691/1691/564 1692/1692/564
f 1693/1693/565 1694/1694/565 1695/1695/565
f 1696/1696/566 1697/1697/566 1698/1698/566
f 1699/1699/567 1700/1700/567 1701/1701/567
f 1702/1702/568 1703/1703/568 1704/1704/568
f 1705/1705/569 1706/1706/569 1707/1707/569
f 1708/1708/570 1709/1709/570 1710/1710/570
f 1711/1711/571 1712/1712/571 1713/1713/571
f 1714/1714/572 1715/1715/572 1716/1716/572
f 1717/1717/573 1718/1718/573 1719/1719/573
f 1720/1720/574 1721/1721/574 1722/1722/574
f 1723/1723/575 1724/1724/575 1725/1725/575
f 1726/1726/576 1727/1727/576 1728/1728/576
f 1729/1729/577 1730/1730/577 1731/1731/577
f 1732/1732/578 1733/1733/578 1734/1734/578
f 1735/1735/579 1736/1736/579 1737/1737/579
f 1738/1738/580 1739/1739/580 1740/1740/580
f 1741/1741/581 1742/1742/581 1743/1743/581
f 1744/1744/582 1745/1745/582 1746/1746/582
f 1747/1747/583 1748/1748/583 1749/1749/583
f 1750/1750/584 1751/1751/584 1752/1752/584
f 1753/1753/585 1754/1754/585 1755/1755/585
f 1756/1756/586 1757/1757/586 1758/1758/586
f 1759/1759/587 1760/1760/587 1761/1761/587
f 1762/1762/588 1763/1763/588 1764/1764/588
f 1765/1765/589 1766/1766/589 1767/1767/589
f 1768/1768/590 1769/1769/590 1770/1770/590
f 1771/1771/591 1772/1772/591 1773/1773/591
f 1774/1774/592 1775/1775/592 1776/1776/592
f 1777/1777/593 1778/1778/593 1779/1779/593
f 1780/1780/594 1781/1781/594 1782/1782/594
f 1783/1783/595 1784/1784/595 1785/1785/595
f 1786/1786/596 1787/1787/596 1788/1788/596
f 1789/1789/597 1790/1790/597 1791/1791/597
f 1792/1792/598 1793/1793/598 1794/1794/598
f 1795/1795/599 1796/1796/599 1797/1797/599
f 1798/1798/600 1799/1799/600 1800/1800/600
f 1801/1801/601 1802/1802/601 1803/1803/601
f 1804/1804/602 1805/1805/602 1806/1806/602
f 1807/1807/603 1808/1808/603 1809/1809/603
f 1810/1810/604 1811/1811/604 1812/1812/604
f 1813/1813/605 1814/1814/605 1815/1815/605
f 1816/1816/606 1817/1817/606 1818/1818/606
f 1819/1819/607 1820/1820/607 1821/1821/607
f 1822/1822/608 1823/1823/608 1824/1824/608
f 1825/1825/609 1826/1826/609 1827/1827/609
f 1828/1828/610 1829/1829/610 1830/1830/610
f 1831/1831/611 1832/1832/611 1833/1833/611
f 1834/1834/612 1835/1835/612 1836/1836/612
f 1837/1837/613 1838/1838/613 1839/1839/613
f 1840/1840/614 1841/1841/614 1842/1842/614
f 1843/1843/615 1844/1844/615 1845/1845/615
f 1846/1846/616 1847/1847/616 1848/1848/616
f 1849/1849/617 1850/1850/617 1851/1851/617
f 1852/1852/618 1853/1853/618 1854/1854/618
f 1855/1855/619 1856/1856/619 1857/1857/619
f 1858/1858/620 1859/1859/620 1860/1860/620
f 1861/1861/621 1862/1862/621 1863/1863/621
f 1864/1864/622 1865/1865/622 1866/1866/622
f 1867/1867/623 1868/1868/623 1869/1869/623
f 1870/1870/624 1871/1871/624 1872/1872/624
f 1873/1873/625 1874/1874/625 1875/1875/625
f 1876/1876/626 1877/1877/626 1878/1878/626
f 1879/1879/627 1880/1880/627 1881/1881/627
f 1882/1882/628 1883/1883/628 1884/1884/628
f 1885/1885/629 1886/1886/629 1887/1887/629
f 1888/1888/630 1889/1889/630 1890/1890/630
f 1891/1891/631 1892/1892/631 1893/1893/631
f 1894/1894/632 1895/1895/632 1896/1896/632
f 1897/1897/633 1898/1898/633 1899/1899/633
f 1900/1900/634 1901/1901/634 1902/1902/634
f 1903/1903/635 1904/1904/635 1905/1905/635
f 1906/1906/636 1907/1907/636 1908/1908/636
f 1909/1909/637 1910/1910/637 1911/1911/637
f 1912/1912/638 1913/1913/638 1914/1914/638
f 1915/1915/639 1916/1916/639 1917/1917/639
f 1918/1918/640 1919/1919/640 1920/1920/640
f 1921/1921/641 1922/1922/641 1923/1923/641
f 1924/1924/642 1925/1925/642 1926/1926/642
f 1927/1927/643 1928/1928/643 1929/1929/643
f 1930/1930/644 1931/1931/644 1932/1932/644
f 1933/1933/645 1934/1934/645 1935/1935/645
f 1936/1936/646 1937/1937/646 1938/1938/646
f 1939/1939/647 1940/1940/647 1941/1941/647
f 1942/1942/648 1943/1943/648 1944/1944/648
f 1945/1945/649 1946/1946/649 1947/1947/649
f 1948/1948/650 1949/1949/650 1950/1950/650
f 1951/1951/651 1952/1952/651 1953/1953/651
f 1954/1954/652 1955/1955/652 1956/1956/652
f 1957/1957/653 1958/1958/653 1959/1959/653
f 1960/1960/654 1961/1961/654 1962/1962/654
f 1963/1963/655 1964/1964/655 1965/1965/655
f 1966/1966/656 1967/1967/656 1968/1968/656
f 1969/1969/657 1970/1970/657 1971/1971/657
f 1972/1972/658 1973/1973/658 1974/1974/658
f 1975/1975/659 1976/1976/659 1977/1977/659
f 1978/1978/660 1979/1979/660 1980/1980/660
f 1981/1981/661 1982/1982/661 1983/1983/661
f 1984/1984/662 1985/1985/662 1986/1986/662
f 1987/1987/663 1988/1988/663 1989/1989/663
f 1990/1990/664 1991/1991/664 1992/1992/664
f 1993/1993/665 1994/1994/665 1995/1995/665
f 1996/1996/666 1997/1997/666 1998/1998/666
f 1999/1999/667 2000/2000/667 2001/2001/667
f 2002/2002/668 2003/2003/668 2004/2004/668
f 2005/2005/669 2006/2006/669 2007/2007/669
f 2008/2008/670 2009/2009/670 2010/2010/670
f 2011/2011/671 2012/2012/671 2013/2013/671
f 2014/2014/672 2015/2015/672 2016/2016/672
f 2017/2017/673 2018/2018/673 2019/2019/673
f 2020/2020/674 2021/2021/674 2022/2022/674
f 2023/2023/675 2024/2024/675 2025/2025/675
f 2026/2026/676 2027/2027/676 2028/2028/676
f 2029/2029/677 2030/2030/677 2031/2031/677
f 2032/2032/678 2033/2033/678 2034/2034/678
f 2035/2035/679 2036/2036/679 2037/2037/679
f 2038/2038/680 2039/2039/680 2040/2040/680
f 2041/2041/681 2042/2042/681 2043/2043/681
f 2044/2044/682 2045/2045/682 2046/2046/682
f 2047/2047/683 2048/2048/683 2049/2049/683
f 2050/2050/684 2051/2051/684 2052/2052/684
f 2053/2053/685 2054/2054/685 2055/2055/685
f 2056/2056/686 2057/2057/686 2058/2058/686
f 2059/2059/687 2060/2060/687 2061/2061/687
f 2062/2062/688 2063/2063/688 2064/2064/688
f 2065/2065/689 2066/2066/689 2067/2067/689
f 2068/2068/690 2069/2069/690 2070/2070/690
f 2071/2071/691 2072/2072/691 2073/2073/691
f 2074/2074/692 2075/2075/692 2076/2076/692
f 2077/2077/693 2078/2078/693 2079/2079/693
f 2080/2080/694 2081/2081/694 2082/2082/694
f 2083/2083/695 2084/2084/695 2085/2085/695
f 2086/2086/696 2087/2087/696 2088/2088/696
f 2089/2089/697 2090/2090/697 2091/2091/697
f 2092/2092/698 2093/2093/698 2094/2094/698
f 2095/2095/699 2096/2096/699 2097/2097/699
f 2098/2098/700 2099/2099/700 2100/2100/700
f 2101/2101/701 2102/2102/701 2103/2103/701
f 2104/2104/702 2105/2105/702 2106/2106/702
f 2107/2107/703 2108/2108/703 2109/2109/703
f 2110/2110/704 2111/2111/704 2112/2112/704
f 2113/2113/705 2114/2114/705 2115/2115/705
f 2116/2116/706 2117/2117/706 2118/2118/706
f 2119/2119/707 2120/2120/707 2121/2121/707
f 2122/2122/708 2123/2123/708 2124/2124/708
f 2125/2125/709 2126/2126/709 2127/2127/709
f 2128/2128/710 2129/2129/710 2130/2130/710
f 2131/2131/711 2132/2132/711 2133/2133/711
f 2134/2134/712 2135/2135/712 2136/2136/712
f 2137/2137/713 2138/2138/713 2139/2139/713
f 2140/2140/714 2141/2141/714 2142/2142/714
f 2143/2143/715 2144/2144/715 2145/2145/715
f 2146/2146/716 2147/2147/716 2148/2148/716
f 2149/2149/717 2150/2150/717 2151/2151/717
f 2152/2152/718 2153/2153/718 2154/2154/718
f 2155/2155/719 2156/2156/719 2157/2157/719
f 2158/2158/720 2159/2159/720 2160/2160/720