vt 0 0
vt 1 0
vt 1 1
vt 0 1
# Generated original RTS FPS environment
mtllib environment.mtl
usemtl concrete
v -0.50000 -0.50000 -0.50000
v -0.50000 0.50000 -0.50000
v 0.50000 0.50000 -0.50000
v 0.50000 -0.50000 -0.50000
f 1/1 2/2 3/3
f 1/1 3/3 4/4
v -0.50000 -0.50000 0.50000
v 0.50000 -0.50000 0.50000
v 0.50000 0.50000 0.50000
v -0.50000 0.50000 0.50000
f 5/1 6/2 7/3
f 5/1 7/3 8/4
v -0.50000 -0.50000 -0.50000
v -0.50000 -0.50000 0.50000
v -0.50000 0.50000 0.50000
v -0.50000 0.50000 -0.50000
f 9/1 10/2 11/3
f 9/1 11/3 12/4
v 0.50000 -0.50000 -0.50000
v 0.50000 0.50000 -0.50000
v 0.50000 0.50000 0.50000
v 0.50000 -0.50000 0.50000
f 13/1 14/2 15/3
f 13/1 15/3 16/4
v -0.50000 0.50000 -0.50000
v -0.50000 0.50000 0.50000
v 0.50000 0.50000 0.50000
v 0.50000 0.50000 -0.50000
f 17/1 18/2 19/3
f 17/1 19/3 20/4
v -0.50000 -0.50000 -0.50000
v 0.50000 -0.50000 -0.50000
v 0.50000 -0.50000 0.50000
v -0.50000 -0.50000 0.50000
f 21/1 22/2 23/3
f 21/1 23/3 24/4
usemtl glass
v -0.41500 -0.42600 -0.50200
v -0.41500 -0.37400 -0.50200
v -0.26500 -0.37400 -0.50200
v -0.26500 -0.42600 -0.50200
f 25/1 26/2 27/3
f 25/1 27/3 28/4
v -0.41500 -0.42600 -0.50000
v -0.26500 -0.42600 -0.50000
v -0.26500 -0.37400 -0.50000
v -0.41500 -0.37400 -0.50000
f 29/1 30/2 31/3
f 29/1 31/3 32/4
v -0.41500 -0.42600 -0.50200
v -0.41500 -0.42600 -0.50000
v -0.41500 -0.37400 -0.50000
v -0.41500 -0.37400 -0.50200
f 33/1 34/2 35/3
f 33/1 35/3 36/4
v -0.26500 -0.42600 -0.50200
v -0.26500 -0.37400 -0.50200
v -0.26500 -0.37400 -0.50000
v -0.26500 -0.42600 -0.50000
f 37/1 38/2 39/3
f 37/1 39/3 40/4
v -0.41500 -0.37400 -0.50200
v -0.41500 -0.37400 -0.50000
v -0.26500 -0.37400 -0.50000
v -0.26500 -0.37400 -0.50200
f 41/1 42/2 43/3
f 41/1 43/3 44/4
v -0.41500 -0.42600 -0.50200
v -0.26500 -0.42600 -0.50200
v -0.26500 -0.42600 -0.50000
v -0.41500 -0.42600 -0.50000
f 45/1 46/2 47/3
f 45/1 47/3 48/4
v -0.50200 -0.42600 -0.41500
v -0.50200 -0.37400 -0.41500
v -0.50000 -0.37400 -0.41500
v -0.50000 -0.42600 -0.41500
f 49/1 50/2 51/3
f 49/1 51/3 52/4
v -0.50200 -0.42600 -0.26500
v -0.50000 -0.42600 -0.26500
v -0.50000 -0.37400 -0.26500
v -0.50200 -0.37400 -0.26500
f 53/1 54/2 55/3
f 53/1 55/3 56/4
v -0.50200 -0.42600 -0.41500
v -0.50200 -0.42600 -0.26500
v -0.50200 -0.37400 -0.26500
v -0.50200 -0.37400 -0.41500
f 57/1 58/2 59/3
f 57/1 59/3 60/4
v -0.50000 -0.42600 -0.41500
v -0.50000 -0.37400 -0.41500
v -0.50000 -0.37400 -0.26500
v -0.50000 -0.42600 -0.26500
f 61/1 62/2 63/3
f 61/1 63/3 64/4
v -0.50200 -0.37400 -0.41500
v -0.50200 -0.37400 -0.26500
v -0.50000 -0.37400 -0.26500
v -0.50000 -0.37400 -0.41500
f 65/1 66/2 67/3
f 65/1 67/3 68/4
v -0.50200 -0.42600 -0.41500
v -0.50000 -0.42600 -0.41500
v -0.50000 -0.42600 -0.26500
v -0.50200 -0.42600 -0.26500
f 69/1 70/2 71/3
f 69/1 71/3 72/4
v -0.41500 -0.42600 0.50000
v -0.41500 -0.37400 0.50000
v -0.26500 -0.37400 0.50000
v -0.26500 -0.42600 0.50000
f 73/1 74/2 75/3
f 73/1 75/3 76/4
v -0.41500 -0.42600 0.50200
v -0.26500 -0.42600 0.50200
v -0.26500 -0.37400 0.50200
v -0.41500 -0.37400 0.50200
f 77/1 78/2 79/3
f 77/1 79/3 80/4
v -0.41500 -0.42600 0.50000
v -0.41500 -0.42600 0.50200
v -0.41500 -0.37400 0.50200
v -0.41500 -0.37400 0.50000
f 81/1 82/2 83/3
f 81/1 83/3 84/4
v -0.26500 -0.42600 0.50000
v -0.26500 -0.37400 0.50000
v -0.26500 -0.37400 0.50200
v -0.26500 -0.42600 0.50200
f 85/1 86/2 87/3
f 85/1 87/3 88/4
v -0.41500 -0.37400 0.50000
v -0.41500 -0.37400 0.50200
v -0.26500 -0.37400 0.50200
v -0.26500 -0.37400 0.50000
f 89/1 90/2 91/3
f 89/1 91/3 92/4
v -0.41500 -0.42600 0.50000
v -0.26500 -0.42600 0.50000
v -0.26500 -0.42600 0.50200
v -0.41500 -0.42600 0.50200
f 93/1 94/2 95/3
f 93/1 95/3 96/4
v 0.50000 -0.42600 -0.41500
v 0.50000 -0.37400 -0.41500
v 0.50200 -0.37400 -0.41500
v 0.50200 -0.42600 -0.41500
f 97/1 98/2 99/3
f 97/1 99/3 100/4
v 0.50000 -0.42600 -0.26500
v 0.50200 -0.42600 -0.26500
v 0.50200 -0.37400 -0.26500
v 0.50000 -0.37400 -0.26500
f 101/1 102/2 103/3
f 101/1 103/3 104/4
v 0.50000 -0.42600 -0.41500
v 0.50000 -0.42600 -0.26500
v 0.50000 -0.37400 -0.26500
v 0.50000 -0.37400 -0.41500
f 105/1 106/2 107/3
f 105/1 107/3 108/4
v 0.50200 -0.42600 -0.41500
v 0.50200 -0.37400 -0.41500
v 0.50200 -0.37400 -0.26500
v 0.50200 -0.42600 -0.26500
f 109/1 110/2 111/3
f 109/1 111/3 112/4
v 0.50000 -0.37400 -0.41500
v 0.50000 -0.37400 -0.26500
v 0.50200 -0.37400 -0.26500
v 0.50200 -0.37400 -0.41500
f 113/1 114/2 115/3
f 113/1 115/3 116/4
v 0.50000 -0.42600 -0.41500
v 0.50200 -0.42600 -0.41500
v 0.50200 -0.42600 -0.26500
v 0.50000 -0.42600 -0.26500
f 117/1 118/2 119/3
f 117/1 119/3 120/4
v -0.19000 -0.42600 -0.50200
v -0.19000 -0.37400 -0.50200
v -0.04000 -0.37400 -0.50200
v -0.04000 -0.42600 -0.50200
f 121/1 122/2 123/3
f 121/1 123/3 124/4
v -0.19000 -0.42600 -0.50000
v -0.04000 -0.42600 -0.50000
v -0.04000 -0.37400 -0.50000
v -0.19000 -0.37400 -0.50000
f 125/1 126/2 127/3
f 125/1 127/3 128/4
v -0.19000 -0.42600 -0.50200
v -0.19000 -0.42600 -0.50000
v -0.19000 -0.37400 -0.50000
v -0.19000 -0.37400 -0.50200
f 129/1 130/2 131/3
f 129/1 131/3 132/4
v -0.04000 -0.42600 -0.50200
v -0.04000 -0.37400 -0.50200
v -0.04000 -0.37400 -0.50000
v -0.04000 -0.42600 -0.50000
f 133/1 134/2 135/3
f 133/1 135/3 136/4
v -0.19000 -0.37400 -0.50200
v -0.19000 -0.37400 -0.50000
v -0.04000 -0.37400 -0.50000
v -0.04000 -0.37400 -0.50200
f 137/1 138/2 139/3
f 137/1 139/3 140/4
v -0.19000 -0.42600 -0.50200
v -0.04000 -0.42600 -0.50200
v -0.04000 -0.42600 -0.50000
v -0.19000 -0.42600 -0.50000
f 141/1 142/2 143/3
f 141/1 143/3 144/4
v -0.50200 -0.42600 -0.19000
v -0.50200 -0.37400 -0.19000
v -0.50000 -0.37400 -0.19000
v -0.50000 -0.42600 -0.19000
f 145/1 146/2 147/3
f 145/1 147/3 148/4
v -0.50200 -0.42600 -0.04000
v -0.50000 -0.42600 -0.04000
v -0.50000 -0.37400 -0.04000
v -0.50200 -0.37400 -0.04000
f 149/1 150/2 151/3
f 149/1 151/3 152/4
v -0.50200 -0.42600 -0.19000
v -0.50200 -0.42600 -0.04000
v -0.50200 -0.37400 -0.04000
v -0.50200 -0.37400 -0.19000
f 153/1 154/2 155/3
f 153/1 155/3 156/4
v -0.50000 -0.42600 -0.19000
v -0.50000 -0.37400 -0.19000
v -0.50000 -0.37400 -0.04000
v -0.50000 -0.42600 -0.04000
f 157/1 158/2 159/3
f 157/1 159/3 160/4
v -0.50200 -0.37400 -0.19000
v -0.50200 -0.37400 -0.04000
v -0.50000 -0.37400 -0.04000
v -0.50000 -0.37400 -0.19000
f 161/1 162/2 163/3
f 161/1 163/3 164/4
v -0.50200 -0.42600 -0.19000
v -0.50000 -0.42600 -0.19000
v -0.50000 -0.42600 -0.04000
v -0.50200 -0.42600 -0.04000
f 165/1 166/2 167/3
f 165/1 167/3 168/4
v -0.19000 -0.42600 0.50000
v -0.19000 -0.37400 0.50000
v -0.04000 -0.37400 0.50000
v -0.04000 -0.42600 0.50000
f 169/1 170/2 171/3
f 169/1 171/3 172/4
v -0.19000 -0.42600 0.50200
v -0.04000 -0.42600 0.50200
v -0.04000 -0.37400 0.50200
v -0.19000 -0.37400 0.50200
f 173/1 174/2 175/3
f 173/1 175/3 176/4
v -0.19000 -0.42600 0.50000
v -0.19000 -0.42600 0.50200
v -0.19000 -0.37400 0.50200
v -0.19000 -0.37400 0.50000
f 177/1 178/2 179/3
f 177/1 179/3 180/4
v -0.04000 -0.42600 0.50000
v -0.04000 -0.37400 0.50000
v -0.04000 -0.37400 0.50200
v -0.04000 -0.42600 0.50200
f 181/1 182/2 183/3
f 181/1 183/3 184/4
v -0.19000 -0.37400 0.50000
v -0.19000 -0.37400 0.50200
v -0.04000 -0.37400 0.50200
v -0.04000 -0.37400 0.50000
f 185/1 186/2 187/3
f 185/1 187/3 188/4
v -0.19000 -0.42600 0.50000
v -0.04000 -0.42600 0.50000
v -0.04000 -0.42600 0.50200
v -0.19000 -0.42600 0.50200
f 189/1 190/2 191/3
f 189/1 191/3 192/4
v 0.50000 -0.42600 -0.19000
v 0.50000 -0.37400 -0.19000
v 0.50200 -0.37400 -0.19000
v 0.50200 -0.42600 -0.19000
f 193/1 194/2 195/3
f 193/1 195/3 196/4
v 0.50000 -0.42600 -0.04000
v 0.50200 -0.42600 -0.04000
v 0.50200 -0.37400 -0.04000
v 0.50000 -0.37400 -0.04000
f 197/1 198/2 199/3
f 197/1 199/3 200/4
v 0.50000 -0.42600 -0.19000
v 0.50000 -0.42600 -0.04000
v 0.50000 -0.37400 -0.04000
v 0.50000 -0.37400 -0.19000
f 201/1 202/2 203/3
f 201/1 203/3 204/4
v 0.50200 -0.42600 -0.19000
v 0.50200 -0.37400 -0.19000
v 0.50200 -0.37400 -0.04000
v 0.50200 -0.42600 -0.04000
f 205/1 206/2 207/3
f 205/1 207/3 208/4
v 0.50000 -0.37400 -0.19000
v 0.50000 -0.37400 -0.04000
v 0.50200 -0.37400 -0.04000
v 0.50200 -0.37400 -0.19000
f 209/1 210/2 211/3
f 209/1 211/3 212/4
v 0.50000 -0.42600 -0.19000
v 0.50200 -0.42600 -0.19000
v 0.50200 -0.42600 -0.04000
v 0.50000 -0.42600 -0.04000
f 213/1 214/2 215/3
f 213/1 215/3 216/4
v 0.03500 -0.42600 -0.50200
v 0.03500 -0.37400 -0.50200
v 0.18500 -0.37400 -0.50200
v 0.18500 -0.42600 -0.50200
f 217/1 218/2 219/3
f 217/1 219/3 220/4
v 0.03500 -0.42600 -0.50000
v 0.18500 -0.42600 -0.50000
v 0.18500 -0.37400 -0.50000
v 0.03500 -0.37400 -0.50000
f 221/1 222/2 223/3
f 221/1 223/3 224/4
v 0.03500 -0.42600 -0.50200
v 0.03500 -0.42600 -0.50000
v 0.03500 -0.37400 -0.50000
v 0.03500 -0.37400 -0.50200
f 225/1 226/2 227/3
f 225/1 227/3 228/4
v 0.18500 -0.42600 -0.50200
v 0.18500 -0.37400 -0.50200
v 0.18500 -0.37400 -0.50000
v 0.18500 -0.42600 -0.50000
f 229/1 230/2 231/3
f 229/1 231/3 232/4
v 0.03500 -0.37400 -0.50200
v 0.03500 -0.37400 -0.50000
v 0.18500 -0.37400 -0.50000
v 0.18500 -0.37400 -0.50200
f 233/1 234/2 235/3
f 233/1 235/3 236/4
v 0.03500 -0.42600 -0.50200
v 0.18500 -0.42600 -0.50200
v 0.18500 -0.42600 -0.50000
v 0.03500 -0.42600 -0.50000
f 237/1 238/2 239/3
f 237/1 239/3 240/4
v -0.50200 -0.42600 0.03500
v -0.50200 -0.37400 0.03500
v -0.50000 -0.37400 0.03500
v -0.50000 -0.42600 0.03500
f 241/1 242/2 243/3
f 241/1 243/3 244/4
v -0.50200 -0.42600 0.18500
v -0.50000 -0.42600 0.18500
v -0.50000 -0.37400 0.18500
v -0.50200 -0.37400 0.18500
f 245/1 246/2 247/3
f 245/1 247/3 248/4
v -0.50200 -0.42600 0.03500
v -0.50200 -0.42600 0.18500
v -0.50200 -0.37400 0.18500
v -0.50200 -0.37400 0.03500
f 249/1 250/2 251/3
f 249/1 251/3 252/4
v -0.50000 -0.42600 0.03500
v -0.50000 -0.37400 0.03500
v -0.50000 -0.37400 0.18500
v -0.50000 -0.42600 0.18500
f 253/1 254/2 255/3
f 253/1 255/3 256/4
v -0.50200 -0.37400 0.03500
v -0.50200 -0.37400 0.18500
v -0.50000 -0.37400 0.18500
v -0.50000 -0.37400 0.03500
f 257/1 258/2 259/3
f 257/1 259/3 260/4
v -0.50200 -0.42600 0.03500
v -0.50000 -0.42600 0.03500
v -0.50000 -0.42600 0.18500
v -0.50200 -0.42600 0.18500
f 261/1 262/2 263/3
f 261/1 263/3 264/4
v 0.03500 -0.42600 0.50000
v 0.03500 -0.37400 0.50000
v 0.18500 -0.37400 0.50000
v 0.18500 -0.42600 0.50000
f 265/1 266/2 267/3
f 265/1 267/3 268/4
v 0.03500 -0.42600 0.50200
v 0.18500 -0.42600 0.50200
v 0.18500 -0.37400 0.50200
v 0.03500 -0.37400 0.50200
f 269/1 270/2 271/3
f 269/1 271/3 272/4
v 0.03500 -0.42600 0.50000
v 0.03500 -0.42600 0.50200
v 0.03500 -0.37400 0.50200
v 0.03500 -0.37400 0.50000
f 273/1 274/2 275/3
f 273/1 275/3 276/4
v 0.18500 -0.42600 0.50000
v 0.18500 -0.37400 0.50000
v 0.18500 -0.37400 0.50200
v 0.18500 -0.42600 0.50200
f 277/1 278/2 279/3
f 277/1 279/3 280/4
v 0.03500 -0.37400 0.50000
v 0.03500 -0.37400 0.50200
v 0.18500 -0.37400 0.50200
v 0.18500 -0.37400 0.50000
f 281/1 282/2 283/3
f 281/1 283/3 284/4
v 0.03500 -0.42600 0.50000
v 0.18500 -0.42600 0.50000
v 0.18500 -0.42600 0.50200
v 0.03500 -0.42600 0.50200
f 285/1 286/2 287/3
f 285/1 287/3 288/4
v 0.50000 -0.42600 0.03500
v 0.50000 -0.37400 0.03500
v 0.50200 -0.37400 0.03500
v 0.50200 -0.42600 0.03500
f 289/1 290/2 291/3
f 289/1 291/3 292/4
v 0.50000 -0.42600 0.18500
v 0.50200 -0.42600 0.18500
v 0.50200 -0.37400 0.18500
v 0.50000 -0.37400 0.18500
f 293/1 294/2 295/3
f 293/1 295/3 296/4
v 0.50000 -0.42600 0.03500
v 0.50000 -0.42600 0.18500
v 0.50000 -0.37400 0.18500
v 0.50000 -0.37400 0.03500
f 297/1 298/2 299/3
f 297/1 299/3 300/4
v 0.50200 -0.42600 0.03500
v 0.50200 -0.37400 0.03500
v 0.50200 -0.37400 0.18500
v 0.50200 -0.42600 0.18500
f 301/1 302/2 303/3
f 301/1 303/3 304/4
v 0.50000 -0.37400 0.03500
v 0.50000 -0.37400 0.18500
v 0.50200 -0.37400 0.18500
v 0.50200 -0.37400 0.03500
f 305/1 306/2 307/3
f 305/1 307/3 308/4
v 0.50000 -0.42600 0.03500
v 0.50200 -0.42600 0.03500
v 0.50200 -0.42600 0.18500
v 0.50000 -0.42600 0.18500
f 309/1 310/2 311/3
f 309/1 311/3 312/4
v 0.26000 -0.42600 -0.50200
v 0.26000 -0.37400 -0.50200
v 0.41000 -0.37400 -0.50200
v 0.41000 -0.42600 -0.50200
f 313/1 314/2 315/3
f 313/1 315/3 316/4
v 0.26000 -0.42600 -0.50000
v 0.41000 -0.42600 -0.50000
v 0.41000 -0.37400 -0.50000
v 0.26000 -0.37400 -0.50000
f 317/1 318/2 319/3
f 317/1 319/3 320/4
v 0.26000 -0.42600 -0.50200
v 0.26000 -0.42600 -0.50000
v 0.26000 -0.37400 -0.50000
v 0.26000 -0.37400 -0.50200
f 321/1 322/2 323/3
f 321/1 323/3 324/4
v 0.41000 -0.42600 -0.50200
v 0.41000 -0.37400 -0.50200
v 0.41000 -0.37400 -0.50000
v 0.41000 -0.42600 -0.50000
f 325/1 326/2 327/3
f 325/1 327/3 328/4
v 0.26000 -0.37400 -0.50200
v 0.26000 -0.37400 -0.50000
v 0.41000 -0.37400 -0.50000
v 0.41000 -0.37400 -0.50200
f 329/1 330/2 331/3
f 329/1 331/3 332/4
v 0.26000 -0.42600 -0.50200
v 0.41000 -0.42600 -0.50200
v 0.41000 -0.42600 -0.50000
v 0.26000 -0.42600 -0.50000
f 333/1 334/2 335/3
f 333/1 335/3 336/4
v -0.50200 -0.42600 0.26000
v -0.50200 -0.37400 0.26000
v -0.50000 -0.37400 0.26000
v -0.50000 -0.42600 0.26000
f 337/1 338/2 339/3
f 337/1 339/3 340/4
v -0.50200 -0.42600 0.41000
v -0.50000 -0.42600 0.41000
v -0.50000 -0.37400 0.41000
v -0.50200 -0.37400 0.41000
f 341/1 342/2 343/3
f 341/1 343/3 344/4
v -0.50200 -0.42600 0.26000
v -0.50200 -0.42600 0.41000
v -0.50200 -0.37400 0.41000
v -0.50200 -0.37400 0.26000
f 345/1 346/2 347/3
f 345/1 347/3 348/4
v -0.50000 -0.42600 0.26000
v -0.50000 -0.37400 0.26000
v -0.50000 -0.37400 0.41000
v -0.50000 -0.42600 0.41000
f 349/1 350/2 351/3
f 349/1 351/3 352/4
v -0.50200 -0.37400 0.26000
v -0.50200 -0.37400 0.41000
v -0.50000 -0.37400 0.41000
v -0.50000 -0.37400 0.26000
f 353/1 354/2 355/3
f 353/1 355/3 356/4
v -0.50200 -0.42600 0.26000
v -0.50000 -0.42600 0.26000
v -0.50000 -0.42600 0.41000
v -0.50200 -0.42600 0.41000
f 357/1 358/2 359/3
f 357/1 359/3 360/4
v 0.26000 -0.42600 0.50000
v 0.26000 -0.37400 0.50000
v 0.41000 -0.37400 0.50000
v 0.41000 -0.42600 0.50000
f 361/1 362/2 363/3
f 361/1 363/3 364/4
v 0.26000 -0.42600 0.50200
v 0.41000 -0.42600 0.50200
v 0.41000 -0.37400 0.50200
v 0.26000 -0.37400 0.50200
f 365/1 366/2 367/3
f 365/1 367/3 368/4
v 0.26000 -0.42600 0.50000
v 0.26000 -0.42600 0.50200
v 0.26000 -0.37400 0.50200
v 0.26000 -0.37400 0.50000
f 369/1 370/2 371/3
f 369/1 371/3 372/4
v 0.41000 -0.42600 0.50000
v 0.41000 -0.37400 0.50000
v 0.41000 -0.37400 0.50200
v 0.41000 -0.42600 0.50200
f 373/1 374/2 375/3
f 373/1 375/3 376/4
v 0.26000 -0.37400 0.50000
v 0.26000 -0.37400 0.50200
v 0.41000 -0.37400 0.50200
v 0.41000 -0.37400 0.50000
f 377/1 378/2 379/3
f 377/1 379/3 380/4
v 0.26000 -0.42600 0.50000
v 0.41000 -0.42600 0.50000
v 0.41000 -0.42600 0.50200
v 0.26000 -0.42600 0.50200
f 381/1 382/2 383/3
f 381/1 383/3 384/4
v 0.50000 -0.42600 0.26000
v 0.50000 -0.37400 0.26000
v 0.50200 -0.37400 0.26000
v 0.50200 -0.42600 0.26000
f 385/1 386/2 387/3
f 385/1 387/3 388/4
v 0.50000 -0.42600 0.41000
v 0.50200 -0.42600 0.41000
v 0.50200 -0.37400 0.41000
v 0.50000 -0.37400 0.41000
f 389/1 390/2 391/3
f 389/1 391/3 392/4
v 0.50000 -0.42600 0.26000
v 0.50000 -0.42600 0.41000
v 0.50000 -0.37400 0.41000
v 0.50000 -0.37400 0.26000
f 393/1 394/2 395/3
f 393/1 395/3 396/4
v 0.50200 -0.42600 0.26000
v 0.50200 -0.37400 0.26000
v 0.50200 -0.37400 0.41000
v 0.50200 -0.42600 0.41000
f 397/1 398/2 399/3
f 397/1 399/3 400/4
v 0.50000 -0.37400 0.26000
v 0.50000 -0.37400 0.41000
v 0.50200 -0.37400 0.41000
v 0.50200 -0.37400 0.26000
f 401/1 402/2 403/3
f 401/1 403/3 404/4
v 0.50000 -0.42600 0.26000
v 0.50200 -0.42600 0.26000
v 0.50200 -0.42600 0.41000
v 0.50000 -0.42600 0.41000
f 405/1 406/2 407/3
f 405/1 407/3 408/4
v -0.41500 -0.33400 -0.50200
v -0.41500 -0.28200 -0.50200
v -0.26500 -0.28200 -0.50200
v -0.26500 -0.33400 -0.50200
f 409/1 410/2 411/3
f 409/1 411/3 412/4
v -0.41500 -0.33400 -0.50000
v -0.26500 -0.33400 -0.50000
v -0.26500 -0.28200 -0.50000
v -0.41500 -0.28200 -0.50000
f 413/1 414/2 415/3
f 413/1 415/3 416/4
v -0.41500 -0.33400 -0.50200
v -0.41500 -0.33400 -0.50000
v -0.41500 -0.28200 -0.50000
v -0.41500 -0.28200 -0.50200
f 417/1 418/2 419/3
f 417/1 419/3 420/4
v -0.26500 -0.33400 -0.50200
v -0.26500 -0.28200 -0.50200
v -0.26500 -0.28200 -0.50000
v -0.26500 -0.33400 -0.50000
f 421/1 422/2 423/3
f 421/1 423/3 424/4
v -0.41500 -0.28200 -0.50200
v -0.41500 -0.28200 -0.50000
v -0.26500 -0.28200 -0.50000
v -0.26500 -0.28200 -0.50200
f 425/1 426/2 427/3
f 425/1 427/3 428/4
v -0.41500 -0.33400 -0.50200
v -0.26500 -0.33400 -0.50200
v -0.26500 -0.33400 -0.50000
v -0.41500 -0.33400 -0.50000
f 429/1 430/2 431/3
f 429/1 431/3 432/4
v -0.50200 -0.33400 -0.41500
v -0.50200 -0.28200 -0.41500
v -0.50000 -0.28200 -0.41500
v -0.50000 -0.33400 -0.41500
f 433/1 434/2 435/3
f 433/1 435/3 436/4
v -0.50200 -0.33400 -0.26500
v -0.50000 -0.33400 -0.26500
v -0.50000 -0.28200 -0.26500
v -0.50200 -0.28200 -0.26500
f 437/1 438/2 439/3
f 437/1 439/3 440/4
v -0.50200 -0.33400 -0.41500
v -0.50200 -0.33400 -0.26500
v -0.50200 -0.28200 -0.26500
v -0.50200 -0.28200 -0.41500
f 441/1 442/2 443/3
f 441/1 443/3 444/4
v -0.50000 -0.33400 -0.41500
v -0.50000 -0.28200 -0.41500
v -0.50000 -0.28200 -0.26500
v -0.50000 -0.33400 -0.26500
f 445/1 446/2 447/3
f 445/1 447/3 448/4
v -0.50200 -0.28200 -0.41500
v -0.50200 -0.28200 -0.26500
v -0.50000 -0.28200 -0.26500
v -0.50000 -0.28200 -0.41500
f 449/1 450/2 451/3
f 449/1 451/3 452/4
v -0.50200 -0.33400 -0.41500
v -0.50000 -0.33400 -0.41500
v -0.50000 -0.33400 -0.26500
v -0.50200 -0.33400 -0.26500
f 453/1 454/2 455/3
f 453/1 455/3 456/4
v -0.41500 -0.33400 0.50000
v -0.41500 -0.28200 0.50000
v -0.26500 -0.28200 0.50000
v -0.26500 -0.33400 0.50000
f 457/1 458/2 459/3
f 457/1 459/3 460/4
v -0.41500 -0.33400 0.50200
v -0.26500 -0.33400 0.50200
v -0.26500 -0.28200 0.50200
v -0.41500 -0.28200 0.50200
f 461/1 462/2 463/3
f 461/1 463/3 464/4
v -0.41500 -0.33400 0.50000
v -0.41500 -0.33400 0.50200
v -0.41500 -0.28200 0.50200
v -0.41500 -0.28200 0.50000
f 465/1 466/2 467/3
f 465/1 467/3 468/4
v -0.26500 -0.33400 0.50000
v -0.26500 -0.28200 0.50000
v -0.26500 -0.28200 0.50200
v -0.26500 -0.33400 0.50200
f 469/1 470/2 471/3
f 469/1 471/3 472/4
v -0.41500 -0.28200 0.50000
v -0.41500 -0.28200 0.50200
v -0.26500 -0.28200 0.50200
v -0.26500 -0.28200 0.50000
f 473/1 474/2 475/3
f 473/1 475/3 476/4
v -0.41500 -0.33400 0.50000
v -0.26500 -0.33400 0.50000
v -0.26500 -0.33400 0.50200
v -0.41500 -0.33400 0.50200
f 477/1 478/2 479/3
f 477/1 479/3 480/4
v 0.50000 -0.33400 -0.41500
v 0.50000 -0.28200 -0.41500
v 0.50200 -0.28200 -0.41500
v 0.50200 -0.33400 -0.41500
f 481/1 482/2 483/3
f 481/1 483/3 484/4
v 0.50000 -0.33400 -0.26500
v 0.50200 -0.33400 -0.26500
v 0.50200 -0.28200 -0.26500
v 0.50000 -0.28200 -0.26500
f 485/1 486/2 487/3
f 485/1 487/3 488/4
v 0.50000 -0.33400 -0.41500
v 0.50000 -0.33400 -0.26500
v 0.50000 -0.28200 -0.26500
v 0.50000 -0.28200 -0.41500
f 489/1 490/2 491/3
f 489/1 491/3 492/4
v 0.50200 -0.33400 -0.41500
v 0.50200 -0.28200 -0.41500
v 0.50200 -0.28200 -0.26500
v 0.50200 -0.33400 -0.26500
f 493/1 494/2 495/3
f 493/1 495/3 496/4
v 0.50000 -0.28200 -0.41500
v 0.50000 -0.28200 -0.26500
v 0.50200 -0.28200 -0.26500
v 0.50200 -0.28200 -0.41500
f 497/1 498/2 499/3
f 497/1 499/3 500/4
v 0.50000 -0.33400 -0.41500
v 0.50200 -0.33400 -0.41500
v 0.50200 -0.33400 -0.26500
v 0.50000 -0.33400 -0.26500
f 501/1 502/2 503/3
f 501/1 503/3 504/4
v -0.19000 -0.33400 -0.50200
v -0.19000 -0.28200 -0.50200
v -0.04000 -0.28200 -0.50200
v -0.04000 -0.33400 -0.50200
f 505/1 506/2 507/3
f 505/1 507/3 508/4
v -0.19000 -0.33400 -0.50000
v -0.04000 -0.33400 -0.50000
v -0.04000 -0.28200 -0.50000
v -0.19000 -0.28200 -0.50000
f 509/1 510/2 511/3
f 509/1 511/3 512/4
v -0.19000 -0.33400 -0.50200
v -0.19000 -0.33400 -0.50000
v -0.19000 -0.28200 -0.50000
v -0.19000 -0.28200 -0.50200
f 513/1 514/2 515/3
f 513/1 515/3 516/4
v -0.04000 -0.33400 -0.50200
v -0.04000 -0.28200 -0.50200
v -0.04000 -0.28200 -0.50000
v -0.04000 -0.33400 -0.50000
f 517/1 518/2 519/3
f 517/1 519/3 520/4
v -0.19000 -0.28200 -0.50200
v -0.19000 -0.28200 -0.50000
v -0.04000 -0.28200 -0.50000
v -0.04000 -0.28200 -0.50200
f 521/1 522/2 523/3
f 521/1 523/3 524/4
v -0.19000 -0.33400 -0.50200
v -0.04000 -0.33400 -0.50200
v -0.04000 -0.33400 -0.50000
v -0.19000 -0.33400 -0.50000
f 525/1 526/2 527/3
f 525/1 527/3 528/4
v -0.50200 -0.33400 -0.19000
v -0.50200 -0.28200 -0.19000
v -0.50000 -0.28200 -0.19000
v -0.50000 -0.33400 -0.19000
f 529/1 530/2 531/3
f 529/1 531/3 532/4
v -0.50200 -0.33400 -0.04000
v -0.50000 -0.33400 -0.04000
v -0.50000 -0.28200 -0.04000
v -0.50200 -0.28200 -0.04000
f 533/1 534/2 535/3
f 533/1 535/3 536/4
v -0.50200 -0.33400 -0.19000
v -0.50200 -0.33400 -0.04000
v -0.50200 -0.28200 -0.04000
v -0.50200 -0.28200 -0.19000
f 537/1 538/2 539/3
f 537/1 539/3 540/4
v -0.50000 -0.33400 -0.19000
v -0.50000 -0.28200 -0.19000
v -0.50000 -0.28200 -0.04000
v -0.50000 -0.33400 -0.04000
f 541/1 542/2 543/3
f 541/1 543/3 544/4
v -0.50200 -0.28200 -0.19000
v -0.50200 -0.28200 -0.04000
v -0.50000 -0.28200 -0.04000
v -0.50000 -0.28200 -0.19000
f 545/1 546/2 547/3
f 545/1 547/3 548/4
v -0.50200 -0.33400 -0.19000
v -0.50000 -0.33400 -0.19000
v -0.50000 -0.33400 -0.04000
v -0.50200 -0.33400 -0.04000
f 549/1 550/2 551/3
f 549/1 551/3 552/4
v -0.19000 -0.33400 0.50000
v -0.19000 -0.28200 0.50000
v -0.04000 -0.28200 0.50000
v -0.04000 -0.33400 0.50000
f 553/1 554/2 555/3
f 553/1 555/3 556/4
v -0.19000 -0.33400 0.50200
v -0.04000 -0.33400 0.50200
v -0.04000 -0.28200 0.50200
v -0.19000 -0.28200 0.50200
f 557/1 558/2 559/3
f 557/1 559/3 560/4
v -0.19000 -0.33400 0.50000
v -0.19000 -0.33400 0.50200
v -0.19000 -0.28200 0.50200
v -0.19000 -0.28200 0.50000
f 561/1 562/2 563/3
f 561/1 563/3 564/4
v -0.04000 -0.33400 0.50000
v -0.04000 -0.28200 0.50000
v -0.04000 -0.28200 0.50200
v -0.04000 -0.33400 0.50200
f 565/1 566/2 567/3
f 565/1 567/3 568/4
v -0.19000 -0.28200 0.50000
v -0.19000 -0.28200 0.50200
v -0.04000 -0.28200 0.50200
v -0.04000 -0.28200 0.50000
f 569/1 570/2 571/3
f 569/1 571/3 572/4
v -0.19000 -0.33400 0.50000
v -0.04000 -0.33400 0.50000
v -0.04000 -0.33400 0.50200
v -0.19000 -0.33400 0.50200
f 573/1 574/2 575/3
f 573/1 575/3 576/4
v 0.50000 -0.33400 -0.19000
v 0.50000 -0.28200 -0.19000
v 0.50200 -0.28200 -0.19000
v 0.50200 -0.33400 -0.19000
f 577/1 578/2 579/3
f 577/1 579/3 580/4
v 0.50000 -0.33400 -0.04000
v 0.50200 -0.33400 -0.04000
v 0.50200 -0.28200 -0.04000
v 0.50000 -0.28200 -0.04000
f 581/1 582/2 583/3
f 581/1 583/3 584/4
v 0.50000 -0.33400 -0.19000
v 0.50000 -0.33400 -0.04000
v 0.50000 -0.28200 -0.04000
v 0.50000 -0.28200 -0.19000
f 585/1 586/2 587/3
f 585/1 587/3 588/4
v 0.50200 -0.33400 -0.19000
v 0.50200 -0.28200 -0.19000
v 0.50200 -0.28200 -0.04000
v 0.50200 -0.33400 -0.04000
f 589/1 590/2 591/3
f 589/1 591/3 592/4
v 0.50000 -0.28200 -0.19000
v 0.50000 -0.28200 -0.04000
v 0.50200 -0.28200 -0.04000
v 0.50200 -0.28200 -0.19000
f 593/1 594/2 595/3
f 593/1 595/3 596/4
v 0.50000 -0.33400 -0.19000
v 0.50200 -0.33400 -0.19000
v 0.50200 -0.33400 -0.04000
v 0.50000 -0.33400 -0.04000
f 597/1 598/2 599/3
f 597/1 599/3 600/4
v 0.03500 -0.33400 -0.50200
v 0.03500 -0.28200 -0.50200
v 0.18500 -0.28200 -0.50200
v 0.18500 -0.33400 -0.50200
f 601/1 602/2 603/3
f 601/1 603/3 604/4
v 0.03500 -0.33400 -0.50000
v 0.18500 -0.33400 -0.50000
v 0.18500 -0.28200 -0.50000
v 0.03500 -0.28200 -0.50000
f 605/1 606/2 607/3
f 605/1 607/3 608/4
v 0.03500 -0.33400 -0.50200
v 0.03500 -0.33400 -0.50000
v 0.03500 -0.28200 -0.50000
v 0.03500 -0.28200 -0.50200
f 609/1 610/2 611/3
f 609/1 611/3 612/4
v 0.18500 -0.33400 -0.50200
v 0.18500 -0.28200 -0.50200
v 0.18500 -0.28200 -0.50000
v 0.18500 -0.33400 -0.50000
f 613/1 614/2 615/3
f 613/1 615/3 616/4
v 0.03500 -0.28200 -0.50200
v 0.03500 -0.28200 -0.50000
v 0.18500 -0.28200 -0.50000
v 0.18500 -0.28200 -0.50200
f 617/1 618/2 619/3
f 617/1 619/3 620/4
v 0.03500 -0.33400 -0.50200
v 0.18500 -0.33400 -0.50200
v 0.18500 -0.33400 -0.50000
v 0.03500 -0.33400 -0.50000
f 621/1 622/2 623/3
f 621/1 623/3 624/4
v -0.50200 -0.33400 0.03500
v -0.50200 -0.28200 0.03500
v -0.50000 -0.28200 0.03500
v -0.50000 -0.33400 0.03500
f 625/1 626/2 627/3
f 625/1 627/3 628/4
v -0.50200 -0.33400 0.18500
v -0.50000 -0.33400 0.18500
v -0.50000 -0.28200 0.18500
v -0.50200 -0.28200 0.18500
f 629/1 630/2 631/3
f 629/1 631/3 632/4
v -0.50200 -0.33400 0.03500
v -0.50200 -0.33400 0.18500
v -0.50200 -0.28200 0.18500
v -0.50200 -0.28200 0.03500
f 633/1 634/2 635/3
f 633/1 635/3 636/4
v -0.50000 -0.33400 0.03500
v -0.50000 -0.28200 0.03500
v -0.50000 -0.28200 0.18500
v -0.50000 -0.33400 0.18500
f 637/1 638/2 639/3
f 637/1 639/3 640/4
v -0.50200 -0.28200 0.03500
v -0.50200 -0.28200 0.18500
v -0.50000 -0.28200 0.18500
v -0.50000 -0.28200 0.03500
f 641/1 642/2 643/3
f 641/1 643/3 644/4
v -0.50200 -0.33400 0.03500
v -0.50000 -0.33400 0.03500
v -0.50000 -0.33400 0.18500
v -0.50200 -0.33400 0.18500
f 645/1 646/2 647/3
f 645/1 647/3 648/4
v 0.03500 -0.33400 0.50000
v 0.03500 -0.28200 0.50000
v 0.18500 -0.28200 0.50000
v 0.18500 -0.33400 0.50000
f 649/1 650/2 651/3
f 649/1 651/3 652/4
v 0.03500 -0.33400 0.50200
v 0.18500 -0.33400 0.50200
v 0.18500 -0.28200 0.50200
v 0.03500 -0.28200 0.50200
f 653/1 654/2 655/3
f 653/1 655/3 656/4
v 0.03500 -0.33400 0.50000
v 0.03500 -0.33400 0.50200
v 0.03500 -0.28200 0.50200
v 0.03500 -0.28200 0.50000
f 657/1 658/2 659/3
f 657/1 659/3 660/4
v 0.18500 -0.33400 0.50000
v 0.18500 -0.28200 0.50000
v 0.18500 -0.28200 0.50200
v 0.18500 -0.33400 0.50200
f 661/1 662/2 663/3
f 661/1 663/3 664/4
v 0.03500 -0.28200 0.50000
v 0.03500 -0.28200 0.50200
v 0.18500 -0.28200 0.50200
v 0.18500 -0.28200 0.50000
f 665/1 666/2 667/3
f 665/1 667/3 668/4
v 0.03500 -0.33400 0.50000
v 0.18500 -0.33400 0.50000
v 0.18500 -0.33400 0.50200
v 0.03500 -0.33400 0.50200
f 669/1 670/2 671/3
f 669/1 671/3 672/4
v 0.50000 -0.33400 0.03500
v 0.50000 -0.28200 0.03500
v 0.50200 -0.28200 0.03500
v 0.50200 -0.33400 0.03500
f 673/1 674/2 675/3
f 673/1 675/3 676/4
v 0.50000 -0.33400 0.18500
v 0.50200 -0.33400 0.18500
v 0.50200 -0.28200 0.18500
v 0.50000 -0.28200 0.18500
f 677/1 678/2 679/3
f 677/1 679/3 680/4
v 0.50000 -0.33400 0.03500
v 0.50000 -0.33400 0.18500
v 0.50000 -0.28200 0.18500
v 0.50000 -0.28200 0.03500
f 681/1 682/2 683/3
f 681/1 683/3 684/4
v 0.50200 -0.33400 0.03500
v 0.50200 -0.28200 0.03500
v 0.50200 -0.28200 0.18500
v 0.50200 -0.33400 0.18500
f 685/1 686/2 687/3
f 685/1 687/3 688/4
v 0.50000 -0.28200 0.03500
v 0.50000 -0.28200 0.18500
v 0.50200 -0.28200 0.18500
v 0.50200 -0.28200 0.03500
f 689/1 690/2 691/3
f 689/1 691/3 692/4
v 0.50000 -0.33400 0.03500
v 0.50200 -0.33400 0.03500
v 0.50200 -0.33400 0.18500
v 0.50000 -0.33400 0.18500
f 693/1 694/2 695/3
f 693/1 695/3 696/4
v 0.26000 -0.33400 -0.50200
v 0.26000 -0.28200 -0.50200
v 0.41000 -0.28200 -0.50200
v 0.41000 -0.33400 -0.50200
f 697/1 698/2 699/3
f 697/1 699/3 700/4
v 0.26000 -0.33400 -0.50000
v 0.41000 -0.33400 -0.50000
v 0.41000 -0.28200 -0.50000
v 0.26000 -0.28200 -0.50000
f 701/1 702/2 703/3
f 701/1 703/3 704/4
v 0.26000 -0.33400 -0.50200
v 0.26000 -0.33400 -0.50000
v 0.26000 -0.28200 -0.50000
v 0.26000 -0.28200 -0.50200
f 705/1 706/2 707/3
f 705/1 707/3 708/4
v 0.41000 -0.33400 -0.50200
v 0.41000 -0.28200 -0.50200
v 0.41000 -0.28200 -0.50000
v 0.41000 -0.33400 -0.50000
f 709/1 710/2 711/3
f 709/1 711/3 712/4
v 0.26000 -0.28200 -0.50200
v 0.26000 -0.28200 -0.50000
v 0.41000 -0.28200 -0.50000
v 0.41000 -0.28200 -0.50200
f 713/1 714/2 715/3
f 713/1 715/3 716/4
v 0.26000 -0.33400 -0.50200
v 0.41000 -0.33400 -0.50200
v 0.41000 -0.33400 -0.50000
v 0.26000 -0.33400 -0.50000
f 717/1 718/2 719/3
f 717/1 719/3 720/4
v -0.50200 -0.33400 0.26000
v -0.50200 -0.28200 0.26000
v -0.50000 -0.28200 0.26000
v -0.50000 -0.33400 0.26000
f 721/1 722/2 723/3
f 721/1 723/3 724/4
v -0.50200 -0.33400 0.41000
v -0.50000 -0.33400 0.41000
v -0.50000 -0.28200 0.41000
v -0.50200 -0.28200 0.41000
f 725/1 726/2 727/3
f 725/1 727/3 728/4
v -0.50200 -0.33400 0.26000
v -0.50200 -0.33400 0.41000
v -0.50200 -0.28200 0.41000
v -0.50200 -0.28200 0.26000
f 729/1 730/2 731/3
f 729/1 731/3 732/4
v -0.50000 -0.33400 0.26000
v -0.50000 -0.28200 0.26000
v -0.50000 -0.28200 0.41000
v -0.50000 -0.33400 0.41000
f 733/1 734/2 735/3
f 733/1 735/3 736/4
v -0.50200 -0.28200 0.26000
v -0.50200 -0.28200 0.41000
v -0.50000 -0.28200 0.41000
v -0.50000 -0.28200 0.26000
f 737/1 738/2 739/3
f 737/1 739/3 740/4
v -0.50200 -0.33400 0.26000
v -0.50000 -0.33400 0.26000
v -0.50000 -0.33400 0.41000
v -0.50200 -0.33400 0.41000
f 741/1 742/2 743/3
f 741/1 743/3 744/4
v 0.26000 -0.33400 0.50000
v 0.26000 -0.28200 0.50000
v 0.41000 -0.28200 0.50000
v 0.41000 -0.33400 0.50000
f 745/1 746/2 747/3
f 745/1 747/3 748/4
v 0.26000 -0.33400 0.50200
v 0.41000 -0.33400 0.50200
v 0.41000 -0.28200 0.50200
v 0.26000 -0.28200 0.50200
f 749/1 750/2 751/3
f 749/1 751/3 752/4
v 0.26000 -0.33400 0.50000
v 0.26000 -0.33400 0.50200
v 0.26000 -0.28200 0.50200
v 0.26000 -0.28200 0.50000
f 753/1 754/2 755/3
f 753/1 755/3 756/4
v 0.41000 -0.33400 0.50000
v 0.41000 -0.28200 0.50000
v 0.41000 -0.28200 0.50200
v 0.41000 -0.33400 0.50200
f 757/1 758/2 759/3
f 757/1 759/3 760/4
v 0.26000 -0.28200 0.50000
v 0.26000 -0.28200 0.50200
v 0.41000 -0.28200 0.50200
v 0.41000 -0.28200 0.50000
f 761/1 762/2 763/3
f 761/1 763/3 764/4
v 0.26000 -0.33400 0.50000
v 0.41000 -0.33400 0.50000
v 0.41000 -0.33400 0.50200
v 0.26000 -0.33400 0.50200
f 765/1 766/2 767/3
f 765/1 767/3 768/4
v 0.50000 -0.33400 0.26000
v 0.50000 -0.28200 0.26000
v 0.50200 -0.28200 0.26000
v 0.50200 -0.33400 0.26000
f 769/1 770/2 771/3
f 769/1 771/3 772/4
v 0.50000 -0.33400 0.41000
v 0.50200 -0.33400 0.41000
v 0.50200 -0.28200 0.41000
v 0.50000 -0.28200 0.41000
f 773/1 774/2 775/3
f 773/1 775/3 776/4
v 0.50000 -0.33400 0.26000
v 0.50000 -0.33400 0.41000
v 0.50000 -0.28200 0.41000
v 0.50000 -0.28200 0.26000
f 777/1 778/2 779/3
f 777/1 779/3 780/4
v 0.50200 -0.33400 0.26000
v 0.50200 -0.28200 0.26000
v 0.50200 -0.28200 0.41000
v 0.50200 -0.33400 0.41000
f 781/1 782/2 783/3
f 781/1 783/3 784/4
v 0.50000 -0.28200 0.26000
v 0.50000 -0.28200 0.41000
v 0.50200 -0.28200 0.41000
v 0.50200 -0.28200 0.26000
f 785/1 786/2 787/3
f 785/1 787/3 788/4
v 0.50000 -0.33400 0.26000
v 0.50200 -0.33400 0.26000
v 0.50200 -0.33400 0.41000
v 0.50000 -0.33400 0.41000
f 789/1 790/2 791/3
f 789/1 791/3 792/4
v -0.41500 -0.24200 -0.50200
v -0.41500 -0.19000 -0.50200
v -0.26500 -0.19000 -0.50200
v -0.26500 -0.24200 -0.50200
f 793/1 794/2 795/3
f 793/1 795/3 796/4
v -0.41500 -0.24200 -0.50000
v -0.26500 -0.24200 -0.50000
v -0.26500 -0.19000 -0.50000
v -0.41500 -0.19000 -0.50000
f 797/1 798/2 799/3
f 797/1 799/3 800/4
v -0.41500 -0.24200 -0.50200
v -0.41500 -0.24200 -0.50000
v -0.41500 -0.19000 -0.50000
v -0.41500 -0.19000 -0.50200
f 801/1 802/2 803/3
f 801/1 803/3 804/4
v -0.26500 -0.24200 -0.50200
v -0.26500 -0.19000 -0.50200
v -0.26500 -0.19000 -0.50000
v -0.26500 -0.24200 -0.50000
f 805/1 806/2 807/3
f 805/1 807/3 808/4
v -0.41500 -0.19000 -0.50200
v -0.41500 -0.19000 -0.50000
v -0.26500 -0.19000 -0.50000
v -0.26500 -0.19000 -0.50200
f 809/1 810/2 811/3
f 809/1 811/3 812/4
v -0.41500 -0.24200 -0.50200
v -0.26500 -0.24200 -0.50200
v -0.26500 -0.24200 -0.50000
v -0.41500 -0.24200 -0.50000
f 813/1 814/2 815/3
f 813/1 815/3 816/4
v -0.50200 -0.24200 -0.41500
v -0.50200 -0.19000 -0.41500
v -0.50000 -0.19000 -0.41500
v -0.50000 -0.24200 -0.41500
f 817/1 818/2 819/3
f 817/1 819/3 820/4
v -0.50200 -0.24200 -0.26500
v -0.50000 -0.24200 -0.26500
v -0.50000 -0.19000 -0.26500
v -0.50200 -0.19000 -0.26500
f 821/1 822/2 823/3
f 821/1 823/3 824/4
v -0.50200 -0.24200 -0.41500
v -0.50200 -0.24200 -0.26500
v -0.50200 -0.19000 -0.26500
v -0.50200 -0.19000 -0.41500
f 825/1 826/2 827/3
f 825/1 827/3 828/4
v -0.50000 -0.24200 -0.41500
v -0.50000 -0.19000 -0.41500
v -0.50000 -0.19000 -0.26500
v -0.50000 -0.24200 -0.26500
f 829/1 830/2 831/3
f 829/1 831/3 832/4
v -0.50200 -0.19000 -0.41500
v -0.50200 -0.19000 -0.26500
v -0.50000 -0.19000 -0.26500
v -0.50000 -0.19000 -0.41500
f 833/1 834/2 835/3
f 833/1 835/3 836/4
v -0.50200 -0.24200 -0.41500
v -0.50000 -0.24200 -0.41500
v -0.50000 -0.24200 -0.26500
v -0.50200 -0.24200 -0.26500
f 837/1 838/2 839/3
f 837/1 839/3 840/4
v -0.41500 -0.24200 0.50000
v -0.41500 -0.19000 0.50000
v -0.26500 -0.19000 0.50000
v -0.26500 -0.24200 0.50000
f 841/1 842/2 843/3
f 841/1 843/3 844/4
v -0.41500 -0.24200 0.50200
v -0.26500 -0.24200 0.50200
v -0.26500 -0.19000 0.50200
v -0.41500 -0.19000 0.50200
f 845/1 846/2 847/3
f 845/1 847/3 848/4
v -0.41500 -0.24200 0.50000
v -0.41500 -0.24200 0.50200
v -0.41500 -0.19000 0.50200
v -0.41500 -0.19000 0.50000
f 849/1 850/2 851/3
f 849/1 851/3 852/4
v -0.26500 -0.24200 0.50000
v -0.26500 -0.19000 0.50000
v -0.26500 -0.19000 0.50200
v -0.26500 -0.24200 0.50200
f 853/1 854/2 855/3
f 853/1 855/3 856/4
v -0.41500 -0.19000 0.50000
v -0.41500 -0.19000 0.50200
v -0.26500 -0.19000 0.50200
v -0.26500 -0.19000 0.50000
f 857/1 858/2 859/3
f 857/1 859/3 860/4
v -0.41500 -0.24200 0.50000
v -0.26500 -0.24200 0.50000
v -0.26500 -0.24200 0.50200
v -0.41500 -0.24200 0.50200
f 861/1 862/2 863/3
f 861/1 863/3 864/4
v 0.50000 -0.24200 -0.41500
v 0.50000 -0.19000 -0.41500
v 0.50200 -0.19000 -0.41500
v 0.50200 -0.24200 -0.41500
f 865/1 866/2 867/3
f 865/1 867/3 868/4
v 0.50000 -0.24200 -0.26500
v 0.50200 -0.24200 -0.26500
v 0.50200 -0.19000 -0.26500
v 0.50000 -0.19000 -0.26500
f 869/1 870/2 871/3
f 869/1 871/3 872/4
v 0.50000 -0.24200 -0.41500
v 0.50000 -0.24200 -0.26500
v 0.50000 -0.19000 -0.26500
v 0.50000 -0.19000 -0.41500
f 873/1 874/2 875/3
f 873/1 875/3 876/4
v 0.50200 -0.24200 -0.41500
v 0.50200 -0.19000 -0.41500
v 0.50200 -0.19000 -0.26500
v 0.50200 -0.24200 -0.26500
f 877/1 878/2 879/3
f 877/1 879/3 880/4
v 0.50000 -0.19000 -0.41500
v 0.50000 -0.19000 -0.26500
v 0.50200 -0.19000 -0.26500
v 0.50200 -0.19000 -0.41500
f 881/1 882/2 883/3
f 881/1 883/3 884/4
v 0.50000 -0.24200 -0.41500
v 0.50200 -0.24200 -0.41500
v 0.50200 -0.24200 -0.26500
v 0.50000 -0.24200 -0.26500
f 885/1 886/2 887/3
f 885/1 887/3 888/4
v -0.19000 -0.24200 -0.50200
v -0.19000 -0.19000 -0.50200
v -0.04000 -0.19000 -0.50200
v -0.04000 -0.24200 -0.50200
f 889/1 890/2 891/3
f 889/1 891/3 892/4
v -0.19000 -0.24200 -0.50000
v -0.04000 -0.24200 -0.50000
v -0.04000 -0.19000 -0.50000
v -0.19000 -0.19000 -0.50000
f 893/1 894/2 895/3
f 893/1 895/3 896/4
v -0.19000 -0.24200 -0.50200
v -0.19000 -0.24200 -0.50000
v -0.19000 -0.19000 -0.50000
v -0.19000 -0.19000 -0.50200
f 897/1 898/2 899/3
f 897/1 899/3 900/4
v -0.04000 -0.24200 -0.50200
v -0.04000 -0.19000 -0.50200
v -0.04000 -0.19000 -0.50000
v -0.04000 -0.24200 -0.50000
f 901/1 902/2 903/3
f 901/1 903/3 904/4
v -0.19000 -0.19000 -0.50200
v -0.19000 -0.19000 -0.50000
v -0.04000 -0.19000 -0.50000
v -0.04000 -0.19000 -0.50200
f 905/1 906/2 907/3
f 905/1 907/3 908/4
v -0.19000 -0.24200 -0.50200
v -0.04000 -0.24200 -0.50200
v -0.04000 -0.24200 -0.50000
v -0.19000 -0.24200 -0.50000
f 909/1 910/2 911/3
f 909/1 911/3 912/4
v -0.50200 -0.24200 -0.19000
v -0.50200 -0.19000 -0.19000
v -0.50000 -0.19000 -0.19000
v -0.50000 -0.24200 -0.19000
f 913/1 914/2 915/3
f 913/1 915/3 916/4
v -0.50200 -0.24200 -0.04000
v -0.50000 -0.24200 -0.04000
v -0.50000 -0.19000 -0.04000
v -0.50200 -0.19000 -0.04000
f 917/1 918/2 919/3
f 917/1 919/3 920/4
v -0.50200 -0.24200 -0.19000
v -0.50200 -0.24200 -0.04000
v -0.50200 -0.19000 -0.04000
v -0.50200 -0.19000 -0.19000
f 921/1 922/2 923/3
f 921/1 923/3 924/4
v -0.50000 -0.24200 -0.19000
v -0.50000 -0.19000 -0.19000
v -0.50000 -0.19000 -0.04000
v -0.50000 -0.24200 -0.04000
f 925/1 926/2 927/3
f 925/1 927/3 928/4
v -0.50200 -0.19000 -0.19000
v -0.50200 -0.19000 -0.04000
v -0.50000 -0.19000 -0.04000
v -0.50000 -0.19000 -0.19000
f 929/1 930/2 931/3
f 929/1 931/3 932/4
v -0.50200 -0.24200 -0.19000
v -0.50000 -0.24200 -0.19000
v -0.50000 -0.24200 -0.04000
v -0.50200 -0.24200 -0.04000
f 933/1 934/2 935/3
f 933/1 935/3 936/4
v -0.19000 -0.24200 0.50000
v -0.19000 -0.19000 0.50000
v -0.04000 -0.19000 0.50000
v -0.04000 -0.24200 0.50000
f 937/1 938/2 939/3
f 937/1 939/3 940/4
v -0.19000 -0.24200 0.50200
v -0.04000 -0.24200 0.50200
v -0.04000 -0.19000 0.50200
v -0.19000 -0.19000 0.50200
f 941/1 942/2 943/3
f 941/1 943/3 944/4
v -0.19000 -0.24200 0.50000
v -0.19000 -0.24200 0.50200
v -0.19000 -0.19000 0.50200
v -0.19000 -0.19000 0.50000
f 945/1 946/2 947/3
f 945/1 947/3 948/4
v -0.04000 -0.24200 0.50000
v -0.04000 -0.19000 0.50000
v -0.04000 -0.19000 0.50200
v -0.04000 -0.24200 0.50200
f 949/1 950/2 951/3
f 949/1 951/3 952/4
v -0.19000 -0.19000 0.50000
v -0.19000 -0.19000 0.50200
v -0.04000 -0.19000 0.50200
v -0.04000 -0.19000 0.50000
f 953/1 954/2 955/3
f 953/1 955/3 956/4
v -0.19000 -0.24200 0.50000
v -0.04000 -0.24200 0.50000
v -0.04000 -0.24200 0.50200
v -0.19000 -0.24200 0.50200
f 957/1 958/2 959/3
f 957/1 959/3 960/4
v 0.50000 -0.24200 -0.19000
v 0.50000 -0.19000 -0.19000
v 0.50200 -0.19000 -0.19000
v 0.50200 -0.24200 -0.19000
f 961/1 962/2 963/3
f 961/1 963/3 964/4
v 0.50000 -0.24200 -0.04000
v 0.50200 -0.24200 -0.04000
v 0.50200 -0.19000 -0.04000
v 0.50000 -0.19000 -0.04000
f 965/1 966/2 967/3
f 965/1 967/3 968/4
v 0.50000 -0.24200 -0.19000
v 0.50000 -0.24200 -0.04000
v 0.50000 -0.19000 -0.04000
v 0.50000 -0.19000 -0.19000
f 969/1 970/2 971/3
f 969/1 971/3 972/4
v 0.50200 -0.24200 -0.19000
v 0.50200 -0.19000 -0.19000
v 0.50200 -0.19000 -0.04000
v 0.50200 -0.24200 -0.04000
f 973/1 974/2 975/3
f 973/1 975/3 976/4
v 0.50000 -0.19000 -0.19000
v 0.50000 -0.19000 -0.04000
v 0.50200 -0.19000 -0.04000
v 0.50200 -0.19000 -0.19000
f 977/1 978/2 979/3
f 977/1 979/3 980/4
v 0.50000 -0.24200 -0.19000
v 0.50200 -0.24200 -0.19000
v 0.50200 -0.24200 -0.04000
v 0.50000 -0.24200 -0.04000
f 981/1 982/2 983/3
f 981/1 983/3 984/4
v 0.03500 -0.24200 -0.50200
v 0.03500 -0.19000 -0.50200
v 0.18500 -0.19000 -0.50200
v 0.18500 -0.24200 -0.50200
f 985/1 986/2 987/3
f 985/1 987/3 988/4
v 0.03500 -0.24200 -0.50000
v 0.18500 -0.24200 -0.50000
v 0.18500 -0.19000 -0.50000
v 0.03500 -0.19000 -0.50000
f 989/1 990/2 991/3
f 989/1 991/3 992/4
v 0.03500 -0.24200 -0.50200
v 0.03500 -0.24200 -0.50000
v 0.03500 -0.19000 -0.50000
v 0.03500 -0.19000 -0.50200
f 993/1 994/2 995/3
f 993/1 995/3 996/4
v 0.18500 -0.24200 -0.50200
v 0.18500 -0.19000 -0.50200
v 0.18500 -0.19000 -0.50000
v 0.18500 -0.24200 -0.50000
f 997/1 998/2 999/3
f 997/1 999/3 1000/4
v 0.03500 -0.19000 -0.50200
v 0.03500 -0.19000 -0.50000
v 0.18500 -0.19000 -0.50000
v 0.18500 -0.19000 -0.50200
f 1001/1 1002/2 1003/3
f 1001/1 1003/3 1004/4
v 0.03500 -0.24200 -0.50200
v 0.18500 -0.24200 -0.50200
v 0.18500 -0.24200 -0.50000
v 0.03500 -0.24200 -0.50000
f 1005/1 1006/2 1007/3
f 1005/1 1007/3 1008/4
v -0.50200 -0.24200 0.03500
v -0.50200 -0.19000 0.03500
v -0.50000 -0.19000 0.03500
v -0.50000 -0.24200 0.03500
f 1009/1 1010/2 1011/3
f 1009/1 1011/3 1012/4
v -0.50200 -0.24200 0.18500
v -0.50000 -0.24200 0.18500
v -0.50000 -0.19000 0.18500
v -0.50200 -0.19000 0.18500
f 1013/1 1014/2 1015/3
f 1013/1 1015/3 1016/4
v -0.50200 -0.24200 0.03500
v -0.50200 -0.24200 0.18500
v -0.50200 -0.19000 0.18500
v -0.50200 -0.19000 0.03500
f 1017/1 1018/2 1019/3
f 1017/1 1019/3 1020/4
v -0.50000 -0.24200 0.03500
v -0.50000 -0.19000 0.03500
v -0.50000 -0.19000 0.18500
v -0.50000 -0.24200 0.18500
f 1021/1 1022/2 1023/3
f 1021/1 1023/3 1024/4
v -0.50200 -0.19000 0.03500
v -0.50200 -0.19000 0.18500
v -0.50000 -0.19000 0.18500
v -0.50000 -0.19000 0.03500
f 1025/1 1026/2 1027/3
f 1025/1 1027/3 1028/4
v -0.50200 -0.24200 0.03500
v -0.50000 -0.24200 0.03500
v -0.50000 -0.24200 0.18500
v -0.50200 -0.24200 0.18500
f 1029/1 1030/2 1031/3
f 1029/1 1031/3 1032/4
v 0.03500 -0.24200 0.50000
v 0.03500 -0.19000 0.50000
v 0.18500 -0.19000 0.50000
v 0.18500 -0.24200 0.50000
f 1033/1 1034/2 1035/3
f 1033/1 1035/3 1036/4
v 0.03500 -0.24200 0.50200
v 0.18500 -0.24200 0.50200
v 0.18500 -0.19000 0.50200
v 0.03500 -0.19000 0.50200
f 1037/1 1038/2 1039/3
f 1037/1 1039/3 1040/4
v 0.03500 -0.24200 0.50000
v 0.03500 -0.24200 0.50200
v 0.03500 -0.19000 0.50200
v 0.03500 -0.19000 0.50000
f 1041/1 1042/2 1043/3
f 1041/1 1043/3 1044/4
v 0.18500 -0.24200 0.50000
v 0.18500 -0.19000 0.50000
v 0.18500 -0.19000 0.50200
v 0.18500 -0.24200 0.50200
f 1045/1 1046/2 1047/3
f 1045/1 1047/3 1048/4
v 0.03500 -0.19000 0.50000
v 0.03500 -0.19000 0.50200
v 0.18500 -0.19000 0.50200
v 0.18500 -0.19000 0.50000
f 1049/1 1050/2 1051/3
f 1049/1 1051/3 1052/4
v 0.03500 -0.24200 0.50000
v 0.18500 -0.24200 0.50000
v 0.18500 -0.24200 0.50200
v 0.03500 -0.24200 0.50200
f 1053/1 1054/2 1055/3
f 1053/1 1055/3 1056/4
v 0.50000 -0.24200 0.03500
v 0.50000 -0.19000 0.03500
v 0.50200 -0.19000 0.03500
v 0.50200 -0.24200 0.03500
f 1057/1 1058/2 1059/3
f 1057/1 1059/3 1060/4
v 0.50000 -0.24200 0.18500
v 0.50200 -0.24200 0.18500
v 0.50200 -0.19000 0.18500
v 0.50000 -0.19000 0.18500
f 1061/1 1062/2 1063/3
f 1061/1 1063/3 1064/4
v 0.50000 -0.24200 0.03500
v 0.50000 -0.24200 0.18500
v 0.50000 -0.19000 0.18500
v 0.50000 -0.19000 0.03500
f 1065/1 1066/2 1067/3
f 1065/1 1067/3 1068/4
v 0.50200 -0.24200 0.03500
v 0.50200 -0.19000 0.03500
v 0.50200 -0.19000 0.18500
v 0.50200 -0.24200 0.18500
f 1069/1 1070/2 1071/3
f 1069/1 1071/3 1072/4
v 0.50000 -0.19000 0.03500
v 0.50000 -0.19000 0.18500
v 0.50200 -0.19000 0.18500
v 0.50200 -0.19000 0.03500
f 1073/1 1074/2 1075/3
f 1073/1 1075/3 1076/4
v 0.50000 -0.24200 0.03500
v 0.50200 -0.24200 0.03500
v 0.50200 -0.24200 0.18500
v 0.50000 -0.24200 0.18500
f 1077/1 1078/2 1079/3
f 1077/1 1079/3 1080/4
v 0.26000 -0.24200 -0.50200
v 0.26000 -0.19000 -0.50200
v 0.41000 -0.19000 -0.50200
v 0.41000 -0.24200 -0.50200
f 1081/1 1082/2 1083/3
f 1081/1 1083/3 1084/4
v 0.26000 -0.24200 -0.50000
v 0.41000 -0.24200 -0.50000
v 0.41000 -0.19000 -0.50000
v 0.26000 -0.19000 -0.50000
f 1085/1 1086/2 1087/3
f 1085/1 1087/3 1088/4
v 0.26000 -0.24200 -0.50200
v 0.26000 -0.24200 -0.50000
v 0.26000 -0.19000 -0.50000
v 0.26000 -0.19000 -0.50200
f 1089/1 1090/2 1091/3
f 1089/1 1091/3 1092/4
v 0.41000 -0.24200 -0.50200
v 0.41000 -0.19000 -0.50200
v 0.41000 -0.19000 -0.50000
v 0.41000 -0.24200 -0.50000
f 1093/1 1094/2 1095/3
f 1093/1 1095/3 1096/4
v 0.26000 -0.19000 -0.50200
v 0.26000 -0.19000 -0.50000
v 0.41000 -0.19000 -0.50000
v 0.41000 -0.19000 -0.50200
f 1097/1 1098/2 1099/3
f 1097/1 1099/3 1100/4
v 0.26000 -0.24200 -0.50200
v 0.41000 -0.24200 -0.50200
v 0.41000 -0.24200 -0.50000
v 0.26000 -0.24200 -0.50000
f 1101/1 1102/2 1103/3
f 1101/1 1103/3 1104/4
v -0.50200 -0.24200 0.26000
v -0.50200 -0.19000 0.26000
v -0.50000 -0.19000 0.26000
v -0.50000 -0.24200 0.26000
f 1105/1 1106/2 1107/3
f 1105/1 1107/3 1108/4
v -0.50200 -0.24200 0.41000
v -0.50000 -0.24200 0.41000
v -0.50000 -0.19000 0.41000
v -0.50200 -0.19000 0.41000
f 1109/1 1110/2 1111/3
f 1109/1 1111/3 1112/4
v -0.50200 -0.24200 0.26000
v -0.50200 -0.24200 0.41000
v -0.50200 -0.19000 0.41000
v -0.50200 -0.19000 0.26000
f 1113/1 1114/2 1115/3
f 1113/1 1115/3 1116/4
v -0.50000 -0.24200 0.26000
v -0.50000 -0.19000 0.26000
v -0.50000 -0.19000 0.41000
v -0.50000 -0.24200 0.41000
f 1117/1 1118/2 1119/3
f 1117/1 1119/3 1120/4
v -0.50200 -0.19000 0.26000
v -0.50200 -0.19000 0.41000
v -0.50000 -0.19000 0.41000
v -0.50000 -0.19000 0.26000
f 1121/1 1122/2 1123/3
f 1121/1 1123/3 1124/4
v -0.50200 -0.24200 0.26000
v -0.50000 -0.24200 0.26000
v -0.50000 -0.24200 0.41000
v -0.50200 -0.24200 0.41000
f 1125/1 1126/2 1127/3
f 1125/1 1127/3 1128/4
v 0.26000 -0.24200 0.50000
v 0.26000 -0.19000 0.50000
v 0.41000 -0.19000 0.50000
v 0.41000 -0.24200 0.50000
f 1129/1 1130/2 1131/3
f 1129/1 1131/3 1132/4
v 0.26000 -0.24200 0.50200
v 0.41000 -0.24200 0.50200
v 0.41000 -0.19000 0.50200
v 0.26000 -0.19000 0.50200
f 1133/1 1134/2 1135/3
f 1133/1 1135/3 1136/4
v 0.26000 -0.24200 0.50000
v 0.26000 -0.24200 0.50200
v 0.26000 -0.19000 0.50200
v 0.26000 -0.19000 0.50000
f 1137/1 1138/2 1139/3
f 1137/1 1139/3 1140/4
v 0.41000 -0.24200 0.50000
v 0.41000 -0.19000 0.50000
v 0.41000 -0.19000 0.50200
v 0.41000 -0.24200 0.50200
f 1141/1 1142/2 1143/3
f 1141/1 1143/3 1144/4
v 0.26000 -0.19000 0.50000
v 0.26000 -0.19000 0.50200
v 0.41000 -0.19000 0.50200
v 0.41000 -0.19000 0.50000
f 1145/1 1146/2 1147/3
f 1145/1 1147/3 1148/4
v 0.26000 -0.24200 0.50000
v 0.41000 -0.24200 0.50000
v 0.41000 -0.24200 0.50200
v 0.26000 -0.24200 0.50200
f 1149/1 1150/2 1151/3
f 1149/1 1151/3 1152/4
v 0.50000 -0.24200 0.26000
v 0.50000 -0.19000 0.26000
v 0.50200 -0.19000 0.26000
v 0.50200 -0.24200 0.26000
f 1153/1 1154/2 1155/3
f 1153/1 1155/3 1156/4
v 0.50000 -0.24200 0.41000
v 0.50200 -0.24200 0.41000
v 0.50200 -0.19000 0.41000
v 0.50000 -0.19000 0.41000
f 1157/1 1158/2 1159/3
f 1157/1 1159/3 1160/4
v 0.50000 -0.24200 0.26000
v 0.50000 -0.24200 0.41000
v 0.50000 -0.19000 0.41000
v 0.50000 -0.19000 0.26000
f 1161/1 1162/2 1163/3
f 1161/1 1163/3 1164/4
v 0.50200 -0.24200 0.26000
v 0.50200 -0.19000 0.26000
v 0.50200 -0.19000 0.41000
v 0.50200 -0.24200 0.41000
f 1165/1 1166/2 1167/3
f 1165/1 1167/3 1168/4
v 0.50000 -0.19000 0.26000
v 0.50000 -0.19000 0.41000
v 0.50200 -0.19000 0.41000
v 0.50200 -0.19000 0.26000
f 1169/1 1170/2 1171/3
f 1169/1 1171/3 1172/4
v 0.50000 -0.24200 0.26000
v 0.50200 -0.24200 0.26000
v 0.50200 -0.24200 0.41000
v 0.50000 -0.24200 0.41000
f 1173/1 1174/2 1175/3
f 1173/1 1175/3 1176/4
v -0.41500 -0.15000 -0.50200
v -0.41500 -0.09800 -0.50200
v -0.26500 -0.09800 -0.50200
v -0.26500 -0.15000 -0.50200
f 1177/1 1178/2 1179/3
f 1177/1 1179/3 1180/4
v -0.41500 -0.15000 -0.50000
v -0.26500 -0.15000 -0.50000
v -0.26500 -0.09800 -0.50000
v -0.41500 -0.09800 -0.50000
f 1181/1 1182/2 1183/3
f 1181/1 1183/3 1184/4
v -0.41500 -0.15000 -0.50200
v -0.41500 -0.15000 -0.50000
v -0.41500 -0.09800 -0.50000
v -0.41500 -0.09800 -0.50200
f 1185/1 1186/2 1187/3
f 1185/1 1187/3 1188/4
v -0.26500 -0.15000 -0.50200
v -0.26500 -0.09800 -0.50200
v -0.26500 -0.09800 -0.50000
v -0.26500 -0.15000 -0.50000
f 1189/1 1190/2 1191/3
f 1189/1 1191/3 1192/4
v -0.41500 -0.09800 -0.50200
v -0.41500 -0.09800 -0.50000
v -0.26500 -0.09800 -0.50000
v -0.26500 -0.09800 -0.50200
f 1193/1 1194/2 1195/3
f 1193/1 1195/3 1196/4
v -0.41500 -0.15000 -0.50200
v -0.26500 -0.15000 -0.50200
v -0.26500 -0.15000 -0.50000
v -0.41500 -0.15000 -0.50000
f 1197/1 1198/2 1199/3
f 1197/1 1199/3 1200/4
v -0.50200 -0.15000 -0.41500
v -0.50200 -0.09800 -0.41500
v -0.50000 -0.09800 -0.41500
v -0.50000 -0.15000 -0.41500
f 1201/1 1202/2 1203/3
f 1201/1 1203/3 1204/4
v -0.50200 -0.15000 -0.26500
v -0.50000 -0.15000 -0.26500
v -0.50000 -0.09800 -0.26500
v -0.50200 -0.09800 -0.26500
f 1205/1 1206/2 1207/3
f 1205/1 1207/3 1208/4
v -0.50200 -0.15000 -0.41500
v -0.50200 -0.15000 -0.26500
v -0.50200 -0.09800 -0.26500
v -0.50200 -0.09800 -0.41500
f 1209/1 1210/2 1211/3
f 1209/1 1211/3 1212/4
v -0.50000 -0.15000 -0.41500
v -0.50000 -0.09800 -0.41500
v -0.50000 -0.09800 -0.26500
v -0.50000 -0.15000 -0.26500
f 1213/1 1214/2 1215/3
f 1213/1 1215/3 1216/4
v -0.50200 -0.09800 -0.41500
v -0.50200 -0.09800 -0.26500
v -0.50000 -0.09800 -0.26500
v -0.50000 -0.09800 -0.41500
f 1217/1 1218/2 1219/3
f 1217/1 1219/3 1220/4
v -0.50200 -0.15000 -0.41500
v -0.50000 -0.15000 -0.41500
v -0.50000 -0.15000 -0.26500
v -0.50200 -0.15000 -0.26500
f 1221/1 1222/2 1223/3
f 1221/1 1223/3 1224/4
v -0.41500 -0.15000 0.50000
v -0.41500 -0.09800 0.50000
v -0.26500 -0.09800 0.50000
v -0.26500 -0.15000 0.50000
f 1225/1 1226/2 1227/3
f 1225/1 1227/3 1228/4
v -0.41500 -0.15000 0.50200
v -0.26500 -0.15000 0.50200
v -0.26500 -0.09800 0.50200
v -0.41500 -0.09800 0.50200
f 1229/1 1230/2 1231/3
f 1229/1 1231/3 1232/4
v -0.41500 -0.15000 0.50000
v -0.41500 -0.15000 0.50200
v -0.41500 -0.09800 0.50200
v -0.41500 -0.09800 0.50000
f 1233/1 1234/2 1235/3
f 1233/1 1235/3 1236/4
v -0.26500 -0.15000 0.50000
v -0.26500 -0.09800 0.50000
v -0.26500 -0.09800 0.50200
v -0.26500 -0.15000 0.50200
f 1237/1 1238/2 1239/3
f 1237/1 1239/3 1240/4
v -0.41500 -0.09800 0.50000
v -0.41500 -0.09800 0.50200
v -0.26500 -0.09800 0.50200
v -0.26500 -0.09800 0.50000
f 1241/1 1242/2 1243/3
f 1241/1 1243/3 1244/4
v -0.41500 -0.15000 0.50000
v -0.26500 -0.15000 0.50000
v -0.26500 -0.15000 0.50200
v -0.41500 -0.15000 0.50200
f 1245/1 1246/2 1247/3
f 1245/1 1247/3 1248/4
v 0.50000 -0.15000 -0.41500
v 0.50000 -0.09800 -0.41500
v 0.50200 -0.09800 -0.41500
v 0.50200 -0.15000 -0.41500
f 1249/1 1250/2 1251/3
f 1249/1 1251/3 1252/4
v 0.50000 -0.15000 -0.26500
v 0.50200 -0.15000 -0.26500
v 0.50200 -0.09800 -0.26500
v 0.50000 -0.09800 -0.26500
f 1253/1 1254/2 1255/3
f 1253/1 1255/3 1256/4
v 0.50000 -0.15000 -0.41500
v 0.50000 -0.15000 -0.26500
v 0.50000 -0.09800 -0.26500
v 0.50000 -0.09800 -0.41500
f 1257/1 1258/2 1259/3
f 1257/1 1259/3 1260/4
v 0.50200 -0.15000 -0.41500
v 0.50200 -0.09800 -0.41500
v 0.50200 -0.09800 -0.26500
v 0.50200 -0.15000 -0.26500
f 1261/1 1262/2 1263/3
f 1261/1 1263/3 1264/4
v 0.50000 -0.09800 -0.41500
v 0.50000 -0.09800 -0.26500
v 0.50200 -0.09800 -0.26500
v 0.50200 -0.09800 -0.41500
f 1265/1 1266/2 1267/3
f 1265/1 1267/3 1268/4
v 0.50000 -0.15000 -0.41500
v 0.50200 -0.15000 -0.41500
v 0.50200 -0.15000 -0.26500
v 0.50000 -0.15000 -0.26500
f 1269/1 1270/2 1271/3
f 1269/1 1271/3 1272/4
v -0.19000 -0.15000 -0.50200
v -0.19000 -0.09800 -0.50200
v -0.04000 -0.09800 -0.50200
v -0.04000 -0.15000 -0.50200
f 1273/1 1274/2 1275/3
f 1273/1 1275/3 1276/4
v -0.19000 -0.15000 -0.50000
v -0.04000 -0.15000 -0.50000
v -0.04000 -0.09800 -0.50000
v -0.19000 -0.09800 -0.50000
f 1277/1 1278/2 1279/3
f 1277/1 1279/3 1280/4
v -0.19000 -0.15000 -0.50200
v -0.19000 -0.15000 -0.50000
v -0.19000 -0.09800 -0.50000
v -0.19000 -0.09800 -0.50200
f 1281/1 1282/2 1283/3
f 1281/1 1283/3 1284/4
v -0.04000 -0.15000 -0.50200
v -0.04000 -0.09800 -0.50200
v -0.04000 -0.09800 -0.50000
v -0.04000 -0.15000 -0.50000
f 1285/1 1286/2 1287/3
f 1285/1 1287/3 1288/4
v -0.19000 -0.09800 -0.50200
v -0.19000 -0.09800 -0.50000
v -0.04000 -0.09800 -0.50000
v -0.04000 -0.09800 -0.50200
f 1289/1 1290/2 1291/3
f 1289/1 1291/3 1292/4
v -0.19000 -0.15000 -0.50200
v -0.04000 -0.15000 -0.50200
v -0.04000 -0.15000 -0.50000
v -0.19000 -0.15000 -0.50000
f 1293/1 1294/2 1295/3
f 1293/1 1295/3 1296/4
v -0.50200 -0.15000 -0.19000
v -0.50200 -0.09800 -0.19000
v -0.50000 -0.09800 -0.19000
v -0.50000 -0.15000 -0.19000
f 1297/1 1298/2 1299/3
f 1297/1 1299/3 1300/4
v -0.50200 -0.15000 -0.04000
v -0.50000 -0.15000 -0.04000
v -0.50000 -0.09800 -0.04000
v -0.50200 -0.09800 -0.04000
f 1301/1 1302/2 1303/3
f 1301/1 1303/3 1304/4
v -0.50200 -0.15000 -0.19000
v -0.50200 -0.15000 -0.04000
v -0.50200 -0.09800 -0.04000
v -0.50200 -0.09800 -0.19000
f 1305/1 1306/2 1307/3
f 1305/1 1307/3 1308/4
v -0.50000 -0.15000 -0.19000
v -0.50000 -0.09800 -0.19000
v -0.50000 -0.09800 -0.04000
v -0.50000 -0.15000 -0.04000
f 1309/1 1310/2 1311/3
f 1309/1 1311/3 1312/4
v -0.50200 -0.09800 -0.19000
v -0.50200 -0.09800 -0.04000
v -0.50000 -0.09800 -0.04000
v -0.50000 -0.09800 -0.19000
f 1313/1 1314/2 1315/3
f 1313/1 1315/3 1316/4
v -0.50200 -0.15000 -0.19000
v -0.50000 -0.15000 -0.19000
v -0.50000 -0.15000 -0.04000
v -0.50200 -0.15000 -0.04000
f 1317/1 1318/2 1319/3
f 1317/1 1319/3 1320/4
v -0.19000 -0.15000 0.50000
v -0.19000 -0.09800 0.50000
v -0.04000 -0.09800 0.50000
v -0.04000 -0.15000 0.50000
f 1321/1 1322/2 1323/3
f 1321/1 1323/3 1324/4
v -0.19000 -0.15000 0.50200
v -0.04000 -0.15000 0.50200
v -0.04000 -0.09800 0.50200
v -0.19000 -0.09800 0.50200
f 1325/1 1326/2 1327/3
f 1325/1 1327/3 1328/4
v -0.19000 -0.15000 0.50000
v -0.19000 -0.15000 0.50200
v -0.19000 -0.09800 0.50200
v -0.19000 -0.09800 0.50000
f 1329/1 1330/2 1331/3
f 1329/1 1331/3 1332/4
v -0.04000 -0.15000 0.50000
v -0.04000 -0.09800 0.50000
v -0.04000 -0.09800 0.50200
v -0.04000 -0.15000 0.50200
f 1333/1 1334/2 1335/3
f 1333/1 1335/3 1336/4
v -0.19000 -0.09800 0.50000
v -0.19000 -0.09800 0.50200
v -0.04000 -0.09800 0.50200
v -0.04000 -0.09800 0.50000
f 1337/1 1338/2 1339/3
f 1337/1 1339/3 1340/4
v -0.19000 -0.15000 0.50000
v -0.04000 -0.15000 0.50000
v -0.04000 -0.15000 0.50200
v -0.19000 -0.15000 0.50200
f 1341/1 1342/2 1343/3
f 1341/1 1343/3 1344/4
v 0.50000 -0.15000 -0.19000
v 0.50000 -0.09800 -0.19000
v 0.50200 -0.09800 -0.19000
v 0.50200 -0.15000 -0.19000
f 1345/1 1346/2 1347/3
f 1345/1 1347/3 1348/4
v 0.50000 -0.15000 -0.04000
v 0.50200 -0.15000 -0.04000
v 0.50200 -0.09800 -0.04000
v 0.50000 -0.09800 -0.04000
f 1349/1 1350/2 1351/3
f 1349/1 1351/3 1352/4
v 0.50000 -0.15000 -0.19000
v 0.50000 -0.15000 -0.04000
v 0.50000 -0.09800 -0.04000
v 0.50000 -0.09800 -0.19000
f 1353/1 1354/2 1355/3
f 1353/1 1355/3 1356/4
v 0.50200 -0.15000 -0.19000
v 0.50200 -0.09800 -0.19000
v 0.50200 -0.09800 -0.04000
v 0.50200 -0.15000 -0.04000
f 1357/1 1358/2 1359/3
f 1357/1 1359/3 1360/4
v 0.50000 -0.09800 -0.19000
v 0.50000 -0.09800 -0.04000
v 0.50200 -0.09800 -0.04000
v 0.50200 -0.09800 -0.19000
f 1361/1 1362/2 1363/3
f 1361/1 1363/3 1364/4
v 0.50000 -0.15000 -0.19000
v 0.50200 -0.15000 -0.19000
v 0.50200 -0.15000 -0.04000
v 0.50000 -0.15000 -0.04000
f 1365/1 1366/2 1367/3
f 1365/1 1367/3 1368/4
v 0.03500 -0.15000 -0.50200
v 0.03500 -0.09800 -0.50200
v 0.18500 -0.09800 -0.50200
v 0.18500 -0.15000 -0.50200
f 1369/1 1370/2 1371/3
f 1369/1 1371/3 1372/4
v 0.03500 -0.15000 -0.50000
v 0.18500 -0.15000 -0.50000
v 0.18500 -0.09800 -0.50000
v 0.03500 -0.09800 -0.50000
f 1373/1 1374/2 1375/3
f 1373/1 1375/3 1376/4
v 0.03500 -0.15000 -0.50200
v 0.03500 -0.15000 -0.50000
v 0.03500 -0.09800 -0.50000
v 0.03500 -0.09800 -0.50200
f 1377/1 1378/2 1379/3
f 1377/1 1379/3 1380/4
v 0.18500 -0.15000 -0.50200
v 0.18500 -0.09800 -0.50200
v 0.18500 -0.09800 -0.50000
v 0.18500 -0.15000 -0.50000
f 1381/1 1382/2 1383/3
f 1381/1 1383/3 1384/4
v 0.03500 -0.09800 -0.50200
v 0.03500 -0.09800 -0.50000
v 0.18500 -0.09800 -0.50000
v 0.18500 -0.09800 -0.50200
f 1385/1 1386/2 1387/3
f 1385/1 1387/3 1388/4
v 0.03500 -0.15000 -0.50200
v 0.18500 -0.15000 -0.50200
v 0.18500 -0.15000 -0.50000
v 0.03500 -0.15000 -0.50000
f 1389/1 1390/2 1391/3
f 1389/1 1391/3 1392/4
v -0.50200 -0.15000 0.03500
v -0.50200 -0.09800 0.03500
v -0.50000 -0.09800 0.03500
v -0.50000 -0.15000 0.03500
f 1393/1 1394/2 1395/3
f 1393/1 1395/3 1396/4
v -0.50200 -0.15000 0.18500
v -0.50000 -0.15000 0.18500
v -0.50000 -0.09800 0.18500
v -0.50200 -0.09800 0.18500
f 1397/1 1398/2 1399/3
f 1397/1 1399/3 1400/4
v -0.50200 -0.15000 0.03500
v -0.50200 -0.15000 0.18500
v -0.50200 -0.09800 0.18500
v -0.50200 -0.09800 0.03500
f 1401/1 1402/2 1403/3
f 1401/1 1403/3 1404/4
v -0.50000 -0.15000 0.03500
v -0.50000 -0.09800 0.03500
v -0.50000 -0.09800 0.18500
v -0.50000 -0.15000 0.18500
f 1405/1 1406/2 1407/3
f 1405/1 1407/3 1408/4
v -0.50200 -0.09800 0.03500
v -0.50200 -0.09800 0.18500
v -0.50000 -0.09800 0.18500
v -0.50000 -0.09800 0.03500
f 1409/1 1410/2 1411/3
f 1409/1 1411/3 1412/4
v -0.50200 -0.15000 0.03500
v -0.50000 -0.15000 0.03500
v -0.50000 -0.15000 0.18500
v -0.50200 -0.15000 0.18500
f 1413/1 1414/2 1415/3
f 1413/1 1415/3 1416/4
v 0.03500 -0.15000 0.50000
v 0.03500 -0.09800 0.50000
v 0.18500 -0.09800 0.50000
v 0.18500 -0.15000 0.50000
f 1417/1 1418/2 1419/3
f 1417/1 1419/3 1420/4
v 0.03500 -0.15000 0.50200
v 0.18500 -0.15000 0.50200
v 0.18500 -0.09800 0.50200
v 0.03500 -0.09800 0.50200
f 1421/1 1422/2 1423/3
f 1421/1 1423/3 1424/4
v 0.03500 -0.15000 0.50000
v 0.03500 -0.15000 0.50200
v 0.03500 -0.09800 0.50200
v 0.03500 -0.09800 0.50000
f 1425/1 1426/2 1427/3
f 1425/1 1427/3 1428/4
v 0.18500 -0.15000 0.50000
v 0.18500 -0.09800 0.50000
v 0.18500 -0.09800 0.50200
v 0.18500 -0.15000 0.50200
f 1429/1 1430/2 1431/3
f 1429/1 1431/3 1432/4
v 0.03500 -0.09800 0.50000
v 0.03500 -0.09800 0.50200
v 0.18500 -0.09800 0.50200
v 0.18500 -0.09800 0.50000
f 1433/1 1434/2 1435/3
f 1433/1 1435/3 1436/4
v 0.03500 -0.15000 0.50000
v 0.18500 -0.15000 0.50000
v 0.18500 -0.15000 0.50200
v 0.03500 -0.15000 0.50200
f 1437/1 1438/2 1439/3
f 1437/1 1439/3 1440/4
v 0.50000 -0.15000 0.03500
v 0.50000 -0.09800 0.03500
v 0.50200 -0.09800 0.03500
v 0.50200 -0.15000 0.03500
f 1441/1 1442/2 1443/3
f 1441/1 1443/3 1444/4
v 0.50000 -0.15000 0.18500
v 0.50200 -0.15000 0.18500
v 0.50200 -0.09800 0.18500
v 0.50000 -0.09800 0.18500
f 1445/1 1446/2 1447/3
f 1445/1 1447/3 1448/4
v 0.50000 -0.15000 0.03500
v 0.50000 -0.15000 0.18500
v 0.50000 -0.09800 0.18500
v 0.50000 -0.09800 0.03500
f 1449/1 1450/2 1451/3
f 1449/1 1451/3 1452/4
v 0.50200 -0.15000 0.03500
v 0.50200 -0.09800 0.03500
v 0.50200 -0.09800 0.18500
v 0.50200 -0.15000 0.18500
f 1453/1 1454/2 1455/3
f 1453/1 1455/3 1456/4
v 0.50000 -0.09800 0.03500
v 0.50000 -0.09800 0.18500
v 0.50200 -0.09800 0.18500
v 0.50200 -0.09800 0.03500
f 1457/1 1458/2 1459/3
f 1457/1 1459/3 1460/4
v 0.50000 -0.15000 0.03500
v 0.50200 -0.15000 0.03500
v 0.50200 -0.15000 0.18500
v 0.50000 -0.15000 0.18500
f 1461/1 1462/2 1463/3
f 1461/1 1463/3 1464/4
v 0.26000 -0.15000 -0.50200
v 0.26000 -0.09800 -0.50200
v 0.41000 -0.09800 -0.50200
v 0.41000 -0.15000 -0.50200
f 1465/1 1466/2 1467/3
f 1465/1 1467/3 1468/4
v 0.26000 -0.15000 -0.50000
v 0.41000 -0.15000 -0.50000
v 0.41000 -0.09800 -0.50000
v 0.26000 -0.09800 -0.50000
f 1469/1 1470/2 1471/3
f 1469/1 1471/3 1472/4
v 0.26000 -0.15000 -0.50200
v 0.26000 -0.15000 -0.50000
v 0.26000 -0.09800 -0.50000
v 0.26000 -0.09800 -0.50200
f 1473/1 1474/2 1475/3
f 1473/1 1475/3 1476/4
v 0.41000 -0.15000 -0.50200
v 0.41000 -0.09800 -0.50200
v 0.41000 -0.09800 -0.50000
v 0.41000 -0.15000 -0.50000
f 1477/1 1478/2 1479/3
f 1477/1 1479/3 1480/4
v 0.26000 -0.09800 -0.50200
v 0.26000 -0.09800 -0.50000
v 0.41000 -0.09800 -0.50000
v 0.41000 -0.09800 -0.50200
f 1481/1 1482/2 1483/3
f 1481/1 1483/3 1484/4
v 0.26000 -0.15000 -0.50200
v 0.41000 -0.15000 -0.50200
v 0.41000 -0.15000 -0.50000
v 0.26000 -0.15000 -0.50000
f 1485/1 1486/2 1487/3
f 1485/1 1487/3 1488/4
v -0.50200 -0.15000 0.26000
v -0.50200 -0.09800 0.26000
v -0.50000 -0.09800 0.26000
v -0.50000 -0.15000 0.26000
f 1489/1 1490/2 1491/3
f 1489/1 1491/3 1492/4
v -0.50200 -0.15000 0.41000
v -0.50000 -0.15000 0.41000
v -0.50000 -0.09800 0.41000
v -0.50200 -0.09800 0.41000
f 1493/1 1494/2 1495/3
f 1493/1 1495/3 1496/4
v -0.50200 -0.15000 0.26000
v -0.50200 -0.15000 0.41000
v -0.50200 -0.09800 0.41000
v -0.50200 -0.09800 0.26000
f 1497/1 1498/2 1499/3
f 1497/1 1499/3 1500/4
v -0.50000 -0.15000 0.26000
v -0.50000 -0.09800 0.26000
v -0.50000 -0.09800 0.41000
v -0.50000 -0.15000 0.41000
f 1501/1 1502/2 1503/3
f 1501/1 1503/3 1504/4
v -0.50200 -0.09800 0.26000
v -0.50200 -0.09800 0.41000
v -0.50000 -0.09800 0.41000
v -0.50000 -0.09800 0.26000
f 1505/1 1506/2 1507/3
f 1505/1 1507/3 1508/4
v -0.50200 -0.15000 0.26000
v -0.50000 -0.15000 0.26000
v -0.50000 -0.15000 0.41000
v -0.50200 -0.15000 0.41000
f 1509/1 1510/2 1511/3
f 1509/1 1511/3 1512/4
v 0.26000 -0.15000 0.50000
v 0.26000 -0.09800 0.50000
v 0.41000 -0.09800 0.50000
v 0.41000 -0.15000 0.50000
f 1513/1 1514/2 1515/3
f 1513/1 1515/3 1516/4
v 0.26000 -0.15000 0.50200
v 0.41000 -0.15000 0.50200
v 0.41000 -0.09800 0.50200
v 0.26000 -0.09800 0.50200
f 1517/1 1518/2 1519/3
f 1517/1 1519/3 1520/4
v 0.26000 -0.15000 0.50000
v 0.26000 -0.15000 0.50200
v 0.26000 -0.09800 0.50200
v 0.26000 -0.09800 0.50000
f 1521/1 1522/2 1523/3
f 1521/1 1523/3 1524/4
v 0.41000 -0.15000 0.50000
v 0.41000 -0.09800 0.50000
v 0.41000 -0.09800 0.50200
v 0.41000 -0.15000 0.50200
f 1525/1 1526/2 1527/3
f 1525/1 1527/3 1528/4
v 0.26000 -0.09800 0.50000
v 0.26000 -0.09800 0.50200
v 0.41000 -0.09800 0.50200
v 0.41000 -0.09800 0.50000
f 1529/1 1530/2 1531/3
f 1529/1 1531/3 1532/4
v 0.26000 -0.15000 0.50000
v 0.41000 -0.15000 0.50000
v 0.41000 -0.15000 0.50200
v 0.26000 -0.15000 0.50200
f 1533/1 1534/2 1535/3
f 1533/1 1535/3 1536/4
v 0.50000 -0.15000 0.26000
v 0.50000 -0.09800 0.26000
v 0.50200 -0.09800 0.26000
v 0.50200 -0.15000 0.26000
f 1537/1 1538/2 1539/3
f 1537/1 1539/3 1540/4
v 0.50000 -0.15000 0.41000
v 0.50200 -0.15000 0.41000
v 0.50200 -0.09800 0.41000
v 0.50000 -0.09800 0.41000
f 1541/1 1542/2 1543/3
f 1541/1 1543/3 1544/4
v 0.50000 -0.15000 0.26000
v 0.50000 -0.15000 0.41000
v 0.50000 -0.09800 0.41000
v 0.50000 -0.09800 0.26000
f 1545/1 1546/2 1547/3
f 1545/1 1547/3 1548/4
v 0.50200 -0.15000 0.26000
v 0.50200 -0.09800 0.26000
v 0.50200 -0.09800 0.41000
v 0.50200 -0.15000 0.41000
f 1549/1 1550/2 1551/3
f 1549/1 1551/3 1552/4
v 0.50000 -0.09800 0.26000
v 0.50000 -0.09800 0.41000
v 0.50200 -0.09800 0.41000
v 0.50200 -0.09800 0.26000
f 1553/1 1554/2 1555/3
f 1553/1 1555/3 1556/4
v 0.50000 -0.15000 0.26000
v 0.50200 -0.15000 0.26000
v 0.50200 -0.15000 0.41000
v 0.50000 -0.15000 0.41000
f 1557/1 1558/2 1559/3
f 1557/1 1559/3 1560/4
v -0.41500 -0.05800 -0.50200
v -0.41500 -0.00600 -0.50200
v -0.26500 -0.00600 -0.50200
v -0.26500 -0.05800 -0.50200
f 1561/1 1562/2 1563/3
f 1561/1 1563/3 1564/4
v -0.41500 -0.05800 -0.50000
v -0.26500 -0.05800 -0.50000
v -0.26500 -0.00600 -0.50000
v -0.41500 -0.00600 -0.50000
f 1565/1 1566/2 1567/3
f 1565/1 1567/3 1568/4
v -0.41500 -0.05800 -0.50200
v -0.41500 -0.05800 -0.50000
v -0.41500 -0.00600 -0.50000
v -0.41500 -0.00600 -0.50200
f 1569/1 1570/2 1571/3
f 1569/1 1571/3 1572/4
v -0.26500 -0.05800 -0.50200
v -0.26500 -0.00600 -0.50200
v -0.26500 -0.00600 -0.50000
v -0.26500 -0.05800 -0.50000
f 1573/1 1574/2 1575/3
f 1573/1 1575/3 1576/4
v -0.41500 -0.00600 -0.50200
v -0.41500 -0.00600 -0.50000
v -0.26500 -0.00600 -0.50000
v -0.26500 -0.00600 -0.50200
f 1577/1 1578/2 1579/3
f 1577/1 1579/3 1580/4
v -0.41500 -0.05800 -0.50200
v -0.26500 -0.05800 -0.50200
v -0.26500 -0.05800 -0.50000
v -0.41500 -0.05800 -0.50000
f 1581/1 1582/2 1583/3
f 1581/1 1583/3 1584/4
v -0.50200 -0.05800 -0.41500
v -0.50200 -0.00600 -0.41500
v -0.50000 -0.00600 -0.41500
v -0.50000 -0.05800 -0.41500
f 1585/1 1586/2 1587/3
f 1585/1 1587/3 1588/4
v -0.50200 -0.05800 -0.26500
v -0.50000 -0.05800 -0.26500
v -0.50000 -0.00600 -0.26500
v -0.50200 -0.00600 -0.26500
f 1589/1 1590/2 1591/3
f 1589/1 1591/3 1592/4
v -0.50200 -0.05800 -0.41500
v -0.50200 -0.05800 -0.26500
v -0.50200 -0.00600 -0.26500
v -0.50200 -0.00600 -0.41500
f 1593/1 1594/2 1595/3
f 1593/1 1595/3 1596/4
v -0.50000 -0.05800 -0.41500
v -0.50000 -0.00600 -0.41500
v -0.50000 -0.00600 -0.26500
v -0.50000 -0.05800 -0.26500
f 1597/1 1598/2 1599/3
f 1597/1 1599/3 1600/4
v -0.50200 -0.00600 -0.41500
v -0.50200 -0.00600 -0.26500
v -0.50000 -0.00600 -0.26500
v -0.50000 -0.00600 -0.41500
f 1601/1 1602/2 1603/3
f 1601/1 1603/3 1604/4
v -0.50200 -0.05800 -0.41500
v -0.50000 -0.05800 -0.41500
v -0.50000 -0.05800 -0.26500
v -0.50200 -0.05800 -0.26500
f 1605/1 1606/2 1607/3
f 1605/1 1607/3 1608/4
v -0.41500 -0.05800 0.50000
v -0.41500 -0.00600 0.50000
v -0.26500 -0.00600 0.50000
v -0.26500 -0.05800 0.50000
f 1609/1 1610/2 1611/3
f 1609/1 1611/3 1612/4
v -0.41500 -0.05800 0.50200
v -0.26500 -0.05800 0.50200
v -0.26500 -0.00600 0.50200
v -0.41500 -0.00600 0.50200
f 1613/1 1614/2 1615/3
f 1613/1 1615/3 1616/4
v -0.41500 -0.05800 0.50000
v -0.41500 -0.05800 0.50200
v -0.41500 -0.00600 0.50200
v -0.41500 -0.00600 0.50000
f 1617/1 1618/2 1619/3
f 1617/1 1619/3 1620/4
v -0.26500 -0.05800 0.50000
v -0.26500 -0.00600 0.50000
v -0.26500 -0.00600 0.50200
v -0.26500 -0.05800 0.50200
f 1621/1 1622/2 1623/3
f 1621/1 1623/3 1624/4
v -0.41500 -0.00600 0.50000
v -0.41500 -0.00600 0.50200
v -0.26500 -0.00600 0.50200
v -0.26500 -0.00600 0.50000
f 1625/1 1626/2 1627/3
f 1625/1 1627/3 1628/4
v -0.41500 -0.05800 0.50000
v -0.26500 -0.05800 0.50000
v -0.26500 -0.05800 0.50200
v -0.41500 -0.05800 0.50200
f 1629/1 1630/2 1631/3
f 1629/1 1631/3 1632/4
v 0.50000 -0.05800 -0.41500
v 0.50000 -0.00600 -0.41500
v 0.50200 -0.00600 -0.41500
v 0.50200 -0.05800 -0.41500
f 1633/1 1634/2 1635/3
f 1633/1 1635/3 1636/4
v 0.50000 -0.05800 -0.26500
v 0.50200 -0.05800 -0.26500
v 0.50200 -0.00600 -0.26500
v 0.50000 -0.00600 -0.26500
f 1637/1 1638/2 1639/3
f 1637/1 1639/3 1640/4
v 0.50000 -0.05800 -0.41500
v 0.50000 -0.05800 -0.26500
v 0.50000 -0.00600 -0.26500
v 0.50000 -0.00600 -0.41500
f 1641/1 1642/2 1643/3
f 1641/1 1643/3 1644/4
v 0.50200 -0.05800 -0.41500
v 0.50200 -0.00600 -0.41500
v 0.50200 -0.00600 -0.26500
v 0.50200 -0.05800 -0.26500
f 1645/1 1646/2 1647/3
f 1645/1 1647/3 1648/4
v 0.50000 -0.00600 -0.41500
v 0.50000 -0.00600 -0.26500
v 0.50200 -0.00600 -0.26500
v 0.50200 -0.00600 -0.41500
f 1649/1 1650/2 1651/3
f 1649/1 1651/3 1652/4
v 0.50000 -0.05800 -0.41500
v 0.50200 -0.05800 -0.41500
v 0.50200 -0.05800 -0.26500
v 0.50000 -0.05800 -0.26500
f 1653/1 1654/2 1655/3
f 1653/1 1655/3 1656/4
v -0.19000 -0.05800 -0.50200
v -0.19000 -0.00600 -0.50200
v -0.04000 -0.00600 -0.50200
v -0.04000 -0.05800 -0.50200
f 1657/1 1658/2 1659/3
f 1657/1 1659/3 1660/4
v -0.19000 -0.05800 -0.50000
v -0.04000 -0.05800 -0.50000
v -0.04000 -0.00600 -0.50000
v -0.19000 -0.00600 -0.50000
f 1661/1 1662/2 1663/3
f 1661/1 1663/3 1664/4
v -0.19000 -0.05800 -0.50200
v -0.19000 -0.05800 -0.50000
v -0.19000 -0.00600 -0.50000
v -0.19000 -0.00600 -0.50200
f 1665/1 1666/2 1667/3
f 1665/1 1667/3 1668/4
v -0.04000 -0.05800 -0.50200
v -0.04000 -0.00600 -0.50200
v -0.04000 -0.00600 -0.50000
v -0.04000 -0.05800 -0.50000
f 1669/1 1670/2 1671/3
f 1669/1 1671/3 1672/4
v -0.19000 -0.00600 -0.50200
v -0.19000 -0.00600 -0.50000
v -0.04000 -0.00600 -0.50000
v -0.04000 -0.00600 -0.50200
f 1673/1 1674/2 1675/3
f 1673/1 1675/3 1676/4
v -0.19000 -0.05800 -0.50200
v -0.04000 -0.05800 -0.50200
v -0.04000 -0.05800 -0.50000
v -0.19000 -0.05800 -0.50000
f 1677/1 1678/2 1679/3
f 1677/1 1679/3 1680/4
v -0.50200 -0.05800 -0.19000
v -0.50200 -0.00600 -0.19000
v -0.50000 -0.00600 -0.19000
v -0.50000 -0.05800 -0.19000
f 1681/1 1682/2 1683/3
f 1681/1 1683/3 1684/4
v -0.50200 -0.05800 -0.04000
v -0.50000 -0.05800 -0.04000
v -0.50000 -0.00600 -0.04000
v -0.50200 -0.00600 -0.04000
f 1685/1 1686/2 1687/3
f 1685/1 1687/3 1688/4
v -0.50200 -0.05800 -0.19000
v -0.50200 -0.05800 -0.04000
v -0.50200 -0.00600 -0.04000
v -0.50200 -0.00600 -0.19000
f 1689/1 1690/2 1691/3
f 1689/1 1691/3 1692/4
v -0.50000 -0.05800 -0.19000
v -0.50000 -0.00600 -0.19000
v -0.50000 -0.00600 -0.04000
v -0.50000 -0.05800 -0.04000
f 1693/1 1694/2 1695/3
f 1693/1 1695/3 1696/4
v -0.50200 -0.00600 -0.19000
v -0.50200 -0.00600 -0.04000
v -0.50000 -0.00600 -0.04000
v -0.50000 -0.00600 -0.19000
f 1697/1 1698/2 1699/3
f 1697/1 1699/3 1700/4
v -0.50200 -0.05800 -0.19000
v -0.50000 -0.05800 -0.19000
v -0.50000 -0.05800 -0.04000
v -0.50200 -0.05800 -0.04000
f 1701/1 1702/2 1703/3
f 1701/1 1703/3 1704/4
v -0.19000 -0.05800 0.50000
v -0.19000 -0.00600 0.50000
v -0.04000 -0.00600 0.50000
v -0.04000 -0.05800 0.50000
f 1705/1 1706/2 1707/3
f 1705/1 1707/3 1708/4
v -0.19000 -0.05800 0.50200
v -0.04000 -0.05800 0.50200
v -0.04000 -0.00600 0.50200
v -0.19000 -0.00600 0.50200
f 1709/1 1710/2 1711/3
f 1709/1 1711/3 1712/4
v -0.19000 -0.05800 0.50000
v -0.19000 -0.05800 0.50200
v -0.19000 -0.00600 0.50200
v -0.19000 -0.00600 0.50000
f 1713/1 1714/2 1715/3
f 1713/1 1715/3 1716/4
v -0.04000 -0.05800 0.50000
v -0.04000 -0.00600 0.50000
v -0.04000 -0.00600 0.50200
v -0.04000 -0.05800 0.50200
f 1717/1 1718/2 1719/3
f 1717/1 1719/3 1720/4
v -0.19000 -0.00600 0.50000
v -0.19000 -0.00600 0.50200
v -0.04000 -0.00600 0.50200
v -0.04000 -0.00600 0.50000
f 1721/1 1722/2 1723/3
f 1721/1 1723/3 1724/4
v -0.19000 -0.05800 0.50000
v -0.04000 -0.05800 0.50000
v -0.04000 -0.05800 0.50200
v -0.19000 -0.05800 0.50200
f 1725/1 1726/2 1727/3
f 1725/1 1727/3 1728/4
v 0.50000 -0.05800 -0.19000
v 0.50000 -0.00600 -0.19000
v 0.50200 -0.00600 -0.19000
v 0.50200 -0.05800 -0.19000
f 1729/1 1730/2 1731/3
f 1729/1 1731/3 1732/4
v 0.50000 -0.05800 -0.04000
v 0.50200 -0.05800 -0.04000
v 0.50200 -0.00600 -0.04000
v 0.50000 -0.00600 -0.04000
f 1733/1 1734/2 1735/3
f 1733/1 1735/3 1736/4
v 0.50000 -0.05800 -0.19000
v 0.50000 -0.05800 -0.04000
v 0.50000 -0.00600 -0.04000
v 0.50000 -0.00600 -0.19000
f 1737/1 1738/2 1739/3
f 1737/1 1739/3 1740/4
v 0.50200 -0.05800 -0.19000
v 0.50200 -0.00600 -0.19000
v 0.50200 -0.00600 -0.04000
v 0.50200 -0.05800 -0.04000
f 1741/1 1742/2 1743/3
f 1741/1 1743/3 1744/4
v 0.50000 -0.00600 -0.19000
v 0.50000 -0.00600 -0.04000
v 0.50200 -0.00600 -0.04000
v 0.50200 -0.00600 -0.19000
f 1745/1 1746/2 1747/3
f 1745/1 1747/3 1748/4
v 0.50000 -0.05800 -0.19000
v 0.50200 -0.05800 -0.19000
v 0.50200 -0.05800 -0.04000
v 0.50000 -0.05800 -0.04000
f 1749/1 1750/2 1751/3
f 1749/1 1751/3 1752/4
v 0.03500 -0.05800 -0.50200
v 0.03500 -0.00600 -0.50200
v 0.18500 -0.00600 -0.50200
v 0.18500 -0.05800 -0.50200
f 1753/1 1754/2 1755/3
f 1753/1 1755/3 1756/4
v 0.03500 -0.05800 -0.50000
v 0.18500 -0.05800 -0.50000
v 0.18500 -0.00600 -0.50000
v 0.03500 -0.00600 -0.50000
f 1757/1 1758/2 1759/3
f 1757/1 1759/3 1760/4
v 0.03500 -0.05800 -0.50200
v 0.03500 -0.05800 -0.50000
v 0.03500 -0.00600 -0.50000
v 0.03500 -0.00600 -0.50200
f 1761/1 1762/2 1763/3
f 1761/1 1763/3 1764/4
v 0.18500 -0.05800 -0.50200
v 0.18500 -0.00600 -0.50200
v 0.18500 -0.00600 -0.50000
v 0.18500 -0.05800 -0.50000
f 1765/1 1766/2 1767/3
f 1765/1 1767/3 1768/4
v 0.03500 -0.00600 -0.50200
v 0.03500 -0.00600 -0.50000
v 0.18500 -0.00600 -0.50000
v 0.18500 -0.00600 -0.50200
f 1769/1 1770/2 1771/3
f 1769/1 1771/3 1772/4
v 0.03500 -0.05800 -0.50200
v 0.18500 -0.05800 -0.50200
v 0.18500 -0.05800 -0.50000
v 0.03500 -0.05800 -0.50000
f 1773/1 1774/2 1775/3
f 1773/1 1775/3 1776/4
v -0.50200 -0.05800 0.03500
v -0.50200 -0.00600 0.03500
v -0.50000 -0.00600 0.03500
v -0.50000 -0.05800 0.03500
f 1777/1 1778/2 1779/3
f 1777/1 1779/3 1780/4
v -0.50200 -0.05800 0.18500
v -0.50000 -0.05800 0.18500
v -0.50000 -0.00600 0.18500
v -0.50200 -0.00600 0.18500
f 1781/1 1782/2 1783/3
f 1781/1 1783/3 1784/4
v -0.50200 -0.05800 0.03500
v -0.50200 -0.05800 0.18500
v -0.50200 -0.00600 0.18500
v -0.50200 -0.00600 0.03500
f 1785/1 1786/2 1787/3
f 1785/1 1787/3 1788/4
v -0.50000 -0.05800 0.03500
v -0.50000 -0.00600 0.03500
v -0.50000 -0.00600 0.18500
v -0.50000 -0.05800 0.18500
f 1789/1 1790/2 1791/3
f 1789/1 1791/3 1792/4
v -0.50200 -0.00600 0.03500
v -0.50200 -0.00600 0.18500
v -0.50000 -0.00600 0.18500
v -0.50000 -0.00600 0.03500
f 1793/1 1794/2 1795/3
f 1793/1 1795/3 1796/4
v -0.50200 -0.05800 0.03500
v -0.50000 -0.05800 0.03500
v -0.50000 -0.05800 0.18500
v -0.50200 -0.05800 0.18500
f 1797/1 1798/2 1799/3
f 1797/1 1799/3 1800/4
v 0.03500 -0.05800 0.50000
v 0.03500 -0.00600 0.50000
v 0.18500 -0.00600 0.50000
v 0.18500 -0.05800 0.50000
f 1801/1 1802/2 1803/3
f 1801/1 1803/3 1804/4
v 0.03500 -0.05800 0.50200
v 0.18500 -0.05800 0.50200
v 0.18500 -0.00600 0.50200
v 0.03500 -0.00600 0.50200
f 1805/1 1806/2 1807/3
f 1805/1 1807/3 1808/4
v 0.03500 -0.05800 0.50000
v 0.03500 -0.05800 0.50200
v 0.03500 -0.00600 0.50200
v 0.03500 -0.00600 0.50000
f 1809/1 1810/2 1811/3
f 1809/1 1811/3 1812/4
v 0.18500 -0.05800 0.50000
v 0.18500 -0.00600 0.50000
v 0.18500 -0.00600 0.50200
v 0.18500 -0.05800 0.50200
f 1813/1 1814/2 1815/3
f 1813/1 1815/3 1816/4
v 0.03500 -0.00600 0.50000
v 0.03500 -0.00600 0.50200
v 0.18500 -0.00600 0.50200
v 0.18500 -0.00600 0.50000
f 1817/1 1818/2 1819/3
f 1817/1 1819/3 1820/4
v 0.03500 -0.05800 0.50000
v 0.18500 -0.05800 0.50000
v 0.18500 -0.05800 0.50200
v 0.03500 -0.05800 0.50200
f 1821/1 1822/2 1823/3
f 1821/1 1823/3 1824/4
v 0.50000 -0.05800 0.03500
v 0.50000 -0.00600 0.03500
v 0.50200 -0.00600 0.03500
v 0.50200 -0.05800 0.03500
f 1825/1 1826/2 1827/3
f 1825/1 1827/3 1828/4
v 0.50000 -0.05800 0.18500
v 0.50200 -0.05800 0.18500
v 0.50200 -0.00600 0.18500
v 0.50000 -0.00600 0.18500
f 1829/1 1830/2 1831/3
f 1829/1 1831/3 1832/4
v 0.50000 -0.05800 0.03500
v 0.50000 -0.05800 0.18500
v 0.50000 -0.00600 0.18500
v 0.50000 -0.00600 0.03500
f 1833/1 1834/2 1835/3
f 1833/1 1835/3 1836/4
v 0.50200 -0.05800 0.03500
v 0.50200 -0.00600 0.03500
v 0.50200 -0.00600 0.18500
v 0.50200 -0.05800 0.18500
f 1837/1 1838/2 1839/3
f 1837/1 1839/3 1840/4
v 0.50000 -0.00600 0.03500
v 0.50000 -0.00600 0.18500
v 0.50200 -0.00600 0.18500
v 0.50200 -0.00600 0.03500
f 1841/1 1842/2 1843/3
f 1841/1 1843/3 1844/4
v 0.50000 -0.05800 0.03500
v 0.50200 -0.05800 0.03500
v 0.50200 -0.05800 0.18500
v 0.50000 -0.05800 0.18500
f 1845/1 1846/2 1847/3
f 1845/1 1847/3 1848/4
v 0.26000 -0.05800 -0.50200
v 0.26000 -0.00600 -0.50200
v 0.41000 -0.00600 -0.50200
v 0.41000 -0.05800 -0.50200
f 1849/1 1850/2 1851/3
f 1849/1 1851/3 1852/4
v 0.26000 -0.05800 -0.50000
v 0.41000 -0.05800 -0.50000
v 0.41000 -0.00600 -0.50000
v 0.26000 -0.00600 -0.50000
f 1853/1 1854/2 1855/3
f 1853/1 1855/3 1856/4
v 0.26000 -0.05800 -0.50200
v 0.26000 -0.05800 -0.50000
v 0.26000 -0.00600 -0.50000
v 0.26000 -0.00600 -0.50200
f 1857/1 1858/2 1859/3
f 1857/1 1859/3 1860/4
v 0.41000 -0.05800 -0.50200
v 0.41000 -0.00600 -0.50200
v 0.41000 -0.00600 -0.50000
v 0.41000 -0.05800 -0.50000
f 1861/1 1862/2 1863/3
f 1861/1 1863/3 1864/4
v 0.26000 -0.00600 -0.50200
v 0.26000 -0.00600 -0.50000
v 0.41000 -0.00600 -0.50000
v 0.41000 -0.00600 -0.50200
f 1865/1 1866/2 1867/3
f 1865/1 1867/3 1868/4
v 0.26000 -0.05800 -0.50200
v 0.41000 -0.05800 -0.50200
v 0.41000 -0.05800 -0.50000
v 0.26000 -0.05800 -0.50000
f 1869/1 1870/2 1871/3
f 1869/1 1871/3 1872/4
v -0.50200 -0.05800 0.26000
v -0.50200 -0.00600 0.26000
v -0.50000 -0.00600 0.26000
v -0.50000 -0.05800 0.26000
f 1873/1 1874/2 1875/3
f 1873/1 1875/3 1876/4
v -0.50200 -0.05800 0.41000
v -0.50000 -0.05800 0.41000
v -0.50000 -0.00600 0.41000
v -0.50200 -0.00600 0.41000
f 1877/1 1878/2 1879/3
f 1877/1 1879/3 1880/4
v -0.50200 -0.05800 0.26000
v -0.50200 -0.05800 0.41000
v -0.50200 -0.00600 0.41000
v -0.50200 -0.00600 0.26000
f 1881/1 1882/2 1883/3
f 1881/1 1883/3 1884/4
v -0.50000 -0.05800 0.26000
v -0.50000 -0.00600 0.26000
v -0.50000 -0.00600 0.41000
v -0.50000 -0.05800 0.41000
f 1885/1 1886/2 1887/3
f 1885/1 1887/3 1888/4
v -0.50200 -0.00600 0.26000
v -0.50200 -0.00600 0.41000
v -0.50000 -0.00600 0.41000
v -0.50000 -0.00600 0.26000
f 1889/1 1890/2 1891/3
f 1889/1 1891/3 1892/4
v -0.50200 -0.05800 0.26000
v -0.50000 -0.05800 0.26000
v -0.50000 -0.05800 0.41000
v -0.50200 -0.05800 0.41000
f 1893/1 1894/2 1895/3
f 1893/1 1895/3 1896/4
v 0.26000 -0.05800 0.50000
v 0.26000 -0.00600 0.50000
v 0.41000 -0.00600 0.50000
v 0.41000 -0.05800 0.50000
f 1897/1 1898/2 1899/3
f 1897/1 1899/3 1900/4
v 0.26000 -0.05800 0.50200
v 0.41000 -0.05800 0.50200
v 0.41000 -0.00600 0.50200
v 0.26000 -0.00600 0.50200
f 1901/1 1902/2 1903/3
f 1901/1 1903/3 1904/4
v 0.26000 -0.05800 0.50000
v 0.26000 -0.05800 0.50200
v 0.26000 -0.00600 0.50200
v 0.26000 -0.00600 0.50000
f 1905/1 1906/2 1907/3
f 1905/1 1907/3 1908/4
v 0.41000 -0.05800 0.50000
v 0.41000 -0.00600 0.50000
v 0.41000 -0.00600 0.50200
v 0.41000 -0.05800 0.50200
f 1909/1 1910/2 1911/3
f 1909/1 1911/3 1912/4
v 0.26000 -0.00600 0.50000
v 0.26000 -0.00600 0.50200
v 0.41000 -0.00600 0.50200
v 0.41000 -0.00600 0.50000
f 1913/1 1914/2 1915/3
f 1913/1 1915/3 1916/4
v 0.26000 -0.05800 0.50000
v 0.41000 -0.05800 0.50000
v 0.41000 -0.05800 0.50200
v 0.26000 -0.05800 0.50200
f 1917/1 1918/2 1919/3
f 1917/1 1919/3 1920/4
v 0.50000 -0.05800 0.26000
v 0.50000 -0.00600 0.26000
v 0.50200 -0.00600 0.26000
v 0.50200 -0.05800 0.26000
f 1921/1 1922/2 1923/3
f 1921/1 1923/3 1924/4
v 0.50000 -0.05800 0.41000
v 0.50200 -0.05800 0.41000
v 0.50200 -0.00600 0.41000
v 0.50000 -0.00600 0.41000
f 1925/1 1926/2 1927/3
f 1925/1 1927/3 1928/4
v 0.50000 -0.05800 0.26000
v 0.50000 -0.05800 0.41000
v 0.50000 -0.00600 0.41000
v 0.50000 -0.00600 0.26000
f 1929/1 1930/2 1931/3
f 1929/1 1931/3 1932/4
v 0.50200 -0.05800 0.26000
v 0.50200 -0.00600 0.26000
v 0.50200 -0.00600 0.41000
v 0.50200 -0.05800 0.41000
f 1933/1 1934/2 1935/3
f 1933/1 1935/3 1936/4
v 0.50000 -0.00600 0.26000
v 0.50000 -0.00600 0.41000
v 0.50200 -0.00600 0.41000
v 0.50200 -0.00600 0.26000
f 1937/1 1938/2 1939/3
f 1937/1 1939/3 1940/4
v 0.50000 -0.05800 0.26000
v 0.50200 -0.05800 0.26000
v 0.50200 -0.05800 0.41000
v 0.50000 -0.05800 0.41000
f 1941/1 1942/2 1943/3
f 1941/1 1943/3 1944/4
v -0.41500 0.03400 -0.50200
v -0.41500 0.08600 -0.50200
v -0.26500 0.08600 -0.50200
v -0.26500 0.03400 -0.50200
f 1945/1 1946/2 1947/3
f 1945/1 1947/3 1948/4
v -0.41500 0.03400 -0.50000
v -0.26500 0.03400 -0.50000
v -0.26500 0.08600 -0.50000
v -0.41500 0.08600 -0.50000
f 1949/1 1950/2 1951/3
f 1949/1 1951/3 1952/4
v -0.41500 0.03400 -0.50200
v -0.41500 0.03400 -0.50000
v -0.41500 0.08600 -0.50000
v -0.41500 0.08600 -0.50200
f 1953/1 1954/2 1955/3
f 1953/1 1955/3 1956/4
v -0.26500 0.03400 -0.50200
v -0.26500 0.08600 -0.50200
v -0.26500 0.08600 -0.50000
v -0.26500 0.03400 -0.50000
f 1957/1 1958/2 1959/3
f 1957/1 1959/3 1960/4
v -0.41500 0.08600 -0.50200
v -0.41500 0.08600 -0.50000
v -0.26500 0.08600 -0.50000
v -0.26500 0.08600 -0.50200
f 1961/1 1962/2 1963/3
f 1961/1 1963/3 1964/4
v -0.41500 0.03400 -0.50200
v -0.26500 0.03400 -0.50200
v -0.26500 0.03400 -0.50000
v -0.41500 0.03400 -0.50000
f 1965/1 1966/2 1967/3
f 1965/1 1967/3 1968/4
v -0.50200 0.03400 -0.41500
v -0.50200 0.08600 -0.41500
v -0.50000 0.08600 -0.41500
v -0.50000 0.03400 -0.41500
f 1969/1 1970/2 1971/3
f 1969/1 1971/3 1972/4
v -0.50200 0.03400 -0.26500
v -0.50000 0.03400 -0.26500
v -0.50000 0.08600 -0.26500
v -0.50200 0.08600 -0.26500
f 1973/1 1974/2 1975/3
f 1973/1 1975/3 1976/4
v -0.50200 0.03400 -0.41500
v -0.50200 0.03400 -0.26500
v -0.50200 0.08600 -0.26500
v -0.50200 0.08600 -0.41500
f 1977/1 1978/2 1979/3
f 1977/1 1979/3 1980/4
v -0.50000 0.03400 -0.41500
v -0.50000 0.08600 -0.41500
v -0.50000 0.08600 -0.26500
v -0.50000 0.03400 -0.26500
f 1981/1 1982/2 1983/3
f 1981/1 1983/3 1984/4
v -0.50200 0.08600 -0.41500
v -0.50200 0.08600 -0.26500
v -0.50000 0.08600 -0.26500
v -0.50000 0.08600 -0.41500
f 1985/1 1986/2 1987/3
f 1985/1 1987/3 1988/4
v -0.50200 0.03400 -0.41500
v -0.50000 0.03400 -0.41500
v -0.50000 0.03400 -0.26500
v -0.50200 0.03400 -0.26500
f 1989/1 1990/2 1991/3
f 1989/1 1991/3 1992/4
v -0.41500 0.03400 0.50000
v -0.41500 0.08600 0.50000
v -0.26500 0.08600 0.50000
v -0.26500 0.03400 0.50000
f 1993/1 1994/2 1995/3
f 1993/1 1995/3 1996/4
v -0.41500 0.03400 0.50200
v -0.26500 0.03400 0.50200
v -0.26500 0.08600 0.50200
v -0.41500 0.08600 0.50200
f 1997/1 1998/2 1999/3
f 1997/1 1999/3 2000/4
v -0.41500 0.03400 0.50000
v -0.41500 0.03400 0.50200
v -0.41500 0.08600 0.50200
v -0.41500 0.08600 0.50000
f 2001/1 2002/2 2003/3
f 2001/1 2003/3 2004/4
v -0.26500 0.03400 0.50000
v -0.26500 0.08600 0.50000
v -0.26500 0.08600 0.50200
v -0.26500 0.03400 0.50200
f 2005/1 2006/2 2007/3
f 2005/1 2007/3 2008/4
v -0.41500 0.08600 0.50000
v -0.41500 0.08600 0.50200
v -0.26500 0.08600 0.50200
v -0.26500 0.08600 0.50000
f 2009/1 2010/2 2011/3
f 2009/1 2011/3 2012/4
v -0.41500 0.03400 0.50000
v -0.26500 0.03400 0.50000
v -0.26500 0.03400 0.50200
v -0.41500 0.03400 0.50200
f 2013/1 2014/2 2015/3
f 2013/1 2015/3 2016/4
v 0.50000 0.03400 -0.41500
v 0.50000 0.08600 -0.41500
v 0.50200 0.08600 -0.41500
v 0.50200 0.03400 -0.41500
f 2017/1 2018/2 2019/3
f 2017/1 2019/3 2020/4
v 0.50000 0.03400 -0.26500
v 0.50200 0.03400 -0.26500
v 0.50200 0.08600 -0.26500
v 0.50000 0.08600 -0.26500
f 2021/1 2022/2 2023/3
f 2021/1 2023/3 2024/4
v 0.50000 0.03400 -0.41500
v 0.50000 0.03400 -0.26500
v 0.50000 0.08600 -0.26500
v 0.50000 0.08600 -0.41500
f 2025/1 2026/2 2027/3
f 2025/1 2027/3 2028/4
v 0.50200 0.03400 -0.41500
v 0.50200 0.08600 -0.41500
v 0.50200 0.08600 -0.26500
v 0.50200 0.03400 -0.26500
f 2029/1 2030/2 2031/3
f 2029/1 2031/3 2032/4
v 0.50000 0.08600 -0.41500
v 0.50000 0.08600 -0.26500
v 0.50200 0.08600 -0.26500
v 0.50200 0.08600 -0.41500
f 2033/1 2034/2 2035/3
f 2033/1 2035/3 2036/4
v 0.50000 0.03400 -0.41500
v 0.50200 0.03400 -0.41500
v 0.50200 0.03400 -0.26500
v 0.50000 0.03400 -0.26500
f 2037/1 2038/2 2039/3
f 2037/1 2039/3 2040/4
v -0.19000 0.03400 -0.50200
v -0.19000 0.08600 -0.50200
v -0.04000 0.08600 -0.50200
v -0.04000 0.03400 -0.50200
f 2041/1 2042/2 2043/3
f 2041/1 2043/3 2044/4
v -0.19000 0.03400 -0.50000
v -0.04000 0.03400 -0.50000
v -0.04000 0.08600 -0.50000
v -0.19000 0.08600 -0.50000
f 2045/1 2046/2 2047/3
f 2045/1 2047/3 2048/4
v -0.19000 0.03400 -0.50200
v -0.19000 0.03400 -0.50000
v -0.19000 0.08600 -0.50000
v -0.19000 0.08600 -0.50200
f 2049/1 2050/2 2051/3
f 2049/1 2051/3 2052/4
v -0.04000 0.03400 -0.50200
v -0.04000 0.08600 -0.50200
v -0.04000 0.08600 -0.50000
v -0.04000 0.03400 -0.50000
f 2053/1 2054/2 2055/3
f 2053/1 2055/3 2056/4
v -0.19000 0.08600 -0.50200
v -0.19000 0.08600 -0.50000
v -0.04000 0.08600 -0.50000
v -0.04000 0.08600 -0.50200
f 2057/1 2058/2 2059/3
f 2057/1 2059/3 2060/4
v -0.19000 0.03400 -0.50200
v -0.04000 0.03400 -0.50200
v -0.04000 0.03400 -0.50000
v -0.19000 0.03400 -0.50000
f 2061/1 2062/2 2063/3
f 2061/1 2063/3 2064/4
v -0.50200 0.03400 -0.19000
v -0.50200 0.08600 -0.19000
v -0.50000 0.08600 -0.19000
v -0.50000 0.03400 -0.19000
f 2065/1 2066/2 2067/3
f 2065/1 2067/3 2068/4
v -0.50200 0.03400 -0.04000
v -0.50000 0.03400 -0.04000
v -0.50000 0.08600 -0.04000
v -0.50200 0.08600 -0.04000
f 2069/1 2070/2 2071/3
f 2069/1 2071/3 2072/4
v -0.50200 0.03400 -0.19000
v -0.50200 0.03400 -0.04000
v -0.50200 0.08600 -0.04000
v -0.50200 0.08600 -0.19000
f 2073/1 2074/2 2075/3
f 2073/1 2075/3 2076/4
v -0.50000 0.03400 -0.19000
v -0.50000 0.08600 -0.19000
v -0.50000 0.08600 -0.04000
v -0.50000 0.03400 -0.04000
f 2077/1 2078/2 2079/3
f 2077/1 2079/3 2080/4
v -0.50200 0.08600 -0.19000
v -0.50200 0.08600 -0.04000
v -0.50000 0.08600 -0.04000
v -0.50000 0.08600 -0.19000
f 2081/1 2082/2 2083/3
f 2081/1 2083/3 2084/4
v -0.50200 0.03400 -0.19000
v -0.50000 0.03400 -0.19000
v -0.50000 0.03400 -0.04000
v -0.50200 0.03400 -0.04000
f 2085/1 2086/2 2087/3
f 2085/1 2087/3 2088/4
v -0.19000 0.03400 0.50000
v -0.19000 0.08600 0.50000
v -0.04000 0.08600 0.50000
v -0.04000 0.03400 0.50000
f 2089/1 2090/2 2091/3
f 2089/1 2091/3 2092/4
v -0.19000 0.03400 0.50200
v -0.04000 0.03400 0.50200
v -0.04000 0.08600 0.50200
v -0.19000 0.08600 0.50200
f 2093/1 2094/2 2095/3
f 2093/1 2095/3 2096/4
v -0.19000 0.03400 0.50000
v -0.19000 0.03400 0.50200
v -0.19000 0.08600 0.50200
v -0.19000 0.08600 0.50000
f 2097/1 2098/2 2099/3
f 2097/1 2099/3 2100/4
v -0.04000 0.03400 0.50000
v -0.04000 0.08600 0.50000
v -0.04000 0.08600 0.50200
v -0.04000 0.03400 0.50200
f 2101/1 2102/2 2103/3
f 2101/1 2103/3 2104/4
v -0.19000 0.08600 0.50000
v -0.19000 0.08600 0.50200
v -0.04000 0.08600 0.50200
v -0.04000 0.08600 0.50000
f 2105/1 2106/2 2107/3
f 2105/1 2107/3 2108/4
v -0.19000 0.03400 0.50000
v -0.04000 0.03400 0.50000
v -0.04000 0.03400 0.50200
v -0.19000 0.03400 0.50200
f 2109/1 2110/2 2111/3
f 2109/1 2111/3 2112/4
v 0.50000 0.03400 -0.19000
v 0.50000 0.08600 -0.19000
v 0.50200 0.08600 -0.19000
v 0.50200 0.03400 -0.19000
f 2113/1 2114/2 2115/3
f 2113/1 2115/3 2116/4
v 0.50000 0.03400 -0.04000
v 0.50200 0.03400 -0.04000
v 0.50200 0.08600 -0.04000
v 0.50000 0.08600 -0.04000
f 2117/1 2118/2 2119/3
f 2117/1 2119/3 2120/4
v 0.50000 0.03400 -0.19000
v 0.50000 0.03400 -0.04000
v 0.50000 0.08600 -0.04000
v 0.50000 0.08600 -0.19000
f 2121/1 2122/2 2123/3
f 2121/1 2123/3 2124/4
v 0.50200 0.03400 -0.19000
v 0.50200 0.08600 -0.19000
v 0.50200 0.08600 -0.04000
v 0.50200 0.03400 -0.04000
f 2125/1 2126/2 2127/3
f 2125/1 2127/3 2128/4
v 0.50000 0.08600 -0.19000
v 0.50000 0.08600 -0.04000
v 0.50200 0.08600 -0.04000
v 0.50200 0.08600 -0.19000
f 2129/1 2130/2 2131/3
f 2129/1 2131/3 2132/4
v 0.50000 0.03400 -0.19000
v 0.50200 0.03400 -0.19000
v 0.50200 0.03400 -0.04000
v 0.50000 0.03400 -0.04000
f 2133/1 2134/2 2135/3
f 2133/1 2135/3 2136/4
v 0.03500 0.03400 -0.50200
v 0.03500 0.08600 -0.50200
v 0.18500 0.08600 -0.50200
v 0.18500 0.03400 -0.50200
f 2137/1 2138/2 2139/3
f 2137/1 2139/3 2140/4
v 0.03500 0.03400 -0.50000
v 0.18500 0.03400 -0.50000
v 0.18500 0.08600 -0.50000
v 0.03500 0.08600 -0.50000
f 2141/1 2142/2 2143/3
f 2141/1 2143/3 2144/4
v 0.03500 0.03400 -0.50200
v 0.03500 0.03400 -0.50000
v 0.03500 0.08600 -0.50000
v 0.03500 0.08600 -0.50200
f 2145/1 2146/2 2147/3
f 2145/1 2147/3 2148/4
v 0.18500 0.03400 -0.50200
v 0.18500 0.08600 -0.50200
v 0.18500 0.08600 -0.50000
v 0.18500 0.03400 -0.50000
f 2149/1 2150/2 2151/3
f 2149/1 2151/3 2152/4
v 0.03500 0.08600 -0.50200
v 0.03500 0.08600 -0.50000
v 0.18500 0.08600 -0.50000
v 0.18500 0.08600 -0.50200
f 2153/1 2154/2 2155/3
f 2153/1 2155/3 2156/4
v 0.03500 0.03400 -0.50200
v 0.18500 0.03400 -0.50200
v 0.18500 0.03400 -0.50000
v 0.03500 0.03400 -0.50000
f 2157/1 2158/2 2159/3
f 2157/1 2159/3 2160/4
v -0.50200 0.03400 0.03500
v -0.50200 0.08600 0.03500
v -0.50000 0.08600 0.03500
v -0.50000 0.03400 0.03500
f 2161/1 2162/2 2163/3
f 2161/1 2163/3 2164/4
v -0.50200 0.03400 0.18500
v -0.50000 0.03400 0.18500
v -0.50000 0.08600 0.18500
v -0.50200 0.08600 0.18500
f 2165/1 2166/2 2167/3
f 2165/1 2167/3 2168/4
v -0.50200 0.03400 0.03500
v -0.50200 0.03400 0.18500
v -0.50200 0.08600 0.18500
v -0.50200 0.08600 0.03500
f 2169/1 2170/2 2171/3
f 2169/1 2171/3 2172/4
v -0.50000 0.03400 0.03500
v -0.50000 0.08600 0.03500
v -0.50000 0.08600 0.18500
v -0.50000 0.03400 0.18500
f 2173/1 2174/2 2175/3
f 2173/1 2175/3 2176/4
v -0.50200 0.08600 0.03500
v -0.50200 0.08600 0.18500
v -0.50000 0.08600 0.18500
v -0.50000 0.08600 0.03500
f 2177/1 2178/2 2179/3
f 2177/1 2179/3 2180/4
v -0.50200 0.03400 0.03500
v -0.50000 0.03400 0.03500
v -0.50000 0.03400 0.18500
v -0.50200 0.03400 0.18500
f 2181/1 2182/2 2183/3
f 2181/1 2183/3 2184/4
v 0.03500 0.03400 0.50000
v 0.03500 0.08600 0.50000
v 0.18500 0.08600 0.50000
v 0.18500 0.03400 0.50000
f 2185/1 2186/2 2187/3
f 2185/1 2187/3 2188/4
v 0.03500 0.03400 0.50200
v 0.18500 0.03400 0.50200
v 0.18500 0.08600 0.50200
v 0.03500 0.08600 0.50200
f 2189/1 2190/2 2191/3
f 2189/1 2191/3 2192/4
v 0.03500 0.03400 0.50000
v 0.03500 0.03400 0.50200
v 0.03500 0.08600 0.50200
v 0.03500 0.08600 0.50000
f 2193/1 2194/2 2195/3
f 2193/1 2195/3 2196/4
v 0.18500 0.03400 0.50000
v 0.18500 0.08600 0.50000
v 0.18500 0.08600 0.50200
v 0.18500 0.03400 0.50200
f 2197/1 2198/2 2199/3
f 2197/1 2199/3 2200/4
v 0.03500 0.08600 0.50000
v 0.03500 0.08600 0.50200
v 0.18500 0.08600 0.50200
v 0.18500 0.08600 0.50000
f 2201/1 2202/2 2203/3
f 2201/1 2203/3 2204/4
v 0.03500 0.03400 0.50000
v 0.18500 0.03400 0.50000
v 0.18500 0.03400 0.50200
v 0.03500 0.03400 0.50200
f 2205/1 2206/2 2207/3
f 2205/1 2207/3 2208/4
v 0.50000 0.03400 0.03500
v 0.50000 0.08600 0.03500
v 0.50200 0.08600 0.03500
v 0.50200 0.03400 0.03500
f 2209/1 2210/2 2211/3
f 2209/1 2211/3 2212/4
v 0.50000 0.03400 0.18500
v 0.50200 0.03400 0.18500
v 0.50200 0.08600 0.18500
v 0.50000 0.08600 0.18500
f 2213/1 2214/2 2215/3
f 2213/1 2215/3 2216/4
v 0.50000 0.03400 0.03500
v 0.50000 0.03400 0.18500
v 0.50000 0.08600 0.18500
v 0.50000 0.08600 0.03500
f 2217/1 2218/2 2219/3
f 2217/1 2219/3 2220/4
v 0.50200 0.03400 0.03500
v 0.50200 0.08600 0.03500
v 0.50200 0.08600 0.18500
v 0.50200 0.03400 0.18500
f 2221/1 2222/2 2223/3
f 2221/1 2223/3 2224/4
v 0.50000 0.08600 0.03500
v 0.50000 0.08600 0.18500
v 0.50200 0.08600 0.18500
v 0.50200 0.08600 0.03500
f 2225/1 2226/2 2227/3
f 2225/1 2227/3 2228/4
v 0.50000 0.03400 0.03500
v 0.50200 0.03400 0.03500
v 0.50200 0.03400 0.18500
v 0.50000 0.03400 0.18500
f 2229/1 2230/2 2231/3
f 2229/1 2231/3 2232/4
v 0.26000 0.03400 -0.50200
v 0.26000 0.08600 -0.50200
v 0.41000 0.08600 -0.50200
v 0.41000 0.03400 -0.50200
f 2233/1 2234/2 2235/3
f 2233/1 2235/3 2236/4
v 0.26000 0.03400 -0.50000
v 0.41000 0.03400 -0.50000
v 0.41000 0.08600 -0.50000
v 0.26000 0.08600 -0.50000
f 2237/1 2238/2 2239/3
f 2237/1 2239/3 2240/4
v 0.26000 0.03400 -0.50200
v 0.26000 0.03400 -0.50000
v 0.26000 0.08600 -0.50000
v 0.26000 0.08600 -0.50200
f 2241/1 2242/2 2243/3
f 2241/1 2243/3 2244/4
v 0.41000 0.03400 -0.50200
v 0.41000 0.08600 -0.50200
v 0.41000 0.08600 -0.50000
v 0.41000 0.03400 -0.50000
f 2245/1 2246/2 2247/3
f 2245/1 2247/3 2248/4
v 0.26000 0.08600 -0.50200
v 0.26000 0.08600 -0.50000
v 0.41000 0.08600 -0.50000
v 0.41000 0.08600 -0.50200
f 2249/1 2250/2 2251/3
f 2249/1 2251/3 2252/4
v 0.26000 0.03400 -0.50200
v 0.41000 0.03400 -0.50200
v 0.41000 0.03400 -0.50000
v 0.26000 0.03400 -0.50000
f 2253/1 2254/2 2255/3
f 2253/1 2255/3 2256/4
v -0.50200 0.03400 0.26000
v -0.50200 0.08600 0.26000
v -0.50000 0.08600 0.26000
v -0.50000 0.03400 0.26000
f 2257/1 2258/2 2259/3
f 2257/1 2259/3 2260/4
v -0.50200 0.03400 0.41000
v -0.50000 0.03400 0.41000
v -0.50000 0.08600 0.41000
v -0.50200 0.08600 0.41000
f 2261/1 2262/2 2263/3
f 2261/1 2263/3 2264/4
v -0.50200 0.03400 0.26000
v -0.50200 0.03400 0.41000
v -0.50200 0.08600 0.41000
v -0.50200 0.08600 0.26000
f 2265/1 2266/2 2267/3
f 2265/1 2267/3 2268/4
v -0.50000 0.03400 0.26000
v -0.50000 0.08600 0.26000
v -0.50000 0.08600 0.41000
v -0.50000 0.03400 0.41000
f 2269/1 2270/2 2271/3
f 2269/1 2271/3 2272/4
v -0.50200 0.08600 0.26000
v -0.50200 0.08600 0.41000
v -0.50000 0.08600 0.41000
v -0.50000 0.08600 0.26000
f 2273/1 2274/2 2275/3
f 2273/1 2275/3 2276/4
v -0.50200 0.03400 0.26000
v -0.50000 0.03400 0.26000
v -0.50000 0.03400 0.41000
v -0.50200 0.03400 0.41000
f 2277/1 2278/2 2279/3
f 2277/1 2279/3 2280/4
v 0.26000 0.03400 0.50000
v 0.26000 0.08600 0.50000
v 0.41000 0.08600 0.50000
v 0.41000 0.03400 0.50000
f 2281/1 2282/2 2283/3
f 2281/1 2283/3 2284/4
v 0.26000 0.03400 0.50200
v 0.41000 0.03400 0.50200
v 0.41000 0.08600 0.50200
v 0.26000 0.08600 0.50200
f 2285/1 2286/2 2287/3
f 2285/1 2287/3 2288/4
v 0.26000 0.03400 0.50000
v 0.26000 0.03400 0.50200
v 0.26000 0.08600 0.50200
v 0.26000 0.08600 0.50000
f 2289/1 2290/2 2291/3
f 2289/1 2291/3 2292/4
v 0.41000 0.03400 0.50000
v 0.41000 0.08600 0.50000
v 0.41000 0.08600 0.50200
v 0.41000 0.03400 0.50200
f 2293/1 2294/2 2295/3
f 2293/1 2295/3 2296/4
v 0.26000 0.08600 0.50000
v 0.26000 0.08600 0.50200
v 0.41000 0.08600 0.50200
v 0.41000 0.08600 0.50000
f 2297/1 2298/2 2299/3
f 2297/1 2299/3 2300/4
v 0.26000 0.03400 0.50000
v 0.41000 0.03400 0.50000
v 0.41000 0.03400 0.50200
v 0.26000 0.03400 0.50200
f 2301/1 2302/2 2303/3
f 2301/1 2303/3 2304/4
v 0.50000 0.03400 0.26000
v 0.50000 0.08600 0.26000
v 0.50200 0.08600 0.26000
v 0.50200 0.03400 0.26000
f 2305/1 2306/2 2307/3
f 2305/1 2307/3 2308/4
v 0.50000 0.03400 0.41000
v 0.50200 0.03400 0.41000
v 0.50200 0.08600 0.41000
v 0.50000 0.08600 0.41000
f 2309/1 2310/2 2311/3
f 2309/1 2311/3 2312/4
v 0.50000 0.03400 0.26000
v 0.50000 0.03400 0.41000
v 0.50000 0.08600 0.41000
v 0.50000 0.08600 0.26000
f 2313/1 2314/2 2315/3
f 2313/1 2315/3 2316/4
v 0.50200 0.03400 0.26000
v 0.50200 0.08600 0.26000
v 0.50200 0.08600 0.41000
v 0.50200 0.03400 0.41000
f 2317/1 2318/2 2319/3
f 2317/1 2319/3 2320/4
v 0.50000 0.08600 0.26000
v 0.50000 0.08600 0.41000
v 0.50200 0.08600 0.41000
v 0.50200 0.08600 0.26000
f 2321/1 2322/2 2323/3
f 2321/1 2323/3 2324/4
v 0.50000 0.03400 0.26000
v 0.50200 0.03400 0.26000
v 0.50200 0.03400 0.41000
v 0.50000 0.03400 0.41000
f 2325/1 2326/2 2327/3
f 2325/1 2327/3 2328/4
v -0.41500 0.12600 -0.50200
v -0.41500 0.17800 -0.50200
v -0.26500 0.17800 -0.50200
v -0.26500 0.12600 -0.50200
f 2329/1 2330/2 2331/3
f 2329/1 2331/3 2332/4
v -0.41500 0.12600 -0.50000
v -0.26500 0.12600 -0.50000
v -0.26500 0.17800 -0.50000
v -0.41500 0.17800 -0.50000
f 2333/1 2334/2 2335/3
f 2333/1 2335/3 2336/4
v -0.41500 0.12600 -0.50200
v -0.41500 0.12600 -0.50000
v -0.41500 0.17800 -0.50000
v -0.41500 0.17800 -0.50200
f 2337/1 2338/2 2339/3
f 2337/1 2339/3 2340/4
v -0.26500 0.12600 -0.50200
v -0.26500 0.17800 -0.50200
v -0.26500 0.17800 -0.50000
v -0.26500 0.12600 -0.50000
f 2341/1 2342/2 2343/3
f 2341/1 2343/3 2344/4
v -0.41500 0.17800 -0.50200
v -0.41500 0.17800 -0.50000
v -0.26500 0.17800 -0.50000
v -0.26500 0.17800 -0.50200
f 2345/1 2346/2 2347/3
f 2345/1 2347/3 2348/4
v -0.41500 0.12600 -0.50200
v -0.26500 0.12600 -0.50200
v -0.26500 0.12600 -0.50000
v -0.41500 0.12600 -0.50000
f 2349/1 2350/2 2351/3
f 2349/1 2351/3 2352/4
v -0.50200 0.12600 -0.41500
v -0.50200 0.17800 -0.41500
v -0.50000 0.17800 -0.41500
v -0.50000 0.12600 -0.41500
f 2353/1 2354/2 2355/3
f 2353/1 2355/3 2356/4
v -0.50200 0.12600 -0.26500
v -0.50000 0.12600 -0.26500
v -0.50000 0.17800 -0.26500
v -0.50200 0.17800 -0.26500
f 2357/1 2358/2 2359/3
f 2357/1 2359/3 2360/4
v -0.50200 0.12600 -0.41500
v -0.50200 0.12600 -0.26500
v -0.50200 0.17800 -0.26500
v -0.50200 0.17800 -0.41500
f 2361/1 2362/2 2363/3
f 2361/1 2363/3 2364/4
v -0.50000 0.12600 -0.41500
v -0.50000 0.17800 -0.41500
v -0.50000 0.17800 -0.26500
v -0.50000 0.12600 -0.26500
f 2365/1 2366/2 2367/3
f 2365/1 2367/3 2368/4
v -0.50200 0.17800 -0.41500
v -0.50200 0.17800 -0.26500
v -0.50000 0.17800 -0.26500
v -0.50000 0.17800 -0.41500
f 2369/1 2370/2 2371/3
f 2369/1 2371/3 2372/4
v -0.50200 0.12600 -0.41500
v -0.50000 0.12600 -0.41500
v -0.50000 0.12600 -0.26500
v -0.50200 0.12600 -0.26500
f 2373/1 2374/2 2375/3
f 2373/1 2375/3 2376/4
v -0.41500 0.12600 0.50000
v -0.41500 0.17800 0.50000
v -0.26500 0.17800 0.50000
v -0.26500 0.12600 0.50000
f 2377/1 2378/2 2379/3
f 2377/1 2379/3 2380/4
v -0.41500 0.12600 0.50200
v -0.26500 0.12600 0.50200
v -0.26500 0.17800 0.50200
v -0.41500 0.17800 0.50200
f 2381/1 2382/2 2383/3
f 2381/1 2383/3 2384/4
v -0.41500 0.12600 0.50000
v -0.41500 0.12600 0.50200
v -0.41500 0.17800 0.50200
v -0.41500 0.17800 0.50000
f 2385/1 2386/2 2387/3
f 2385/1 2387/3 2388/4
v -0.26500 0.12600 0.50000
v -0.26500 0.17800 0.50000
v -0.26500 0.17800 0.50200
v -0.26500 0.12600 0.50200
f 2389/1 2390/2 2391/3
f 2389/1 2391/3 2392/4
v -0.41500 0.17800 0.50000
v -0.41500 0.17800 0.50200
v -0.26500 0.17800 0.50200
v -0.26500 0.17800 0.50000
f 2393/1 2394/2 2395/3
f 2393/1 2395/3 2396/4
v -0.41500 0.12600 0.50000
v -0.26500 0.12600 0.50000
v -0.26500 0.12600 0.50200
v -0.41500 0.12600 0.50200
f 2397/1 2398/2 2399/3
f 2397/1 2399/3 2400/4
v 0.50000 0.12600 -0.41500
v 0.50000 0.17800 -0.41500
v 0.50200 0.17800 -0.41500
v 0.50200 0.12600 -0.41500
f 2401/1 2402/2 2403/3
f 2401/1 2403/3 2404/4
v 0.50000 0.12600 -0.26500
v 0.50200 0.12600 -0.26500
v 0.50200 0.17800 -0.26500
v 0.50000 0.17800 -0.26500
f 2405/1 2406/2 2407/3
f 2405/1 2407/3 2408/4
v 0.50000 0.12600 -0.41500
v 0.50000 0.12600 -0.26500
v 0.50000 0.17800 -0.26500
v 0.50000 0.17800 -0.41500
f 2409/1 2410/2 2411/3
f 2409/1 2411/3 2412/4
v 0.50200 0.12600 -0.41500
v 0.50200 0.17800 -0.41500
v 0.50200 0.17800 -0.26500
v 0.50200 0.12600 -0.26500
f 2413/1 2414/2 2415/3
f 2413/1 2415/3 2416/4
v 0.50000 0.17800 -0.41500
v 0.50000 0.17800 -0.26500
v 0.50200 0.17800 -0.26500
v 0.50200 0.17800 -0.41500
f 2417/1 2418/2 2419/3
f 2417/1 2419/3 2420/4
v 0.50000 0.12600 -0.41500
v 0.50200 0.12600 -0.41500
v 0.50200 0.12600 -0.26500
v 0.50000 0.12600 -0.26500
f 2421/1 2422/2 2423/3
f 2421/1 2423/3 2424/4
v -0.19000 0.12600 -0.50200
v -0.19000 0.17800 -0.50200
v -0.04000 0.17800 -0.50200
v -0.04000 0.12600 -0.50200
f 2425/1 2426/2 2427/3
f 2425/1 2427/3 2428/4
v -0.19000 0.12600 -0.50000
v -0.04000 0.12600 -0.50000
v -0.04000 0.17800 -0.50000
v -0.19000 0.17800 -0.50000
f 2429/1 2430/2 2431/3
f 2429/1 2431/3 2432/4
v -0.19000 0.12600 -0.50200
v -0.19000 0.12600 -0.50000
v -0.19000 0.17800 -0.50000
v -0.19000 0.17800 -0.50200
f 2433/1 2434/2 2435/3
f 2433/1 2435/3 2436/4
v -0.04000 0.12600 -0.50200
v -0.04000 0.17800 -0.50200
v -0.04000 0.17800 -0.50000
v -0.04000 0.12600 -0.50000
f 2437/1 2438/2 2439/3
f 2437/1 2439/3 2440/4
v -0.19000 0.17800 -0.50200
v -0.19000 0.17800 -0.50000
v -0.04000 0.17800 -0.50000
v -0.04000 0.17800 -0.50200
f 2441/1 2442/2 2443/3
f 2441/1 2443/3 2444/4
v -0.19000 0.12600 -0.50200
v -0.04000 0.12600 -0.50200
v -0.04000 0.12600 -0.50000
v -0.19000 0.12600 -0.50000
f 2445/1 2446/2 2447/3
f 2445/1 2447/3 2448/4
v -0.50200 0.12600 -0.19000
v -0.50200 0.17800 -0.19000
v -0.50000 0.17800 -0.19000
v -0.50000 0.12600 -0.19000
f 2449/1 2450/2 2451/3
f 2449/1 2451/3 2452/4
v -0.50200 0.12600 -0.04000
v -0.50000 0.12600 -0.04000
v -0.50000 0.17800 -0.04000
v -0.50200 0.17800 -0.04000
f 2453/1 2454/2 2455/3
f 2453/1 2455/3 2456/4
v -0.50200 0.12600 -0.19000
v -0.50200 0.12600 -0.04000
v -0.50200 0.17800 -0.04000
v -0.50200 0.17800 -0.19000
f 2457/1 2458/2 2459/3
f 2457/1 2459/3 2460/4
v -0.50000 0.12600 -0.19000
v -0.50000 0.17800 -0.19000
v -0.50000 0.17800 -0.04000
v -0.50000 0.12600 -0.04000
f 2461/1 2462/2 2463/3
f 2461/1 2463/3 2464/4
v -0.50200 0.17800 -0.19000
v -0.50200 0.17800 -0.04000
v -0.50000 0.17800 -0.04000
v -0.50000 0.17800 -0.19000
f 2465/1 2466/2 2467/3
f 2465/1 2467/3 2468/4
v -0.50200 0.12600 -0.19000
v -0.50000 0.12600 -0.19000
v -0.50000 0.12600 -0.04000
v -0.50200 0.12600 -0.04000
f 2469/1 2470/2 2471/3
f 2469/1 2471/3 2472/4
v -0.19000 0.12600 0.50000
v -0.19000 0.17800 0.50000
v -0.04000 0.17800 0.50000
v -0.04000 0.12600 0.50000
f 2473/1 2474/2 2475/3
f 2473/1 2475/3 2476/4
v -0.19000 0.12600 0.50200
v -0.04000 0.12600 0.50200
v -0.04000 0.17800 0.50200
v -0.19000 0.17800 0.50200
f 2477/1 2478/2 2479/3
f 2477/1 2479/3 2480/4
v -0.19000 0.12600 0.50000
v -0.19000 0.12600 0.50200
v -0.19000 0.17800 0.50200
v -0.19000 0.17800 0.50000
f 2481/1 2482/2 2483/3
f 2481/1 2483/3 2484/4
v -0.04000 0.12600 0.50000
v -0.04000 0.17800 0.50000
v -0.04000 0.17800 0.50200
v -0.04000 0.12600 0.50200
f 2485/1 2486/2 2487/3
f 2485/1 2487/3 2488/4
v -0.19000 0.17800 0.50000
v -0.19000 0.17800 0.50200
v -0.04000 0.17800 0.50200
v -0.04000 0.17800 0.50000
f 2489/1 2490/2 2491/3
f 2489/1 2491/3 2492/4
v -0.19000 0.12600 0.50000
v -0.04000 0.12600 0.50000
v -0.04000 0.12600 0.50200
v -0.19000 0.12600 0.50200
f 2493/1 2494/2 2495/3
f 2493/1 2495/3 2496/4
v 0.50000 0.12600 -0.19000
v 0.50000 0.17800 -0.19000
v 0.50200 0.17800 -0.19000
v 0.50200 0.12600 -0.19000
f 2497/1 2498/2 2499/3
f 2497/1 2499/3 2500/4
v 0.50000 0.12600 -0.04000
v 0.50200 0.12600 -0.04000
v 0.50200 0.17800 -0.04000
v 0.50000 0.17800 -0.04000
f 2501/1 2502/2 2503/3
f 2501/1 2503/3 2504/4
v 0.50000 0.12600 -0.19000
v 0.50000 0.12600 -0.04000
v 0.50000 0.17800 -0.04000
v 0.50000 0.17800 -0.19000
f 2505/1 2506/2 2507/3
f 2505/1 2507/3 2508/4
v 0.50200 0.12600 -0.19000
v 0.50200 0.17800 -0.19000
v 0.50200 0.17800 -0.04000
v 0.50200 0.12600 -0.04000
f 2509/1 2510/2 2511/3
f 2509/1 2511/3 2512/4
v 0.50000 0.17800 -0.19000
v 0.50000 0.17800 -0.04000
v 0.50200 0.17800 -0.04000
v 0.50200 0.17800 -0.19000
f 2513/1 2514/2 2515/3
f 2513/1 2515/3 2516/4
v 0.50000 0.12600 -0.19000
v 0.50200 0.12600 -0.19000
v 0.50200 0.12600 -0.04000
v 0.50000 0.12600 -0.04000
f 2517/1 2518/2 2519/3
f 2517/1 2519/3 2520/4
v 0.03500 0.12600 -0.50200
v 0.03500 0.17800 -0.50200
v 0.18500 0.17800 -0.50200
v 0.18500 0.12600 -0.50200
f 2521/1 2522/2 2523/3
f 2521/1 2523/3 2524/4
v 0.03500 0.12600 -0.50000
v 0.18500 0.12600 -0.50000
v 0.18500 0.17800 -0.50000
v 0.03500 0.17800 -0.50000
f 2525/1 2526/2 2527/3
f 2525/1 2527/3 2528/4
v 0.03500 0.12600 -0.50200
v 0.03500 0.12600 -0.50000
v 0.03500 0.17800 -0.50000
v 0.03500 0.17800 -0.50200
f 2529/1 2530/2 2531/3
f 2529/1 2531/3 2532/4
v 0.18500 0.12600 -0.50200
v 0.18500 0.17800 -0.50200
v 0.18500 0.17800 -0.50000
v 0.18500 0.12600 -0.50000
f 2533/1 2534/2 2535/3
f 2533/1 2535/3 2536/4
v 0.03500 0.17800 -0.50200
v 0.03500 0.17800 -0.50000
v 0.18500 0.17800 -0.50000
v 0.18500 0.17800 -0.50200
f 2537/1 2538/2 2539/3
f 2537/1 2539/3 2540/4
v 0.03500 0.12600 -0.50200
v 0.18500 0.12600 -0.50200
v 0.18500 0.12600 -0.50000
v 0.03500 0.12600 -0.50000
f 2541/1 2542/2 2543/3
f 2541/1 2543/3 2544/4
v -0.50200 0.12600 0.03500
v -0.50200 0.17800 0.03500
v -0.50000 0.17800 0.03500
v -0.50000 0.12600 0.03500
f 2545/1 2546/2 2547/3
f 2545/1 2547/3 2548/4
v -0.50200 0.12600 0.18500
v -0.50000 0.12600 0.18500
v -0.50000 0.17800 0.18500
v -0.50200 0.17800 0.18500
f 2549/1 2550/2 2551/3
f 2549/1 2551/3 2552/4
v -0.50200 0.12600 0.03500
v -0.50200 0.12600 0.18500
v -0.50200 0.17800 0.18500
v -0.50200 0.17800 0.03500
f 2553/1 2554/2 2555/3
f 2553/1 2555/3 2556/4
v -0.50000 0.12600 0.03500
v -0.50000 0.17800 0.03500
v -0.50000 0.17800 0.18500
v -0.50000 0.12600 0.18500
f 2557/1 2558/2 2559/3
f 2557/1 2559/3 2560/4
v -0.50200 0.17800 0.03500
v -0.50200 0.17800 0.18500
v -0.50000 0.17800 0.18500
v -0.50000 0.17800 0.03500
f 2561/1 2562/2 2563/3
f 2561/1 2563/3 2564/4
v -0.50200 0.12600 0.03500
v -0.50000 0.12600 0.03500
v -0.50000 0.12600 0.18500
v -0.50200 0.12600 0.18500
f 2565/1 2566/2 2567/3
f 2565/1 2567/3 2568/4
v 0.03500 0.12600 0.50000
v 0.03500 0.17800 0.50000
v 0.18500 0.17800 0.50000
v 0.18500 0.12600 0.50000
f 2569/1 2570/2 2571/3
f 2569/1 2571/3 2572/4
v 0.03500 0.12600 0.50200
v 0.18500 0.12600 0.50200
v 0.18500 0.17800 0.50200
v 0.03500 0.17800 0.50200
f 2573/1 2574/2 2575/3
f 2573/1 2575/3 2576/4
v 0.03500 0.12600 0.50000
v 0.03500 0.12600 0.50200
v 0.03500 0.17800 0.50200
v 0.03500 0.17800 0.50000
f 2577/1 2578/2 2579/3
f 2577/1 2579/3 2580/4
v 0.18500 0.12600 0.50000
v 0.18500 0.17800 0.50000
v 0.18500 0.17800 0.50200
v 0.18500 0.12600 0.50200
f 2581/1 2582/2 2583/3
f 2581/1 2583/3 2584/4
v 0.03500 0.17800 0.50000
v 0.03500 0.17800 0.50200
v 0.18500 0.17800 0.50200
v 0.18500 0.17800 0.50000
f 2585/1 2586/2 2587/3
f 2585/1 2587/3 2588/4
v 0.03500 0.12600 0.50000
v 0.18500 0.12600 0.50000
v 0.18500 0.12600 0.50200
v 0.03500 0.12600 0.50200
f 2589/1 2590/2 2591/3
f 2589/1 2591/3 2592/4
v 0.50000 0.12600 0.03500
v 0.50000 0.17800 0.03500
v 0.50200 0.17800 0.03500
v 0.50200 0.12600 0.03500
f 2593/1 2594/2 2595/3
f 2593/1 2595/3 2596/4
v 0.50000 0.12600 0.18500
v 0.50200 0.12600 0.18500
v 0.50200 0.17800 0.18500
v 0.50000 0.17800 0.18500
f 2597/1 2598/2 2599/3
f 2597/1 2599/3 2600/4
v 0.50000 0.12600 0.03500
v 0.50000 0.12600 0.18500
v 0.50000 0.17800 0.18500
v 0.50000 0.17800 0.03500
f 2601/1 2602/2 2603/3
f 2601/1 2603/3 2604/4
v 0.50200 0.12600 0.03500
v 0.50200 0.17800 0.03500
v 0.50200 0.17800 0.18500
v 0.50200 0.12600 0.18500
f 2605/1 2606/2 2607/3
f 2605/1 2607/3 2608/4
v 0.50000 0.17800 0.03500
v 0.50000 0.17800 0.18500
v 0.50200 0.17800 0.18500
v 0.50200 0.17800 0.03500
f 2609/1 2610/2 2611/3
f 2609/1 2611/3 2612/4
v 0.50000 0.12600 0.03500
v 0.50200 0.12600 0.03500
v 0.50200 0.12600 0.18500
v 0.50000 0.12600 0.18500
f 2613/1 2614/2 2615/3
f 2613/1 2615/3 2616/4
v 0.26000 0.12600 -0.50200
v 0.26000 0.17800 -0.50200
v 0.41000 0.17800 -0.50200
v 0.41000 0.12600 -0.50200
f 2617/1 2618/2 2619/3
f 2617/1 2619/3 2620/4
v 0.26000 0.12600 -0.50000
v 0.41000 0.12600 -0.50000
v 0.41000 0.17800 -0.50000
v 0.26000 0.17800 -0.50000
f 2621/1 2622/2 2623/3
f 2621/1 2623/3 2624/4
v 0.26000 0.12600 -0.50200
v 0.26000 0.12600 -0.50000
v 0.26000 0.17800 -0.50000
v 0.26000 0.17800 -0.50200
f 2625/1 2626/2 2627/3
f 2625/1 2627/3 2628/4
v 0.41000 0.12600 -0.50200
v 0.41000 0.17800 -0.50200
v 0.41000 0.17800 -0.50000
v 0.41000 0.12600 -0.50000
f 2629/1 2630/2 2631/3
f 2629/1 2631/3 2632/4
v 0.26000 0.17800 -0.50200
v 0.26000 0.17800 -0.50000
v 0.41000 0.17800 -0.50000
v 0.41000 0.17800 -0.50200
f 2633/1 2634/2 2635/3
f 2633/1 2635/3 2636/4
v 0.26000 0.12600 -0.50200
v 0.41000 0.12600 -0.50200
v 0.41000 0.12600 -0.50000
v 0.26000 0.12600 -0.50000
f 2637/1 2638/2 2639/3
f 2637/1 2639/3 2640/4
v -0.50200 0.12600 0.26000
v -0.50200 0.17800 0.26000
v -0.50000 0.17800 0.26000
v -0.50000 0.12600 0.26000
f 2641/1 2642/2 2643/3
f 2641/1 2643/3 2644/4
v -0.50200 0.12600 0.41000
v -0.50000 0.12600 0.41000
v -0.50000 0.17800 0.41000
v -0.50200 0.17800 0.41000
f 2645/1 2646/2 2647/3
f 2645/1 2647/3 2648/4
v -0.50200 0.12600 0.26000
v -0.50200 0.12600 0.41000
v -0.50200 0.17800 0.41000
v -0.50200 0.17800 0.26000
f 2649/1 2650/2 2651/3
f 2649/1 2651/3 2652/4
v -0.50000 0.12600 0.26000
v -0.50000 0.17800 0.26000
v -0.50000 0.17800 0.41000
v -0.50000 0.12600 0.41000
f 2653/1 2654/2 2655/3
f 2653/1 2655/3 2656/4
v -0.50200 0.17800 0.26000
v -0.50200 0.17800 0.41000
v -0.50000 0.17800 0.41000
v -0.50000 0.17800 0.26000
f 2657/1 2658/2 2659/3
f 2657/1 2659/3 2660/4
v -0.50200 0.12600 0.26000
v -0.50000 0.12600 0.26000
v -0.50000 0.12600 0.41000
v -0.50200 0.12600 0.41000
f 2661/1 2662/2 2663/3
f 2661/1 2663/3 2664/4
v 0.26000 0.12600 0.50000
v 0.26000 0.17800 0.50000
v 0.41000 0.17800 0.50000
v 0.41000 0.12600 0.50000
f 2665/1 2666/2 2667/3
f 2665/1 2667/3 2668/4
v 0.26000 0.12600 0.50200
v 0.41000 0.12600 0.50200
v 0.41000 0.17800 0.50200
v 0.26000 0.17800 0.50200
f 2669/1 2670/2 2671/3
f 2669/1 2671/3 2672/4
v 0.26000 0.12600 0.50000
v 0.26000 0.12600 0.50200
v 0.26000 0.17800 0.50200
v 0.26000 0.17800 0.50000
f 2673/1 2674/2 2675/3
f 2673/1 2675/3 2676/4
v 0.41000 0.12600 0.50000
v 0.41000 0.17800 0.50000
v 0.41000 0.17800 0.50200
v 0.41000 0.12600 0.50200
f 2677/1 2678/2 2679/3
f 2677/1 2679/3 2680/4
v 0.26000 0.17800 0.50000
v 0.26000 0.17800 0.50200
v 0.41000 0.17800 0.50200
v 0.41000 0.17800 0.50000
f 2681/1 2682/2 2683/3
f 2681/1 2683/3 2684/4
v 0.26000 0.12600 0.50000
v 0.41000 0.12600 0.50000
v 0.41000 0.12600 0.50200
v 0.26000 0.12600 0.50200
f 2685/1 2686/2 2687/3
f 2685/1 2687/3 2688/4
v 0.50000 0.12600 0.26000
v 0.50000 0.17800 0.26000
v 0.50200 0.17800 0.26000
v 0.50200 0.12600 0.26000
f 2689/1 2690/2 2691/3
f 2689/1 2691/3 2692/4
v 0.50000 0.12600 0.41000
v 0.50200 0.12600 0.41000
v 0.50200 0.17800 0.41000
v 0.50000 0.17800 0.41000
f 2693/1 2694/2 2695/3
f 2693/1 2695/3 2696/4
v 0.50000 0.12600 0.26000
v 0.50000 0.12600 0.41000
v 0.50000 0.17800 0.41000
v 0.50000 0.17800 0.26000
f 2697/1 2698/2 2699/3
f 2697/1 2699/3 2700/4
v 0.50200 0.12600 0.26000
v 0.50200 0.17800 0.26000
v 0.50200 0.17800 0.41000
v 0.50200 0.12600 0.41000
f 2701/1 2702/2 2703/3
f 2701/1 2703/3 2704/4
v 0.50000 0.17800 0.26000
v 0.50000 0.17800 0.41000
v 0.50200 0.17800 0.41000
v 0.50200 0.17800 0.26000
f 2705/1 2706/2 2707/3
f 2705/1 2707/3 2708/4
v 0.50000 0.12600 0.26000
v 0.50200 0.12600 0.26000
v 0.50200 0.12600 0.41000
v 0.50000 0.12600 0.41000
f 2709/1 2710/2 2711/3
f 2709/1 2711/3 2712/4
v -0.41500 0.21800 -0.50200
v -0.41500 0.27000 -0.50200
v -0.26500 0.27000 -0.50200
v -0.26500 0.21800 -0.50200
f 2713/1 2714/2 2715/3
f 2713/1 2715/3 2716/4
v -0.41500 0.21800 -0.50000
v -0.26500 0.21800 -0.50000
v -0.26500 0.27000 -0.50000
v -0.41500 0.27000 -0.50000
f 2717/1 2718/2 2719/3
f 2717/1 2719/3 2720/4
v -0.41500 0.21800 -0.50200
v -0.41500 0.21800 -0.50000
v -0.41500 0.27000 -0.50000
v -0.41500 0.27000 -0.50200
f 2721/1 2722/2 2723/3
f 2721/1 2723/3 2724/4
v -0.26500 0.21800 -0.50200
v -0.26500 0.27000 -0.50200
v -0.26500 0.27000 -0.50000
v -0.26500 0.21800 -0.50000
f 2725/1 2726/2 2727/3
f 2725/1 2727/3 2728/4
v -0.41500 0.27000 -0.50200
v -0.41500 0.27000 -0.50000
v -0.26500 0.27000 -0.50000
v -0.26500 0.27000 -0.50200
f 2729/1 2730/2 2731/3
f 2729/1 2731/3 2732/4
v -0.41500 0.21800 -0.50200
v -0.26500 0.21800 -0.50200
v -0.26500 0.21800 -0.50000
v -0.41500 0.21800 -0.50000
f 2733/1 2734/2 2735/3
f 2733/1 2735/3 2736/4
v -0.50200 0.21800 -0.41500
v -0.50200 0.27000 -0.41500
v -0.50000 0.27000 -0.41500
v -0.50000 0.21800 -0.41500
f 2737/1 2738/2 2739/3
f 2737/1 2739/3 2740/4
v -0.50200 0.21800 -0.26500
v -0.50000 0.21800 -0.26500
v -0.50000 0.27000 -0.26500
v -0.50200 0.27000 -0.26500
f 2741/1 2742/2 2743/3
f 2741/1 2743/3 2744/4
v -0.50200 0.21800 -0.41500
v -0.50200 0.21800 -0.26500
v -0.50200 0.27000 -0.26500
v -0.50200 0.27000 -0.41500
f 2745/1 2746/2 2747/3
f 2745/1 2747/3 2748/4
v -0.50000 0.21800 -0.41500
v -0.50000 0.27000 -0.41500
v -0.50000 0.27000 -0.26500
v -0.50000 0.21800 -0.26500
f 2749/1 2750/2 2751/3
f 2749/1 2751/3 2752/4
v -0.50200 0.27000 -0.41500
v -0.50200 0.27000 -0.26500
v -0.50000 0.27000 -0.26500
v -0.50000 0.27000 -0.41500
f 2753/1 2754/2 2755/3
f 2753/1 2755/3 2756/4
v -0.50200 0.21800 -0.41500
v -0.50000 0.21800 -0.41500
v -0.50000 0.21800 -0.26500
v -0.50200 0.21800 -0.26500
f 2757/1 2758/2 2759/3
f 2757/1 2759/3 2760/4
v -0.41500 0.21800 0.50000
v -0.41500 0.27000 0.50000
v -0.26500 0.27000 0.50000
v -0.26500 0.21800 0.50000
f 2761/1 2762/2 2763/3
f 2761/1 2763/3 2764/4
v -0.41500 0.21800 0.50200
v -0.26500 0.21800 0.50200
v -0.26500 0.27000 0.50200
v -0.41500 0.27000 0.50200
f 2765/1 2766/2 2767/3
f 2765/1 2767/3 2768/4
v -0.41500 0.21800 0.50000
v -0.41500 0.21800 0.50200
v -0.41500 0.27000 0.50200
v -0.41500 0.27000 0.50000
f 2769/1 2770/2 2771/3
f 2769/1 2771/3 2772/4
v -0.26500 0.21800 0.50000
v -0.26500 0.27000 0.50000
v -0.26500 0.27000 0.50200
v -0.26500 0.21800 0.50200
f 2773/1 2774/2 2775/3
f 2773/1 2775/3 2776/4
v -0.41500 0.27000 0.50000
v -0.41500 0.27000 0.50200
v -0.26500 0.27000 0.50200
v -0.26500 0.27000 0.50000
f 2777/1 2778/2 2779/3
f 2777/1 2779/3 2780/4
v -0.41500 0.21800 0.50000
v -0.26500 0.21800 0.50000
v -0.26500 0.21800 0.50200
v -0.41500 0.21800 0.50200
f 2781/1 2782/2 2783/3
f 2781/1 2783/3 2784/4
v 0.50000 0.21800 -0.41500
v 0.50000 0.27000 -0.41500
v 0.50200 0.27000 -0.41500
v 0.50200 0.21800 -0.41500
f 2785/1 2786/2 2787/3
f 2785/1 2787/3 2788/4
v 0.50000 0.21800 -0.26500
v 0.50200 0.21800 -0.26500
v 0.50200 0.27000 -0.26500
v 0.50000 0.27000 -0.26500
f 2789/1 2790/2 2791/3
f 2789/1 2791/3 2792/4
v 0.50000 0.21800 -0.41500
v 0.50000 0.21800 -0.26500
v 0.50000 0.27000 -0.26500
v 0.50000 0.27000 -0.41500
f 2793/1 2794/2 2795/3
f 2793/1 2795/3 2796/4
v 0.50200 0.21800 -0.41500
v 0.50200 0.27000 -0.41500
v 0.50200 0.27000 -0.26500
v 0.50200 0.21800 -0.26500
f 2797/1 2798/2 2799/3
f 2797/1 2799/3 2800/4
v 0.50000 0.27000 -0.41500
v 0.50000 0.27000 -0.26500
v 0.50200 0.27000 -0.26500
v 0.50200 0.27000 -0.41500
f 2801/1 2802/2 2803/3
f 2801/1 2803/3 2804/4
v 0.50000 0.21800 -0.41500
v 0.50200 0.21800 -0.41500
v 0.50200 0.21800 -0.26500
v 0.50000 0.21800 -0.26500
f 2805/1 2806/2 2807/3
f 2805/1 2807/3 2808/4
v -0.19000 0.21800 -0.50200
v -0.19000 0.27000 -0.50200
v -0.04000 0.27000 -0.50200
v -0.04000 0.21800 -0.50200
f 2809/1 2810/2 2811/3
f 2809/1 2811/3 2812/4
v -0.19000 0.21800 -0.50000
v -0.04000 0.21800 -0.50000
v -0.04000 0.27000 -0.50000
v -0.19000 0.27000 -0.50000
f 2813/1 2814/2 2815/3
f 2813/1 2815/3 2816/4
v -0.19000 0.21800 -0.50200
v -0.19000 0.21800 -0.50000
v -0.19000 0.27000 -0.50000
v -0.19000 0.27000 -0.50200
f 2817/1 2818/2 2819/3
f 2817/1 2819/3 2820/4
v -0.04000 0.21800 -0.50200
v -0.04000 0.27000 -0.50200
v -0.04000 0.27000 -0.50000
v -0.04000 0.21800 -0.50000
f 2821/1 2822/2 2823/3
f 2821/1 2823/3 2824/4
v -0.19000 0.27000 -0.50200
v -0.19000 0.27000 -0.50000
v -0.04000 0.27000 -0.50000
v -0.04000 0.27000 -0.50200
f 2825/1 2826/2 2827/3
f 2825/1 2827/3 2828/4
v -0.19000 0.21800 -0.50200
v -0.04000 0.21800 -0.50200
v -0.04000 0.21800 -0.50000
v -0.19000 0.21800 -0.50000
f 2829/1 2830/2 2831/3
f 2829/1 2831/3 2832/4
v -0.50200 0.21800 -0.19000
v -0.50200 0.27000 -0.19000
v -0.50000 0.27000 -0.19000
v -0.50000 0.21800 -0.19000
f 2833/1 2834/2 2835/3
f 2833/1 2835/3 2836/4
v -0.50200 0.21800 -0.04000
v -0.50000 0.21800 -0.04000
v -0.50000 0.27000 -0.04000
v -0.50200 0.27000 -0.04000
f 2837/1 2838/2 2839/3
f 2837/1 2839/3 2840/4
v -0.50200 0.21800 -0.19000
v -0.50200 0.21800 -0.04000
v -0.50200 0.27000 -0.04000
v -0.50200 0.27000 -0.19000
f 2841/1 2842/2 2843/3
f 2841/1 2843/3 2844/4
v -0.50000 0.21800 -0.19000
v -0.50000 0.27000 -0.19000
v -0.50000 0.27000 -0.04000
v -0.50000 0.21800 -0.04000
f 2845/1 2846/2 2847/3
f 2845/1 2847/3 2848/4
v -0.50200 0.27000 -0.19000
v -0.50200 0.27000 -0.04000
v -0.50000 0.27000 -0.04000
v -0.50000 0.27000 -0.19000
f 2849/1 2850/2 2851/3
f 2849/1 2851/3 2852/4
v -0.50200 0.21800 -0.19000
v -0.50000 0.21800 -0.19000
v -0.50000 0.21800 -0.04000
v -0.50200 0.21800 -0.04000
f 2853/1 2854/2 2855/3
f 2853/1 2855/3 2856/4
v -0.19000 0.21800 0.50000
v -0.19000 0.27000 0.50000
v -0.04000 0.27000 0.50000
v -0.04000 0.21800 0.50000
f 2857/1 2858/2 2859/3
f 2857/1 2859/3 2860/4
v -0.19000 0.21800 0.50200
v -0.04000 0.21800 0.50200
v -0.04000 0.27000 0.50200
v -0.19000 0.27000 0.50200
f 2861/1 2862/2 2863/3
f 2861/1 2863/3 2864/4
v -0.19000 0.21800 0.50000
v -0.19000 0.21800 0.50200
v -0.19000 0.27000 0.50200
v -0.19000 0.27000 0.50000
f 2865/1 2866/2 2867/3
f 2865/1 2867/3 2868/4
v -0.04000 0.21800 0.50000
v -0.04000 0.27000 0.50000
v -0.04000 0.27000 0.50200
v -0.04000 0.21800 0.50200
f 2869/1 2870/2 2871/3
f 2869/1 2871/3 2872/4
v -0.19000 0.27000 0.50000
v -0.19000 0.27000 0.50200
v -0.04000 0.27000 0.50200
v -0.04000 0.27000 0.50000
f 2873/1 2874/2 2875/3
f 2873/1 2875/3 2876/4
v -0.19000 0.21800 0.50000
v -0.04000 0.21800 0.50000
v -0.04000 0.21800 0.50200
v -0.19000 0.21800 0.50200
f 2877/1 2878/2 2879/3
f 2877/1 2879/3 2880/4
v 0.50000 0.21800 -0.19000
v 0.50000 0.27000 -0.19000
v 0.50200 0.27000 -0.19000
v 0.50200 0.21800 -0.19000
f 2881/1 2882/2 2883/3
f 2881/1 2883/3 2884/4
v 0.50000 0.21800 -0.04000
v 0.50200 0.21800 -0.04000
v 0.50200 0.27000 -0.04000
v 0.50000 0.27000 -0.04000
f 2885/1 2886/2 2887/3
f 2885/1 2887/3 2888/4
v 0.50000 0.21800 -0.19000
v 0.50000 0.21800 -0.04000
v 0.50000 0.27000 -0.04000
v 0.50000 0.27000 -0.19000
f 2889/1 2890/2 2891/3
f 2889/1 2891/3 2892/4
v 0.50200 0.21800 -0.19000
v 0.50200 0.27000 -0.19000
v 0.50200 0.27000 -0.04000
v 0.50200 0.21800 -0.04000
f 2893/1 2894/2 2895/3
f 2893/1 2895/3 2896/4
v 0.50000 0.27000 -0.19000
v 0.50000 0.27000 -0.04000
v 0.50200 0.27000 -0.04000
v 0.50200 0.27000 -0.19000
f 2897/1 2898/2 2899/3
f 2897/1 2899/3 2900/4
v 0.50000 0.21800 -0.19000
v 0.50200 0.21800 -0.19000
v 0.50200 0.21800 -0.04000
v 0.50000 0.21800 -0.04000
f 2901/1 2902/2 2903/3
f 2901/1 2903/3 2904/4
v 0.03500 0.21800 -0.50200
v 0.03500 0.27000 -0.50200
v 0.18500 0.27000 -0.50200
v 0.18500 0.21800 -0.50200
f 2905/1 2906/2 2907/3
f 2905/1 2907/3 2908/4
v 0.03500 0.21800 -0.50000
v 0.18500 0.21800 -0.50000
v 0.18500 0.27000 -0.50000
v 0.03500 0.27000 -0.50000
f 2909/1 2910/2 2911/3
f 2909/1 2911/3 2912/4
v 0.03500 0.21800 -0.50200
v 0.03500 0.21800 -0.50000
v 0.03500 0.27000 -0.50000
v 0.03500 0.27000 -0.50200
f 2913/1 2914/2 2915/3
f 2913/1 2915/3 2916/4
v 0.18500 0.21800 -0.50200
v 0.18500 0.27000 -0.50200
v 0.18500 0.27000 -0.50000
v 0.18500 0.21800 -0.50000
f 2917/1 2918/2 2919/3
f 2917/1 2919/3 2920/4
v 0.03500 0.27000 -0.50200
v 0.03500 0.27000 -0.50000
v 0.18500 0.27000 -0.50000
v 0.18500 0.27000 -0.50200
f 2921/1 2922/2 2923/3
f 2921/1 2923/3 2924/4
v 0.03500 0.21800 -0.50200
v 0.18500 0.21800 -0.50200
v 0.18500 0.21800 -0.50000
v 0.03500 0.21800 -0.50000
f 2925/1 2926/2 2927/3
f 2925/1 2927/3 2928/4
v -0.50200 0.21800 0.03500
v -0.50200 0.27000 0.03500
v -0.50000 0.27000 0.03500
v -0.50000 0.21800 0.03500
f 2929/1 2930/2 2931/3
f 2929/1 2931/3 2932/4
v -0.50200 0.21800 0.18500
v -0.50000 0.21800 0.18500
v -0.50000 0.27000 0.18500
v -0.50200 0.27000 0.18500
f 2933/1 2934/2 2935/3
f 2933/1 2935/3 2936/4
v -0.50200 0.21800 0.03500
v -0.50200 0.21800 0.18500
v -0.50200 0.27000 0.18500
v -0.50200 0.27000 0.03500
f 2937/1 2938/2 2939/3
f 2937/1 2939/3 2940/4
v -0.50000 0.21800 0.03500
v -0.50000 0.27000 0.03500
v -0.50000 0.27000 0.18500
v -0.50000 0.21800 0.18500
f 2941/1 2942/2 2943/3
f 2941/1 2943/3 2944/4
v -0.50200 0.27000 0.03500
v -0.50200 0.27000 0.18500
v -0.50000 0.27000 0.18500
v -0.50000 0.27000 0.03500
f 2945/1 2946/2 2947/3
f 2945/1 2947/3 2948/4
v -0.50200 0.21800 0.03500
v -0.50000 0.21800 0.03500
v -0.50000 0.21800 0.18500
v -0.50200 0.21800 0.18500
f 2949/1 2950/2 2951/3
f 2949/1 2951/3 2952/4
v 0.03500 0.21800 0.50000
v 0.03500 0.27000 0.50000
v 0.18500 0.27000 0.50000
v 0.18500 0.21800 0.50000
f 2953/1 2954/2 2955/3
f 2953/1 2955/3 2956/4
v 0.03500 0.21800 0.50200
v 0.18500 0.21800 0.50200
v 0.18500 0.27000 0.50200
v 0.03500 0.27000 0.50200
f 2957/1 2958/2 2959/3
f 2957/1 2959/3 2960/4
v 0.03500 0.21800 0.50000
v 0.03500 0.21800 0.50200
v 0.03500 0.27000 0.50200
v 0.03500 0.27000 0.50000
f 2961/1 2962/2 2963/3
f 2961/1 2963/3 2964/4
v 0.18500 0.21800 0.50000
v 0.18500 0.27000 0.50000
v 0.18500 0.27000 0.50200
v 0.18500 0.21800 0.50200
f 2965/1 2966/2 2967/3
f 2965/1 2967/3 2968/4
v 0.03500 0.27000 0.50000
v 0.03500 0.27000 0.50200
v 0.18500 0.27000 0.50200
v 0.18500 0.27000 0.50000
f 2969/1 2970/2 2971/3
f 2969/1 2971/3 2972/4
v 0.03500 0.21800 0.50000
v 0.18500 0.21800 0.50000
v 0.18500 0.21800 0.50200
v 0.03500 0.21800 0.50200
f 2973/1 2974/2 2975/3
f 2973/1 2975/3 2976/4
v 0.50000 0.21800 0.03500
v 0.50000 0.27000 0.03500
v 0.50200 0.27000 0.03500
v 0.50200 0.21800 0.03500
f 2977/1 2978/2 2979/3
f 2977/1 2979/3 2980/4
v 0.50000 0.21800 0.18500
v 0.50200 0.21800 0.18500
v 0.50200 0.27000 0.18500
v 0.50000 0.27000 0.18500
f 2981/1 2982/2 2983/3
f 2981/1 2983/3 2984/4
v 0.50000 0.21800 0.03500
v 0.50000 0.21800 0.18500
v 0.50000 0.27000 0.18500
v 0.50000 0.27000 0.03500
f 2985/1 2986/2 2987/3
f 2985/1 2987/3 2988/4
v 0.50200 0.21800 0.03500
v 0.50200 0.27000 0.03500
v 0.50200 0.27000 0.18500
v 0.50200 0.21800 0.18500
f 2989/1 2990/2 2991/3
f 2989/1 2991/3 2992/4
v 0.50000 0.27000 0.03500
v 0.50000 0.27000 0.18500
v 0.50200 0.27000 0.18500
v 0.50200 0.27000 0.03500
f 2993/1 2994/2 2995/3
f 2993/1 2995/3 2996/4
v 0.50000 0.21800 0.03500
v 0.50200 0.21800 0.03500
v 0.50200 0.21800 0.18500
v 0.50000 0.21800 0.18500
f 2997/1 2998/2 2999/3
f 2997/1 2999/3 3000/4
v 0.26000 0.21800 -0.50200
v 0.26000 0.27000 -0.50200
v 0.41000 0.27000 -0.50200
v 0.41000 0.21800 -0.50200
f 3001/1 3002/2 3003/3
f 3001/1 3003/3 3004/4
v 0.26000 0.21800 -0.50000
v 0.41000 0.21800 -0.50000
v 0.41000 0.27000 -0.50000
v 0.26000 0.27000 -0.50000
f 3005/1 3006/2 3007/3
f 3005/1 3007/3 3008/4
v 0.26000 0.21800 -0.50200
v 0.26000 0.21800 -0.50000
v 0.26000 0.27000 -0.50000
v 0.26000 0.27000 -0.50200
f 3009/1 3010/2 3011/3
f 3009/1 3011/3 3012/4
v 0.41000 0.21800 -0.50200
v 0.41000 0.27000 -0.50200
v 0.41000 0.27000 -0.50000
v 0.41000 0.21800 -0.50000
f 3013/1 3014/2 3015/3
f 3013/1 3015/3 3016/4
v 0.26000 0.27000 -0.50200
v 0.26000 0.27000 -0.50000
v 0.41000 0.27000 -0.50000
v 0.41000 0.27000 -0.50200
f 3017/1 3018/2 3019/3
f 3017/1 3019/3 3020/4
v 0.26000 0.21800 -0.50200
v 0.41000 0.21800 -0.50200
v 0.41000 0.21800 -0.50000
v 0.26000 0.21800 -0.50000
f 3021/1 3022/2 3023/3
f 3021/1 3023/3 3024/4
v -0.50200 0.21800 0.26000
v -0.50200 0.27000 0.26000
v -0.50000 0.27000 0.26000
v -0.50000 0.21800 0.26000
f 3025/1 3026/2 3027/3
f 3025/1 3027/3 3028/4
v -0.50200 0.21800 0.41000
v -0.50000 0.21800 0.41000
v -0.50000 0.27000 0.41000
v -0.50200 0.27000 0.41000
f 3029/1 3030/2 3031/3
f 3029/1 3031/3 3032/4
v -0.50200 0.21800 0.26000
v -0.50200 0.21800 0.41000
v -0.50200 0.27000 0.41000
v -0.50200 0.27000 0.26000
f 3033/1 3034/2 3035/3
f 3033/1 3035/3 3036/4
v -0.50000 0.21800 0.26000
v -0.50000 0.27000 0.26000
v -0.50000 0.27000 0.41000
v -0.50000 0.21800 0.41000
f 3037/1 3038/2 3039/3
f 3037/1 3039/3 3040/4
v -0.50200 0.27000 0.26000
v -0.50200 0.27000 0.41000
v -0.50000 0.27000 0.41000
v -0.50000 0.27000 0.26000
f 3041/1 3042/2 3043/3
f 3041/1 3043/3 3044/4
v -0.50200 0.21800 0.26000
v -0.50000 0.21800 0.26000
v -0.50000 0.21800 0.41000
v -0.50200 0.21800 0.41000
f 3045/1 3046/2 3047/3
f 3045/1 3047/3 3048/4
v 0.26000 0.21800 0.50000
v 0.26000 0.27000 0.50000
v 0.41000 0.27000 0.50000
v 0.41000 0.21800 0.50000
f 3049/1 3050/2 3051/3
f 3049/1 3051/3 3052/4
v 0.26000 0.21800 0.50200
v 0.41000 0.21800 0.50200
v 0.41000 0.27000 0.50200
v 0.26000 0.27000 0.50200
f 3053/1 3054/2 3055/3
f 3053/1 3055/3 3056/4
v 0.26000 0.21800 0.50000
v 0.26000 0.21800 0.50200
v 0.26000 0.27000 0.50200
v 0.26000 0.27000 0.50000
f 3057/1 3058/2 3059/3
f 3057/1 3059/3 3060/4
v 0.41000 0.21800 0.50000
v 0.41000 0.27000 0.50000
v 0.41000 0.27000 0.50200
v 0.41000 0.21800 0.50200
f 3061/1 3062/2 3063/3
f 3061/1 3063/3 3064/4
v 0.26000 0.27000 0.50000
v 0.26000 0.27000 0.50200
v 0.41000 0.27000 0.50200
v 0.41000 0.27000 0.50000
f 3065/1 3066/2 3067/3
f 3065/1 3067/3 3068/4
v 0.26000 0.21800 0.50000
v 0.41000 0.21800 0.50000
v 0.41000 0.21800 0.50200
v 0.26000 0.21800 0.50200
f 3069/1 3070/2 3071/3
f 3069/1 3071/3 3072/4
v 0.50000 0.21800 0.26000
v 0.50000 0.27000 0.26000
v 0.50200 0.27000 0.26000
v 0.50200 0.21800 0.26000
f 3073/1 3074/2 3075/3
f 3073/1 3075/3 3076/4
v 0.50000 0.21800 0.41000
v 0.50200 0.21800 0.41000
v 0.50200 0.27000 0.41000
v 0.50000 0.27000 0.41000
f 3077/1 3078/2 3079/3
f 3077/1 3079/3 3080/4
v 0.50000 0.21800 0.26000
v 0.50000 0.21800 0.41000
v 0.50000 0.27000 0.41000
v 0.50000 0.27000 0.26000
f 3081/1 3082/2 3083/3
f 3081/1 3083/3 3084/4
v 0.50200 0.21800 0.26000
v 0.50200 0.27000 0.26000
v 0.50200 0.27000 0.41000
v 0.50200 0.21800 0.41000
f 3085/1 3086/2 3087/3
f 3085/1 3087/3 3088/4
v 0.50000 0.27000 0.26000
v 0.50000 0.27000 0.41000
v 0.50200 0.27000 0.41000
v 0.50200 0.27000 0.26000
f 3089/1 3090/2 3091/3
f 3089/1 3091/3 3092/4
v 0.50000 0.21800 0.26000
v 0.50200 0.21800 0.26000
v 0.50200 0.21800 0.41000
v 0.50000 0.21800 0.41000
f 3093/1 3094/2 3095/3
f 3093/1 3095/3 3096/4
v -0.41500 0.31000 -0.50200
v -0.41500 0.36200 -0.50200
v -0.26500 0.36200 -0.50200
v -0.26500 0.31000 -0.50200
f 3097/1 3098/2 3099/3
f 3097/1 3099/3 3100/4
v -0.41500 0.31000 -0.50000
v -0.26500 0.31000 -0.50000
v -0.26500 0.36200 -0.50000
v -0.41500 0.36200 -0.50000
f 3101/1 3102/2 3103/3
f 3101/1 3103/3 3104/4
v -0.41500 0.31000 -0.50200
v -0.41500 0.31000 -0.50000
v -0.41500 0.36200 -0.50000
v -0.41500 0.36200 -0.50200
f 3105/1 3106/2 3107/3
f 3105/1 3107/3 3108/4
v -0.26500 0.31000 -0.50200
v -0.26500 0.36200 -0.50200
v -0.26500 0.36200 -0.50000
v -0.26500 0.31000 -0.50000
f 3109/1 3110/2 3111/3
f 3109/1 3111/3 3112/4
v -0.41500 0.36200 -0.50200
v -0.41500 0.36200 -0.50000
v -0.26500 0.36200 -0.50000
v -0.26500 0.36200 -0.50200
f 3113/1 3114/2 3115/3
f 3113/1 3115/3 3116/4
v -0.41500 0.31000 -0.50200
v -0.26500 0.31000 -0.50200
v -0.26500 0.31000 -0.50000
v -0.41500 0.31000 -0.50000
f 3117/1 3118/2 3119/3
f 3117/1 3119/3 3120/4
v -0.50200 0.31000 -0.41500
v -0.50200 0.36200 -0.41500
v -0.50000 0.36200 -0.41500
v -0.50000 0.31000 -0.41500
f 3121/1 3122/2 3123/3
f 3121/1 3123/3 3124/4
v -0.50200 0.31000 -0.26500
v -0.50000 0.31000 -0.26500
v -0.50000 0.36200 -0.26500
v -0.50200 0.36200 -0.26500
f 3125/1 3126/2 3127/3
f 3125/1 3127/3 3128/4
v -0.50200 0.31000 -0.41500
v -0.50200 0.31000 -0.26500
v -0.50200 0.36200 -0.26500
v -0.50200 0.36200 -0.41500
f 3129/1 3130/2 3131/3
f 3129/1 3131/3 3132/4
v -0.50000 0.31000 -0.41500
v -0.50000 0.36200 -0.41500
v -0.50000 0.36200 -0.26500
v -0.50000 0.31000 -0.26500
f 3133/1 3134/2 3135/3
f 3133/1 3135/3 3136/4
v -0.50200 0.36200 -0.41500
v -0.50200 0.36200 -0.26500
v -0.50000 0.36200 -0.26500
v -0.50000 0.36200 -0.41500
f 3137/1 3138/2 3139/3
f 3137/1 3139/3 3140/4
v -0.50200 0.31000 -0.41500
v -0.50000 0.31000 -0.41500
v -0.50000 0.31000 -0.26500
v -0.50200 0.31000 -0.26500
f 3141/1 3142/2 3143/3
f 3141/1 3143/3 3144/4
v -0.41500 0.31000 0.50000
v -0.41500 0.36200 0.50000
v -0.26500 0.36200 0.50000
v -0.26500 0.31000 0.50000
f 3145/1 3146/2 3147/3
f 3145/1 3147/3 3148/4
v -0.41500 0.31000 0.50200
v -0.26500 0.31000 0.50200
v -0.26500 0.36200 0.50200
v -0.41500 0.36200 0.50200
f 3149/1 3150/2 3151/3
f 3149/1 3151/3 3152/4
v -0.41500 0.31000 0.50000
v -0.41500 0.31000 0.50200
v -0.41500 0.36200 0.50200
v -0.41500 0.36200 0.50000
f 3153/1 3154/2 3155/3
f 3153/1 3155/3 3156/4
v -0.26500 0.31000 0.50000
v -0.26500 0.36200 0.50000
v -0.26500 0.36200 0.50200
v -0.26500 0.31000 0.50200
f 3157/1 3158/2 3159/3
f 3157/1 3159/3 3160/4
v -0.41500 0.36200 0.50000
v -0.41500 0.36200 0.50200
v -0.26500 0.36200 0.50200
v -0.26500 0.36200 0.50000
f 3161/1 3162/2 3163/3
f 3161/1 3163/3 3164/4
v -0.41500 0.31000 0.50000
v -0.26500 0.31000 0.50000
v -0.26500 0.31000 0.50200
v -0.41500 0.31000 0.50200
f 3165/1 3166/2 3167/3
f 3165/1 3167/3 3168/4
v 0.50000 0.31000 -0.41500
v 0.50000 0.36200 -0.41500
v 0.50200 0.36200 -0.41500
v 0.50200 0.31000 -0.41500
f 3169/1 3170/2 3171/3
f 3169/1 3171/3 3172/4
v 0.50000 0.31000 -0.26500
v 0.50200 0.31000 -0.26500
v 0.50200 0.36200 -0.26500
v 0.50000 0.36200 -0.26500
f 3173/1 3174/2 3175/3
f 3173/1 3175/3 3176/4
v 0.50000 0.31000 -0.41500
v 0.50000 0.31000 -0.26500
v 0.50000 0.36200 -0.26500
v 0.50000 0.36200 -0.41500
f 3177/1 3178/2 3179/3
f 3177/1 3179/3 3180/4
v 0.50200 0.31000 -0.41500
v 0.50200 0.36200 -0.41500
v 0.50200 0.36200 -0.26500
v 0.50200 0.31000 -0.26500
f 3181/1 3182/2 3183/3
f 3181/1 3183/3 3184/4
v 0.50000 0.36200 -0.41500
v 0.50000 0.36200 -0.26500
v 0.50200 0.36200 -0.26500
v 0.50200 0.36200 -0.41500
f 3185/1 3186/2 3187/3
f 3185/1 3187/3 3188/4
v 0.50000 0.31000 -0.41500
v 0.50200 0.31000 -0.41500
v 0.50200 0.31000 -0.26500
v 0.50000 0.31000 -0.26500
f 3189/1 3190/2 3191/3
f 3189/1 3191/3 3192/4
v -0.19000 0.31000 -0.50200
v -0.19000 0.36200 -0.50200
v -0.04000 0.36200 -0.50200
v -0.04000 0.31000 -0.50200
f 3193/1 3194/2 3195/3
f 3193/1 3195/3 3196/4
v -0.19000 0.31000 -0.50000
v -0.04000 0.31000 -0.50000
v -0.04000 0.36200 -0.50000
v -0.19000 0.36200 -0.50000
f 3197/1 3198/2 3199/3
f 3197/1 3199/3 3200/4
v -0.19000 0.31000 -0.50200
v -0.19000 0.31000 -0.50000
v -0.19000 0.36200 -0.50000
v -0.19000 0.36200 -0.50200
f 3201/1 3202/2 3203/3
f 3201/1 3203/3 3204/4
v -0.04000 0.31000 -0.50200
v -0.04000 0.36200 -0.50200
v -0.04000 0.36200 -0.50000
v -0.04000 0.31000 -0.50000
f 3205/1 3206/2 3207/3
f 3205/1 3207/3 3208/4
v -0.19000 0.36200 -0.50200
v -0.19000 0.36200 -0.50000
v -0.04000 0.36200 -0.50000
v -0.04000 0.36200 -0.50200
f 3209/1 3210/2 3211/3
f 3209/1 3211/3 3212/4
v -0.19000 0.31000 -0.50200
v -0.04000 0.31000 -0.50200
v -0.04000 0.31000 -0.50000
v -0.19000 0.31000 -0.50000
f 3213/1 3214/2 3215/3
f 3213/1 3215/3 3216/4
v -0.50200 0.31000 -0.19000
v -0.50200 0.36200 -0.19000
v -0.50000 0.36200 -0.19000
v -0.50000 0.31000 -0.19000
f 3217/1 3218/2 3219/3
f 3217/1 3219/3 3220/4
v -0.50200 0.31000 -0.04000
v -0.50000 0.31000 -0.04000
v -0.50000 0.36200 -0.04000
v -0.50200 0.36200 -0.04000
f 3221/1 3222/2 3223/3
f 3221/1 3223/3 3224/4
v -0.50200 0.31000 -0.19000
v -0.50200 0.31000 -0.04000
v -0.50200 0.36200 -0.04000
v -0.50200 0.36200 -0.19000
f 3225/1 3226/2 3227/3
f 3225/1 3227/3 3228/4
v -0.50000 0.31000 -0.19000
v -0.50000 0.36200 -0.19000
v -0.50000 0.36200 -0.04000
v -0.50000 0.31000 -0.04000
f 3229/1 3230/2 3231/3
f 3229/1 3231/3 3232/4
v -0.50200 0.36200 -0.19000
v -0.50200 0.36200 -0.04000
v -0.50000 0.36200 -0.04000
v -0.50000 0.36200 -0.19000
f 3233/1 3234/2 3235/3
f 3233/1 3235/3 3236/4
v -0.50200 0.31000 -0.19000
v -0.50000 0.31000 -0.19000
v -0.50000 0.31000 -0.04000
v -0.50200 0.31000 -0.04000
f 3237/1 3238/2 3239/3
f 3237/1 3239/3 3240/4
v -0.19000 0.31000 0.50000
v -0.19000 0.36200 0.50000
v -0.04000 0.36200 0.50000
v -0.04000 0.31000 0.50000
f 3241/1 3242/2 3243/3
f 3241/1 3243/3 3244/4
v -0.19000 0.31000 0.50200
v -0.04000 0.31000 0.50200
v -0.04000 0.36200 0.50200
v -0.19000 0.36200 0.50200
f 3245/1 3246/2 3247/3
f 3245/1 3247/3 3248/4
v -0.19000 0.31000 0.50000
v -0.19000 0.31000 0.50200
v -0.19000 0.36200 0.50200
v -0.19000 0.36200 0.50000
f 3249/1 3250/2 3251/3
f 3249/1 3251/3 3252/4
v -0.04000 0.31000 0.50000
v -0.04000 0.36200 0.50000
v -0.04000 0.36200 0.50200
v -0.04000 0.31000 0.50200
f 3253/1 3254/2 3255/3
f 3253/1 3255/3 3256/4
v -0.19000 0.36200 0.50000
v -0.19000 0.36200 0.50200
v -0.04000 0.36200 0.50200
v -0.04000 0.36200 0.50000
f 3257/1 3258/2 3259/3
f 3257/1 3259/3 3260/4
v -0.19000 0.31000 0.50000
v -0.04000 0.31000 0.50000
v -0.04000 0.31000 0.50200
v -0.19000 0.31000 0.50200
f 3261/1 3262/2 3263/3
f 3261/1 3263/3 3264/4
v 0.50000 0.31000 -0.19000
v 0.50000 0.36200 -0.19000
v 0.50200 0.36200 -0.19000
v 0.50200 0.31000 -0.19000
f 3265/1 3266/2 3267/3
f 3265/1 3267/3 3268/4
v 0.50000 0.31000 -0.04000
v 0.50200 0.31000 -0.04000
v 0.50200 0.36200 -0.04000
v 0.50000 0.36200 -0.04000
f 3269/1 3270/2 3271/3
f 3269/1 3271/3 3272/4
v 0.50000 0.31000 -0.19000
v 0.50000 0.31000 -0.04000
v 0.50000 0.36200 -0.04000
v 0.50000 0.36200 -0.19000
f 3273/1 3274/2 3275/3
f 3273/1 3275/3 3276/4
v 0.50200 0.31000 -0.19000
v 0.50200 0.36200 -0.19000
v 0.50200 0.36200 -0.04000
v 0.50200 0.31000 -0.04000
f 3277/1 3278/2 3279/3
f 3277/1 3279/3 3280/4
v 0.50000 0.36200 -0.19000
v 0.50000 0.36200 -0.04000
v 0.50200 0.36200 -0.04000
v 0.50200 0.36200 -0.19000
f 3281/1 3282/2 3283/3
f 3281/1 3283/3 3284/4
v 0.50000 0.31000 -0.19000
v 0.50200 0.31000 -0.19000
v 0.50200 0.31000 -0.04000
v 0.50000 0.31000 -0.04000
f 3285/1 3286/2 3287/3
f 3285/1 3287/3 3288/4
v 0.03500 0.31000 -0.50200
v 0.03500 0.36200 -0.50200
v 0.18500 0.36200 -0.50200
v 0.18500 0.31000 -0.50200
f 3289/1 3290/2 3291/3
f 3289/1 3291/3 3292/4
v 0.03500 0.31000 -0.50000
v 0.18500 0.31000 -0.50000
v 0.18500 0.36200 -0.50000
v 0.03500 0.36200 -0.50000
f 3293/1 3294/2 3295/3
f 3293/1 3295/3 3296/4
v 0.03500 0.31000 -0.50200
v 0.03500 0.31000 -0.50000
v 0.03500 0.36200 -0.50000
v 0.03500 0.36200 -0.50200
f 3297/1 3298/2 3299/3
f 3297/1 3299/3 3300/4
v 0.18500 0.31000 -0.50200
v 0.18500 0.36200 -0.50200
v 0.18500 0.36200 -0.50000
v 0.18500 0.31000 -0.50000
f 3301/1 3302/2 3303/3
f 3301/1 3303/3 3304/4
v 0.03500 0.36200 -0.50200
v 0.03500 0.36200 -0.50000
v 0.18500 0.36200 -0.50000
v 0.18500 0.36200 -0.50200
f 3305/1 3306/2 3307/3
f 3305/1 3307/3 3308/4
v 0.03500 0.31000 -0.50200
v 0.18500 0.31000 -0.50200
v 0.18500 0.31000 -0.50000
v 0.03500 0.31000 -0.50000
f 3309/1 3310/2 3311/3
f 3309/1 3311/3 3312/4
v -0.50200 0.31000 0.03500
v -0.50200 0.36200 0.03500
v -0.50000 0.36200 0.03500
v -0.50000 0.31000 0.03500
f 3313/1 3314/2 3315/3
f 3313/1 3315/3 3316/4
v -0.50200 0.31000 0.18500
v -0.50000 0.31000 0.18500
v -0.50000 0.36200 0.18500
v -0.50200 0.36200 0.18500
f 3317/1 3318/2 3319/3
f 3317/1 3319/3 3320/4
v -0.50200 0.31000 0.03500
v -0.50200 0.31000 0.18500
v -0.50200 0.36200 0.18500
v -0.50200 0.36200 0.03500
f 3321/1 3322/2 3323/3
f 3321/1 3323/3 3324/4
v -0.50000 0.31000 0.03500
v -0.50000 0.36200 0.03500
v -0.50000 0.36200 0.18500
v -0.50000 0.31000 0.18500
f 3325/1 3326/2 3327/3
f 3325/1 3327/3 3328/4
v -0.50200 0.36200 0.03500
v -0.50200 0.36200 0.18500
v -0.50000 0.36200 0.18500
v -0.50000 0.36200 0.03500
f 3329/1 3330/2 3331/3
f 3329/1 3331/3 3332/4
v -0.50200 0.31000 0.03500
v -0.50000 0.31000 0.03500
v -0.50000 0.31000 0.18500
v -0.50200 0.31000 0.18500
f 3333/1 3334/2 3335/3
f 3333/1 3335/3 3336/4
v 0.03500 0.31000 0.50000
v 0.03500 0.36200 0.50000
v 0.18500 0.36200 0.50000
v 0.18500 0.31000 0.50000
f 3337/1 3338/2 3339/3
f 3337/1 3339/3 3340/4
v 0.03500 0.31000 0.50200
v 0.18500 0.31000 0.50200
v 0.18500 0.36200 0.50200
v 0.03500 0.36200 0.50200
f 3341/1 3342/2 3343/3
f 3341/1 3343/3 3344/4
v 0.03500 0.31000 0.50000
v 0.03500 0.31000 0.50200
v 0.03500 0.36200 0.50200
v 0.03500 0.36200 0.50000
f 3345/1 3346/2 3347/3
f 3345/1 3347/3 3348/4
v 0.18500 0.31000 0.50000
v 0.18500 0.36200 0.50000
v 0.18500 0.36200 0.50200
v 0.18500 0.31000 0.50200
f 3349/1 3350/2 3351/3
f 3349/1 3351/3 3352/4
v 0.03500 0.36200 0.50000
v 0.03500 0.36200 0.50200
v 0.18500 0.36200 0.50200
v 0.18500 0.36200 0.50000
f 3353/1 3354/2 3355/3
f 3353/1 3355/3 3356/4
v 0.03500 0.31000 0.50000
v 0.18500 0.31000 0.50000
v 0.18500 0.31000 0.50200
v 0.03500 0.31000 0.50200
f 3357/1 3358/2 3359/3
f 3357/1 3359/3 3360/4
v 0.50000 0.31000 0.03500
v 0.50000 0.36200 0.03500
v 0.50200 0.36200 0.03500
v 0.50200 0.31000 0.03500
f 3361/1 3362/2 3363/3
f 3361/1 3363/3 3364/4
v 0.50000 0.31000 0.18500
v 0.50200 0.31000 0.18500
v 0.50200 0.36200 0.18500
v 0.50000 0.36200 0.18500
f 3365/1 3366/2 3367/3
f 3365/1 3367/3 3368/4
v 0.50000 0.31000 0.03500
v 0.50000 0.31000 0.18500
v 0.50000 0.36200 0.18500
v 0.50000 0.36200 0.03500
f 3369/1 3370/2 3371/3
f 3369/1 3371/3 3372/4
v 0.50200 0.31000 0.03500
v 0.50200 0.36200 0.03500
v 0.50200 0.36200 0.18500
v 0.50200 0.31000 0.18500
f 3373/1 3374/2 3375/3
f 3373/1 3375/3 3376/4
v 0.50000 0.36200 0.03500
v 0.50000 0.36200 0.18500
v 0.50200 0.36200 0.18500
v 0.50200 0.36200 0.03500
f 3377/1 3378/2 3379/3
f 3377/1 3379/3 3380/4
v 0.50000 0.31000 0.03500
v 0.50200 0.31000 0.03500
v 0.50200 0.31000 0.18500
v 0.50000 0.31000 0.18500
f 3381/1 3382/2 3383/3
f 3381/1 3383/3 3384/4
v 0.26000 0.31000 -0.50200
v 0.26000 0.36200 -0.50200
v 0.41000 0.36200 -0.50200
v 0.41000 0.31000 -0.50200
f 3385/1 3386/2 3387/3
f 3385/1 3387/3 3388/4
v 0.26000 0.31000 -0.50000
v 0.41000 0.31000 -0.50000
v 0.41000 0.36200 -0.50000
v 0.26000 0.36200 -0.50000
f 3389/1 3390/2 3391/3
f 3389/1 3391/3 3392/4
v 0.26000 0.31000 -0.50200
v 0.26000 0.31000 -0.50000
v 0.26000 0.36200 -0.50000
v 0.26000 0.36200 -0.50200
f 3393/1 3394/2 3395/3
f 3393/1 3395/3 3396/4
v 0.41000 0.31000 -0.50200
v 0.41000 0.36200 -0.50200
v 0.41000 0.36200 -0.50000
v 0.41000 0.31000 -0.50000
f 3397/1 3398/2 3399/3
f 3397/1 3399/3 3400/4
v 0.26000 0.36200 -0.50200
v 0.26000 0.36200 -0.50000
v 0.41000 0.36200 -0.50000
v 0.41000 0.36200 -0.50200
f 3401/1 3402/2 3403/3
f 3401/1 3403/3 3404/4
v 0.26000 0.31000 -0.50200
v 0.41000 0.31000 -0.50200
v 0.41000 0.31000 -0.50000
v 0.26000 0.31000 -0.50000
f 3405/1 3406/2 3407/3
f 3405/1 3407/3 3408/4
v -0.50200 0.31000 0.26000
v -0.50200 0.36200 0.26000
v -0.50000 0.36200 0.26000
v -0.50000 0.31000 0.26000
f 3409/1 3410/2 3411/3
f 3409/1 3411/3 3412/4
v -0.50200 0.31000 0.41000
v -0.50000 0.31000 0.41000
v -0.50000 0.36200 0.41000
v -0.50200 0.36200 0.41000
f 3413/1 3414/2 3415/3
f 3413/1 3415/3 3416/4
v -0.50200 0.31000 0.26000
v -0.50200 0.31000 0.41000
v -0.50200 0.36200 0.41000
v -0.50200 0.36200 0.26000
f 3417/1 3418/2 3419/3
f 3417/1 3419/3 3420/4
v -0.50000 0.31000 0.26000
v -0.50000 0.36200 0.26000
v -0.50000 0.36200 0.41000
v -0.50000 0.31000 0.41000
f 3421/1 3422/2 3423/3
f 3421/1 3423/3 3424/4
v -0.50200 0.36200 0.26000
v -0.50200 0.36200 0.41000
v -0.50000 0.36200 0.41000
v -0.50000 0.36200 0.26000
f 3425/1 3426/2 3427/3
f 3425/1 3427/3 3428/4
v -0.50200 0.31000 0.26000
v -0.50000 0.31000 0.26000
v -0.50000 0.31000 0.41000
v -0.50200 0.31000 0.41000
f 3429/1 3430/2 3431/3
f 3429/1 3431/3 3432/4
v 0.26000 0.31000 0.50000
v 0.26000 0.36200 0.50000
v 0.41000 0.36200 0.50000
v 0.41000 0.31000 0.50000
f 3433/1 3434/2 3435/3
f 3433/1 3435/3 3436/4
v 0.26000 0.31000 0.50200
v 0.41000 0.31000 0.50200
v 0.41000 0.36200 0.50200
v 0.26000 0.36200 0.50200
f 3437/1 3438/2 3439/3
f 3437/1 3439/3 3440/4
v 0.26000 0.31000 0.50000
v 0.26000 0.31000 0.50200
v 0.26000 0.36200 0.50200
v 0.26000 0.36200 0.50000
f 3441/1 3442/2 3443/3
f 3441/1 3443/3 3444/4
v 0.41000 0.31000 0.50000
v 0.41000 0.36200 0.50000
v 0.41000 0.36200 0.50200
v 0.41000 0.31000 0.50200
f 3445/1 3446/2 3447/3
f 3445/1 3447/3 3448/4
v 0.26000 0.36200 0.50000
v 0.26000 0.36200 0.50200
v 0.41000 0.36200 0.50200
v 0.41000 0.36200 0.50000
f 3449/1 3450/2 3451/3
f 3449/1 3451/3 3452/4
v 0.26000 0.31000 0.50000
v 0.41000 0.31000 0.50000
v 0.41000 0.31000 0.50200
v 0.26000 0.31000 0.50200
f 3453/1 3454/2 3455/3
f 3453/1 3455/3 3456/4
v 0.50000 0.31000 0.26000
v 0.50000 0.36200 0.26000
v 0.50200 0.36200 0.26000
v 0.50200 0.31000 0.26000
f 3457/1 3458/2 3459/3
f 3457/1 3459/3 3460/4
v 0.50000 0.31000 0.41000
v 0.50200 0.31000 0.41000
v 0.50200 0.36200 0.41000
v 0.50000 0.36200 0.41000
f 3461/1 3462/2 3463/3
f 3461/1 3463/3 3464/4
v 0.50000 0.31000 0.26000
v 0.50000 0.31000 0.41000
v 0.50000 0.36200 0.41000
v 0.50000 0.36200 0.26000
f 3465/1 3466/2 3467/3
f 3465/1 3467/3 3468/4
v 0.50200 0.31000 0.26000
v 0.50200 0.36200 0.26000
v 0.50200 0.36200 0.41000
v 0.50200 0.31000 0.41000
f 3469/1 3470/2 3471/3
f 3469/1 3471/3 3472/4
v 0.50000 0.36200 0.26000
v 0.50000 0.36200 0.41000
v 0.50200 0.36200 0.41000
v 0.50200 0.36200 0.26000
f 3473/1 3474/2 3475/3
f 3473/1 3475/3 3476/4
v 0.50000 0.31000 0.26000
v 0.50200 0.31000 0.26000
v 0.50200 0.31000 0.41000
v 0.50000 0.31000 0.41000
f 3477/1 3478/2 3479/3
f 3477/1 3479/3 3480/4
usemtl steel
v -0.50200 -0.49500 -0.50200
v -0.50200 -0.44500 -0.50200
v 0.50200 -0.44500 -0.50200
v 0.50200 -0.49500 -0.50200
f 3481/1 3482/2 3483/3
f 3481/1 3483/3 3484/4
v -0.50200 -0.49500 0.50200
v 0.50200 -0.49500 0.50200
v 0.50200 -0.44500 0.50200
v -0.50200 -0.44500 0.50200
f 3485/1 3486/2 3487/3
f 3485/1 3487/3 3488/4
v -0.50200 -0.49500 -0.50200
v -0.50200 -0.49500 0.50200
v -0.50200 -0.44500 0.50200
v -0.50200 -0.44500 -0.50200
f 3489/1 3490/2 3491/3
f 3489/1 3491/3 3492/4
v 0.50200 -0.49500 -0.50200
v 0.50200 -0.44500 -0.50200
v 0.50200 -0.44500 0.50200
v 0.50200 -0.49500 0.50200
f 3493/1 3494/2 3495/3
f 3493/1 3495/3 3496/4
v -0.50200 -0.44500 -0.50200
v -0.50200 -0.44500 0.50200
v 0.50200 -0.44500 0.50200
v 0.50200 -0.44500 -0.50200
f 3497/1 3498/2 3499/3
f 3497/1 3499/3 3500/4
v -0.50200 -0.49500 -0.50200
v 0.50200 -0.49500 -0.50200
v 0.50200 -0.49500 0.50200
v -0.50200 -0.49500 0.50200
f 3501/1 3502/2 3503/3
f 3501/1 3503/3 3504/4
v -0.50200 0.44000 -0.50200
v -0.50200 0.49000 -0.50200
v 0.50200 0.49000 -0.50200
v 0.50200 0.44000 -0.50200
f 3505/1 3506/2 3507/3
f 3505/1 3507/3 3508/4
v -0.50200 0.44000 0.50200
v 0.50200 0.44000 0.50200
v 0.50200 0.49000 0.50200
v -0.50200 0.49000 0.50200
f 3509/1 3510/2 3511/3
f 3509/1 3511/3 3512/4
v -0.50200 0.44000 -0.50200
v -0.50200 0.44000 0.50200
v -0.50200 0.49000 0.50200
v -0.50200 0.49000 -0.50200
f 3513/1 3514/2 3515/3
f 3513/1 3515/3 3516/4
v 0.50200 0.44000 -0.50200
v 0.50200 0.49000 -0.50200
v 0.50200 0.49000 0.50200
v 0.50200 0.44000 0.50200
f 3517/1 3518/2 3519/3
f 3517/1 3519/3 3520/4
v -0.50200 0.49000 -0.50200
v -0.50200 0.49000 0.50200
v 0.50200 0.49000 0.50200
v 0.50200 0.49000 -0.50200
f 3521/1 3522/2 3523/3
f 3521/1 3523/3 3524/4
v -0.50200 0.44000 -0.50200
v 0.50200 0.44000 -0.50200
v 0.50200 0.44000 0.50200
v -0.50200 0.44000 0.50200
f 3525/1 3526/2 3527/3
f 3525/1 3527/3 3528/4
usemtl ochre
v -0.42750 -0.41500 -0.50400
v -0.42750 0.41500 -0.50400
v -0.37250 0.41500 -0.50400
v -0.37250 -0.41500 -0.50400
f 3529/1 3530/2 3531/3
f 3529/1 3531/3 3532/4
v -0.42750 -0.41500 -0.50200
v -0.37250 -0.41500 -0.50200
v -0.37250 0.41500 -0.50200
v -0.42750 0.41500 -0.50200
f 3533/1 3534/2 3535/3
f 3533/1 3535/3 3536/4
v -0.42750 -0.41500 -0.50400
v -0.42750 -0.41500 -0.50200
v -0.42750 0.41500 -0.50200
v -0.42750 0.41500 -0.50400
f 3537/1 3538/2 3539/3
f 3537/1 3539/3 3540/4
v -0.37250 -0.41500 -0.50400
v -0.37250 0.41500 -0.50400
v -0.37250 0.41500 -0.50200
v -0.37250 -0.41500 -0.50200
f 3541/1 3542/2 3543/3
f 3541/1 3543/3 3544/4
v -0.42750 0.41500 -0.50400
v -0.42750 0.41500 -0.50200
v -0.37250 0.41500 -0.50200
v -0.37250 0.41500 -0.50400
f 3545/1 3546/2 3547/3
f 3545/1 3547/3 3548/4
v -0.42750 -0.41500 -0.50400
v -0.37250 -0.41500 -0.50400
v -0.37250 -0.41500 -0.50200
v -0.42750 -0.41500 -0.50200
f 3549/1 3550/2 3551/3
f 3549/1 3551/3 3552/4
